fecha,exp,tipo,strike,oi,vol,iv
2026-09-24,2026-09-25,C,505.0,320,11,2.3164
2026-09-24,2026-09-25,C,507.5,187,12,1.4922
2026-09-24,2026-09-25,C,510.0,1413,30,2.043
2026-09-24,2026-09-25,C,512.5,257,7,1.6797
2026-09-24,2026-09-25,C,515.0,937,17,2.1421
2026-09-24,2026-09-25,C,517.5,599,2,2.0781
2026-09-24,2026-09-25,C,520.0,1037,79,2.0557
2026-09-24,2026-09-25,C,522.5,204,4,2.0127
2026-09-24,2026-09-25,C,525.0,712,26,1.9692
2026-09-24,2026-09-25,C,527.5,497,9,1.8867
2026-09-24,2026-09-25,C,530.0,835,59,1.8838
2026-09-24,2026-09-25,C,532.5,172,6,1.8311
2026-09-24,2026-09-25,C,535.0,653,44,1.7979
2026-09-24,2026-09-25,C,537.5,338,8,1.7549
2026-09-24,2026-09-25,C,540.0,1622,159,1.6855
2026-09-24,2026-09-25,C,542.5,380,4,1.458
2026-09-24,2026-09-25,C,545.0,2639,82,1.5547
2026-09-24,2026-09-25,C,547.5,1207,23,1.4941
2026-09-24,2026-09-25,C,550.0,3224,117,1.543
2026-09-24,2026-09-25,C,552.5,324,19,1.5313
2026-09-24,2026-09-25,C,555.0,6165,86,0.8281
2026-09-24,2026-09-25,C,557.5,377,54,1.0566
2026-09-24,2026-09-25,C,560.0,2978,439,1.0957
2026-09-24,2026-09-25,C,562.5,927,61,1.2681
2026-09-24,2026-09-25,C,565.0,950,232,1.2271
2026-09-24,2026-09-25,C,567.5,260,36,0.957
2026-09-24,2026-09-25,C,570.0,7441,64,1.168
2026-09-24,2026-09-25,C,572.5,173,23,1.312
2026-09-24,2026-09-25,C,575.0,2664,145,0.918
2026-09-24,2026-09-25,C,577.5,251,43,0.9131
2026-09-24,2026-09-25,C,580.0,2424,144,0.833
2026-09-24,2026-09-25,C,582.5,371,4,1.2139
2026-09-24,2026-09-25,C,585.0,885,99,0.6475
2026-09-24,2026-09-25,C,587.5,180,27,0.6631
2026-09-24,2026-09-25,C,590.0,1190,349,0.6748
2026-09-24,2026-09-25,C,592.5,285,83,0.7534
2026-09-24,2026-09-25,C,595.0,414,334,0.773
2026-09-24,2026-09-25,C,597.5,252,297,0.7478
2026-09-24,2026-09-25,C,600.0,5225,2329,0.5586
2026-09-24,2026-09-25,C,602.5,1968,287,0.5454
2026-09-24,2026-09-25,C,605.0,732,1157,0.5713
2026-09-24,2026-09-25,C,607.5,335,1266,0.6565
2026-09-24,2026-09-25,C,610.0,1719,4927,0.5857
2026-09-24,2026-09-25,C,612.5,647,4409,0.6091
2026-09-24,2026-09-25,C,615.0,1366,10476,0.5498
2026-09-24,2026-09-25,C,617.5,604,5851,0.5188
2026-09-24,2026-09-25,C,620.0,2537,15900,0.5514
2026-09-24,2026-09-25,C,622.5,771,6824,0.5731
2026-09-24,2026-09-25,C,625.0,1453,17024,0.5397
2026-09-24,2026-09-25,C,627.5,1878,6298,0.5438
2026-09-24,2026-09-25,C,630.0,3311,21239,0.5449
2026-09-24,2026-09-25,C,632.5,503,3849,0.5392
2026-09-24,2026-09-25,C,635.0,3123,8491,0.5402
2026-09-24,2026-09-25,C,637.5,664,2838,0.5408
2026-09-24,2026-09-25,C,640.0,5078,14856,0.5363
2026-09-24,2026-09-25,C,642.5,302,2761,0.5378
2026-09-24,2026-09-25,C,645.0,865,7005,0.5388
2026-09-24,2026-09-25,C,647.5,171,3128,0.5415
2026-09-24,2026-09-25,C,650.0,6013,14670,0.543
2026-09-24,2026-09-25,C,652.5,349,2493,0.5527
2026-09-24,2026-09-25,C,655.0,998,6589,0.5591
2026-09-24,2026-09-25,C,657.5,141,1159,0.5645
2026-09-24,2026-09-25,C,660.0,2066,4276,0.5732
2026-09-24,2026-09-25,C,662.5,148,1237,0.5898
2026-09-24,2026-09-25,C,665.0,900,1010,0.5957
2026-09-24,2026-09-25,C,667.5,147,615,0.6172
2026-09-24,2026-09-25,C,670.0,1819,1727,0.6133
2026-09-24,2026-09-25,C,672.5,104,1442,0.624
2026-09-24,2026-09-25,C,675.0,2372,915,0.6348
2026-09-24,2026-09-25,C,677.5,236,184,0.6592
2026-09-24,2026-09-25,C,680.0,1787,1011,0.6621
2026-09-24,2026-09-25,C,682.5,203,99,0.6895
2026-09-24,2026-09-25,C,685.0,1157,911,0.6836
2026-09-24,2026-09-25,C,687.5,54,95,0.6738
2026-09-24,2026-09-25,C,690.0,952,710,0.7227
2026-09-24,2026-09-25,C,692.5,77,26,0.7109
2026-09-24,2026-09-25,C,695.0,528,185,0.7617
2026-09-24,2026-09-25,C,697.5,24,16,0.8848
2026-09-24,2026-09-25,C,700.0,2581,1517,0.7461
2026-09-24,2026-09-25,C,702.5,6,4,0.9316
2026-09-24,2026-09-25,C,705.0,720,216,0.7891
2026-09-24,2026-09-25,C,710.0,973,258,0.9375
2026-09-24,2026-09-25,C,715.0,378,71,0.7656
2026-09-24,2026-09-25,C,720.0,2184,126,0.8125
2026-09-24,2026-09-25,C,725.0,127,13,0.9453
2026-09-24,2026-09-25,C,730.0,87,10,0.9531
2026-09-24,2026-09-25,C,735.0,419,82,0.9961
2026-09-24,2026-09-25,C,740.0,110,10,0.9375
2026-09-24,2026-09-25,C,750.0,384,16,1.1094
2026-09-24,2026-09-25,P,505.0,1232,675,1.4844
2026-09-24,2026-09-25,P,507.5,196,7,1.4531
2026-09-24,2026-09-25,P,510.0,1001,116,1.375
2026-09-24,2026-09-25,P,512.5,200,21,1.3906
2026-09-24,2026-09-25,P,515.0,538,25,1.3125
2026-09-24,2026-09-25,P,517.5,272,205,1.3125
2026-09-24,2026-09-25,P,520.0,1796,80,1.2813
2026-09-24,2026-09-25,P,522.5,198,194,1.2891
2026-09-24,2026-09-25,P,525.0,1067,143,1.2422
2026-09-24,2026-09-25,P,527.5,379,161,1.4316
2026-09-24,2026-09-25,P,530.0,2155,1312,1.1406
2026-09-24,2026-09-25,P,532.5,343,1902,1.1328
2026-09-24,2026-09-25,P,535.0,955,480,1.1016
2026-09-24,2026-09-25,P,537.5,396,162,1.0547
2026-09-24,2026-09-25,P,540.0,1138,538,1.0625
2026-09-24,2026-09-25,P,542.5,545,51,1.2227
2026-09-24,2026-09-25,P,545.0,1394,216,0.9922
2026-09-24,2026-09-25,P,547.5,752,37,0.9922
2026-09-24,2026-09-25,P,550.0,3318,2719,0.9766
2026-09-24,2026-09-25,P,552.5,672,156,1.0
2026-09-24,2026-09-25,P,555.0,767,413,0.918
2026-09-24,2026-09-25,P,557.5,397,58,0.875
2026-09-24,2026-09-25,P,560.0,1552,1223,0.8789
2026-09-24,2026-09-25,P,562.5,312,336,0.8398
2026-09-24,2026-09-25,P,565.0,847,1058,0.8594
2026-09-24,2026-09-25,P,567.5,699,355,0.8418
2026-09-24,2026-09-25,P,570.0,1711,1597,0.791
2026-09-24,2026-09-25,P,572.5,605,432,0.7461
2026-09-24,2026-09-25,P,575.0,1934,1534,0.7305
2026-09-24,2026-09-25,P,577.5,1016,1223,0.7051
2026-09-24,2026-09-25,P,580.0,3079,5460,0.6895
2026-09-24,2026-09-25,P,582.5,439,1063,0.6758
2026-09-24,2026-09-25,P,585.0,1533,4086,0.6475
2026-09-24,2026-09-25,P,587.5,736,1739,0.6387
2026-09-24,2026-09-25,P,590.0,1849,5156,0.6143
2026-09-24,2026-09-25,P,592.5,551,1527,0.6128
2026-09-24,2026-09-25,P,595.0,788,4436,0.5918
2026-09-24,2026-09-25,P,597.5,677,2395,0.583
2026-09-24,2026-09-25,P,600.0,8403,14774,0.5767
2026-09-24,2026-09-25,P,602.5,672,3179,0.5659
2026-09-24,2026-09-25,P,605.0,1901,7970,0.5574
2026-09-24,2026-09-25,P,607.5,2578,3649,0.5552
2026-09-24,2026-09-25,P,610.0,1110,10351,0.553
2026-09-24,2026-09-25,P,612.5,4580,5634,0.5508
2026-09-24,2026-09-25,P,615.0,1147,8801,0.552
2026-09-24,2026-09-25,P,617.5,962,3753,0.5492
2026-09-24,2026-09-25,P,620.0,1443,7249,0.5479
2026-09-24,2026-09-25,P,622.5,285,3088,0.5452
2026-09-24,2026-09-25,P,625.0,244,7990,0.5444
2026-09-24,2026-09-25,P,627.5,204,1745,0.5408
2026-09-24,2026-09-25,P,630.0,175,2782,0.5476
2026-09-24,2026-09-25,P,632.5,49,272,0.5399
2026-09-24,2026-09-25,P,635.0,98,228,0.5391
2026-09-24,2026-09-25,P,637.5,42,126,0.5437
2026-09-24,2026-09-25,P,640.0,88,123,0.5359
2026-09-24,2026-09-25,P,642.5,58,44,0.5398
2026-09-24,2026-09-25,P,645.0,46,215,0.5471
2026-09-24,2026-09-25,P,647.5,36,104,0.5808
2026-09-24,2026-09-25,P,650.0,61,68,0.511
2026-09-24,2026-09-25,P,652.5,93,5,0.783
2026-09-24,2026-09-25,P,655.0,52,94,0.8384
2026-09-24,2026-09-25,P,657.5,23,6,0.821
2026-09-24,2026-09-25,P,660.0,34,2,0.5664
2026-09-24,2026-09-25,P,665.0,6,1,0.9077
2026-09-24,2026-09-25,P,667.5,3,0,0.9429
2026-09-24,2026-09-25,P,670.0,17,2,1.0989
2026-09-24,2026-09-25,P,675.0,11,0,1.2659
2026-09-24,2026-09-25,P,680.0,30,112,1.1196
2026-09-24,2026-09-25,P,690.0,1,10,1.5142
2026-09-24,2026-09-25,P,695.0,1,2,1.5952
2026-09-24,2026-09-25,P,700.0,52,159,1.6748
2026-09-24,2026-09-25,P,702.5,0,21,1.4517
2026-09-24,2026-09-25,P,710.0,1,3,1.5562
2026-09-24,2026-09-28,C,505.0,25,8,1.0772
2026-09-24,2026-09-28,C,507.5,6,1,1.1572
2026-09-24,2026-09-28,C,510.0,11,4,0.873
2026-09-24,2026-09-28,C,512.5,4,1,1.0151
2026-09-24,2026-09-28,C,515.0,61,2,1.0142
2026-09-24,2026-09-28,C,517.5,8,1,0.981
2026-09-24,2026-09-28,C,520.0,39,5,0.9663
2026-09-24,2026-09-28,C,522.5,10,2,0.9517
2026-09-24,2026-09-28,C,525.0,42,8,0.937
2026-09-24,2026-09-28,C,527.5,20,1,0.9048
2026-09-24,2026-09-28,C,530.0,29,2,0.9688
2026-09-24,2026-09-28,C,532.5,22,3,0.8062
2026-09-24,2026-09-28,C,535.0,29,6,0.7939
2026-09-24,2026-09-28,C,537.5,5,4,0.8286
2026-09-24,2026-09-28,C,540.0,18,2,0.8081
2026-09-24,2026-09-28,C,542.5,7,21,0.8677
2026-09-24,2026-09-28,C,545.0,91,1,0.8496
2026-09-24,2026-09-28,C,547.5,34,1,0.752
2026-09-24,2026-09-28,C,550.0,519,1,0.8096
2026-09-24,2026-09-28,C,552.5,211,1,0.7202
2026-09-24,2026-09-28,C,555.0,40,7,0.7656
2026-09-24,2026-09-28,C,557.5,13,3,0.6836
2026-09-24,2026-09-28,C,560.0,50,9,0.6826
2026-09-24,2026-09-28,C,562.5,7,22,0.7307
2026-09-24,2026-09-28,C,565.0,46,30,0.7109
2026-09-24,2026-09-28,C,567.5,25,3,0.6157
2026-09-24,2026-09-28,C,570.0,29,2,0.6016
2026-09-24,2026-09-28,C,572.5,6,1,0.5903
2026-09-24,2026-09-28,C,575.0,96,1,0.5718
2026-09-24,2026-09-28,C,577.5,4,2,0.6072
2026-09-24,2026-09-28,C,580.0,81,14,0.5957
2026-09-24,2026-09-28,C,582.5,34,11,0.579
2026-09-24,2026-09-28,C,585.0,93,7,0.5209
2026-09-24,2026-09-28,C,587.5,27,1,0.5497
2026-09-24,2026-09-28,C,590.0,140,22,0.5009
2026-09-24,2026-09-28,C,592.5,92,10,0.5189
2026-09-24,2026-09-28,C,595.0,88,52,0.5175
2026-09-24,2026-09-28,C,597.5,35,42,0.564
2026-09-24,2026-09-28,C,600.0,207,503,0.5492
2026-09-24,2026-09-28,C,602.5,49,37,0.5463
2026-09-24,2026-09-28,C,605.0,95,133,0.563
2026-09-24,2026-09-28,C,607.5,166,165,0.4752
2026-09-24,2026-09-28,C,610.0,857,523,0.4609
2026-09-24,2026-09-28,C,612.5,138,359,0.4585
2026-09-24,2026-09-28,C,615.0,924,1565,0.4531
2026-09-24,2026-09-28,C,617.5,190,1089,0.4512
2026-09-24,2026-09-28,C,620.0,586,2433,0.4502
2026-09-24,2026-09-28,C,622.5,125,1282,0.4481
2026-09-24,2026-09-28,C,625.0,169,1578,0.4486
2026-09-24,2026-09-28,C,627.5,88,838,0.442
2026-09-24,2026-09-28,C,630.0,247,1439,0.4418
2026-09-24,2026-09-28,C,632.5,139,1221,0.4421
2026-09-24,2026-09-28,C,635.0,73,770,0.4412
2026-09-24,2026-09-28,C,637.5,392,761,0.4428
2026-09-24,2026-09-28,C,640.0,338,1439,0.4372
2026-09-24,2026-09-28,C,642.5,114,803,0.4426
2026-09-24,2026-09-28,C,645.0,359,2094,0.443
2026-09-24,2026-09-28,C,647.5,125,328,0.4447
2026-09-24,2026-09-28,C,650.0,1193,2973,0.4409
2026-09-24,2026-09-28,C,652.5,191,124,0.4462
2026-09-24,2026-09-28,C,655.0,80,189,0.449
2026-09-24,2026-09-28,C,657.5,121,288,0.4495
2026-09-24,2026-09-28,C,660.0,206,476,0.4513
2026-09-24,2026-09-28,C,662.5,68,262,0.4542
2026-09-24,2026-09-28,C,665.0,62,337,0.4553
2026-09-24,2026-09-28,C,667.5,82,126,0.459
2026-09-24,2026-09-28,C,670.0,492,525,0.4622
2026-09-24,2026-09-28,C,672.5,70,202,0.4666
2026-09-24,2026-09-28,C,675.0,193,143,0.47
2026-09-24,2026-09-28,C,677.5,41,60,0.4724
2026-09-24,2026-09-28,C,680.0,142,135,0.4773
2026-09-24,2026-09-28,C,682.5,37,38,0.4819
2026-09-24,2026-09-28,C,685.0,42,118,0.4905
2026-09-24,2026-09-28,C,687.5,14,45,0.501
2026-09-24,2026-09-28,C,690.0,15,73,0.5127
2026-09-24,2026-09-28,C,692.5,3,38,0.5098
2026-09-24,2026-09-28,C,695.0,41,45,0.5098
2026-09-24,2026-09-28,C,697.5,12,25,0.5288
2026-09-24,2026-09-28,C,700.0,117,340,0.5059
2026-09-24,2026-09-28,C,710.0,23,14,0.543
2026-09-24,2026-09-28,C,720.0,6,48,0.5488
2026-09-24,2026-09-28,C,725.0,27,25,0.6016
2026-09-24,2026-09-28,C,730.0,18,7,0.6211
2026-09-24,2026-09-28,C,735.0,9,1,0.6084
2026-09-24,2026-09-28,C,745.0,101,11,0.6748
2026-09-24,2026-09-28,C,750.0,21,10,0.6914
2026-09-24,2026-09-28,C,755.0,2,0,1.1094
2026-09-24,2026-09-28,P,505.0,31,6,0.832
2026-09-24,2026-09-28,P,507.5,11,1,0.8975
2026-09-24,2026-09-28,P,510.0,41,16,0.7969
2026-09-24,2026-09-28,P,512.5,28,3,0.8584
2026-09-24,2026-09-28,P,515.0,64,3,0.8486
2026-09-24,2026-09-28,P,517.5,37,4,0.8301
2026-09-24,2026-09-28,P,520.0,149,131,0.8066
2026-09-24,2026-09-28,P,522.5,116,1,0.7324
2026-09-24,2026-09-28,P,525.0,338,90,0.7881
2026-09-24,2026-09-28,P,527.5,37,5,0.7637
2026-09-24,2026-09-28,P,530.0,100,41,0.75
2026-09-24,2026-09-28,P,532.5,38,3,0.7207
2026-09-24,2026-09-28,P,535.0,285,147,0.6709
2026-09-24,2026-09-28,P,537.5,89,27,0.665
2026-09-24,2026-09-28,P,540.0,306,150,0.6309
2026-09-24,2026-09-28,P,542.5,25,45,0.6279
2026-09-24,2026-09-28,P,545.0,341,126,0.6387
2026-09-24,2026-09-28,P,547.5,31,152,0.5967
2026-09-24,2026-09-28,P,550.0,658,501,0.5889
2026-09-24,2026-09-28,P,552.5,254,28,0.6226
2026-09-24,2026-09-28,P,555.0,126,213,0.5791
2026-09-24,2026-09-28,P,557.5,48,67,0.5542
2026-09-24,2026-09-28,P,560.0,180,1041,0.5903
2026-09-24,2026-09-28,P,562.5,22,161,0.5815
2026-09-24,2026-09-28,P,565.0,222,872,0.5293
2026-09-24,2026-09-28,P,567.5,199,79,0.5366
2026-09-24,2026-09-28,P,570.0,1406,553,0.5103
2026-09-24,2026-09-28,P,572.5,233,380,0.5017
2026-09-24,2026-09-28,P,575.0,178,1174,0.54
2026-09-24,2026-09-28,P,577.5,197,732,0.4895
2026-09-24,2026-09-28,P,580.0,293,2133,0.4829
2026-09-24,2026-09-28,P,582.5,40,524,0.4761
2026-09-24,2026-09-28,P,585.0,283,761,0.47
2026-09-24,2026-09-28,P,587.5,94,905,0.4651
2026-09-24,2026-09-28,P,590.0,340,3739,0.4598
2026-09-24,2026-09-28,P,592.5,107,530,0.4534
2026-09-24,2026-09-28,P,595.0,109,720,0.4503
2026-09-24,2026-09-28,P,597.5,165,689,0.4468
2026-09-24,2026-09-28,P,600.0,634,1468,0.4446
2026-09-24,2026-09-28,P,602.5,292,493,0.4425
2026-09-24,2026-09-28,P,605.0,163,481,0.4425
2026-09-24,2026-09-28,P,607.5,106,2421,0.4403
2026-09-24,2026-09-28,P,610.0,491,1123,0.4374
2026-09-24,2026-09-28,P,612.5,493,618,0.4385
2026-09-24,2026-09-28,P,615.0,301,1712,0.4384
2026-09-24,2026-09-28,P,617.5,64,415,0.4391
2026-09-24,2026-09-28,P,620.0,204,870,0.4385
2026-09-24,2026-09-28,P,622.5,87,204,0.4387
2026-09-24,2026-09-28,P,625.0,28,615,0.4374
2026-09-24,2026-09-28,P,627.5,30,296,0.4348
2026-09-24,2026-09-28,P,630.0,110,181,0.4384
2026-09-24,2026-09-28,P,632.5,27,88,0.4406
2026-09-24,2026-09-28,P,635.0,47,71,0.4551
2026-09-24,2026-09-28,P,637.5,46,38,0.4471
2026-09-24,2026-09-28,P,640.0,86,45,0.4478
2026-09-24,2026-09-28,P,642.5,18,35,0.4472
2026-09-24,2026-09-28,P,645.0,11,21,0.4478
2026-09-24,2026-09-28,P,650.0,52,83,0.5199
2026-09-24,2026-09-28,P,660.0,2,15,0.5107
2026-09-24,2026-09-28,P,670.0,5,5,0.5787
2026-09-24,2026-09-28,P,697.5,1,0,0.8287
2026-09-24,2026-09-28,P,700.0,7,28,0.7181
2026-09-24,2026-09-30,C,505.0,22,2,1.0103
2026-09-24,2026-09-30,C,507.5,9,24,0.9951
2026-09-24,2026-09-30,C,510.0,17,5,0.9763
2026-09-24,2026-09-30,C,512.5,11,32,0.8398
2026-09-24,2026-09-30,C,515.0,20,2,0.9214
2026-09-24,2026-09-30,C,517.5,8,3,0.9304
2026-09-24,2026-09-30,C,520.0,30,3,0.9082
2026-09-24,2026-09-30,C,522.5,22,2,0.8293
2026-09-24,2026-09-30,C,525.0,37,3,0.8711
2026-09-24,2026-09-30,C,527.5,6,5,0.7573
2026-09-24,2026-09-30,C,530.0,56,17,0.8931
2026-09-24,2026-09-30,C,532.5,23,14,0.7314
2026-09-24,2026-09-30,C,535.0,66,16,0.7376
2026-09-24,2026-09-30,C,540.0,79,2,0.7821
2026-09-24,2026-09-30,C,542.5,15,1,0.616
2026-09-24,2026-09-30,C,545.0,55,5,0.7572
2026-09-24,2026-09-30,C,547.5,4,1,0.7407
2026-09-24,2026-09-30,C,550.0,74,6,0.5059
2026-09-24,2026-09-30,C,552.5,8,2,0.7141
2026-09-24,2026-09-30,C,555.0,35,3,0.6993
2026-09-24,2026-09-30,C,557.5,4,1,0.6433
2026-09-24,2026-09-30,C,560.0,132,5,0.6752
2026-09-24,2026-09-30,C,562.5,40,2,0.5942
2026-09-24,2026-09-30,C,565.0,48,3,0.6494
2026-09-24,2026-09-30,C,567.5,40,46,0.6025
2026-09-24,2026-09-30,C,570.0,44,5,0.613
2026-09-24,2026-09-30,C,572.5,20,17,0.5616
2026-09-24,2026-09-30,C,575.0,58,3,0.5746
2026-09-24,2026-09-30,C,577.5,11,0,0.5691
2026-09-24,2026-09-30,C,580.0,99,3,0.5239
2026-09-24,2026-09-30,C,582.5,24,10,0.5831
2026-09-24,2026-09-30,C,585.0,21,3,0.573
2026-09-24,2026-09-30,C,587.5,70,86,0.5145
2026-09-24,2026-09-30,C,590.0,43,6,0.5267
2026-09-24,2026-09-30,C,592.5,14,3,0.5586
2026-09-24,2026-09-30,C,595.0,44,8,0.5477
2026-09-24,2026-09-30,C,597.5,36,3,0.5359
2026-09-24,2026-09-30,C,600.0,398,192,0.5087
2026-09-24,2026-09-30,C,602.5,33,82,0.5504
2026-09-24,2026-09-30,C,605.0,54,53,0.5308
2026-09-24,2026-09-30,C,607.5,31,136,0.5214
2026-09-24,2026-09-30,C,610.0,129,130,0.5132
2026-09-24,2026-09-30,C,612.5,94,296,0.502
2026-09-24,2026-09-30,C,615.0,187,497,0.5027
2026-09-24,2026-09-30,C,617.5,76,412,0.5015
2026-09-24,2026-09-30,C,620.0,355,1260,0.5015
2026-09-24,2026-09-30,C,622.5,128,305,0.502
2026-09-24,2026-09-30,C,625.0,307,875,0.5029
2026-09-24,2026-09-30,C,627.5,55,230,0.5058
2026-09-24,2026-09-30,C,630.0,100,856,0.5029
2026-09-24,2026-09-30,C,632.5,62,440,0.5035
2026-09-24,2026-09-30,C,635.0,116,1225,0.5029
2026-09-24,2026-09-30,C,637.5,129,202,0.5037
2026-09-24,2026-09-30,C,640.0,103,437,0.5049
2026-09-24,2026-09-30,C,645.0,67,335,0.5053
2026-09-24,2026-09-30,C,650.0,523,781,0.5066
2026-09-24,2026-09-30,C,655.0,108,588,0.5089
2026-09-24,2026-09-30,C,660.0,591,529,0.51
2026-09-24,2026-09-30,C,665.0,178,204,0.5135
2026-09-24,2026-09-30,C,670.0,48,194,0.5162
2026-09-24,2026-09-30,C,675.0,34,339,0.5189
2026-09-24,2026-09-30,C,680.0,120,183,0.5234
2026-09-24,2026-09-30,C,685.0,560,89,0.5303
2026-09-24,2026-09-30,C,690.0,230,264,0.531
2026-09-24,2026-09-30,C,695.0,11,96,0.5339
2026-09-24,2026-09-30,C,700.0,137,233,0.5378
2026-09-24,2026-09-30,C,710.0,14,17,0.5542
2026-09-24,2026-09-30,C,720.0,3,8,0.5471
2026-09-24,2026-09-30,C,725.0,1,31,0.5635
2026-09-24,2026-09-30,C,730.0,105,52,0.5664
2026-09-24,2026-09-30,C,735.0,6,33,0.606
2026-09-24,2026-09-30,C,745.0,2,0,0.5928
2026-09-24,2026-09-30,C,750.0,74,19,0.6294
2026-09-24,2026-09-30,C,755.0,3,9,0.6255
2026-09-24,2026-09-30,P,505.0,29,3,0.7295
2026-09-24,2026-09-30,P,507.5,6,1,0.6973
2026-09-24,2026-09-30,P,510.0,201,8,0.7266
2026-09-24,2026-09-30,P,512.5,50,7,0.71
2026-09-24,2026-09-30,P,515.0,57,23,0.6709
2026-09-24,2026-09-30,P,517.5,55,3,0.6943
2026-09-24,2026-09-30,P,520.0,425,22,0.6475
2026-09-24,2026-09-30,P,522.5,10,37,0.626
2026-09-24,2026-09-30,P,525.0,162,72,0.6338
2026-09-24,2026-09-30,P,527.5,54,49,0.6543
2026-09-24,2026-09-30,P,530.0,125,45,0.6064
2026-09-24,2026-09-30,P,532.5,32,47,0.5859
2026-09-24,2026-09-30,P,535.0,237,55,0.6187
2026-09-24,2026-09-30,P,537.5,117,17,0.5967
2026-09-24,2026-09-30,P,540.0,112,52,0.6089
2026-09-24,2026-09-30,P,542.5,23,9,0.5806
2026-09-24,2026-09-30,P,545.0,67,92,0.6094
2026-09-24,2026-09-30,P,547.5,34,127,0.594
2026-09-24,2026-09-30,P,550.0,123,824,0.5803
2026-09-24,2026-09-30,P,552.5,37,131,0.5649
2026-09-24,2026-09-30,P,555.0,104,147,0.5596
2026-09-24,2026-09-30,P,557.5,51,144,0.5354
2026-09-24,2026-09-30,P,560.0,201,320,0.5513
2026-09-24,2026-09-30,P,562.5,54,62,0.5481
2026-09-24,2026-09-30,P,565.0,172,172,0.5413
2026-09-24,2026-09-30,P,567.5,96,46,0.5376
2026-09-24,2026-09-30,P,570.0,161,689,0.5293
2026-09-24,2026-09-30,P,572.5,41,466,0.5275
2026-09-24,2026-09-30,P,575.0,112,239,0.5236
2026-09-24,2026-09-30,P,577.5,63,98,0.5178
2026-09-24,2026-09-30,P,580.0,180,1241,0.5155
2026-09-24,2026-09-30,P,582.5,210,152,0.5114
2026-09-24,2026-09-30,P,585.0,455,482,0.5088
2026-09-24,2026-09-30,P,587.5,38,922,0.5054
2026-09-24,2026-09-30,P,590.0,164,230,0.5054
2026-09-24,2026-09-30,P,592.5,25,220,0.5034
2026-09-24,2026-09-30,P,595.0,89,137,0.5019
2026-09-24,2026-09-30,P,597.5,35,101,0.5084
2026-09-24,2026-09-30,P,600.0,277,635,0.505
2026-09-24,2026-09-30,P,602.5,127,216,0.5079
2026-09-24,2026-09-30,P,605.0,68,230,0.5047
2026-09-24,2026-09-30,P,607.5,95,125,0.5053
2026-09-24,2026-09-30,P,610.0,203,227,0.5039
2026-09-24,2026-09-30,P,612.5,73,146,0.504
2026-09-24,2026-09-30,P,615.0,207,452,0.5039
2026-09-24,2026-09-30,P,617.5,30,213,0.5051
2026-09-24,2026-09-30,P,620.0,131,261,0.5043
2026-09-24,2026-09-30,P,622.5,32,152,0.5048
2026-09-24,2026-09-30,P,625.0,54,385,0.508
2026-09-24,2026-09-30,P,627.5,21,133,0.5077
2026-09-24,2026-09-30,P,630.0,17,465,0.5071
2026-09-24,2026-09-30,P,632.5,21,34,0.5162
2026-09-24,2026-09-30,P,635.0,16,68,0.5095
2026-09-24,2026-09-30,P,637.5,19,42,0.5095
2026-09-24,2026-09-30,P,640.0,4,52,0.514
2026-09-24,2026-09-30,P,650.0,23,68,0.5131
2026-09-24,2026-09-30,P,660.0,9,0,0.5654
2026-09-24,2026-09-30,P,685.0,1,1,0.6065
2026-09-24,2026-10-02,C,505.0,302,4,0.8228
2026-09-24,2026-10-02,C,507.5,96,10,0.8857
2026-09-24,2026-10-02,C,510.0,239,19,0.8774
2026-09-24,2026-10-02,C,512.5,55,34,0.8872
2026-09-24,2026-10-02,C,515.0,705,22,0.8333
2026-09-24,2026-10-02,C,517.5,57,38,0.8481
2026-09-24,2026-10-02,C,520.0,1203,46,0.8458
2026-09-24,2026-10-02,C,522.5,134,5,0.8335
2026-09-24,2026-10-02,C,525.0,380,3,0.8096
2026-09-24,2026-10-02,C,527.5,86,3,0.8125
2026-09-24,2026-10-02,C,530.0,831,156,0.7427
2026-09-24,2026-10-02,C,532.5,161,125,0.7885
2026-09-24,2026-10-02,C,535.0,244,11,0.7441
2026-09-24,2026-10-02,C,537.5,215,2,0.7539
2026-09-24,2026-10-02,C,540.0,714,17,0.6997
2026-09-24,2026-10-02,C,542.5,78,1,0.7174
2026-09-24,2026-10-02,C,545.0,436,50,0.6886
2026-09-24,2026-10-02,C,547.5,73,22,0.6677
2026-09-24,2026-10-02,C,550.0,2023,75,0.645
2026-09-24,2026-10-02,C,552.5,134,14,0.6592
2026-09-24,2026-10-02,C,555.0,1682,10,0.6241
2026-09-24,2026-10-02,C,557.5,162,10,0.6675
2026-09-24,2026-10-02,C,560.0,928,33,0.6595
2026-09-24,2026-10-02,C,562.5,125,14,0.6222
2026-09-24,2026-10-02,C,565.0,242,19,0.6367
2026-09-24,2026-10-02,C,567.5,149,10,0.6287
2026-09-24,2026-10-02,C,570.0,1141,42,0.594
2026-09-24,2026-10-02,C,572.5,38,50,0.5883
2026-09-24,2026-10-02,C,575.0,1169,38,0.5865
2026-09-24,2026-10-02,C,577.5,47,10,0.5636
2026-09-24,2026-10-02,C,580.0,871,68,0.5604
2026-09-24,2026-10-02,C,582.5,62,165,0.5495
2026-09-24,2026-10-02,C,585.0,485,22,0.5433
2026-09-24,2026-10-02,C,587.5,44,1,0.5352
2026-09-24,2026-10-02,C,590.0,697,61,0.5437
2026-09-24,2026-10-02,C,592.5,70,46,0.5563
2026-09-24,2026-10-02,C,595.0,1111,265,0.5242
2026-09-24,2026-10-02,C,597.5,163,110,0.5442
2026-09-24,2026-10-02,C,600.0,1452,572,0.5341
2026-09-24,2026-10-02,C,602.5,169,98,0.5552
2026-09-24,2026-10-02,C,605.0,859,364,0.5341
2026-09-24,2026-10-02,C,607.5,261,150,0.5369
2026-09-24,2026-10-02,C,610.0,590,638,0.5352
2026-09-24,2026-10-02,C,612.5,280,911,0.5351
2026-09-24,2026-10-02,C,615.0,1034,1284,0.52
2026-09-24,2026-10-02,C,617.5,285,383,0.5279
2026-09-24,2026-10-02,C,620.0,962,944,0.5327
2026-09-24,2026-10-02,C,622.5,287,518,0.5327
2026-09-24,2026-10-02,C,625.0,711,1473,0.5285
2026-09-24,2026-10-02,C,627.5,1073,710,0.5338
2026-09-24,2026-10-02,C,630.0,962,1208,0.5344
2026-09-24,2026-10-02,C,632.5,205,1250,0.5336
2026-09-24,2026-10-02,C,635.0,152,511,0.5349
2026-09-24,2026-10-02,C,637.5,248,979,0.5361
2026-09-24,2026-10-02,C,640.0,849,1671,0.5149
2026-09-24,2026-10-02,C,642.5,1156,801,0.5362
2026-09-24,2026-10-02,C,645.0,234,379,0.5391
2026-09-24,2026-10-02,C,647.5,398,1261,0.538
2026-09-24,2026-10-02,C,650.0,1133,3390,0.537
2026-09-24,2026-10-02,C,652.5,304,1130,0.5398
2026-09-24,2026-10-02,C,655.0,374,749,0.54
2026-09-24,2026-10-02,C,657.5,361,261,0.5405
2026-09-24,2026-10-02,C,660.0,621,643,0.5405
2026-09-24,2026-10-02,C,665.0,207,426,0.5425
2026-09-24,2026-10-02,C,670.0,1445,716,0.5442
2026-09-24,2026-10-02,C,675.0,251,385,0.5468
2026-09-24,2026-10-02,C,680.0,937,568,0.5479
2026-09-24,2026-10-02,C,685.0,331,231,0.5509
2026-09-24,2026-10-02,C,690.0,573,555,0.5558
2026-09-24,2026-10-02,C,695.0,255,176,0.5593
2026-09-24,2026-10-02,C,700.0,3375,2003,0.5601
2026-09-24,2026-10-02,C,705.0,358,128,0.5635
2026-09-24,2026-10-02,C,710.0,609,365,0.567
2026-09-24,2026-10-02,C,715.0,1178,165,0.5703
2026-09-24,2026-10-02,C,720.0,176,211,0.5743
2026-09-24,2026-10-02,C,725.0,277,81,0.5783
2026-09-24,2026-10-02,C,730.0,88,63,0.5806
2026-09-24,2026-10-02,C,735.0,129,527,0.5864
2026-09-24,2026-10-02,C,740.0,207,83,0.6086
2026-09-24,2026-10-02,C,750.0,336,251,0.5952
2026-09-24,2026-10-02,P,505.0,480,64,0.7046
2026-09-24,2026-10-02,P,507.5,102,83,0.7026
2026-09-24,2026-10-02,P,510.0,293,53,0.6958
2026-09-24,2026-10-02,P,512.5,134,108,0.7031
2026-09-24,2026-10-02,P,515.0,251,60,0.6987
2026-09-24,2026-10-02,P,517.5,95,25,0.688
2026-09-24,2026-10-02,P,520.0,1341,194,0.666
2026-09-24,2026-10-02,P,522.5,172,25,0.6421
2026-09-24,2026-10-02,P,525.0,296,109,0.6753
2026-09-24,2026-10-02,P,527.5,343,19,0.6406
2026-09-24,2026-10-02,P,530.0,579,94,0.6311
2026-09-24,2026-10-02,P,532.5,166,115,0.6421
2026-09-24,2026-10-02,P,535.0,363,121,0.6343
2026-09-24,2026-10-02,P,537.5,193,401,0.6294
2026-09-24,2026-10-02,P,540.0,610,179,0.6043
2026-09-24,2026-10-02,P,542.5,172,189,0.5798
2026-09-24,2026-10-02,P,545.0,327,176,0.5916
2026-09-24,2026-10-02,P,547.5,673,326,0.5874
2026-09-24,2026-10-02,P,550.0,2191,1140,0.5811
2026-09-24,2026-10-02,P,552.5,244,286,0.5765
2026-09-24,2026-10-02,P,555.0,423,152,0.5708
2026-09-24,2026-10-02,P,557.5,144,368,0.564
2026-09-24,2026-10-02,P,560.0,1047,492,0.5602
2026-09-24,2026-10-02,P,562.5,380,280,0.5551
2026-09-24,2026-10-02,P,565.0,484,352,0.5508
2026-09-24,2026-10-02,P,567.5,79,316,0.5471
2026-09-24,2026-10-02,P,570.0,524,715,0.5438
2026-09-24,2026-10-02,P,572.5,477,357,0.5407
2026-09-24,2026-10-02,P,575.0,1773,2013,0.5376
2026-09-24,2026-10-02,P,577.5,378,280,0.5347
2026-09-24,2026-10-02,P,580.0,830,1239,0.5317
2026-09-24,2026-10-02,P,582.5,280,423,0.5299
2026-09-24,2026-10-02,P,585.0,655,551,0.5289
2026-09-24,2026-10-02,P,587.5,523,457,0.5275
2026-09-24,2026-10-02,P,590.0,1123,653,0.5238
2026-09-24,2026-10-02,P,592.5,524,138,0.5245
2026-09-24,2026-10-02,P,595.0,340,921,0.5246
2026-09-24,2026-10-02,P,597.5,255,209,0.5232
2026-09-24,2026-10-02,P,600.0,3829,2265,0.5245
2026-09-24,2026-10-02,P,602.5,512,286,0.5228
2026-09-24,2026-10-02,P,605.0,439,700,0.522
2026-09-24,2026-10-02,P,607.5,262,366,0.5221
2026-09-24,2026-10-02,P,610.0,426,987,0.5274
2026-09-24,2026-10-02,P,612.5,232,282,0.5231
2026-09-24,2026-10-02,P,615.0,390,677,0.5417
2026-09-24,2026-10-02,P,617.5,133,521,0.5205
2026-09-24,2026-10-02,P,620.0,476,557,0.5234
2026-09-24,2026-10-02,P,622.5,89,142,0.5241
2026-09-24,2026-10-02,P,625.0,94,474,0.5234
2026-09-24,2026-10-02,P,627.5,137,242,0.5226
2026-09-24,2026-10-02,P,630.0,127,408,0.5233
2026-09-24,2026-10-02,P,632.5,143,191,0.5278
2026-09-24,2026-10-02,P,635.0,143,95,0.519
2026-09-24,2026-10-02,P,637.5,81,69,0.5222
2026-09-24,2026-10-02,P,640.0,195,85,0.518
2026-09-24,2026-10-02,P,642.5,52,86,0.5268
2026-09-24,2026-10-02,P,645.0,44,76,0.522
2026-09-24,2026-10-02,P,647.5,55,104,0.539
2026-09-24,2026-10-02,P,650.0,40,49,0.507
2026-09-24,2026-10-02,P,652.5,5,33,0.5306
2026-09-24,2026-10-02,P,655.0,0,47,0.5079
2026-09-24,2026-10-02,P,657.5,1,25,0.5393
2026-09-24,2026-10-02,P,660.0,38,4,0.5026
2026-09-24,2026-10-02,P,665.0,25,15,0.5032
2026-09-24,2026-10-02,P,670.0,1,1,0.5835
2026-09-24,2026-10-02,P,675.0,5,1,0.5869
2026-09-24,2026-10-02,P,680.0,2,4,0.5158
2026-09-24,2026-10-02,P,685.0,1,0,0.6033
2026-09-24,2026-10-02,P,690.0,3,0,0.6098
2026-09-24,2026-10-02,P,695.0,2,2,0.6108
2026-09-24,2026-10-02,P,700.0,9,4,0.6329
2026-09-24,2026-10-02,P,715.0,16,5,0.6465
2026-09-24,2026-10-02,P,720.0,10,10,0.7194
2026-09-24,2026-10-02,P,725.0,1,1,0.6668
2026-09-24,2026-10-05,C,515.0,9,2,0.7378
2026-09-24,2026-10-05,C,530.0,1,5,0.6653
2026-09-24,2026-10-05,C,540.0,2,11,0.618
2026-09-24,2026-10-05,C,550.0,12,1,0.6003
2026-09-24,2026-10-05,C,555.0,1,4,0.5767
2026-09-24,2026-10-05,C,560.0,8,0,0.5613
2026-09-24,2026-10-05,C,570.0,4,6,0.5681
2026-09-24,2026-10-05,C,572.5,65,0,0.5608
2026-09-24,2026-10-05,C,575.0,12,4,0.5183
2026-09-24,2026-10-05,C,580.0,11,28,0.5454
2026-09-24,2026-10-05,C,585.0,7,1,0.5388
2026-09-24,2026-10-05,C,587.5,2,0,0.535
2026-09-24,2026-10-05,C,590.0,20,2,0.5326
2026-09-24,2026-10-05,C,595.0,4,4,0.5272
2026-09-24,2026-10-05,C,597.5,15,35,0.5103
2026-09-24,2026-10-05,C,600.0,61,9,0.5277
2026-09-24,2026-10-05,C,605.0,40,15,0.5162
2026-09-24,2026-10-05,C,607.5,2,2,0.5064
2026-09-24,2026-10-05,C,610.0,35,50,0.5083
2026-09-24,2026-10-05,C,612.5,16,67,0.5133
2026-09-24,2026-10-05,C,615.0,70,81,0.5297
2026-09-24,2026-10-05,C,617.5,87,155,0.5351
2026-09-24,2026-10-05,C,620.0,129,164,0.509
2026-09-24,2026-10-05,C,622.5,38,87,0.5357
2026-09-24,2026-10-05,C,625.0,90,114,0.5068
2026-09-24,2026-10-05,C,630.0,13,66,0.5016
2026-09-24,2026-10-05,C,635.0,27,12,0.513
2026-09-24,2026-10-05,C,640.0,22,4,0.5402
2026-09-24,2026-10-05,C,645.0,7,84,0.5048
2026-09-24,2026-10-05,C,650.0,172,43,0.5091
2026-09-24,2026-10-05,C,660.0,6,27,0.5077
2026-09-24,2026-10-05,C,670.0,32,5,0.5053
2026-09-24,2026-10-05,C,680.0,9,13,0.5378
2026-09-24,2026-10-05,C,690.0,2,20,0.5413
2026-09-24,2026-10-05,C,700.0,101,32,0.5134
2026-09-24,2026-10-05,P,505.0,300,8,0.6572
2026-09-24,2026-10-05,P,510.0,25,0,0.6829
2026-09-24,2026-10-05,P,515.0,11,23,0.6162
2026-09-24,2026-10-05,P,520.0,11,1,0.5916
2026-09-24,2026-10-05,P,525.0,9,7,0.603
2026-09-24,2026-10-05,P,530.0,55,44,0.5708
2026-09-24,2026-10-05,P,535.0,34,30,0.5818
2026-09-24,2026-10-05,P,540.0,4,8,0.5557
2026-09-24,2026-10-05,P,545.0,1003,34,0.5356
2026-09-24,2026-10-05,P,550.0,138,59,0.5341
2026-09-24,2026-10-05,P,555.0,16,7,0.5178
2026-09-24,2026-10-05,P,560.0,149,154,0.5249
2026-09-24,2026-10-05,P,565.0,20,21,0.5153
2026-09-24,2026-10-05,P,570.0,95,174,0.5002
2026-09-24,2026-10-05,P,572.5,33,51,0.5043
2026-09-24,2026-10-05,P,575.0,63,27,0.5645
2026-09-24,2026-10-05,P,577.5,13,13,0.536
2026-09-24,2026-10-05,P,580.0,46,48,0.5084
2026-09-24,2026-10-05,P,585.0,21,25,0.5062
2026-09-24,2026-10-05,P,590.0,92,22,0.5039
2026-09-24,2026-10-05,P,592.5,16,7,0.5369
2026-09-24,2026-10-05,P,595.0,33,19,0.4966
2026-09-24,2026-10-05,P,600.0,205,128,0.5023
2026-09-24,2026-10-05,P,602.5,7,12,0.4985
2026-09-24,2026-10-05,P,605.0,25,19,0.5441
2026-09-24,2026-10-05,P,607.5,13,53,0.5426
2026-09-24,2026-10-05,P,610.0,91,116,0.5352
2026-09-24,2026-10-05,P,612.5,119,197,0.5087
2026-09-24,2026-10-05,P,615.0,138,140,0.5012
2026-09-24,2026-10-05,P,617.5,43,61,0.4963
2026-09-24,2026-10-05,P,620.0,26,112,0.5374
2026-09-24,2026-10-05,P,622.5,6,72,0.5337
2026-09-24,2026-10-05,P,625.0,3,29,0.5313
2026-09-24,2026-10-05,P,630.0,7,22,0.5191
2026-09-24,2026-10-05,P,640.0,1,0,0.5289
2026-09-24,2026-10-05,P,650.0,1,1,0.5281
2026-09-24,2026-10-05,P,680.0,2,2,0.5475
2026-09-24,2026-10-09,C,505.0,282,3,0.7554
2026-09-24,2026-10-09,C,510.0,243,5,0.7346
2026-09-24,2026-10-09,C,515.0,1132,8,0.7135
2026-09-24,2026-10-09,C,520.0,446,54,0.703
2026-09-24,2026-10-09,C,522.5,21,20,0.6932
2026-09-24,2026-10-09,C,525.0,237,58,0.6847
2026-09-24,2026-10-09,C,530.0,421,9,0.6696
2026-09-24,2026-10-09,C,535.0,141,7,0.642
2026-09-24,2026-10-09,C,540.0,143,15,0.6397
2026-09-24,2026-10-09,C,545.0,277,2,0.6277
2026-09-24,2026-10-09,C,547.5,1,1,0.6212
2026-09-24,2026-10-09,C,550.0,458,8,0.6162
2026-09-24,2026-10-09,C,555.0,146,8,0.5898
2026-09-24,2026-10-09,C,557.5,14,2,0.6065
2026-09-24,2026-10-09,C,560.0,392,30,0.583
2026-09-24,2026-10-09,C,562.5,2,0,0.5885
2026-09-24,2026-10-09,C,565.0,358,1,0.585
2026-09-24,2026-10-09,C,570.0,974,7,0.566
2026-09-24,2026-10-09,C,575.0,220,1,0.5721
2026-09-24,2026-10-09,C,580.0,394,11,0.5465
2026-09-24,2026-10-09,C,585.0,171,4,0.5609
2026-09-24,2026-10-09,C,590.0,198,50,0.5523
2026-09-24,2026-10-09,C,595.0,174,4,0.5408
2026-09-24,2026-10-09,C,600.0,1581,75,0.5338
2026-09-24,2026-10-09,C,605.0,1065,97,0.5457
2026-09-24,2026-10-09,C,610.0,341,266,0.5273
2026-09-24,2026-10-09,C,615.0,610,265,0.5297
2026-09-24,2026-10-09,C,620.0,536,537,0.5311
2026-09-24,2026-10-09,C,625.0,661,1091,0.525
2026-09-24,2026-10-09,C,630.0,741,308,0.5308
2026-09-24,2026-10-09,C,635.0,126,200,0.5298
2026-09-24,2026-10-09,C,640.0,457,147,0.5304
2026-09-24,2026-10-09,C,645.0,164,104,0.5326
2026-09-24,2026-10-09,C,650.0,643,368,0.5346
2026-09-24,2026-10-09,C,655.0,237,334,0.535
2026-09-24,2026-10-09,C,660.0,270,246,0.5353
2026-09-24,2026-10-09,C,665.0,130,224,0.5368
2026-09-24,2026-10-09,C,670.0,176,96,0.5352
2026-09-24,2026-10-09,C,675.0,218,108,0.5384
2026-09-24,2026-10-09,C,680.0,215,173,0.5381
2026-09-24,2026-10-09,C,685.0,124,180,0.5416
2026-09-24,2026-10-09,C,690.0,239,416,0.5408
2026-09-24,2026-10-09,C,695.0,90,471,0.5425
2026-09-24,2026-10-09,C,700.0,376,1365,0.5441
2026-09-24,2026-10-09,C,705.0,179,638,0.5482
2026-09-24,2026-10-09,C,710.0,117,331,0.5505
2026-09-24,2026-10-09,C,715.0,135,461,0.5533
2026-09-24,2026-10-09,C,720.0,212,50,0.5524
2026-09-24,2026-10-09,C,725.0,59,67,0.5662
2026-09-24,2026-10-09,C,730.0,389,358,0.5604
2026-09-24,2026-10-09,C,735.0,124,20,0.5609
2026-09-24,2026-10-09,C,740.0,142,86,0.5641
2026-09-24,2026-10-09,C,750.0,165,52,0.5706
2026-09-24,2026-10-09,P,505.0,300,11,0.6086
2026-09-24,2026-10-09,P,510.0,238,25,0.5842
2026-09-24,2026-10-09,P,515.0,397,107,0.5864
2026-09-24,2026-10-09,P,517.5,53,45,0.6006
2026-09-24,2026-10-09,P,520.0,904,88,0.5783
2026-09-24,2026-10-09,P,522.5,608,35,0.5723
2026-09-24,2026-10-09,P,525.0,162,75,0.5713
2026-09-24,2026-10-09,P,527.5,25,46,0.5652
2026-09-24,2026-10-09,P,530.0,396,120,0.5695
2026-09-24,2026-10-09,P,532.5,196,99,0.5577
2026-09-24,2026-10-09,P,535.0,215,34,0.554
2026-09-24,2026-10-09,P,537.5,47,52,0.552
2026-09-24,2026-10-09,P,540.0,258,121,0.5491
2026-09-24,2026-10-09,P,542.5,94,44,0.5459
2026-09-24,2026-10-09,P,545.0,191,110,0.5433
2026-09-24,2026-10-09,P,547.5,64,78,0.5388
2026-09-24,2026-10-09,P,550.0,511,67,0.5369
2026-09-24,2026-10-09,P,552.5,184,68,0.5451
2026-09-24,2026-10-09,P,555.0,161,125,0.5405
2026-09-24,2026-10-09,P,557.5,65,162,0.5286
2026-09-24,2026-10-09,P,560.0,107,542,0.5262
2026-09-24,2026-10-09,P,562.5,67,150,0.524
2026-09-24,2026-10-09,P,565.0,164,19,0.522
2026-09-24,2026-10-09,P,570.0,153,136,0.5199
2026-09-24,2026-10-09,P,575.0,114,45,0.5178
2026-09-24,2026-10-09,P,580.0,236,286,0.5161
2026-09-24,2026-10-09,P,585.0,551,77,0.5126
2026-09-24,2026-10-09,P,590.0,303,137,0.5119
2026-09-24,2026-10-09,P,595.0,218,165,0.5109
2026-09-24,2026-10-09,P,600.0,287,403,0.5106
2026-09-24,2026-10-09,P,605.0,120,207,0.511
2026-09-24,2026-10-09,P,610.0,201,224,0.5135
2026-09-24,2026-10-09,P,615.0,143,167,0.5132
2026-09-24,2026-10-09,P,620.0,193,210,0.5128
2026-09-24,2026-10-09,P,625.0,76,122,0.5129
2026-09-24,2026-10-09,P,630.0,74,77,0.5497
2026-09-24,2026-10-09,P,635.0,48,174,0.5168
2026-09-24,2026-10-09,P,640.0,71,6,0.5489
2026-09-24,2026-10-09,P,645.0,25,6,0.5014
2026-09-24,2026-10-09,P,650.0,26,37,0.5222
2026-09-24,2026-10-09,P,655.0,4,21,0.5554
2026-09-24,2026-10-09,P,660.0,1,55,0.5509
2026-09-24,2026-10-09,P,665.0,1,4,0.5566
2026-09-24,2026-10-09,P,670.0,5,1,0.5156
2026-09-24,2026-10-09,P,685.0,1,1,0.5564
2026-09-24,2026-10-09,P,700.0,2,2,0.5635
2026-09-24,2026-10-09,P,720.0,8,0,0.5768
2026-09-24,2026-10-09,P,725.0,1,0,0.5149
2026-09-24,2026-10-09,P,730.0,1,0,0.5858
2026-09-24,2026-10-09,P,735.0,1,0,0.5205
2026-09-24,2026-10-09,P,740.0,10,10,0.5953
2026-09-24,2026-10-09,P,750.0,5,0,0.6067
2026-09-25,2026-09-25,C,537.5,335,20,1.7485
2026-09-25,2026-09-25,C,540.0,1478,112,1.2578
2026-09-25,2026-09-25,C,542.5,380,12,1.8652
2026-09-25,2026-09-25,C,545.0,2614,1449,1.8457
2026-09-25,2026-09-25,C,547.5,1198,48,1.3604
2026-09-25,2026-09-25,C,550.0,3163,279,1.8252
2026-09-25,2026-09-25,C,552.5,322,109,1.4707
2026-09-25,2026-09-25,C,555.0,6149,5988,1.2481
2026-09-25,2026-09-25,C,557.5,358,125,1.1836
2026-09-25,2026-09-25,C,560.0,2579,3110,0.9648
2026-09-25,2026-09-25,C,562.5,918,91,1.5891
2026-09-25,2026-09-25,C,565.0,923,198,1.2803
2026-09-25,2026-09-25,C,567.5,257,19,0.8691
2026-09-25,2026-09-25,C,570.0,7425,6180,0.958
2026-09-25,2026-09-25,C,572.5,171,17,0.7754
2026-09-25,2026-09-25,C,575.0,2630,1655,0.9814
2026-09-25,2026-09-25,C,577.5,241,122,0.6172
2026-09-25,2026-09-25,C,580.0,2347,335,0.9053
2026-09-25,2026-09-25,C,582.5,371,95,1.0474
2026-09-25,2026-09-25,C,585.0,852,107,0.6465
2026-09-25,2026-09-25,C,587.5,173,7,0.6152
2026-09-25,2026-09-25,C,590.0,1091,144,0.6191
2026-09-25,2026-09-25,C,592.5,277,16,0.5508
2026-09-25,2026-09-25,C,595.0,306,124,0.5518
2026-09-25,2026-09-25,C,597.5,236,66,0.5176
2026-09-25,2026-09-25,C,600.0,4623,2141,0.5947
2026-09-25,2026-09-25,C,602.5,1962,1778,0.7947
2026-09-25,2026-09-25,C,605.0,679,146,0.5269
2026-09-25,2026-09-25,C,607.5,239,104,0.8865
2026-09-25,2026-09-25,C,610.0,1671,405,0.5608
2026-09-25,2026-09-25,C,612.5,903,181,0.5523
2026-09-25,2026-09-25,C,615.0,1435,520,0.6174
2026-09-25,2026-09-25,C,617.5,531,864,0.5332
2026-09-25,2026-09-25,C,620.0,2798,2745,0.303
2026-09-25,2026-09-25,C,622.5,752,889,0.4209
2026-09-25,2026-09-25,C,625.0,2688,4847,0.1165
2026-09-25,2026-09-25,C,627.5,1961,7178,0.1798
2026-09-25,2026-09-25,C,630.0,4150,29518,0.054
2026-09-25,2026-09-25,C,632.5,639,22108,0.0559
2026-09-25,2026-09-25,C,635.0,3988,37846,0.0606
2026-09-25,2026-09-25,C,637.5,681,12933,0.0899
2026-09-25,2026-09-25,C,640.0,6299,36517,0.1172
2026-09-25,2026-09-25,C,642.5,597,6365,0.1445
2026-09-25,2026-09-25,C,645.0,2895,15953,0.168
2026-09-25,2026-09-25,C,647.5,1011,2755,0.1953
2026-09-25,2026-09-25,C,650.0,5970,17819,0.2188
2026-09-25,2026-09-25,C,652.5,547,1583,0.2461
2026-09-25,2026-09-25,C,655.0,2129,3877,0.2695
2026-09-25,2026-09-25,C,657.5,299,621,0.293
2026-09-25,2026-09-25,C,660.0,2439,2381,0.3203
2026-09-25,2026-09-25,C,662.5,859,1005,0.3438
2026-09-25,2026-09-25,C,665.0,1077,1316,0.3672
2026-09-25,2026-09-25,C,667.5,263,545,0.3906
2026-09-25,2026-09-25,C,670.0,2062,1123,0.4141
2026-09-25,2026-09-25,C,672.5,663,505,0.4297
2026-09-25,2026-09-25,C,675.0,2299,1564,0.4531
2026-09-25,2026-09-25,C,677.5,297,176,0.4766
2026-09-25,2026-09-25,C,680.0,2090,1389,0.5
2026-09-25,2026-09-25,C,682.5,266,34,0.5234
2026-09-25,2026-09-25,C,685.0,1267,99,0.5156
2026-09-25,2026-09-25,C,687.5,101,47,0.5313
2026-09-25,2026-09-25,C,690.0,1042,359,0.5469
2026-09-25,2026-09-25,C,692.5,76,32,0.8672
2026-09-25,2026-09-25,C,695.0,637,297,0.5938
2026-09-25,2026-09-25,C,697.5,26,3,0.873
2026-09-25,2026-09-25,C,700.0,2791,275,0.625
2026-09-25,2026-09-25,C,702.5,6,1,0.9414
2026-09-25,2026-09-25,C,705.0,767,16,0.6719
2026-09-25,2026-09-25,C,710.0,938,77,0.7188
2026-09-25,2026-09-25,C,715.0,395,23,0.75
2026-09-25,2026-09-25,C,720.0,2216,35,0.7813
2026-09-25,2026-09-25,C,725.0,136,1,0.8281
2026-09-25,2026-09-25,P,537.5,538,64,0.9375
2026-09-25,2026-09-25,P,540.0,1181,238,0.9219
2026-09-25,2026-09-25,P,542.5,532,144,0.9063
2026-09-25,2026-09-25,P,545.0,1309,928,0.875
2026-09-25,2026-09-25,P,547.5,750,1204,0.8438
2026-09-25,2026-09-25,P,550.0,2838,866,0.8125
2026-09-25,2026-09-25,P,552.5,618,262,0.7969
2026-09-25,2026-09-25,P,555.0,647,531,0.7813
2026-09-25,2026-09-25,P,557.5,400,339,0.75
2026-09-25,2026-09-25,P,560.0,1547,797,0.7188
2026-09-25,2026-09-25,P,562.5,302,458,0.7344
2026-09-25,2026-09-25,P,565.0,704,537,0.6719
2026-09-25,2026-09-25,P,567.5,792,175,0.6406
2026-09-25,2026-09-25,P,570.0,1770,376,0.625
2026-09-25,2026-09-25,P,572.5,565,36,0.5938
2026-09-25,2026-09-25,P,575.0,2004,731,0.5625
2026-09-25,2026-09-25,P,577.5,1110,606,0.5469
2026-09-25,2026-09-25,P,580.0,3263,2038,0.5156
2026-09-25,2026-09-25,P,582.5,640,428,0.5
2026-09-25,2026-09-25,P,585.0,2162,1170,0.5
2026-09-25,2026-09-25,P,587.5,942,711,0.4766
2026-09-25,2026-09-25,P,590.0,2224,967,0.4531
2026-09-25,2026-09-25,P,592.5,535,1261,0.4219
2026-09-25,2026-09-25,P,595.0,1550,1109,0.3984
2026-09-25,2026-09-25,P,597.5,589,840,0.375
2026-09-25,2026-09-25,P,600.0,10406,8680,0.3438
2026-09-25,2026-09-25,P,602.5,1233,1141,0.3203
2026-09-25,2026-09-25,P,605.0,2857,1934,0.293
2026-09-25,2026-09-25,P,607.5,2467,864,0.2656
2026-09-25,2026-09-25,P,610.0,2012,9660,0.2422
2026-09-25,2026-09-25,P,612.5,5006,5050,0.2149
2026-09-25,2026-09-25,P,615.0,2487,7021,0.1875
2026-09-25,2026-09-25,P,617.5,1149,5295,0.1602
2026-09-25,2026-09-25,P,620.0,2116,13929,0.1328
2026-09-25,2026-09-25,P,622.5,524,5709,0.1143
2026-09-25,2026-09-25,P,625.0,1215,21487,0.0762
2026-09-25,2026-09-25,P,627.5,467,13321,0.0713
2026-09-25,2026-09-25,P,630.0,483,22375,0.0794
2026-09-25,2026-09-25,P,632.5,109,5068,0.1284
2026-09-25,2026-09-25,P,635.0,157,3855,0.1873
2026-09-25,2026-09-25,P,637.5,56,953,0.2258
2026-09-25,2026-09-25,P,640.0,93,1658,0.2691
2026-09-25,2026-09-25,P,642.5,69,180,0.4553
2026-09-25,2026-09-25,P,645.0,89,507,0.4465
2026-09-25,2026-09-25,P,647.5,49,73,0.6655
2026-09-25,2026-09-25,P,650.0,63,24,0.6101
2026-09-25,2026-09-25,P,652.5,94,3,0.6941
2026-09-25,2026-09-25,P,655.0,59,13,0.7058
2026-09-25,2026-09-25,P,657.5,27,25,0.502
2026-09-25,2026-09-25,P,660.0,34,84,0.7407
2026-09-25,2026-09-25,P,665.0,6,1,1.0981
2026-09-25,2026-09-25,P,667.5,2,0,0.928
2026-09-25,2026-09-25,P,670.0,2,18,0.9775
2026-09-25,2026-09-25,P,675.0,1,4,1.2852
2026-09-25,2026-09-25,P,680.0,0,112,0.9961
2026-09-25,2026-09-25,P,690.0,1,1,1.0523
2026-09-25,2026-09-25,P,695.0,1,1,1.363
2026-09-25,2026-09-25,P,700.0,1,159,1.2256
2026-09-25,2026-09-25,P,702.5,0,21,1.4824
2026-09-25,2026-09-25,P,710.0,1,1,1.8687
2026-09-25,2026-09-28,C,537.5,5,5,0.7388
2026-09-25,2026-09-28,C,540.0,19,8,0.7114
2026-09-25,2026-09-28,C,542.5,7,7,0.8032
2026-09-25,2026-09-28,C,545.0,90,3,0.6914
2026-09-25,2026-09-28,C,547.5,34,6,0.6729
2026-09-25,2026-09-28,C,550.0,519,9,0.6685
2026-09-25,2026-09-28,C,552.5,211,9,0.7524
2026-09-25,2026-09-28,C,555.0,34,5,0.7434
2026-09-25,2026-09-28,C,557.5,14,1,0.5264
2026-09-25,2026-09-28,C,560.0,49,7,0.5933
2026-09-25,2026-09-28,C,562.5,23,2,0.5742
2026-09-25,2026-09-28,C,565.0,45,7,0.7075
2026-09-25,2026-09-28,C,567.5,25,22,0.5366
2026-09-25,2026-09-28,C,570.0,28,27,0.5984
2026-09-25,2026-09-28,C,572.5,6,23,0.6013
2026-09-25,2026-09-28,C,575.0,96,37,0.6126
2026-09-25,2026-09-28,C,577.5,4,6,0.7864
2026-09-25,2026-09-28,C,580.0,84,30,0.573
2026-09-25,2026-09-28,C,582.5,34,6,0.7361
2026-09-25,2026-09-28,C,585.0,94,23,0.5803
2026-09-25,2026-09-28,C,587.5,27,1,0.6851
2026-09-25,2026-09-28,C,590.0,152,9,0.5627
2026-09-25,2026-09-28,C,592.5,87,1,0.6361
2026-09-25,2026-09-28,C,595.0,94,3,0.614
2026-09-25,2026-09-28,C,597.5,42,42,0.5915
2026-09-25,2026-09-28,C,600.0,241,580,0.5048
2026-09-25,2026-09-28,C,602.5,60,403,0.5201
2026-09-25,2026-09-28,C,605.0,115,38,0.4202
2026-09-25,2026-09-28,C,607.5,180,27,0.4379
2026-09-25,2026-09-28,C,610.0,858,139,0.3875
2026-09-25,2026-09-28,C,612.5,180,98,0.4399
2026-09-25,2026-09-28,C,615.0,1154,237,0.3341
2026-09-25,2026-09-28,C,617.5,388,83,0.327
2026-09-25,2026-09-28,C,620.0,936,352,0.3211
2026-09-25,2026-09-28,C,622.5,554,317,0.3237
2026-09-25,2026-09-28,C,625.0,372,597,0.3218
2026-09-25,2026-09-28,C,627.5,134,773,0.3137
2026-09-25,2026-09-28,C,630.0,344,3404,0.3051
2026-09-25,2026-09-28,C,632.5,388,2812,0.3052
2026-09-25,2026-09-28,C,635.0,271,2999,0.3045
2026-09-25,2026-09-28,C,637.5,532,1297,0.3069
2026-09-25,2026-09-28,C,640.0,1016,3768,0.3069
2026-09-25,2026-09-28,C,642.5,285,698,0.3131
2026-09-25,2026-09-28,C,645.0,743,2654,0.3131
2026-09-25,2026-09-28,C,647.5,262,420,0.3124
2026-09-25,2026-09-28,C,650.0,1981,3358,0.3142
2026-09-25,2026-09-28,C,652.5,225,742,0.3174
2026-09-25,2026-09-28,C,655.0,109,1871,0.323
2026-09-25,2026-09-28,C,657.5,182,533,0.3254
2026-09-25,2026-09-28,C,660.0,321,1524,0.3276
2026-09-25,2026-09-28,C,662.5,113,314,0.335
2026-09-25,2026-09-28,C,665.0,199,1385,0.3379
2026-09-25,2026-09-28,C,667.5,123,292,0.3438
2026-09-25,2026-09-28,C,670.0,755,1434,0.3474
2026-09-25,2026-09-28,C,672.5,81,284,0.3565
2026-09-25,2026-09-28,C,675.0,167,359,0.3506
2026-09-25,2026-09-28,C,677.5,61,72,0.4082
2026-09-25,2026-09-28,C,680.0,167,388,0.3838
2026-09-25,2026-09-28,C,682.5,67,143,0.375
2026-09-25,2026-09-28,C,685.0,65,206,0.377
2026-09-25,2026-09-28,C,687.5,14,29,0.3838
2026-09-25,2026-09-28,C,690.0,36,166,0.4512
2026-09-25,2026-09-28,C,692.5,39,5,0.4258
2026-09-25,2026-09-28,C,695.0,75,132,0.3975
2026-09-25,2026-09-28,C,697.5,33,3,0.4297
2026-09-25,2026-09-28,C,700.0,307,581,0.416
2026-09-25,2026-09-28,C,710.0,29,41,0.5342
2026-09-25,2026-09-28,C,720.0,47,30,0.4453
2026-09-25,2026-09-28,C,725.0,43,20,0.4375
2026-09-25,2026-09-28,P,537.5,74,5,0.7227
2026-09-25,2026-09-28,P,540.0,397,83,0.5996
2026-09-25,2026-09-28,P,542.5,67,5,0.6357
2026-09-25,2026-09-28,P,545.0,454,40,0.5313
2026-09-25,2026-09-28,P,547.5,147,4,0.6113
2026-09-25,2026-09-28,P,550.0,911,234,0.5537
2026-09-25,2026-09-28,P,552.5,243,204,0.5918
2026-09-25,2026-09-28,P,555.0,223,71,0.5186
2026-09-25,2026-09-28,P,557.5,50,1,0.5889
2026-09-25,2026-09-28,P,560.0,1110,817,0.5029
2026-09-25,2026-09-28,P,562.5,59,38,0.5449
2026-09-25,2026-09-28,P,565.0,555,84,0.4834
2026-09-25,2026-09-28,P,567.5,212,5,0.5059
2026-09-25,2026-09-28,P,570.0,1512,463,0.457
2026-09-25,2026-09-28,P,572.5,388,379,0.4439
2026-09-25,2026-09-28,P,575.0,667,412,0.5193
2026-09-25,2026-09-28,P,577.5,636,229,0.4802
2026-09-25,2026-09-28,P,580.0,1374,544,0.4097
2026-09-25,2026-09-28,P,582.5,444,128,0.3989
2026-09-25,2026-09-28,P,585.0,515,334,0.3857
2026-09-25,2026-09-28,P,587.5,689,140,0.3814
2026-09-25,2026-09-28,P,590.0,1469,2944,0.3713
2026-09-25,2026-09-28,P,592.5,269,117,0.363
2026-09-25,2026-09-28,P,595.0,493,1007,0.3557
2026-09-25,2026-09-28,P,597.5,404,343,0.3486
2026-09-25,2026-09-28,P,600.0,1148,1521,0.3406
2026-09-25,2026-09-28,P,602.5,430,301,0.3375
2026-09-25,2026-09-28,P,605.0,259,915,0.3313
2026-09-25,2026-09-28,P,607.5,1229,562,0.3257
2026-09-25,2026-09-28,P,610.0,790,937,0.3235
2026-09-25,2026-09-28,P,612.5,519,436,0.3197
2026-09-25,2026-09-28,P,615.0,637,1233,0.3149
2026-09-25,2026-09-28,P,617.5,132,788,0.3121
2026-09-25,2026-09-28,P,620.0,356,3050,0.3115
2026-09-25,2026-09-28,P,622.5,97,435,0.3126
2026-09-25,2026-09-28,P,625.0,139,1868,0.3092
2026-09-25,2026-09-28,P,627.5,82,1255,0.311
2026-09-25,2026-09-28,P,630.0,136,2514,0.3157
2026-09-25,2026-09-28,P,632.5,64,1412,0.3216
2026-09-25,2026-09-28,P,635.0,60,1302,0.3192
2026-09-25,2026-09-28,P,637.5,46,262,0.3281
2026-09-25,2026-09-28,P,640.0,116,196,0.3248
2026-09-25,2026-09-28,P,642.5,40,173,0.3428
2026-09-25,2026-09-28,P,645.0,13,254,0.3471
2026-09-25,2026-09-28,P,650.0,124,157,0.3924
2026-09-25,2026-09-28,P,660.0,16,13,0.449
2026-09-25,2026-09-28,P,670.0,5,4,0.507
2026-09-25,2026-09-28,P,697.5,1,0,0.8102
2026-09-25,2026-09-28,P,700.0,2,28,0.7039
2026-09-25,2026-09-30,C,540.0,78,15,0.7112
2026-09-25,2026-09-30,C,542.5,15,1,0.7559
2026-09-25,2026-09-30,C,545.0,52,17,0.7483
2026-09-25,2026-09-30,C,547.5,4,1,0.719
2026-09-25,2026-09-30,C,550.0,73,7,0.6727
2026-09-25,2026-09-30,C,552.5,8,2,0.6873
2026-09-25,2026-09-30,C,555.0,35,1,0.6282
2026-09-25,2026-09-30,C,557.5,4,1,0.6077
2026-09-25,2026-09-30,C,560.0,129,3,0.6011
2026-09-25,2026-09-30,C,562.5,40,2,0.6314
2026-09-25,2026-09-30,C,565.0,48,3,0.6167
2026-09-25,2026-09-30,C,567.5,40,46,0.5595
2026-09-25,2026-09-30,C,570.0,43,7,0.5527
2026-09-25,2026-09-30,C,572.5,20,17,0.5734
2026-09-25,2026-09-30,C,575.0,58,5,0.5461
2026-09-25,2026-09-30,C,577.5,11,0,0.5524
2026-09-25,2026-09-30,C,580.0,101,15,0.5093
2026-09-25,2026-09-30,C,582.5,24,4,0.532
2026-09-25,2026-09-30,C,585.0,23,1,0.5236
2026-09-25,2026-09-30,C,587.5,70,2,0.6543
2026-09-25,2026-09-30,C,590.0,44,2,0.5814
2026-09-25,2026-09-30,C,592.5,14,5,0.6252
2026-09-25,2026-09-30,C,595.0,44,31,0.6501
2026-09-25,2026-09-30,C,597.5,39,10,0.4876
2026-09-25,2026-09-30,C,600.0,380,62,0.4796
2026-09-25,2026-09-30,C,602.5,52,18,0.4767
2026-09-25,2026-09-30,C,605.0,54,35,0.4456
2026-09-25,2026-09-30,C,607.5,108,13,0.452
2026-09-25,2026-09-30,C,610.0,117,58,0.4612
2026-09-25,2026-09-30,C,612.5,119,30,0.4371
2026-09-25,2026-09-30,C,615.0,226,51,0.4454
2026-09-25,2026-09-30,C,617.5,100,46,0.4392
2026-09-25,2026-09-30,C,620.0,392,1250,0.4295
2026-09-25,2026-09-30,C,622.5,192,13,0.4373
2026-09-25,2026-09-30,C,625.0,276,227,0.4315
2026-09-25,2026-09-30,C,627.5,125,300,0.4267
2026-09-25,2026-09-30,C,630.0,338,1122,0.4244
2026-09-25,2026-09-30,C,632.5,140,677,0.4246
2026-09-25,2026-09-30,C,635.0,336,1086,0.4256
2026-09-25,2026-09-30,C,637.5,212,197,0.4291
2026-09-25,2026-09-30,C,640.0,237,798,0.4289
2026-09-25,2026-09-30,C,645.0,231,354,0.4301
2026-09-25,2026-09-30,C,650.0,543,794,0.4331
2026-09-25,2026-09-30,C,655.0,424,288,0.437
2026-09-25,2026-09-30,C,660.0,784,159,0.4412
2026-09-25,2026-09-30,C,665.0,288,125,0.4446
2026-09-25,2026-09-30,C,670.0,178,419,0.4495
2026-09-25,2026-09-30,C,675.0,231,321,0.4514
2026-09-25,2026-09-30,C,680.0,128,229,0.4564
2026-09-25,2026-09-30,C,685.0,583,128,0.4636
2026-09-25,2026-09-30,C,690.0,227,361,0.4706
2026-09-25,2026-09-30,C,695.0,83,39,0.4785
2026-09-25,2026-09-30,C,700.0,172,618,0.4841
2026-09-25,2026-09-30,C,710.0,26,55,0.5252
2026-09-25,2026-09-30,C,720.0,9,14,0.5117
2026-09-25,2026-09-30,C,725.0,30,71,0.5205
2026-09-25,2026-09-30,P,537.5,116,6,0.6143
2026-09-25,2026-09-30,P,540.0,132,70,0.6025
2026-09-25,2026-09-30,P,542.5,27,11,0.6094
2026-09-25,2026-09-30,P,545.0,142,24,0.5723
2026-09-25,2026-09-30,P,547.5,147,7,0.5825
2026-09-25,2026-09-30,P,550.0,864,787,0.5342
2026-09-25,2026-09-30,P,552.5,135,33,0.5471
2026-09-25,2026-09-30,P,555.0,152,63,0.5469
2026-09-25,2026-09-30,P,557.5,124,107,0.5464
2026-09-25,2026-09-30,P,560.0,339,101,0.5352
2026-09-25,2026-09-30,P,562.5,85,1,0.5234
2026-09-25,2026-09-30,P,565.0,235,27,0.5181
2026-09-25,2026-09-30,P,567.5,129,30,0.5283
2026-09-25,2026-09-30,P,570.0,424,100,0.4998
2026-09-25,2026-09-30,P,572.5,346,114,0.4963
2026-09-25,2026-09-30,P,575.0,146,68,0.4884
2026-09-25,2026-09-30,P,577.5,80,112,0.4815
2026-09-25,2026-09-30,P,580.0,1083,1194,0.4751
2026-09-25,2026-09-30,P,582.5,259,37,0.4684
2026-09-25,2026-09-30,P,585.0,431,193,0.464
2026-09-25,2026-09-30,P,587.5,749,135,0.4595
2026-09-25,2026-09-30,P,590.0,267,304,0.4522
2026-09-25,2026-09-30,P,592.5,143,61,0.4504
2026-09-25,2026-09-30,P,595.0,130,183,0.4469
2026-09-25,2026-09-30,P,597.5,61,190,0.4385
2026-09-25,2026-09-30,P,600.0,394,1193,0.4378
2026-09-25,2026-09-30,P,602.5,138,139,0.4372
2026-09-25,2026-09-30,P,605.0,126,239,0.4344
2026-09-25,2026-09-30,P,607.5,99,214,0.4316
2026-09-25,2026-09-30,P,610.0,237,214,0.4305
2026-09-25,2026-09-30,P,612.5,73,83,0.431
2026-09-25,2026-09-30,P,615.0,205,411,0.4291
2026-09-25,2026-09-30,P,617.5,49,56,0.4301
2026-09-25,2026-09-30,P,620.0,173,644,0.4273
2026-09-25,2026-09-30,P,622.5,111,180,0.427
2026-09-25,2026-09-30,P,625.0,130,944,0.4277
2026-09-25,2026-09-30,P,627.5,91,516,0.4261
2026-09-25,2026-09-30,P,630.0,211,623,0.4378
2026-09-25,2026-09-30,P,632.5,24,173,0.4364
2026-09-25,2026-09-30,P,635.0,40,174,0.4328
2026-09-25,2026-09-30,P,637.5,46,62,0.4427
2026-09-25,2026-09-30,P,640.0,44,33,0.4363
2026-09-25,2026-09-30,P,650.0,74,103,0.4447
2026-09-25,2026-09-30,P,660.0,9,17,0.457
2026-09-25,2026-09-30,P,685.0,1,1,0.6278
2026-09-25,2026-10-02,C,537.5,216,2,0.6868
2026-09-25,2026-10-02,C,540.0,717,18,0.7141
2026-09-25,2026-10-02,C,542.5,77,3,0.6184
2026-09-25,2026-10-02,C,545.0,476,25,0.5974
2026-09-25,2026-10-02,C,547.5,73,22,0.6598
2026-09-25,2026-10-02,C,550.0,2038,172,0.6265
2026-09-25,2026-10-02,C,552.5,124,10,0.6439
2026-09-25,2026-10-02,C,555.0,1677,42,0.6157
2026-09-25,2026-10-02,C,557.5,152,13,0.6345
2026-09-25,2026-10-02,C,560.0,917,82,0.6104
2026-09-25,2026-10-02,C,562.5,139,4,0.5897
2026-09-25,2026-10-02,C,565.0,258,14,0.5341
2026-09-25,2026-10-02,C,567.5,149,3,0.5632
2026-09-25,2026-10-02,C,570.0,1111,50,0.5881
2026-09-25,2026-10-02,C,572.5,50,7,0.5819
2026-09-25,2026-10-02,C,575.0,1150,73,0.571
2026-09-25,2026-10-02,C,577.5,47,7,0.5382
2026-09-25,2026-10-02,C,580.0,870,102,0.5383
2026-09-25,2026-10-02,C,582.5,62,3,0.5368
2026-09-25,2026-10-02,C,585.0,495,35,0.5438
2026-09-25,2026-10-02,C,587.5,43,5,0.5577
2026-09-25,2026-10-02,C,590.0,702,55,0.5573
2026-09-25,2026-10-02,C,592.5,63,6,0.5225
2026-09-25,2026-10-02,C,595.0,1129,154,0.5021
2026-09-25,2026-10-02,C,597.5,214,18,0.5194
2026-09-25,2026-10-02,C,600.0,1442,223,0.5208
2026-09-25,2026-10-02,C,602.5,148,4,0.5183
2026-09-25,2026-10-02,C,605.0,885,30,0.5208
2026-09-25,2026-10-02,C,607.5,278,20,0.5086
2026-09-25,2026-10-02,C,610.0,534,122,0.5076
2026-09-25,2026-10-02,C,612.5,775,61,0.5052
2026-09-25,2026-10-02,C,615.0,1046,151,0.5
2026-09-25,2026-10-02,C,617.5,285,51,0.4992
2026-09-25,2026-10-02,C,620.0,1042,338,0.4941
2026-09-25,2026-10-02,C,622.5,405,49,0.4959
2026-09-25,2026-10-02,C,625.0,931,478,0.484
2026-09-25,2026-10-02,C,627.5,1347,184,0.4938
2026-09-25,2026-10-02,C,630.0,1438,1372,0.4818
2026-09-25,2026-10-02,C,632.5,965,587,0.4912
2026-09-25,2026-10-02,C,635.0,282,1474,0.4763
2026-09-25,2026-10-02,C,637.5,983,3979,0.4855
2026-09-25,2026-10-02,C,640.0,1634,2234,0.4784
2026-09-25,2026-10-02,C,642.5,1486,528,0.489
2026-09-25,2026-10-02,C,645.0,268,1965,0.4857
2026-09-25,2026-10-02,C,647.5,1221,449,0.4909
2026-09-25,2026-10-02,C,650.0,2600,2075,0.4848
2026-09-25,2026-10-02,C,652.5,1041,3924,0.4903
2026-09-25,2026-10-02,C,655.0,828,880,0.4901
2026-09-25,2026-10-02,C,657.5,450,210,0.4916
2026-09-25,2026-10-02,C,660.0,819,866,0.4869
2026-09-25,2026-10-02,C,665.0,207,195,0.4931
2026-09-25,2026-10-02,C,670.0,1521,3844,0.489
2026-09-25,2026-10-02,C,675.0,280,206,0.4906
2026-09-25,2026-10-02,C,680.0,1174,732,0.4913
2026-09-25,2026-10-02,C,685.0,423,464,0.4963
2026-09-25,2026-10-02,C,690.0,803,1114,0.4982
2026-09-25,2026-10-02,C,695.0,274,176,0.5018
2026-09-25,2026-10-02,C,700.0,3926,3262,0.5015
2026-09-25,2026-10-02,C,705.0,353,339,0.5054
2026-09-25,2026-10-02,C,710.0,663,235,0.5105
2026-09-25,2026-10-02,C,715.0,1188,347,0.5147
2026-09-25,2026-10-02,C,720.0,243,253,0.5178
2026-09-25,2026-10-02,C,725.0,280,57,0.5225
2026-09-25,2026-10-02,P,537.5,285,27,0.6177
2026-09-25,2026-10-02,P,540.0,684,158,0.596
2026-09-25,2026-10-02,P,542.5,241,66,0.5703
2026-09-25,2026-10-02,P,545.0,308,89,0.5781
2026-09-25,2026-10-02,P,547.5,682,171,0.5696
2026-09-25,2026-10-02,P,550.0,2586,3842,0.5642
2026-09-25,2026-10-02,P,552.5,240,416,0.5532
2026-09-25,2026-10-02,P,555.0,395,286,0.5496
2026-09-25,2026-10-02,P,557.5,208,67,0.5413
2026-09-25,2026-10-02,P,560.0,1130,515,0.5372
2026-09-25,2026-10-02,P,562.5,423,182,0.5284
2026-09-25,2026-10-02,P,565.0,560,330,0.5232
2026-09-25,2026-10-02,P,567.5,260,269,0.5159
2026-09-25,2026-10-02,P,570.0,618,481,0.5131
2026-09-25,2026-10-02,P,572.5,604,1151,0.5071
2026-09-25,2026-10-02,P,575.0,2698,1295,0.5002
2026-09-25,2026-10-02,P,577.5,428,177,0.5022
2026-09-25,2026-10-02,P,580.0,1059,950,0.4984
2026-09-25,2026-10-02,P,582.5,443,89,0.4951
2026-09-25,2026-10-02,P,585.0,802,212,0.491
2026-09-25,2026-10-02,P,587.5,739,103,0.488
2026-09-25,2026-10-02,P,590.0,1277,531,0.4858
2026-09-25,2026-10-02,P,592.5,506,137,0.4824
2026-09-25,2026-10-02,P,595.0,922,770,0.4795
2026-09-25,2026-10-02,P,597.5,297,156,0.479
2026-09-25,2026-10-02,P,600.0,3364,7479,0.4979
2026-09-25,2026-10-02,P,602.5,575,417,0.4752
2026-09-25,2026-10-02,P,605.0,505,197,0.4736
2026-09-25,2026-10-02,P,607.5,404,228,0.4721
2026-09-25,2026-10-02,P,610.0,789,1461,0.4706
2026-09-25,2026-10-02,P,612.5,308,231,0.4706
2026-09-25,2026-10-02,P,615.0,752,752,0.4691
2026-09-25,2026-10-02,P,617.5,447,327,0.4689
2026-09-25,2026-10-02,P,620.0,646,1652,0.4699
2026-09-25,2026-10-02,P,622.5,137,157,0.4693
2026-09-25,2026-10-02,P,625.0,318,649,0.4686
2026-09-25,2026-10-02,P,627.5,144,172,0.469
2026-09-25,2026-10-02,P,630.0,390,1831,0.4719
2026-09-25,2026-10-02,P,632.5,265,338,0.4948
2026-09-25,2026-10-02,P,635.0,203,628,0.4745
2026-09-25,2026-10-02,P,637.5,103,309,0.4931
2026-09-25,2026-10-02,P,640.0,267,204,0.4752
2026-09-25,2026-10-02,P,642.5,118,49,0.4953
2026-09-25,2026-10-02,P,645.0,109,61,0.4782
2026-09-25,2026-10-02,P,647.5,137,85,0.5003
2026-09-25,2026-10-02,P,650.0,82,172,0.4785
2026-09-25,2026-10-02,P,652.5,32,21,0.5015
2026-09-25,2026-10-02,P,655.0,47,21,0.4819
2026-09-25,2026-10-02,P,657.5,26,19,0.5064
2026-09-25,2026-10-02,P,660.0,39,24,0.4864
2026-09-25,2026-10-02,P,665.0,25,3,0.5227
2026-09-25,2026-10-02,P,670.0,1,2,0.5811
2026-09-25,2026-10-02,P,675.0,6,1,0.5457
2026-09-25,2026-10-02,P,680.0,5,4,0.5122
2026-09-25,2026-10-02,P,685.0,1,0,0.5416
2026-09-25,2026-10-02,P,690.0,3,0,0.5701
2026-09-25,2026-10-02,P,695.0,2,2,0.6361
2026-09-25,2026-10-02,P,700.0,7,20,0.5817
2026-09-25,2026-10-02,P,715.0,16,5,0.6658
2026-09-25,2026-10-02,P,720.0,0,10,0.709
2026-09-25,2026-10-02,P,725.0,1,1,0.7294
2026-09-25,2026-10-05,C,540.0,12,1,0.656
2026-09-25,2026-10-05,C,550.0,11,1,0.5886
2026-09-25,2026-10-05,C,555.0,3,5,0.5377
2026-09-25,2026-10-05,C,560.0,8,1,0.5234
2026-09-25,2026-10-05,C,570.0,7,6,0.5322
2026-09-25,2026-10-05,C,572.5,65,0,0.5171
2026-09-25,2026-10-05,C,575.0,14,2,0.5772
2026-09-25,2026-10-05,C,580.0,32,28,0.5867
2026-09-25,2026-10-05,C,585.0,8,4,0.5862
2026-09-25,2026-10-05,C,587.5,2,0,0.5467
2026-09-25,2026-10-05,C,590.0,22,1,0.558
2026-09-25,2026-10-05,C,595.0,4,2,0.5713
2026-09-25,2026-10-05,C,597.5,15,35,0.5269
2026-09-25,2026-10-05,C,600.0,63,24,0.5186
2026-09-25,2026-10-05,C,605.0,43,1,0.5622
2026-09-25,2026-10-05,C,607.5,2,2,0.5255
2026-09-25,2026-10-05,C,610.0,42,51,0.5251
2026-09-25,2026-10-05,C,612.5,25,11,0.553
2026-09-25,2026-10-05,C,615.0,70,13,0.5188
2026-09-25,2026-10-05,C,617.5,43,30,0.5297
2026-09-25,2026-10-05,C,620.0,75,18,0.517
2026-09-25,2026-10-05,C,622.5,43,40,0.5199
2026-09-25,2026-10-05,C,625.0,81,78,0.5205
2026-09-25,2026-10-05,C,630.0,45,224,0.4601
2026-09-25,2026-10-05,C,635.0,33,98,0.4865
2026-09-25,2026-10-05,C,640.0,24,170,0.4578
2026-09-25,2026-10-05,C,645.0,86,11,0.5168
2026-09-25,2026-10-05,C,650.0,179,67,0.4985
2026-09-25,2026-10-05,C,660.0,27,70,0.505
2026-09-25,2026-10-05,C,670.0,31,33,0.5003
2026-09-25,2026-10-05,C,680.0,15,24,0.4756
2026-09-25,2026-10-05,C,690.0,10,1,0.4849
2026-09-25,2026-10-05,C,700.0,110,103,0.4835
2026-09-25,2026-10-05,P,540.0,11,14,0.5211
2026-09-25,2026-10-05,P,545.0,1034,25,0.511
2026-09-25,2026-10-05,P,550.0,152,32,0.5059
2026-09-25,2026-10-05,P,555.0,18,12,0.5328
2026-09-25,2026-10-05,P,560.0,239,10,0.5264
2026-09-25,2026-10-05,P,565.0,30,17,0.4993
2026-09-25,2026-10-05,P,570.0,177,46,0.471
2026-09-25,2026-10-05,P,572.5,69,16,0.5032
2026-09-25,2026-10-05,P,575.0,61,50,0.4829
2026-09-25,2026-10-05,P,577.5,21,31,0.4775
2026-09-25,2026-10-05,P,580.0,62,23,0.4855
2026-09-25,2026-10-05,P,585.0,31,106,0.463
2026-09-25,2026-10-05,P,590.0,94,124,0.4546
2026-09-25,2026-10-05,P,592.5,17,10,0.4723
2026-09-25,2026-10-05,P,595.0,45,47,0.4583
2026-09-25,2026-10-05,P,600.0,236,109,0.4494
2026-09-25,2026-10-05,P,602.5,12,8,0.4713
2026-09-25,2026-10-05,P,605.0,31,34,0.4571
2026-09-25,2026-10-05,P,607.5,14,14,0.4517
2026-09-25,2026-10-05,P,610.0,114,40,0.4465
2026-09-25,2026-10-05,P,612.5,90,117,0.4789
2026-09-25,2026-10-05,P,615.0,113,33,0.4785
2026-09-25,2026-10-05,P,617.5,30,60,0.4829
2026-09-25,2026-10-05,P,620.0,35,43,0.4375
2026-09-25,2026-10-05,P,622.5,39,124,0.4868
2026-09-25,2026-10-05,P,625.0,12,101,0.4888
2026-09-25,2026-10-05,P,630.0,21,124,0.4403
2026-09-25,2026-10-05,P,640.0,1,39,0.4771
2026-09-25,2026-10-05,P,650.0,1,3,0.4836
2026-09-25,2026-10-05,P,680.0,2,2,0.5613
2026-09-25,2026-10-09,C,540.0,151,9,0.5949
2026-09-25,2026-10-09,C,545.0,276,2,0.6084
2026-09-25,2026-10-09,C,547.5,1,1,0.5773
2026-09-25,2026-10-09,C,550.0,459,9,0.6047
2026-09-25,2026-10-09,C,555.0,146,115,0.5929
2026-09-25,2026-10-09,C,557.5,16,2,0.5571
2026-09-25,2026-10-09,C,560.0,388,36,0.5727
2026-09-25,2026-10-09,C,562.5,2,1,0.5767
2026-09-25,2026-10-09,C,565.0,358,5,0.5559
2026-09-25,2026-10-09,C,570.0,972,23,0.5443
2026-09-25,2026-10-09,C,575.0,220,9,0.5219
2026-09-25,2026-10-09,C,580.0,396,147,0.5131
2026-09-25,2026-10-09,C,585.0,173,25,0.5244
2026-09-25,2026-10-09,C,590.0,181,22,0.5126
2026-09-25,2026-10-09,C,595.0,175,5,0.5047
2026-09-25,2026-10-09,C,600.0,1560,81,0.513
2026-09-25,2026-10-09,C,605.0,1045,14,0.5125
2026-09-25,2026-10-09,C,610.0,331,75,0.5089
2026-09-25,2026-10-09,C,615.0,619,54,0.5091
2026-09-25,2026-10-09,C,620.0,631,92,0.5021
2026-09-25,2026-10-09,C,625.0,1439,913,0.5002
2026-09-25,2026-10-09,C,630.0,756,183,0.5031
2026-09-25,2026-10-09,C,635.0,219,355,0.5019
2026-09-25,2026-10-09,C,640.0,511,473,0.5017
2026-09-25,2026-10-09,C,645.0,196,176,0.5044
2026-09-25,2026-10-09,C,650.0,658,257,0.5012
2026-09-25,2026-10-09,C,655.0,307,198,0.5022
2026-09-25,2026-10-09,C,660.0,351,212,0.5046
2026-09-25,2026-10-09,C,665.0,278,194,0.5032
2026-09-25,2026-10-09,C,670.0,214,88,0.5045
2026-09-25,2026-10-09,C,675.0,298,170,0.5078
2026-09-25,2026-10-09,C,680.0,202,156,0.5007
2026-09-25,2026-10-09,C,685.0,158,74,0.507
2026-09-25,2026-10-09,C,690.0,299,325,0.5052
2026-09-25,2026-10-09,C,695.0,161,539,0.5048
2026-09-25,2026-10-09,C,700.0,647,1053,0.504
2026-09-25,2026-10-09,C,705.0,193,648,0.5089
2026-09-25,2026-10-09,C,710.0,165,584,0.5128
2026-09-25,2026-10-09,C,715.0,153,280,0.5147
2026-09-25,2026-10-09,C,720.0,227,266,0.5175
2026-09-25,2026-10-09,C,725.0,72,174,0.5197
2026-09-25,2026-10-09,P,537.5,55,4,0.536
2026-09-25,2026-10-09,P,540.0,282,54,0.5302
2026-09-25,2026-10-09,P,542.5,126,33,0.5291
2026-09-25,2026-10-09,P,545.0,269,268,0.5234
2026-09-25,2026-10-09,P,547.5,75,66,0.5215
2026-09-25,2026-10-09,P,550.0,529,335,0.5197
2026-09-25,2026-10-09,P,552.5,188,11,0.514
2026-09-25,2026-10-09,P,555.0,140,23,0.5107
2026-09-25,2026-10-09,P,557.5,135,55,0.5061
2026-09-25,2026-10-09,P,560.0,445,138,0.5021
2026-09-25,2026-10-09,P,562.5,191,51,0.5072
2026-09-25,2026-10-09,P,565.0,164,181,0.5045
2026-09-25,2026-10-09,P,570.0,237,286,0.4971
2026-09-25,2026-10-09,P,575.0,120,301,0.4937
2026-09-25,2026-10-09,P,580.0,396,256,0.4903
2026-09-25,2026-10-09,P,585.0,556,172,0.488
2026-09-25,2026-10-09,P,590.0,357,175,0.4851
2026-09-25,2026-10-09,P,595.0,272,83,0.4828
2026-09-25,2026-10-09,P,600.0,357,222,0.4807
2026-09-25,2026-10-09,P,605.0,136,26,0.481
2026-09-25,2026-10-09,P,610.0,174,95,0.4854
2026-09-25,2026-10-09,P,615.0,208,57,0.481
2026-09-25,2026-10-09,P,620.0,272,240,0.4786
2026-09-25,2026-10-09,P,625.0,119,868,0.479
2026-09-25,2026-10-09,P,630.0,121,105,0.4791
2026-09-25,2026-10-09,P,635.0,202,261,0.4937
2026-09-25,2026-10-09,P,640.0,71,51,0.5003
2026-09-25,2026-10-09,P,645.0,26,35,0.5001
2026-09-25,2026-10-09,P,650.0,59,23,0.51
2026-09-25,2026-10-09,P,655.0,16,28,0.5132
2026-09-25,2026-10-09,P,660.0,50,66,0.5106
2026-09-25,2026-10-09,P,665.0,4,3,0.5028
2026-09-25,2026-10-09,P,670.0,6,1,0.5132
2026-09-25,2026-10-09,P,675.0,0,10,0.5075
2026-09-25,2026-10-09,P,685.0,1,1,0.5195
2026-09-25,2026-10-09,P,700.0,4,2,0.5273
2026-09-25,2026-10-09,P,720.0,8,0,0.5601
2026-09-25,2026-10-09,P,725.0,1,0,0.6068
2026-09-29,2026-09-30,C,517.5,9,3,1.2656
2026-09-29,2026-09-30,C,520.0,30,12,1.2593
2026-09-29,2026-09-30,C,522.5,24,5,1.2026
2026-09-29,2026-09-30,C,525.0,35,6,1.1836
2026-09-29,2026-09-30,C,527.5,8,4,1.1401
2026-09-29,2026-09-30,C,530.0,49,8,1.3792
2026-09-29,2026-09-30,C,532.5,25,7,1.0781
2026-09-29,2026-09-30,C,535.0,71,18,1.0689
2026-09-29,2026-09-30,C,537.5,5,5,1.0269
2026-09-29,2026-09-30,C,540.0,71,16,0.9844
2026-09-29,2026-09-30,C,542.5,26,19,0.9639
2026-09-29,2026-09-30,C,545.0,59,26,0.9326
2026-09-29,2026-09-30,C,547.5,13,41,1.1316
2026-09-29,2026-09-30,C,550.0,62,49,1.0889
2026-09-29,2026-09-30,C,552.5,26,47,0.8474
2026-09-29,2026-09-30,C,555.0,41,27,0.9658
2026-09-29,2026-09-30,C,557.5,3,17,0.7749
2026-09-29,2026-09-30,C,560.0,126,16,0.7432
2026-09-29,2026-09-30,C,562.5,41,19,0.728
2026-09-29,2026-09-30,C,565.0,52,37,0.6875
2026-09-29,2026-09-30,C,567.5,40,29,0.6631
2026-09-29,2026-09-30,C,570.0,50,56,0.6231
2026-09-29,2026-09-30,C,572.5,24,57,0.6045
2026-09-29,2026-09-30,C,575.0,68,74,0.571
2026-09-29,2026-09-30,C,577.5,14,13,0.5564
2026-09-29,2026-09-30,C,580.0,116,24,0.5332
2026-09-29,2026-09-30,C,582.5,38,2,0.5033
2026-09-29,2026-09-30,C,585.0,88,40,0.4724
2026-09-29,2026-09-30,C,587.5,104,2,0.4638
2026-09-29,2026-09-30,C,590.0,204,28,0.416
2026-09-29,2026-09-30,C,592.5,82,4,0.4407
2026-09-29,2026-09-30,C,595.0,103,63,0.3864
2026-09-29,2026-09-30,C,597.5,107,203,0.4576
2026-09-29,2026-09-30,C,600.0,948,731,0.3724
2026-09-29,2026-09-30,C,602.5,215,326,0.3699
2026-09-29,2026-09-30,C,605.0,388,2103,0.3706
2026-09-29,2026-09-30,C,607.5,476,1143,0.3659
2026-09-29,2026-09-30,C,610.0,522,5569,0.3696
2026-09-29,2026-09-30,C,612.5,554,5800,0.3678
2026-09-29,2026-09-30,C,615.0,414,10319,0.3693
2026-09-29,2026-09-30,C,617.5,282,7631,0.3748
2026-09-29,2026-09-30,C,620.0,1767,19654,0.3704
2026-09-29,2026-09-30,C,622.5,468,6871,0.3753
2026-09-29,2026-09-30,C,625.0,824,8986,0.3773
2026-09-29,2026-09-30,C,627.5,204,2538,0.3763
2026-09-29,2026-09-30,C,630.0,838,8976,0.3872
2026-09-29,2026-09-30,C,632.5,398,1969,0.3919
2026-09-29,2026-09-30,C,635.0,1103,7614,0.3916
2026-09-29,2026-09-30,C,637.5,492,4853,0.3989
2026-09-29,2026-09-30,C,640.0,810,7583,0.4038
2026-09-29,2026-09-30,C,642.5,811,2152,0.4121
2026-09-29,2026-09-30,C,645.0,610,2299,0.4043
2026-09-29,2026-09-30,C,647.5,2451,3569,0.4131
2026-09-29,2026-09-30,C,650.0,1226,9120,0.418
2026-09-29,2026-09-30,C,652.5,368,1329,0.4551
2026-09-29,2026-09-30,C,655.0,1503,2213,0.4375
2026-09-29,2026-09-30,C,657.5,274,448,0.4785
2026-09-29,2026-09-30,C,660.0,1444,2073,0.457
2026-09-29,2026-09-30,C,662.5,257,400,0.5361
2026-09-29,2026-09-30,C,665.0,327,2053,0.5137
2026-09-29,2026-09-30,C,667.5,193,301,0.4844
2026-09-29,2026-09-30,C,670.0,511,498,0.5
2026-09-29,2026-09-30,C,672.5,113,38,0.5156
2026-09-29,2026-09-30,C,675.0,470,606,0.5234
2026-09-29,2026-09-30,C,677.5,119,160,0.5586
2026-09-29,2026-09-30,C,680.0,365,511,0.5547
2026-09-29,2026-09-30,C,682.5,31,33,0.5
2026-09-29,2026-09-30,C,685.0,553,297,0.5156
2026-09-29,2026-09-30,C,687.5,47,41,0.5313
2026-09-29,2026-09-30,C,690.0,416,49,0.5313
2026-09-29,2026-09-30,C,692.5,32,20,0.5469
2026-09-29,2026-09-30,C,695.0,74,1,0.748
2026-09-29,2026-09-30,C,697.5,102,20,0.6563
2026-09-29,2026-09-30,P,517.5,58,5,0.7734
2026-09-29,2026-09-30,P,520.0,525,57,0.6953
2026-09-29,2026-09-30,P,522.5,50,17,0.7578
2026-09-29,2026-09-30,P,525.0,257,95,0.7461
2026-09-29,2026-09-30,P,527.5,112,15,0.7578
2026-09-29,2026-09-30,P,530.0,228,154,0.7109
2026-09-29,2026-09-30,P,532.5,57,6,0.7129
2026-09-29,2026-09-30,P,535.0,788,188,0.7031
2026-09-29,2026-09-30,P,537.5,204,109,0.6797
2026-09-29,2026-09-30,P,540.0,288,271,0.5977
2026-09-29,2026-09-30,P,542.5,73,104,0.6328
2026-09-29,2026-09-30,P,545.0,261,93,0.5723
2026-09-29,2026-09-30,P,547.5,153,18,0.5645
2026-09-29,2026-09-30,P,550.0,1736,1819,0.5606
2026-09-29,2026-09-30,P,552.5,211,128,0.5313
2026-09-29,2026-09-30,P,555.0,215,141,0.5332
2026-09-29,2026-09-30,P,557.5,212,44,0.5137
2026-09-29,2026-09-30,P,560.0,639,409,0.5039
2026-09-29,2026-09-30,P,562.5,112,414,0.4912
2026-09-29,2026-09-30,P,565.0,268,211,0.4863
2026-09-29,2026-09-30,P,567.5,431,104,0.4688
2026-09-29,2026-09-30,P,570.0,987,907,0.4434
2026-09-29,2026-09-30,P,572.5,886,497,0.4316
2026-09-29,2026-09-30,P,575.0,1722,2074,0.4224
2026-09-29,2026-09-30,P,577.5,844,593,0.3999
2026-09-29,2026-09-30,P,580.0,2218,6369,0.3901
2026-09-29,2026-09-30,P,582.5,647,1468,0.3779
2026-09-29,2026-09-30,P,585.0,1055,3917,0.374
2026-09-29,2026-09-30,P,587.5,1407,2009,0.3677
2026-09-29,2026-09-30,P,590.0,850,12607,0.3618
2026-09-29,2026-09-30,P,592.5,608,1700,0.3605
2026-09-29,2026-09-30,P,595.0,755,3200,0.3578
2026-09-29,2026-09-30,P,597.5,373,1698,0.3579
2026-09-29,2026-09-30,P,600.0,3326,7897,0.358
2026-09-29,2026-09-30,P,602.5,393,2405,0.3622
2026-09-29,2026-09-30,P,605.0,430,4283,0.3633
2026-09-29,2026-09-30,P,607.5,508,4648,0.3671
2026-09-29,2026-09-30,P,610.0,345,7905,0.3707
2026-09-29,2026-09-30,P,612.5,143,4528,0.3777
2026-09-29,2026-09-30,P,615.0,498,5126,0.3827
2026-09-29,2026-09-30,P,617.5,69,2182,0.3962
2026-09-29,2026-09-30,P,620.0,351,1894,0.4071
2026-09-29,2026-09-30,P,622.5,174,878,0.4082
2026-09-29,2026-09-30,P,625.0,395,398,0.6514
2026-09-29,2026-09-30,P,627.5,232,121,0.5044
2026-09-29,2026-09-30,P,630.0,432,236,0.6084
2026-09-29,2026-09-30,P,632.5,82,58,0.5291
2026-09-29,2026-09-30,P,635.0,118,34,0.7456
2026-09-29,2026-09-30,P,637.5,119,11,0.5732
2026-09-29,2026-09-30,P,640.0,67,38,0.5996
2026-09-29,2026-09-30,P,642.5,19,3,0.6223
2026-09-29,2026-09-30,P,645.0,38,21,0.6162
2026-09-29,2026-09-30,P,647.5,20,4,0.5674
2026-09-29,2026-09-30,P,650.0,94,6,0.7026
2026-09-29,2026-09-30,P,652.5,17,18,0.7314
2026-09-29,2026-09-30,P,655.0,8,16,0.76
2026-09-29,2026-09-30,P,657.5,11,2,0.6709
2026-09-29,2026-09-30,P,660.0,16,20,0.7007
2026-09-29,2026-09-30,P,662.5,13,27,0.7256
2026-09-29,2026-09-30,P,665.0,9,18,0.76
2026-09-29,2026-09-30,P,667.5,28,4,0.9009
2026-09-29,2026-09-30,P,670.0,3,4,0.9202
2026-09-29,2026-09-30,P,672.5,7,6,0.9106
2026-09-29,2026-09-30,P,675.0,0,6,0.98
2026-09-29,2026-09-30,P,680.0,1,6,0.9199
2026-09-29,2026-09-30,P,685.0,0,1,1.0776
2026-09-29,2026-09-30,P,690.0,0,3,1.1272
2026-09-29,2026-09-30,P,692.5,0,15,1.0005
2026-09-29,2026-10-02,C,517.5,59,1,0.9692
2026-09-29,2026-10-02,C,520.0,1185,21,0.9458
2026-09-29,2026-10-02,C,522.5,135,6,1.0786
2026-09-29,2026-10-02,C,525.0,393,3,0.8843
2026-09-29,2026-10-02,C,527.5,91,11,1.075
2026-09-29,2026-10-02,C,530.0,721,9,0.8589
2026-09-29,2026-10-02,C,532.5,138,1,0.8418
2026-09-29,2026-10-02,C,535.0,233,8,0.8052
2026-09-29,2026-10-02,C,537.5,170,2,0.9762
2026-09-29,2026-10-02,C,540.0,699,33,0.7456
2026-09-29,2026-10-02,C,542.5,78,1,0.9095
2026-09-29,2026-10-02,C,545.0,453,18,0.7295
2026-09-29,2026-10-02,C,547.5,73,10,0.7166
2026-09-29,2026-10-02,C,550.0,1984,75,0.5278
2026-09-29,2026-10-02,C,552.5,133,10,0.8096
2026-09-29,2026-10-02,C,555.0,1669,18,0.6543
2026-09-29,2026-10-02,C,557.5,163,20,0.6486
2026-09-29,2026-10-02,C,560.0,892,44,0.6145
2026-09-29,2026-10-02,C,562.5,149,8,0.6196
2026-09-29,2026-10-02,C,565.0,254,7,0.6138
2026-09-29,2026-10-02,C,567.5,148,26,0.6022
2026-09-29,2026-10-02,C,570.0,1088,10,0.568
2026-09-29,2026-10-02,C,572.5,52,19,0.5618
2026-09-29,2026-10-02,C,575.0,1172,8,0.5407
2026-09-29,2026-10-02,C,577.5,57,79,0.5172
2026-09-29,2026-10-02,C,580.0,927,91,0.5095
2026-09-29,2026-10-02,C,582.5,119,108,0.5258
2026-09-29,2026-10-02,C,585.0,468,72,0.5127
2026-09-29,2026-10-02,C,587.5,57,18,0.51
2026-09-29,2026-10-02,C,590.0,777,326,0.5139
2026-09-29,2026-10-02,C,592.5,101,63,0.5077
2026-09-29,2026-10-02,C,595.0,1107,42,0.5053
2026-09-29,2026-10-02,C,597.5,312,101,0.5062
2026-09-29,2026-10-02,C,600.0,1352,521,0.4999
2026-09-29,2026-10-02,C,602.5,412,73,0.4988
2026-09-29,2026-10-02,C,605.0,1347,267,0.5026
2026-09-29,2026-10-02,C,607.5,761,1935,0.4952
2026-09-29,2026-10-02,C,610.0,1140,2526,0.4928
2026-09-29,2026-10-02,C,612.5,936,1125,0.4951
2026-09-29,2026-10-02,C,615.0,1193,2541,0.4963
2026-09-29,2026-10-02,C,617.5,379,1322,0.4945
2026-09-29,2026-10-02,C,620.0,2921,4704,0.4938
2026-09-29,2026-10-02,C,622.5,436,709,0.4942
2026-09-29,2026-10-02,C,625.0,1397,1636,0.4938
2026-09-29,2026-10-02,C,627.5,1467,642,0.4974
2026-09-29,2026-10-02,C,630.0,1924,1934,0.4934
2026-09-29,2026-10-02,C,632.5,1227,371,0.4962
2026-09-29,2026-10-02,C,635.0,809,1222,0.4963
2026-09-29,2026-10-02,C,637.5,4578,347,0.4965
2026-09-29,2026-10-02,C,640.0,2865,1820,0.4954
2026-09-29,2026-10-02,C,642.5,1402,220,0.4981
2026-09-29,2026-10-02,C,645.0,1613,730,0.4981
2026-09-29,2026-10-02,C,647.5,1563,258,0.499
2026-09-29,2026-10-02,C,650.0,3238,3938,0.5017
2026-09-29,2026-10-02,C,652.5,4423,300,0.502
2026-09-29,2026-10-02,C,655.0,1384,537,0.5056
2026-09-29,2026-10-02,C,657.5,495,383,0.5017
2026-09-29,2026-10-02,C,660.0,1312,1415,0.5034
2026-09-29,2026-10-02,C,662.5,1542,1131,0.5044
2026-09-29,2026-10-02,C,665.0,399,404,0.5188
2026-09-29,2026-10-02,C,667.5,367,227,0.512
2026-09-29,2026-10-02,C,670.0,2380,2159,0.5151
2026-09-29,2026-10-02,C,672.5,326,1340,0.5112
2026-09-29,2026-10-02,C,675.0,457,2506,0.5166
2026-09-29,2026-10-02,C,677.5,110,265,0.5225
2026-09-29,2026-10-02,C,680.0,2618,818,0.5244
2026-09-29,2026-10-02,C,682.5,274,91,0.5518
2026-09-29,2026-10-02,C,685.0,510,192,0.5376
2026-09-29,2026-10-02,C,687.5,347,188,0.5293
2026-09-29,2026-10-02,C,690.0,1433,551,0.5649
2026-09-29,2026-10-02,C,692.5,305,29,0.5825
2026-09-29,2026-10-02,C,695.0,1905,305,0.5479
2026-09-29,2026-10-02,C,697.5,164,414,0.5488
2026-09-29,2026-10-02,P,517.5,126,17,0.6895
2026-09-29,2026-10-02,P,520.0,1341,427,0.6553
2026-09-29,2026-10-02,P,522.5,189,23,0.6406
2026-09-29,2026-10-02,P,525.0,568,81,0.6348
2026-09-29,2026-10-02,P,527.5,644,9,0.6499
2026-09-29,2026-10-02,P,530.0,2491,628,0.6162
2026-09-29,2026-10-02,P,532.5,254,281,0.6304
2026-09-29,2026-10-02,P,535.0,504,290,0.5952
2026-09-29,2026-10-02,P,537.5,339,263,0.5859
2026-09-29,2026-10-02,P,540.0,1787,288,0.5718
2026-09-29,2026-10-02,P,542.5,420,45,0.5674
2026-09-29,2026-10-02,P,545.0,483,173,0.5337
2026-09-29,2026-10-02,P,547.5,845,761,0.5459
2026-09-29,2026-10-02,P,550.0,4795,2239,0.5371
2026-09-29,2026-10-02,P,552.5,624,106,0.5291
2026-09-29,2026-10-02,P,555.0,591,930,0.522
2026-09-29,2026-10-02,P,557.5,312,554,0.5125
2026-09-29,2026-10-02,P,560.0,1985,2368,0.5083
2026-09-29,2026-10-02,P,562.5,577,164,0.5037
2026-09-29,2026-10-02,P,565.0,1312,398,0.5027
2026-09-29,2026-10-02,P,567.5,393,222,0.4983
2026-09-29,2026-10-02,P,570.0,1069,1341,0.4939
2026-09-29,2026-10-02,P,572.5,1138,258,0.4896
2026-09-29,2026-10-02,P,575.0,3768,736,0.4865
2026-09-29,2026-10-02,P,577.5,872,475,0.4852
2026-09-29,2026-10-02,P,580.0,2859,2984,0.4816
2026-09-29,2026-10-02,P,582.5,985,267,0.4855
2026-09-29,2026-10-02,P,585.0,760,936,0.4824
2026-09-29,2026-10-02,P,587.5,695,148,0.4839
2026-09-29,2026-10-02,P,590.0,1676,767,0.4821
2026-09-29,2026-10-02,P,592.5,481,243,0.4816
2026-09-29,2026-10-02,P,595.0,1648,1271,0.4846
2026-09-29,2026-10-02,P,597.5,516,323,0.484
2026-09-29,2026-10-02,P,600.0,3647,3424,0.4804
2026-09-29,2026-10-02,P,602.5,922,321,0.4856
2026-09-29,2026-10-02,P,605.0,855,719,0.4835
2026-09-29,2026-10-02,P,607.5,701,471,0.4843
2026-09-29,2026-10-02,P,610.0,1391,2073,0.4896
2026-09-29,2026-10-02,P,612.5,574,482,0.4899
2026-09-29,2026-10-02,P,615.0,1115,1323,0.4891
2026-09-29,2026-10-02,P,617.5,637,165,0.4934
2026-09-29,2026-10-02,P,620.0,1447,670,0.4968
2026-09-29,2026-10-02,P,622.5,229,164,0.4995
2026-09-29,2026-10-02,P,625.0,517,309,0.5015
2026-09-29,2026-10-02,P,627.5,170,63,0.4984
2026-09-29,2026-10-02,P,630.0,1029,210,0.5043
2026-09-29,2026-10-02,P,632.5,388,50,0.5024
2026-09-29,2026-10-02,P,635.0,359,47,0.5352
2026-09-29,2026-10-02,P,637.5,197,62,0.5151
2026-09-29,2026-10-02,P,640.0,341,39,0.5507
2026-09-29,2026-10-02,P,642.5,169,11,0.5684
2026-09-29,2026-10-02,P,645.0,169,49,0.5868
2026-09-29,2026-10-02,P,647.5,159,40,0.5869
2026-09-29,2026-10-02,P,650.0,187,44,0.5325
2026-09-29,2026-10-02,P,652.5,33,52,0.6122
2026-09-29,2026-10-02,P,655.0,57,9,0.6084
2026-09-29,2026-10-02,P,657.5,40,6,0.6179
2026-09-29,2026-10-02,P,660.0,49,13,0.6263
2026-09-29,2026-10-02,P,662.5,3,2,0.6467
2026-09-29,2026-10-02,P,665.0,18,12,0.5723
2026-09-29,2026-10-02,P,667.5,5,5,0.6663
2026-09-29,2026-10-02,P,670.0,3,2,0.6785
2026-09-29,2026-10-02,P,675.0,14,15,0.6736
2026-09-29,2026-10-02,P,680.0,5,1,0.7376
2026-09-29,2026-10-02,P,685.0,1,1,0.7708
2026-09-29,2026-10-02,P,690.0,4,1,0.8001
2026-09-29,2026-10-02,P,692.5,5,0,0.6638
2026-09-29,2026-10-02,P,695.0,3,2,0.6841
2026-09-29,2026-10-02,P,697.5,16,0,0.8423
2026-09-29,2026-10-05,C,517.5,3,8,0.5088
2026-09-29,2026-10-05,C,520.0,5,13,0.8916
2026-09-29,2026-10-05,C,527.5,1,2,0.809
2026-09-29,2026-10-05,C,530.0,8,53,0.7562
2026-09-29,2026-10-05,C,535.0,2,52,0.6459
2026-09-29,2026-10-05,C,540.0,24,1,0.6213
2026-09-29,2026-10-05,C,545.0,3,1,0.6703
2026-09-29,2026-10-05,C,550.0,12,11,0.5682
2026-09-29,2026-10-05,C,552.5,1,1,0.6702
2026-09-29,2026-10-05,C,555.0,3,5,0.6111
2026-09-29,2026-10-05,C,557.5,1,1,0.5416
2026-09-29,2026-10-05,C,560.0,8,3,0.5897
2026-09-29,2026-10-05,C,565.0,1,1,0.5109
2026-09-29,2026-10-05,C,570.0,26,46,0.4976
2026-09-29,2026-10-05,C,572.5,65,0,0.4915
2026-09-29,2026-10-05,C,575.0,20,22,0.4883
2026-09-29,2026-10-05,C,580.0,27,16,0.4831
2026-09-29,2026-10-05,C,585.0,7,7,0.4768
2026-09-29,2026-10-05,C,587.5,2,0,0.4815
2026-09-29,2026-10-05,C,590.0,17,20,0.4453
2026-09-29,2026-10-05,C,595.0,14,11,0.4464
2026-09-29,2026-10-05,C,597.5,24,243,0.4438
2026-09-29,2026-10-05,C,600.0,250,82,0.4424
2026-09-29,2026-10-05,C,602.5,70,52,0.4406
2026-09-29,2026-10-05,C,605.0,57,23,0.4428
2026-09-29,2026-10-05,C,607.5,22,235,0.4414
2026-09-29,2026-10-05,C,610.0,92,419,0.4381
2026-09-29,2026-10-05,C,612.5,36,327,0.4387
2026-09-29,2026-10-05,C,615.0,133,418,0.4388
2026-09-29,2026-10-05,C,617.5,70,402,0.4385
2026-09-29,2026-10-05,C,620.0,103,733,0.4363
2026-09-29,2026-10-05,C,622.5,53,63,0.4446
2026-09-29,2026-10-05,C,625.0,152,235,0.44
2026-09-29,2026-10-05,C,627.5,47,607,0.4433
2026-09-29,2026-10-05,C,630.0,152,195,0.4396
2026-09-29,2026-10-05,C,632.5,56,138,0.4465
2026-09-29,2026-10-05,C,635.0,59,117,0.4463
2026-09-29,2026-10-05,C,637.5,19,48,0.4636
2026-09-29,2026-10-05,C,640.0,58,210,0.4462
2026-09-29,2026-10-05,C,642.5,91,47,0.4443
2026-09-29,2026-10-05,C,645.0,112,58,0.445
2026-09-29,2026-10-05,C,647.5,23,44,0.4584
2026-09-29,2026-10-05,C,650.0,197,146,0.4434
2026-09-29,2026-10-05,C,652.5,149,17,0.4454
2026-09-29,2026-10-05,C,655.0,266,64,0.449
2026-09-29,2026-10-05,C,657.5,28,39,0.4493
2026-09-29,2026-10-05,C,660.0,64,55,0.4479
2026-09-29,2026-10-05,C,662.5,16,12,0.4489
2026-09-29,2026-10-05,C,665.0,20,60,0.4491
2026-09-29,2026-10-05,C,667.5,37,64,0.4563
2026-09-29,2026-10-05,C,670.0,43,52,0.4583
2026-09-29,2026-10-05,C,675.0,98,161,0.4888
2026-09-29,2026-10-05,C,680.0,31,91,0.4785
2026-09-29,2026-10-05,C,682.5,2,39,0.52
2026-09-29,2026-10-05,C,685.0,10,20,0.5469
2026-09-29,2026-10-05,C,687.5,3,3,0.5366
2026-09-29,2026-10-05,C,690.0,11,15,0.5623
2026-09-29,2026-10-05,C,695.0,5,14,0.5525
2026-09-29,2026-10-05,P,517.5,2,133,0.6084
2026-09-29,2026-10-05,P,520.0,15,163,0.6003
2026-09-29,2026-10-05,P,522.5,3,1,0.5791
2026-09-29,2026-10-05,P,525.0,10,76,0.5571
2026-09-29,2026-10-05,P,527.5,2,3,0.5772
2026-09-29,2026-10-05,P,530.0,93,53,0.519
2026-09-29,2026-10-05,P,535.0,67,35,0.5444
2026-09-29,2026-10-05,P,537.5,11,10,0.5
2026-09-29,2026-10-05,P,540.0,65,41,0.5332
2026-09-29,2026-10-05,P,542.5,29,53,0.5039
2026-09-29,2026-10-05,P,545.0,1063,12,0.51
2026-09-29,2026-10-05,P,547.5,11,81,0.5212
2026-09-29,2026-10-05,P,550.0,994,267,0.4628
2026-09-29,2026-10-05,P,552.5,67,642,0.4858
2026-09-29,2026-10-05,P,555.0,24,73,0.4863
2026-09-29,2026-10-05,P,557.5,19,239,0.4476
2026-09-29,2026-10-05,P,560.0,247,645,0.4467
2026-09-29,2026-10-05,P,562.5,32,58,0.4403
2026-09-29,2026-10-05,P,565.0,39,97,0.4371
2026-09-29,2026-10-05,P,567.5,118,106,0.4347
2026-09-29,2026-10-05,P,570.0,232,109,0.431
2026-09-29,2026-10-05,P,572.5,111,243,0.4313
2026-09-29,2026-10-05,P,575.0,626,135,0.4289
2026-09-29,2026-10-05,P,577.5,286,183,0.4317
2026-09-29,2026-10-05,P,580.0,87,392,0.4279
2026-09-29,2026-10-05,P,582.5,22,87,0.4282
2026-09-29,2026-10-05,P,585.0,452,143,0.432
2026-09-29,2026-10-05,P,587.5,156,206,0.4386
2026-09-29,2026-10-05,P,590.0,143,298,0.429
2026-09-29,2026-10-05,P,592.5,26,256,0.4294
2026-09-29,2026-10-05,P,595.0,172,431,0.431
2026-09-29,2026-10-05,P,597.5,78,215,0.432
2026-09-29,2026-10-05,P,600.0,300,1529,0.4293
2026-09-29,2026-10-05,P,602.5,14,112,0.4307
2026-09-29,2026-10-05,P,605.0,36,65,0.4464
2026-09-29,2026-10-05,P,607.5,26,224,0.4272
2026-09-29,2026-10-05,P,610.0,152,274,0.4343
2026-09-29,2026-10-05,P,612.5,83,82,0.4514
2026-09-29,2026-10-05,P,615.0,166,256,0.4335
2026-09-29,2026-10-05,P,617.5,50,64,0.4407
2026-09-29,2026-10-05,P,620.0,44,59,0.4369
2026-09-29,2026-10-05,P,622.5,66,26,0.4469
2026-09-29,2026-10-05,P,625.0,30,48,0.4456
2026-09-29,2026-10-05,P,627.5,13,26,0.4491
2026-09-29,2026-10-05,P,630.0,51,29,0.5516
2026-09-29,2026-10-05,P,632.5,8,1,0.5579
2026-09-29,2026-10-05,P,635.0,10,6,0.5613
2026-09-29,2026-10-05,P,637.5,4,3,0.5669
2026-09-29,2026-10-05,P,640.0,19,17,0.5007
2026-09-29,2026-10-05,P,642.5,8,42,0.5783
2026-09-29,2026-10-05,P,645.0,8,31,0.5276
2026-09-29,2026-10-05,P,647.5,1,10,0.5933
2026-09-29,2026-10-05,P,650.0,2,1,0.501
2026-09-29,2026-10-05,P,652.5,1,1,0.6086
2026-09-29,2026-10-05,P,672.5,1,1,0.5487
2026-09-29,2026-10-05,P,680.0,2,2,0.5772
2026-09-29,2026-10-05,P,697.5,2,0,0.646
2026-09-29,2026-10-07,C,520.0,1,0,0.5022
2026-09-29,2026-10-07,C,535.0,2,2,0.5039
2026-09-29,2026-10-07,C,540.0,2,10,0.6962
2026-09-29,2026-10-07,C,550.0,4,3,0.6425
2026-09-29,2026-10-07,C,560.0,9,10,0.6041
2026-09-29,2026-10-07,C,565.0,2,2,0.6129
2026-09-29,2026-10-07,C,570.0,8,4,0.5778
2026-09-29,2026-10-07,C,580.0,36,24,0.5163
2026-09-29,2026-10-07,C,585.0,6,6,0.5139
2026-09-29,2026-10-07,C,600.0,51,16,0.5125
2026-09-29,2026-10-07,C,610.0,170,173,0.4994
2026-09-29,2026-10-07,C,615.0,23,88,0.4985
2026-09-29,2026-10-07,C,617.5,8,33,0.5233
2026-09-29,2026-10-07,C,620.0,110,45,0.5016
2026-09-29,2026-10-07,C,622.5,14,25,0.5188
2026-09-29,2026-10-07,C,625.0,64,59,0.5242
2026-09-29,2026-10-07,C,627.5,11,2,0.5299
2026-09-29,2026-10-07,C,630.0,23,36,0.5231
2026-09-29,2026-10-07,C,632.5,21,25,0.5178
2026-09-29,2026-10-07,C,635.0,24,4,0.5273
2026-09-29,2026-10-07,C,637.5,8,21,0.536
2026-09-29,2026-10-07,C,640.0,42,24,0.5174
2026-09-29,2026-10-07,C,642.5,4,2,0.5255
2026-09-29,2026-10-07,C,645.0,23,15,0.4943
2026-09-29,2026-10-07,C,647.5,4,10,0.5429
2026-09-29,2026-10-07,C,650.0,24,43,0.4915
2026-09-29,2026-10-07,C,655.0,11,43,0.517
2026-09-29,2026-10-07,C,657.5,4,35,0.5211
2026-09-29,2026-10-07,C,660.0,149,48,0.5223
2026-09-29,2026-10-07,C,662.5,1,4,0.5312
2026-09-29,2026-10-07,C,665.0,152,15,0.5506
2026-09-29,2026-10-07,C,670.0,13,16,0.5147
2026-09-29,2026-10-07,C,675.0,1,7,0.5162
2026-09-29,2026-10-07,C,680.0,3,16,0.4983
2026-09-29,2026-10-07,C,685.0,6,9,0.5247
2026-09-29,2026-10-07,C,690.0,4,1,0.5325
2026-09-29,2026-10-07,P,520.0,11,2,0.5935
2026-09-29,2026-10-07,P,530.0,14,11,0.5447
2026-09-29,2026-10-07,P,535.0,17,16,0.5105
2026-09-29,2026-10-07,P,540.0,4,20,0.5011
2026-09-29,2026-10-07,P,545.0,17,1,0.5128
2026-09-29,2026-10-07,P,550.0,90,57,0.5162
2026-09-29,2026-10-07,P,560.0,36,29,0.498
2026-09-29,2026-10-07,P,565.0,10,29,0.5142
2026-09-29,2026-10-07,P,570.0,70,3,0.5306
2026-09-29,2026-10-07,P,575.0,21,4,0.5203
2026-09-29,2026-10-07,P,577.5,8,1,0.4912
2026-09-29,2026-10-07,P,580.0,21,60,0.517
2026-09-29,2026-10-07,P,582.5,6,5,0.5211
2026-09-29,2026-10-07,P,585.0,8,26,0.4814
2026-09-29,2026-10-07,P,587.5,9,21,0.5186
2026-09-29,2026-10-07,P,590.0,22,6,0.5269
2026-09-29,2026-10-07,P,592.5,14,15,0.5222
2026-09-29,2026-10-07,P,595.0,161,17,0.5369
2026-09-29,2026-10-07,P,597.5,23,22,0.5309
2026-09-29,2026-10-07,P,600.0,251,44,0.5252
2026-09-29,2026-10-07,P,605.0,86,44,0.4808
2026-09-29,2026-10-07,P,607.5,3,33,0.5371
2026-09-29,2026-10-07,P,610.0,6,21,0.4921
2026-09-29,2026-10-07,P,612.5,8,3,0.5522
2026-09-29,2026-10-07,P,615.0,16,12,0.5506
2026-09-29,2026-10-07,P,617.5,11,2,0.5518
2026-09-29,2026-10-07,P,620.0,25,8,0.5531
2026-09-29,2026-10-07,P,622.5,12,10,0.556
2026-09-29,2026-10-07,P,625.0,18,2,0.5577
2026-09-29,2026-10-07,P,627.5,10,10,0.5583
2026-09-29,2026-10-07,P,630.0,15,10,0.5605
2026-09-29,2026-10-07,P,632.5,5,2,0.5631
2026-09-29,2026-10-07,P,635.0,3,1,0.5661
2026-09-29,2026-10-07,P,637.5,0,1,0.5696
2026-09-29,2026-10-07,P,645.0,2,5,0.5804
2026-09-29,2026-10-07,P,660.0,1,0,0.5159
2026-09-29,2026-10-09,C,520.0,400,9,0.7083
2026-09-29,2026-10-09,C,522.5,21,20,0.5181
2026-09-29,2026-10-09,C,525.0,236,1,0.5332
2026-09-29,2026-10-09,C,530.0,358,10,0.5637
2026-09-29,2026-10-09,C,532.5,2,0,0.5281
2026-09-29,2026-10-09,C,535.0,128,18,0.5151
2026-09-29,2026-10-09,C,537.5,3,0,0.6163
2026-09-29,2026-10-09,C,540.0,144,7,0.5971
2026-09-29,2026-10-09,C,542.5,5,5,0.5967
2026-09-29,2026-10-09,C,545.0,276,3,0.6038
2026-09-29,2026-10-09,C,547.5,1,1,0.5735
2026-09-29,2026-10-09,C,550.0,455,7,0.5688
2026-09-29,2026-10-09,C,552.5,10,1,0.6059
2026-09-29,2026-10-09,C,555.0,184,102,0.5591
2026-09-29,2026-10-09,C,557.5,18,2,0.5541
2026-09-29,2026-10-09,C,560.0,383,5,0.5501
2026-09-29,2026-10-09,C,562.5,4,1,0.5452
2026-09-29,2026-10-09,C,565.0,288,3,0.5428
2026-09-29,2026-10-09,C,570.0,973,4,0.5352
2026-09-29,2026-10-09,C,575.0,228,224,0.5313
2026-09-29,2026-10-09,C,580.0,487,16,0.5178
2026-09-29,2026-10-09,C,585.0,187,216,0.5044
2026-09-29,2026-10-09,C,590.0,197,47,0.5309
2026-09-29,2026-10-09,C,595.0,221,26,0.5037
2026-09-29,2026-10-09,C,600.0,1642,154,0.4963
2026-09-29,2026-10-09,C,602.5,83,25,0.4981
2026-09-29,2026-10-09,C,605.0,1097,106,0.4976
2026-09-29,2026-10-09,C,607.5,370,324,0.4948
2026-09-29,2026-10-09,C,610.0,708,557,0.4945
2026-09-29,2026-10-09,C,612.5,174,278,0.5019
2026-09-29,2026-10-09,C,615.0,635,1446,0.4916
2026-09-29,2026-10-09,C,617.5,114,238,0.4926
2026-09-29,2026-10-09,C,620.0,723,749,0.4925
2026-09-29,2026-10-09,C,622.5,63,67,0.4926
2026-09-29,2026-10-09,C,625.0,1507,277,0.4977
2026-09-29,2026-10-09,C,630.0,836,269,0.4924
2026-09-29,2026-10-09,C,635.0,276,823,0.497
2026-09-29,2026-10-09,C,640.0,583,1256,0.4948
2026-09-29,2026-10-09,C,645.0,257,45,0.4953
2026-09-29,2026-10-09,C,650.0,751,496,0.4948
2026-09-29,2026-10-09,C,655.0,293,61,0.5001
2026-09-29,2026-10-09,C,660.0,539,251,0.4984
2026-09-29,2026-10-09,C,665.0,287,206,0.5
2026-09-29,2026-10-09,C,670.0,237,505,0.5021
2026-09-29,2026-10-09,C,675.0,403,676,0.5029
2026-09-29,2026-10-09,C,680.0,286,403,0.5122
2026-09-29,2026-10-09,C,685.0,193,429,0.5064
2026-09-29,2026-10-09,C,690.0,267,101,0.5122
2026-09-29,2026-10-09,C,695.0,233,166,0.5035
2026-09-29,2026-10-09,P,517.5,72,12,0.5435
2026-09-29,2026-10-09,P,520.0,907,129,0.5247
2026-09-29,2026-10-09,P,522.5,613,11,0.5161
2026-09-29,2026-10-09,P,525.0,186,72,0.5293
2026-09-29,2026-10-09,P,527.5,71,103,0.5082
2026-09-29,2026-10-09,P,530.0,478,55,0.5046
2026-09-29,2026-10-09,P,532.5,284,9,0.512
2026-09-29,2026-10-09,P,535.0,287,221,0.5075
2026-09-29,2026-10-09,P,537.5,49,10,0.5087
2026-09-29,2026-10-09,P,540.0,640,172,0.5002
2026-09-29,2026-10-09,P,542.5,142,51,0.5016
2026-09-29,2026-10-09,P,545.0,392,125,0.5015
2026-09-29,2026-10-09,P,547.5,143,109,0.4959
2026-09-29,2026-10-09,P,550.0,762,589,0.4984
2026-09-29,2026-10-09,P,552.5,202,23,0.4915
2026-09-29,2026-10-09,P,555.0,236,128,0.4884
2026-09-29,2026-10-09,P,557.5,211,66,0.4885
2026-09-29,2026-10-09,P,560.0,506,753,0.4854
2026-09-29,2026-10-09,P,562.5,210,16,0.483
2026-09-29,2026-10-09,P,565.0,323,78,0.4833
2026-09-29,2026-10-09,P,570.0,648,203,0.4799
2026-09-29,2026-10-09,P,575.0,265,212,0.4783
2026-09-29,2026-10-09,P,580.0,440,407,0.4776
2026-09-29,2026-10-09,P,585.0,623,198,0.4762
2026-09-29,2026-10-09,P,590.0,443,102,0.483
2026-09-29,2026-10-09,P,595.0,289,110,0.4757
2026-09-29,2026-10-09,P,600.0,543,426,0.4726
2026-09-29,2026-10-09,P,602.5,141,100,0.4879
2026-09-29,2026-10-09,P,605.0,191,142,0.4778
2026-09-29,2026-10-09,P,607.5,26,173,0.4799
2026-09-29,2026-10-09,P,610.0,227,366,0.489
2026-09-29,2026-10-09,P,612.5,265,114,0.484
2026-09-29,2026-10-09,P,615.0,221,200,0.4766
2026-09-29,2026-10-09,P,617.5,46,43,0.4799
2026-09-29,2026-10-09,P,620.0,265,537,0.481
2026-09-29,2026-10-09,P,622.5,81,40,0.4931
2026-09-29,2026-10-09,P,625.0,242,44,0.4809
2026-09-29,2026-10-09,P,630.0,169,44,0.4866
2026-09-29,2026-10-09,P,635.0,140,47,0.5667
2026-09-29,2026-10-09,P,640.0,105,103,0.5188
2026-09-29,2026-10-09,P,645.0,16,12,0.5264
2026-09-29,2026-10-09,P,650.0,50,3,0.5194
2026-09-29,2026-10-09,P,655.0,8,28,0.5132
2026-09-29,2026-10-09,P,660.0,97,66,0.5977
2026-09-29,2026-10-09,P,665.0,5,3,0.5085
2026-09-29,2026-10-09,P,670.0,6,1,0.5041
2026-09-29,2026-10-09,P,675.0,7,5,0.5415
2026-09-29,2026-10-09,P,680.0,31,1,0.5049
2026-09-29,2026-10-09,P,685.0,1,1,0.5437
2026-09-30,2026-10-02,C,520.0,1159,40,2.0571
2026-09-30,2026-10-02,C,522.5,135,9,1.9111
2026-09-30,2026-10-02,C,525.0,378,9,1.9492
2026-09-30,2026-10-02,C,527.5,90,5,1.7188
2026-09-30,2026-10-02,C,530.0,712,24,1.8555
2026-09-30,2026-10-02,C,532.5,137,2,1.8091
2026-09-30,2026-10-02,C,535.0,228,21,1.769
2026-09-30,2026-10-02,C,537.5,169,8,1.7354
2026-09-30,2026-10-02,C,540.0,708,79,1.6758
2026-09-30,2026-10-02,C,542.5,78,8,1.6294
2026-09-30,2026-10-02,C,545.0,447,19,1.3833
2026-09-30,2026-10-02,C,547.5,73,46,1.5239
2026-09-30,2026-10-02,C,550.0,1912,98,1.2822
2026-09-30,2026-10-02,C,552.5,133,44,1.4487
2026-09-30,2026-10-02,C,555.0,1668,109,1.229
2026-09-30,2026-10-02,C,557.5,173,72,1.3325
2026-09-30,2026-10-02,C,560.0,891,161,1.1973
2026-09-30,2026-10-02,C,562.5,158,20,1.2661
2026-09-30,2026-10-02,C,565.0,248,66,1.272
2026-09-30,2026-10-02,C,567.5,149,10,1.2002
2026-09-30,2026-10-02,C,570.0,1067,648,0.9233
2026-09-30,2026-10-02,C,572.5,53,9,0.9272
2026-09-30,2026-10-02,C,575.0,1176,68,1.041
2026-09-30,2026-10-02,C,577.5,61,12,0.9661
2026-09-30,2026-10-02,C,580.0,859,240,0.7349
2026-09-30,2026-10-02,C,582.5,157,101,0.9334
2026-09-30,2026-10-02,C,585.0,466,172,0.6856
2026-09-30,2026-10-02,C,587.5,111,74,0.6816
2026-09-30,2026-10-02,C,590.0,915,141,0.6353
2026-09-30,2026-10-02,C,592.5,117,125,0.522
2026-09-30,2026-10-02,C,595.0,1047,474,0.5068
2026-09-30,2026-10-02,C,597.5,357,248,0.5303
2026-09-30,2026-10-02,C,600.0,1313,1048,0.5686
2026-09-30,2026-10-02,C,602.5,576,1355,0.5461
2026-09-30,2026-10-02,C,605.0,1529,2104,0.5293
2026-09-30,2026-10-02,C,607.5,1098,3948,0.5419
2026-09-30,2026-10-02,C,610.0,1273,12749,0.5276
2026-09-30,2026-10-02,C,612.5,1021,5869,0.5333
2026-09-30,2026-10-02,C,615.0,1642,13889,0.5354
2026-09-30,2026-10-02,C,617.5,412,6190,0.5319
2026-09-30,2026-10-02,C,620.0,2976,14721,0.5349
2026-09-30,2026-10-02,C,622.5,534,2953,0.5369
2026-09-30,2026-10-02,C,625.0,1339,6613,0.5386
2026-09-30,2026-10-02,C,627.5,1886,2036,0.54
2026-09-30,2026-10-02,C,630.0,2343,9729,0.5441
2026-09-30,2026-10-02,C,632.5,1206,2305,0.5486
2026-09-30,2026-10-02,C,635.0,1366,6681,0.5527
2026-09-30,2026-10-02,C,637.5,4780,3431,0.5581
2026-09-30,2026-10-02,C,640.0,3912,6681,0.5637
2026-09-30,2026-10-02,C,642.5,1777,1820,0.5713
2026-09-30,2026-10-02,C,645.0,2130,3254,0.5776
2026-09-30,2026-10-02,C,647.5,1857,911,0.585
2026-09-30,2026-10-02,C,650.0,4009,5318,0.5908
2026-09-30,2026-10-02,C,652.5,4570,569,0.6011
2026-09-30,2026-10-02,C,655.0,1641,1583,0.6152
2026-09-30,2026-10-02,C,657.5,661,472,0.6172
2026-09-30,2026-10-02,C,660.0,1787,1512,0.6348
2026-09-30,2026-10-02,C,662.5,2078,1499,0.6367
2026-09-30,2026-10-02,C,665.0,456,840,0.6406
2026-09-30,2026-10-02,C,667.5,405,345,0.6504
2026-09-30,2026-10-02,C,670.0,2771,1346,0.6563
2026-09-30,2026-10-02,C,672.5,1559,76,0.7324
2026-09-30,2026-10-02,C,675.0,1767,352,0.6797
2026-09-30,2026-10-02,C,677.5,188,27,0.6914
2026-09-30,2026-10-02,C,680.0,2252,643,0.6875
2026-09-30,2026-10-02,C,682.5,400,25,0.7383
2026-09-30,2026-10-02,C,685.0,469,163,0.7617
2026-09-30,2026-10-02,C,687.5,434,37,0.8633
2026-09-30,2026-10-02,C,690.0,1452,166,0.7734
2026-09-30,2026-10-02,C,692.5,297,214,0.8789
2026-09-30,2026-10-02,C,695.0,1722,228,0.7188
2026-09-30,2026-10-02,C,697.5,252,2,1.0352
2026-09-30,2026-10-02,C,700.0,4208,867,0.8438
2026-09-30,2026-10-02,C,702.5,283,13,0.7813
2026-09-30,2026-10-02,P,520.0,1697,62,1.3086
2026-09-30,2026-10-02,P,522.5,191,14,1.3125
2026-09-30,2026-10-02,P,525.0,602,202,1.2227
2026-09-30,2026-10-02,P,527.5,651,68,1.2773
2026-09-30,2026-10-02,P,530.0,2672,191,1.0469
2026-09-30,2026-10-02,P,532.5,844,75,1.0156
2026-09-30,2026-10-02,P,535.0,741,114,1.0039
2026-09-30,2026-10-02,P,537.5,405,139,1.0606
2026-09-30,2026-10-02,P,540.0,2048,194,0.957
2026-09-30,2026-10-02,P,542.5,398,782,0.9297
2026-09-30,2026-10-02,P,545.0,591,361,0.918
2026-09-30,2026-10-02,P,547.5,1272,95,0.8867
2026-09-30,2026-10-02,P,550.0,5855,1478,0.8594
2026-09-30,2026-10-02,P,552.5,630,123,0.8359
2026-09-30,2026-10-02,P,555.0,1304,281,0.8203
2026-09-30,2026-10-02,P,557.5,686,142,0.7813
2026-09-30,2026-10-02,P,560.0,2945,802,0.7773
2026-09-30,2026-10-02,P,562.5,555,662,0.7266
2026-09-30,2026-10-02,P,565.0,1671,506,0.7305
2026-09-30,2026-10-02,P,567.5,523,546,0.6973
2026-09-30,2026-10-02,P,570.0,1715,1689,0.6738
2026-09-30,2026-10-02,P,572.5,1867,1003,0.6602
2026-09-30,2026-10-02,P,575.0,4156,3353,0.6465
2026-09-30,2026-10-02,P,577.5,1055,1007,0.6172
2026-09-30,2026-10-02,P,580.0,4124,3426,0.6025
2026-09-30,2026-10-02,P,582.5,1472,1583,0.5918
2026-09-30,2026-10-02,P,585.0,1380,2485,0.582
2026-09-30,2026-10-02,P,587.5,930,1787,0.5703
2026-09-30,2026-10-02,P,590.0,2337,7053,0.5586
2026-09-30,2026-10-02,P,592.5,1335,1851,0.5513
2026-09-30,2026-10-02,P,595.0,2407,5073,0.543
2026-09-30,2026-10-02,P,597.5,843,1995,0.5366
2026-09-30,2026-10-02,P,600.0,4792,8878,0.532
2026-09-30,2026-10-02,P,602.5,1199,3364,0.5265
2026-09-30,2026-10-02,P,605.0,1342,8410,0.523
2026-09-30,2026-10-02,P,607.5,964,3635,0.5203
2026-09-30,2026-10-02,P,610.0,1886,8436,0.5198
2026-09-30,2026-10-02,P,612.5,653,2680,0.5178
2026-09-30,2026-10-02,P,615.0,1349,2946,0.5143
2026-09-30,2026-10-02,P,617.5,698,1757,0.5167
2026-09-30,2026-10-02,P,620.0,1426,1535,0.5173
2026-09-30,2026-10-02,P,622.5,285,135,0.5227
2026-09-30,2026-10-02,P,625.0,657,178,0.5167
2026-09-30,2026-10-02,P,627.5,194,62,0.5171
2026-09-30,2026-10-02,P,630.0,1143,198,0.5215
2026-09-30,2026-10-02,P,632.5,421,156,0.5269
2026-09-30,2026-10-02,P,635.0,374,90,0.6013
2026-09-30,2026-10-02,P,637.5,216,25,0.5225
2026-09-30,2026-10-02,P,640.0,363,83,0.7334
2026-09-30,2026-10-02,P,642.5,172,60,0.7544
2026-09-30,2026-10-02,P,645.0,186,102,0.7788
2026-09-30,2026-10-02,P,647.5,149,71,0.9077
2026-09-30,2026-10-02,P,650.0,189,14,0.8267
2026-09-30,2026-10-02,P,652.5,59,52,1.135
2026-09-30,2026-10-02,P,655.0,60,9,1.1052
2026-09-30,2026-10-02,P,657.5,43,46,0.5313
2026-09-30,2026-10-02,P,660.0,35,1,1.1948
2026-09-30,2026-10-02,P,662.5,3,2,1.092
2026-09-30,2026-10-02,P,665.0,18,22,1.2451
2026-09-30,2026-10-02,P,667.5,5,5,1.3247
2026-09-30,2026-10-02,P,670.0,3,2,1.3364
2026-09-30,2026-10-02,P,675.0,14,43,1.1978
2026-09-30,2026-10-02,P,680.0,5,1,1.5144
2026-09-30,2026-10-02,P,685.0,1,1,1.7041
2026-09-30,2026-10-02,P,690.0,1,1,1.5415
2026-09-30,2026-10-02,P,692.5,0,3,1.5879
2026-09-30,2026-10-02,P,695.0,0,1,1.3379
2026-09-30,2026-10-02,P,697.5,0,18,1.8694
2026-09-30,2026-10-02,P,700.0,9,14,1.5205
2026-09-30,2026-10-05,C,520.0,5,2,0.9294
2026-09-30,2026-10-05,C,527.5,1,1,0.9475
2026-09-30,2026-10-05,C,530.0,10,1,0.8467
2026-09-30,2026-10-05,C,535.0,3,1,0.9163
2026-09-30,2026-10-05,C,540.0,23,1,0.8655
2026-09-30,2026-10-05,C,545.0,3,4,0.7524
2026-09-30,2026-10-05,C,550.0,21,21,0.6941
2026-09-30,2026-10-05,C,552.5,1,10,0.6751
2026-09-30,2026-10-05,C,555.0,9,4,0.7329
2026-09-30,2026-10-05,C,557.5,2,11,0.696
2026-09-30,2026-10-05,C,560.0,8,40,0.6942
2026-09-30,2026-10-05,C,565.0,1,40,0.5803
2026-09-30,2026-10-05,C,570.0,33,20,0.5471
2026-09-30,2026-10-05,C,572.5,67,8,0.5034
2026-09-30,2026-10-05,C,575.0,39,6,0.5138
2026-09-30,2026-10-05,C,580.0,45,24,0.5487
2026-09-30,2026-10-05,C,585.0,12,39,0.5693
2026-09-30,2026-10-05,C,587.5,3,16,0.5836
2026-09-30,2026-10-05,C,590.0,27,42,0.5682
2026-09-30,2026-10-05,C,595.0,15,90,0.4541
2026-09-30,2026-10-05,C,597.5,205,62,0.4544
2026-09-30,2026-10-05,C,600.0,258,263,0.4307
2026-09-30,2026-10-05,C,602.5,62,114,0.4321
2026-09-30,2026-10-05,C,605.0,175,339,0.4236
2026-09-30,2026-10-05,C,607.5,230,405,0.4265
2026-09-30,2026-10-05,C,610.0,255,1036,0.4237
2026-09-30,2026-10-05,C,612.5,187,548,0.4175
2026-09-30,2026-10-05,C,615.0,535,694,0.4176
2026-09-30,2026-10-05,C,617.5,372,493,0.416
2026-09-30,2026-10-05,C,620.0,328,788,0.4147
2026-09-30,2026-10-05,C,622.5,142,231,0.4177
2026-09-30,2026-10-05,C,625.0,288,473,0.4172
2026-09-30,2026-10-05,C,627.5,783,273,0.4173
2026-09-30,2026-10-05,C,630.0,513,1050,0.4138
2026-09-30,2026-10-05,C,632.5,192,545,0.418
2026-09-30,2026-10-05,C,635.0,153,459,0.4165
2026-09-30,2026-10-05,C,637.5,127,124,0.4216
2026-09-30,2026-10-05,C,640.0,265,384,0.419
2026-09-30,2026-10-05,C,642.5,109,239,0.4202
2026-09-30,2026-10-05,C,645.0,275,421,0.4153
2026-09-30,2026-10-05,C,647.5,78,170,0.4197
2026-09-30,2026-10-05,C,650.0,581,1143,0.424
2026-09-30,2026-10-05,C,652.5,216,242,0.4291
2026-09-30,2026-10-05,C,655.0,383,406,0.4319
2026-09-30,2026-10-05,C,657.5,313,138,0.436
2026-09-30,2026-10-05,C,660.0,131,158,0.4358
2026-09-30,2026-10-05,C,662.5,108,180,0.4412
2026-09-30,2026-10-05,C,665.0,138,269,0.4448
2026-09-30,2026-10-05,C,667.5,93,58,0.4541
2026-09-30,2026-10-05,C,670.0,224,805,0.4536
2026-09-30,2026-10-05,C,675.0,198,114,0.4678
2026-09-30,2026-10-05,C,680.0,134,286,0.5049
2026-09-30,2026-10-05,C,682.5,15,24,0.5269
2026-09-30,2026-10-05,C,685.0,23,13,0.5137
2026-09-30,2026-10-05,C,687.5,4,6,0.5078
2026-09-30,2026-10-05,C,690.0,67,28,0.5044
2026-09-30,2026-10-05,C,695.0,17,7,0.5625
2026-09-30,2026-10-05,C,700.0,530,299,0.5068
2026-09-30,2026-10-05,C,702.5,16,3,0.5195
2026-09-30,2026-10-05,P,520.0,59,35,0.7373
2026-09-30,2026-10-05,P,522.5,8,7,0.7402
2026-09-30,2026-10-05,P,525.0,83,69,0.668
2026-09-30,2026-10-05,P,527.5,4,5,0.6641
2026-09-30,2026-10-05,P,530.0,182,215,0.6899
2026-09-30,2026-10-05,P,535.0,76,15,0.6357
2026-09-30,2026-10-05,P,537.5,14,6,0.6182
2026-09-30,2026-10-05,P,540.0,95,77,0.6382
2026-09-30,2026-10-05,P,542.5,47,206,0.585
2026-09-30,2026-10-05,P,545.0,1070,40,0.5903
2026-09-30,2026-10-05,P,547.5,85,16,0.5796
2026-09-30,2026-10-05,P,550.0,835,1536,0.5381
2026-09-30,2026-10-05,P,552.5,684,39,0.5571
2026-09-30,2026-10-05,P,555.0,616,70,0.5225
2026-09-30,2026-10-05,P,557.5,200,32,0.5071
2026-09-30,2026-10-05,P,560.0,504,75,0.5466
2026-09-30,2026-10-05,P,562.5,91,74,0.4932
2026-09-30,2026-10-05,P,565.0,161,75,0.4731
2026-09-30,2026-10-05,P,567.5,176,181,0.4636
2026-09-30,2026-10-05,P,570.0,340,696,0.4573
2026-09-30,2026-10-05,P,572.5,172,376,0.4448
2026-09-30,2026-10-05,P,575.0,691,1151,0.4363
2026-09-30,2026-10-05,P,577.5,2338,157,0.4297
2026-09-30,2026-10-05,P,580.0,303,1037,0.4238
2026-09-30,2026-10-05,P,582.5,116,329,0.4182
2026-09-30,2026-10-05,P,585.0,485,353,0.4136
2026-09-30,2026-10-05,P,587.5,329,231,0.4111
2026-09-30,2026-10-05,P,590.0,221,516,0.4127
2026-09-30,2026-10-05,P,592.5,174,181,0.4099
2026-09-30,2026-10-05,P,595.0,182,419,0.4027
2026-09-30,2026-10-05,P,597.5,136,242,0.4041
2026-09-30,2026-10-05,P,600.0,1208,1025,0.4015
2026-09-30,2026-10-05,P,602.5,236,118,0.4068
2026-09-30,2026-10-05,P,605.0,149,353,0.4015
2026-09-30,2026-10-05,P,607.5,101,381,0.4031
2026-09-30,2026-10-05,P,610.0,275,338,0.4009
2026-09-30,2026-10-05,P,612.5,163,205,0.403
2026-09-30,2026-10-05,P,615.0,163,426,0.3993
2026-09-30,2026-10-05,P,617.5,78,431,0.4036
2026-09-30,2026-10-05,P,620.0,83,177,0.4061
2026-09-30,2026-10-05,P,622.5,78,203,0.4089
2026-09-30,2026-10-05,P,625.0,100,82,0.4124
2026-09-30,2026-10-05,P,627.5,42,58,0.4059
2026-09-30,2026-10-05,P,630.0,86,44,0.413
2026-09-30,2026-10-05,P,632.5,36,55,0.424
2026-09-30,2026-10-05,P,635.0,46,58,0.4155
2026-09-30,2026-10-05,P,637.5,28,33,0.418
2026-09-30,2026-10-05,P,640.0,44,12,0.4313
2026-09-30,2026-10-05,P,642.5,11,23,0.4598
2026-09-30,2026-10-05,P,645.0,37,31,0.4677
2026-09-30,2026-10-05,P,647.5,5,14,0.5557
2026-09-30,2026-10-05,P,650.0,2,2,0.4968
2026-09-30,2026-10-05,P,652.5,2,1,0.6145
2026-09-30,2026-10-05,P,672.5,1,1,0.6252
2026-09-30,2026-10-05,P,680.0,2,2,0.7693
2026-09-30,2026-10-05,P,697.5,2,0,0.892
2026-09-30,2026-10-07,C,520.0,5,6,0.7588
2026-09-30,2026-10-07,C,535.0,3,12,0.7302
2026-09-30,2026-10-07,C,540.0,14,4,0.7139
2026-09-30,2026-10-07,C,550.0,11,8,0.6548
2026-09-30,2026-10-07,C,560.0,12,1,0.5588
2026-09-30,2026-10-07,C,565.0,2,2,0.5868
2026-09-30,2026-10-07,C,570.0,8,2,0.5675
2026-09-30,2026-10-07,C,580.0,38,25,0.6074
2026-09-30,2026-10-07,C,585.0,5,11,0.5323
2026-09-30,2026-10-07,C,600.0,52,32,0.531
2026-09-30,2026-10-07,C,610.0,168,227,0.4838
2026-09-30,2026-10-07,C,615.0,60,238,0.4856
2026-09-30,2026-10-07,C,617.5,22,112,0.4794
2026-09-30,2026-10-07,C,620.0,141,506,0.4775
2026-09-30,2026-10-07,C,622.5,23,55,0.4799
2026-09-30,2026-10-07,C,625.0,63,63,0.4803
2026-09-30,2026-10-07,C,627.5,21,35,0.4786
2026-09-30,2026-10-07,C,630.0,78,376,0.4766
2026-09-30,2026-10-07,C,632.5,19,104,0.4809
2026-09-30,2026-10-07,C,635.0,37,68,0.4782
2026-09-30,2026-10-07,C,637.5,41,44,0.4824
2026-09-30,2026-10-07,C,640.0,57,154,0.4792
2026-09-30,2026-10-07,C,642.5,21,30,0.4816
2026-09-30,2026-10-07,C,645.0,30,30,0.4802
2026-09-30,2026-10-07,C,647.5,18,9,0.4832
2026-09-30,2026-10-07,C,650.0,42,461,0.4821
2026-09-30,2026-10-07,C,655.0,18,374,0.4888
2026-09-30,2026-10-07,C,657.5,32,85,0.4898
2026-09-30,2026-10-07,C,660.0,171,49,0.4855
2026-09-30,2026-10-07,C,662.5,5,197,0.4891
2026-09-30,2026-10-07,C,665.0,154,51,0.49
2026-09-30,2026-10-07,C,670.0,16,22,0.4952
2026-09-30,2026-10-07,C,675.0,9,32,0.4985
2026-09-30,2026-10-07,C,680.0,16,68,0.5054
2026-09-30,2026-10-07,C,685.0,6,19,0.5015
2026-09-30,2026-10-07,C,690.0,5,12,0.5081
2026-09-30,2026-10-07,C,700.0,370,116,0.5361
2026-09-30,2026-10-07,P,520.0,11,13,0.665
2026-09-30,2026-10-07,P,530.0,14,19,0.5972
2026-09-30,2026-10-07,P,535.0,21,1,0.5752
2026-09-30,2026-10-07,P,540.0,25,30,0.5544
2026-09-30,2026-10-07,P,545.0,22,41,0.5654
2026-09-30,2026-10-07,P,550.0,101,189,0.5198
2026-09-30,2026-10-07,P,560.0,44,89,0.5055
2026-09-30,2026-10-07,P,565.0,28,79,0.5012
2026-09-30,2026-10-07,P,570.0,77,136,0.495
2026-09-30,2026-10-07,P,575.0,29,63,0.4829
2026-09-30,2026-10-07,P,577.5,17,212,0.4788
2026-09-30,2026-10-07,P,580.0,87,192,0.4756
2026-09-30,2026-10-07,P,582.5,13,76,0.4731
2026-09-30,2026-10-07,P,585.0,66,101,0.471
2026-09-30,2026-10-07,P,587.5,36,85,0.48
2026-09-30,2026-10-07,P,590.0,34,552,0.4756
2026-09-30,2026-10-07,P,592.5,35,213,0.4674
2026-09-30,2026-10-07,P,595.0,164,123,0.4634
2026-09-30,2026-10-07,P,597.5,43,113,0.4703
2026-09-30,2026-10-07,P,600.0,313,424,0.471
2026-09-30,2026-10-07,P,605.0,102,456,0.4675
2026-09-30,2026-10-07,P,607.5,12,118,0.47
2026-09-30,2026-10-07,P,610.0,24,286,0.4638
2026-09-30,2026-10-07,P,612.5,14,84,0.4683
2026-09-30,2026-10-07,P,615.0,25,70,0.4643
2026-09-30,2026-10-07,P,617.5,11,50,0.4693
2026-09-30,2026-10-07,P,620.0,29,23,0.4642
2026-09-30,2026-10-07,P,622.5,13,33,0.4664
2026-09-30,2026-10-07,P,625.0,21,20,0.4667
2026-09-30,2026-10-07,P,627.5,8,17,0.4664
2026-09-30,2026-10-07,P,630.0,27,61,0.4708
2026-09-30,2026-10-07,P,632.5,6,11,0.4734
2026-09-30,2026-10-07,P,635.0,5,2,0.4686
2026-09-30,2026-10-07,P,637.5,0,3,0.4744
2026-09-30,2026-10-07,P,645.0,2,5,0.5257
2026-09-30,2026-10-07,P,660.0,1,0,0.5513
2026-09-30,2026-10-09,C,520.0,440,27,0.7518
2026-09-30,2026-10-09,C,522.5,21,32,0.8064
2026-09-30,2026-10-09,C,525.0,235,18,0.7883
2026-09-30,2026-10-09,C,530.0,387,15,0.7858
2026-09-30,2026-10-09,C,532.5,2,0,0.6558
2026-09-30,2026-10-09,C,535.0,128,4,0.7107
2026-09-30,2026-10-09,C,537.5,3,0,0.6782
2026-09-30,2026-10-09,C,540.0,147,16,0.5857
2026-09-30,2026-10-09,C,542.5,5,10,0.6848
2026-09-30,2026-10-09,C,545.0,268,4,0.6696
2026-09-30,2026-10-09,C,547.5,2,1,0.6676
2026-09-30,2026-10-09,C,550.0,454,14,0.6294
2026-09-30,2026-10-09,C,552.5,10,1,0.6439
2026-09-30,2026-10-09,C,555.0,176,4,0.6301
2026-09-30,2026-10-09,C,557.5,18,2,0.6161
2026-09-30,2026-10-09,C,560.0,383,16,0.532
2026-09-30,2026-10-09,C,562.5,4,1,0.5579
2026-09-30,2026-10-09,C,565.0,288,7,0.5502
2026-09-30,2026-10-09,C,570.0,969,43,0.5206
2026-09-30,2026-10-09,C,575.0,437,32,0.5275
2026-09-30,2026-10-09,C,580.0,486,18,0.501
2026-09-30,2026-10-09,C,585.0,338,35,0.5225
2026-09-30,2026-10-09,C,590.0,260,89,0.5412
2026-09-30,2026-10-09,C,595.0,228,66,0.5181
2026-09-30,2026-10-09,C,600.0,1686,437,0.5164
2026-09-30,2026-10-09,C,602.5,160,67,0.514
2026-09-30,2026-10-09,C,605.0,1170,269,0.5131
2026-09-30,2026-10-09,C,607.5,337,370,0.5037
2026-09-30,2026-10-09,C,610.0,727,1061,0.4999
2026-09-30,2026-10-09,C,612.5,246,311,0.5071
2026-09-30,2026-10-09,C,615.0,1259,1242,0.499
2026-09-30,2026-10-09,C,617.5,144,373,0.5046
2026-09-30,2026-10-09,C,620.0,801,719,0.4976
2026-09-30,2026-10-09,C,622.5,128,196,0.5057
2026-09-30,2026-10-09,C,625.0,1584,445,0.5055
2026-09-30,2026-10-09,C,630.0,814,474,0.5035
2026-09-30,2026-10-09,C,635.0,919,1735,0.4969
2026-09-30,2026-10-09,C,640.0,1586,1014,0.5024
2026-09-30,2026-10-09,C,645.0,271,1548,0.5009
2026-09-30,2026-10-09,C,650.0,900,1210,0.4987
2026-09-30,2026-10-09,C,655.0,353,391,0.5054
2026-09-30,2026-10-09,C,660.0,732,796,0.5013
2026-09-30,2026-10-09,C,665.0,275,152,0.5066
2026-09-30,2026-10-09,C,670.0,144,374,0.5098
2026-09-30,2026-10-09,C,675.0,384,276,0.5028
2026-09-30,2026-10-09,C,680.0,421,172,0.506
2026-09-30,2026-10-09,C,685.0,149,26,0.5089
2026-09-30,2026-10-09,C,690.0,274,222,0.5144
2026-09-30,2026-10-09,C,695.0,305,63,0.5176
2026-09-30,2026-10-09,C,700.0,2101,506,0.5217
2026-09-30,2026-10-09,P,520.0,1051,128,0.6094
2026-09-30,2026-10-09,P,522.5,626,48,0.5981
2026-09-30,2026-10-09,P,525.0,210,322,0.5859
2026-09-30,2026-10-09,P,527.5,141,41,0.5964
2026-09-30,2026-10-09,P,530.0,511,132,0.582
2026-09-30,2026-10-09,P,532.5,300,51,0.5654
2026-09-30,2026-10-09,P,535.0,467,142,0.5581
2026-09-30,2026-10-09,P,537.5,55,166,0.5508
2026-09-30,2026-10-09,P,540.0,737,3017,0.5435
2026-09-30,2026-10-09,P,542.5,177,127,0.5476
2026-09-30,2026-10-09,P,545.0,474,237,0.5317
2026-09-30,2026-10-09,P,547.5,203,487,0.5319
2026-09-30,2026-10-09,P,550.0,1086,893,0.5186
2026-09-30,2026-10-09,P,552.5,244,683,0.5117
2026-09-30,2026-10-09,P,555.0,327,300,0.5072
2026-09-30,2026-10-09,P,557.5,244,107,0.5078
2026-09-30,2026-10-09,P,560.0,1127,2475,0.5012
2026-09-30,2026-10-09,P,562.5,230,136,0.5038
2026-09-30,2026-10-09,P,565.0,400,351,0.5007
2026-09-30,2026-10-09,P,570.0,826,547,0.4943
2026-09-30,2026-10-09,P,575.0,1846,372,0.4878
2026-09-30,2026-10-09,P,580.0,654,756,0.4844
2026-09-30,2026-10-09,P,585.0,850,902,0.4806
2026-09-30,2026-10-09,P,590.0,458,556,0.4778
2026-09-30,2026-10-09,P,595.0,339,215,0.4801
2026-09-30,2026-10-09,P,600.0,686,670,0.4757
2026-09-30,2026-10-09,P,602.5,208,197,0.4829
2026-09-30,2026-10-09,P,605.0,290,215,0.4768
2026-09-30,2026-10-09,P,607.5,109,179,0.4763
2026-09-30,2026-10-09,P,610.0,374,587,0.4757
2026-09-30,2026-10-09,P,612.5,327,118,0.4817
2026-09-30,2026-10-09,P,615.0,265,467,0.4751
2026-09-30,2026-10-09,P,617.5,72,89,0.4766
2026-09-30,2026-10-09,P,620.0,457,275,0.4764
2026-09-30,2026-10-09,P,622.5,90,34,0.4775
2026-09-30,2026-10-09,P,625.0,269,74,0.4924
2026-09-30,2026-10-09,P,630.0,150,39,0.4944
2026-09-30,2026-10-09,P,635.0,152,66,0.486
2026-09-30,2026-10-09,P,640.0,86,11,0.4956
2026-09-30,2026-10-09,P,645.0,14,5,0.5053
2026-09-30,2026-10-09,P,650.0,51,27,0.5085
2026-09-30,2026-10-09,P,655.0,8,1,0.5122
2026-09-30,2026-10-09,P,660.0,98,1,0.5405
2026-09-30,2026-10-09,P,665.0,5,2,0.5169
2026-09-30,2026-10-09,P,670.0,7,1,0.5513
2026-09-30,2026-10-09,P,675.0,7,5,0.526
2026-09-30,2026-10-09,P,680.0,31,1,0.611
2026-09-30,2026-10-09,P,685.0,1,1,0.6649
2026-09-30,2026-10-09,P,700.0,3,1,0.7166
2026-10-02,2026-10-02,C,540.0,702,72,1.5264
2026-10-02,2026-10-02,C,542.5,79,12,2.3159
2026-10-02,2026-10-02,C,545.0,441,69,1.7017
2026-10-02,2026-10-02,C,547.5,98,9,1.2461
2026-10-02,2026-10-02,C,550.0,1897,165,1.3613
2026-10-02,2026-10-02,C,552.5,141,22,1.9507
2026-10-02,2026-10-02,C,555.0,1650,32,1.207
2026-10-02,2026-10-02,C,557.5,171,121,1.0859
2026-10-02,2026-10-02,C,560.0,840,90,1.5786
2026-10-02,2026-10-02,C,562.5,148,21,1.9282
2026-10-02,2026-10-02,C,565.0,234,15,1.1523
2026-10-02,2026-10-02,C,567.5,147,17,0.9004
2026-10-02,2026-10-02,C,570.0,556,104,0.8359
2026-10-02,2026-10-02,C,572.5,51,37,1.2017
2026-10-02,2026-10-02,C,575.0,1165,82,1.0986
2026-10-02,2026-10-02,C,577.5,61,7,0.9307
2026-10-02,2026-10-02,C,580.0,857,189,0.7891
2026-10-02,2026-10-02,C,582.5,157,20,1.0488
2026-10-02,2026-10-02,C,585.0,449,182,1.0483
2026-10-02,2026-10-02,C,587.5,106,11,1.2835
2026-10-02,2026-10-02,C,590.0,920,120,0.8281
2026-10-02,2026-10-02,C,592.5,137,25,0.8618
2026-10-02,2026-10-02,C,595.0,1026,57,0.749
2026-10-02,2026-10-02,C,597.5,346,38,0.8147
2026-10-02,2026-10-02,C,600.0,1190,423,0.7065
2026-10-02,2026-10-02,C,602.5,660,59,0.665
2026-10-02,2026-10-02,C,605.0,1288,234,0.6282
2026-10-02,2026-10-02,C,607.5,1363,313,0.5698
2026-10-02,2026-10-02,C,610.0,5039,826,0.4829
2026-10-02,2026-10-02,C,612.5,776,327,0.4844
2026-10-02,2026-10-02,C,615.0,3060,1022,0.4016
2026-10-02,2026-10-02,C,617.5,975,606,0.3696
2026-10-02,2026-10-02,C,620.0,3814,2609,0.3814
2026-10-02,2026-10-02,C,622.5,758,418,0.376
2026-10-02,2026-10-02,C,625.0,1746,1802,0.229
2026-10-02,2026-10-02,C,627.5,2051,2999,0.2241
2026-10-02,2026-10-02,C,630.0,2561,11663,0.1776
2026-10-02,2026-10-02,C,632.5,1539,14213,0.0801
2026-10-02,2026-10-02,C,635.0,2930,30131,0.0327
2026-10-02,2026-10-02,C,637.5,6054,22628,0.0508
2026-10-02,2026-10-02,C,640.0,3365,40236,0.0801
2026-10-02,2026-10-02,C,642.5,2277,15370,0.1074
2026-10-02,2026-10-02,C,645.0,1181,19463,0.1328
2026-10-02,2026-10-02,C,647.5,1821,9251,0.1602
2026-10-02,2026-10-02,C,650.0,3777,16935,0.1875
2026-10-02,2026-10-02,C,652.5,4559,8795,0.2109
2026-10-02,2026-10-02,C,655.0,1516,4991,0.2344
2026-10-02,2026-10-02,C,657.5,708,2234,0.2578
2026-10-02,2026-10-02,C,660.0,2317,3286,0.2852
2026-10-02,2026-10-02,C,662.5,856,1122,0.3086
2026-10-02,2026-10-02,C,665.0,824,1668,0.332
2026-10-02,2026-10-02,C,667.5,542,572,0.3555
2026-10-02,2026-10-02,C,670.0,2434,926,0.375
2026-10-02,2026-10-02,C,672.5,1534,73,0.3984
2026-10-02,2026-10-02,C,675.0,1603,572,0.4219
2026-10-02,2026-10-02,C,677.5,191,25,0.5
2026-10-02,2026-10-02,C,680.0,2352,428,0.4688
2026-10-02,2026-10-02,C,682.5,403,29,0.4922
2026-10-02,2026-10-02,C,685.0,423,40,0.5156
2026-10-02,2026-10-02,C,687.5,439,4,0.5
2026-10-02,2026-10-02,C,690.0,1385,76,0.5313
2026-10-02,2026-10-02,C,692.5,245,5,0.8262
2026-10-02,2026-10-02,C,695.0,1774,16,0.5625
2026-10-02,2026-10-02,C,697.5,252,10,0.5781
2026-10-02,2026-10-02,C,700.0,4464,107,0.6094
2026-10-02,2026-10-02,C,702.5,287,20,0.625
2026-10-02,2026-10-02,C,705.0,474,2,0.6406
2026-10-02,2026-10-02,C,707.5,192,74,0.6563
2026-10-02,2026-10-02,C,710.0,892,14,0.6875
2026-10-02,2026-10-02,C,712.5,268,2,0.7031
2026-10-02,2026-10-02,C,715.0,1499,8,0.7188
2026-10-02,2026-10-02,C,717.5,291,1,0.75
2026-10-02,2026-10-02,C,720.0,413,3,0.75
2026-10-02,2026-10-02,C,722.5,49,2,0.7813
2026-10-02,2026-10-02,C,725.0,336,6,0.7969
2026-10-02,2026-10-02,C,727.5,185,147,0.8125
2026-10-02,2026-10-02,P,540.0,2090,311,0.9375
2026-10-02,2026-10-02,P,542.5,771,158,0.9375
2026-10-02,2026-10-02,P,545.0,756,406,0.9063
2026-10-02,2026-10-02,P,547.5,1263,85,0.875
2026-10-02,2026-10-02,P,550.0,5715,2529,0.8438
2026-10-02,2026-10-02,P,552.5,666,83,0.8125
2026-10-02,2026-10-02,P,555.0,1373,171,0.7969
2026-10-02,2026-10-02,P,557.5,666,31,0.7813
2026-10-02,2026-10-02,P,560.0,2794,238,0.75
2026-10-02,2026-10-02,P,562.5,573,25,0.7188
2026-10-02,2026-10-02,P,565.0,1552,138,0.6875
2026-10-02,2026-10-02,P,567.5,504,162,0.6719
2026-10-02,2026-10-02,P,570.0,1833,350,0.6563
2026-10-02,2026-10-02,P,572.5,1829,583,0.625
2026-10-02,2026-10-02,P,575.0,3907,1430,0.5938
2026-10-02,2026-10-02,P,577.5,1366,328,0.5781
2026-10-02,2026-10-02,P,580.0,3568,1924,0.5469
2026-10-02,2026-10-02,P,582.5,1839,670,0.5313
2026-10-02,2026-10-02,P,585.0,1806,760,0.5
2026-10-02,2026-10-02,P,587.5,1083,291,0.5078
2026-10-02,2026-10-02,P,590.0,2913,2430,0.4844
2026-10-02,2026-10-02,P,592.5,1612,437,0.5117
2026-10-02,2026-10-02,P,595.0,3371,2764,0.4297
2026-10-02,2026-10-02,P,597.5,1049,325,0.4063
2026-10-02,2026-10-02,P,600.0,4711,1853,0.375
2026-10-02,2026-10-02,P,602.5,1438,1590,0.3516
2026-10-02,2026-10-02,P,605.0,1608,814,0.3281
2026-10-02,2026-10-02,P,607.5,981,911,0.2969
2026-10-02,2026-10-02,P,610.0,1956,2245,0.3106
2026-10-02,2026-10-02,P,612.5,843,783,0.25
2026-10-02,2026-10-02,P,615.0,1453,4279,0.2188
2026-10-02,2026-10-02,P,617.5,780,947,0.1953
2026-10-02,2026-10-02,P,620.0,1348,8865,0.168
2026-10-02,2026-10-02,P,622.5,258,4257,0.1406
2026-10-02,2026-10-02,P,625.0,664,9240,0.1133
2026-10-02,2026-10-02,P,627.5,198,8785,0.084
2026-10-02,2026-10-02,P,630.0,1172,22914,0.0547
2026-10-02,2026-10-02,P,632.5,356,11393,0.0452
2026-10-02,2026-10-02,P,635.0,360,12903,0.0968
2026-10-02,2026-10-02,P,637.5,239,7025,0.1753
2026-10-02,2026-10-02,P,640.0,392,8303,0.3396
2026-10-02,2026-10-02,P,642.5,172,3041,0.3025
2026-10-02,2026-10-02,P,645.0,203,2084,0.4585
2026-10-02,2026-10-02,P,647.5,174,390,0.4661
2026-10-02,2026-10-02,P,650.0,189,397,0.561
2026-10-02,2026-10-02,P,652.5,59,68,0.5088
2026-10-02,2026-10-02,P,655.0,7,67,0.554
2026-10-02,2026-10-02,P,657.5,0,138,0.5386
2026-10-02,2026-10-02,P,660.0,1,97,0.6331
2026-10-02,2026-10-02,P,662.5,0,8,0.7354
2026-10-02,2026-10-02,P,665.0,1,3,0.7158
2026-10-02,2026-10-02,P,667.5,0,2,0.5459
2026-10-02,2026-10-02,P,670.0,0,6,0.9355
2026-10-02,2026-10-02,P,675.0,1,23,0.8181
2026-10-02,2026-10-02,P,680.0,0,1,0.9775
2026-10-02,2026-10-02,P,685.0,0,1,1.2739
2026-10-02,2026-10-02,P,690.0,0,1,1.4063
2026-10-02,2026-10-02,P,692.5,0,3,0.6523
2026-10-02,2026-10-02,P,695.0,0,1,1.4434
2026-10-02,2026-10-02,P,697.5,0,18,1.0972
2026-10-02,2026-10-02,P,700.0,9,6,1.3779
2026-10-02,2026-10-02,P,710.0,0,2,1.6821
2026-10-02,2026-10-02,P,715.0,0,5,1.0488
2026-10-02,2026-10-02,P,720.0,0,10,1.1016
2026-10-02,2026-10-02,P,725.0,0,5,1.1309
2026-10-02,2026-10-05,C,540.0,23,13,0.5703
2026-10-02,2026-10-05,C,545.0,3,4,0.7178
2026-10-02,2026-10-05,C,550.0,28,5,0.9629
2026-10-02,2026-10-05,C,552.5,11,10,0.647
2026-10-02,2026-10-05,C,555.0,9,4,0.8879
2026-10-02,2026-10-05,C,557.5,10,11,0.625
2026-10-02,2026-10-05,C,560.0,43,2,0.6064
2026-10-02,2026-10-05,C,565.0,41,40,0.5757
2026-10-02,2026-10-05,C,570.0,23,5,0.7671
2026-10-02,2026-10-05,C,572.5,67,8,0.5142
2026-10-02,2026-10-05,C,575.0,41,4,0.8591
2026-10-02,2026-10-05,C,580.0,55,1,0.6843
2026-10-02,2026-10-05,C,585.0,47,7,0.7418
2026-10-02,2026-10-05,C,587.5,14,3,0.6948
2026-10-02,2026-10-05,C,590.0,33,8,0.5277
2026-10-02,2026-10-05,C,595.0,52,27,0.5475
2026-10-02,2026-10-05,C,597.5,189,1,0.6295
2026-10-02,2026-10-05,C,600.0,273,165,0.6097
2026-10-02,2026-10-05,C,602.5,53,23,0.5443
2026-10-02,2026-10-05,C,605.0,215,67,0.541
2026-10-02,2026-10-05,C,607.5,184,53,0.4932
2026-10-02,2026-10-05,C,610.0,281,316,0.3574
2026-10-02,2026-10-05,C,612.5,293,76,0.4399
2026-10-02,2026-10-05,C,615.0,589,116,0.2902
2026-10-02,2026-10-05,C,617.5,407,171,0.3451
2026-10-02,2026-10-05,C,620.0,441,414,0.293
2026-10-02,2026-10-05,C,622.5,257,266,0.2581
2026-10-02,2026-10-05,C,625.0,338,407,0.2603
2026-10-02,2026-10-05,C,627.5,827,665,0.2569
2026-10-02,2026-10-05,C,630.0,826,2643,0.2505
2026-10-02,2026-10-05,C,632.5,292,2428,0.2504
2026-10-02,2026-10-05,C,635.0,398,4654,0.2465
2026-10-02,2026-10-05,C,637.5,151,2167,0.2501
2026-10-02,2026-10-05,C,640.0,379,4614,0.2522
2026-10-02,2026-10-05,C,642.5,261,1464,0.2509
2026-10-02,2026-10-05,C,645.0,464,4472,0.2502
2026-10-02,2026-10-05,C,647.5,133,1851,0.2516
2026-10-02,2026-10-05,C,650.0,869,4907,0.2515
2026-10-02,2026-10-05,C,652.5,239,947,0.251
2026-10-02,2026-10-05,C,655.0,574,1915,0.2531
2026-10-02,2026-10-05,C,657.5,389,522,0.2544
2026-10-02,2026-10-05,C,660.0,195,1472,0.2581
2026-10-02,2026-10-05,C,662.5,234,441,0.2586
2026-10-02,2026-10-05,C,665.0,254,809,0.2603
2026-10-02,2026-10-05,C,667.5,137,565,0.2627
2026-10-02,2026-10-05,C,670.0,506,717,0.2637
2026-10-02,2026-10-05,C,675.0,225,1003,0.2725
2026-10-02,2026-10-05,C,680.0,291,763,0.2842
2026-10-02,2026-10-05,C,682.5,15,169,0.3613
2026-10-02,2026-10-05,C,685.0,24,294,0.2949
2026-10-02,2026-10-05,C,687.5,6,37,0.3438
2026-10-02,2026-10-05,C,690.0,89,371,0.335
2026-10-02,2026-10-05,C,695.0,19,20,0.3438
2026-10-02,2026-10-05,C,700.0,679,913,0.3418
2026-10-02,2026-10-05,C,702.5,17,32,0.4766
2026-10-02,2026-10-05,C,707.5,26,22,0.3516
2026-10-02,2026-10-05,C,710.0,15,374,0.3594
2026-10-02,2026-10-05,C,715.0,6,7,0.4551
2026-10-02,2026-10-05,C,717.5,107,6,0.3906
2026-10-02,2026-10-05,C,725.0,15,2,0.4219
2026-10-02,2026-10-05,C,727.5,6,1,0.5039
2026-10-02,2026-10-05,P,540.0,103,109,0.5723
2026-10-02,2026-10-05,P,542.5,233,8,0.582
2026-10-02,2026-10-05,P,545.0,1083,25,0.5762
2026-10-02,2026-10-05,P,547.5,95,25,0.5645
2026-10-02,2026-10-05,P,550.0,1622,700,0.5986
2026-10-02,2026-10-05,P,552.5,659,10,0.5254
2026-10-02,2026-10-05,P,555.0,625,3,0.6177
2026-10-02,2026-10-05,P,557.5,213,1,0.5708
2026-10-02,2026-10-05,P,560.0,519,141,0.5107
2026-10-02,2026-10-05,P,562.5,105,62,0.5439
2026-10-02,2026-10-05,P,565.0,177,152,0.4893
2026-10-02,2026-10-05,P,567.5,236,66,0.5234
2026-10-02,2026-10-05,P,570.0,505,337,0.4648
2026-10-02,2026-10-05,P,572.5,398,162,0.4482
2026-10-02,2026-10-05,P,575.0,1108,243,0.4434
2026-10-02,2026-10-05,P,577.5,2331,186,0.419
2026-10-02,2026-10-05,P,580.0,1100,896,0.4092
2026-10-02,2026-10-05,P,582.5,352,141,0.4302
2026-10-02,2026-10-05,P,585.0,507,611,0.3872
2026-10-02,2026-10-05,P,587.5,403,196,0.4136
2026-10-02,2026-10-05,P,590.0,381,506,0.3594
2026-10-02,2026-10-05,P,592.5,207,109,0.3418
2026-10-02,2026-10-05,P,595.0,262,297,0.3281
2026-10-02,2026-10-05,P,597.5,249,52,0.3179
2026-10-02,2026-10-05,P,600.0,1027,1602,0.3047
2026-10-02,2026-10-05,P,602.5,241,165,0.2922
2026-10-02,2026-10-05,P,605.0,224,2996,0.28
2026-10-02,2026-10-05,P,607.5,148,450,0.2739
2026-10-02,2026-10-05,P,610.0,353,940,0.2648
2026-10-02,2026-10-05,P,612.5,198,924,0.2595
2026-10-02,2026-10-05,P,615.0,186,1191,0.2522
2026-10-02,2026-10-05,P,617.5,392,929,0.2501
2026-10-02,2026-10-05,P,620.0,175,2034,0.2472
2026-10-02,2026-10-05,P,622.5,117,521,0.247
2026-10-02,2026-10-05,P,625.0,103,1673,0.2454
2026-10-02,2026-10-05,P,627.5,68,453,0.2492
2026-10-02,2026-10-05,P,630.0,94,2961,0.2509
2026-10-02,2026-10-05,P,632.5,34,1528,0.2507
2026-10-02,2026-10-05,P,635.0,25,2465,0.2526
2026-10-02,2026-10-05,P,637.5,21,789,0.2582
2026-10-02,2026-10-05,P,640.0,34,1364,0.2667
2026-10-02,2026-10-05,P,642.5,9,364,0.2661
2026-10-02,2026-10-05,P,645.0,37,414,0.2691
2026-10-02,2026-10-05,P,647.5,15,77,0.2767
2026-10-02,2026-10-05,P,650.0,1,283,0.2832
2026-10-02,2026-10-05,P,652.5,2,20,0.4187
2026-10-02,2026-10-05,P,672.5,1,15,0.4308
2026-10-02,2026-10-05,P,680.0,0,2,0.6473
2026-10-02,2026-10-07,C,540.0,14,4,0.6231
2026-10-02,2026-10-07,C,550.0,11,2,0.7411
2026-10-02,2026-10-07,C,560.0,13,1,0.5715
2026-10-02,2026-10-07,C,565.0,2,20,0.7039
2026-10-02,2026-10-07,C,570.0,8,46,0.5335
2026-10-02,2026-10-07,C,580.0,63,5,0.514
2026-10-02,2026-10-07,C,585.0,11,19,0.6324
2026-10-02,2026-10-07,C,600.0,46,14,0.4054
2026-10-02,2026-10-07,C,610.0,160,82,0.4288
2026-10-02,2026-10-07,C,615.0,100,78,0.4002
2026-10-02,2026-10-07,C,617.5,43,39,0.3623
2026-10-02,2026-10-07,C,620.0,199,125,0.3667
2026-10-02,2026-10-07,C,622.5,33,21,0.3598
2026-10-02,2026-10-07,C,625.0,69,88,0.3654
2026-10-02,2026-10-07,C,627.5,27,61,0.3632
2026-10-02,2026-10-07,C,630.0,191,363,0.357
2026-10-02,2026-10-07,C,632.5,51,1478,0.3591
2026-10-02,2026-10-07,C,635.0,31,1707,0.3571
2026-10-02,2026-10-07,C,637.5,62,301,0.3632
2026-10-02,2026-10-07,C,640.0,72,1389,0.3574
2026-10-02,2026-10-07,C,642.5,33,198,0.3648
2026-10-02,2026-10-07,C,645.0,41,393,0.3616
2026-10-02,2026-10-07,C,647.5,20,125,0.3625
2026-10-02,2026-10-07,C,650.0,336,1544,0.3608
2026-10-02,2026-10-07,C,655.0,256,293,0.3645
2026-10-02,2026-10-07,C,657.5,100,71,0.3648
2026-10-02,2026-10-07,C,660.0,183,183,0.3624
2026-10-02,2026-10-07,C,662.5,153,89,0.3638
2026-10-02,2026-10-07,C,665.0,173,195,0.3644
2026-10-02,2026-10-07,C,670.0,27,166,0.3656
2026-10-02,2026-10-07,C,675.0,21,87,0.3734
2026-10-02,2026-10-07,C,680.0,65,228,0.3694
2026-10-02,2026-10-07,C,685.0,20,55,0.3733
2026-10-02,2026-10-07,C,690.0,12,69,0.4421
2026-10-02,2026-10-07,C,700.0,346,1082,0.397
2026-10-02,2026-10-07,C,705.0,4,112,0.4053
2026-10-02,2026-10-07,C,710.0,7,106,0.4146
2026-10-02,2026-10-07,C,720.0,2,28,0.5039
2026-10-02,2026-10-07,P,540.0,33,5,0.6196
2026-10-02,2026-10-07,P,545.0,54,37,0.5874
2026-10-02,2026-10-07,P,550.0,173,166,0.5322
2026-10-02,2026-10-07,P,560.0,79,30,0.5195
2026-10-02,2026-10-07,P,565.0,70,22,0.4961
2026-10-02,2026-10-07,P,570.0,116,68,0.4578
2026-10-02,2026-10-07,P,575.0,55,1049,0.437
2026-10-02,2026-10-07,P,577.5,173,22,0.4805
2026-10-02,2026-10-07,P,580.0,114,205,0.4409
2026-10-02,2026-10-07,P,582.5,62,74,0.4424
2026-10-02,2026-10-07,P,585.0,87,55,0.4014
2026-10-02,2026-10-07,P,587.5,67,265,0.3948
2026-10-02,2026-10-07,P,590.0,458,599,0.3886
2026-10-02,2026-10-07,P,592.5,194,208,0.3818
2026-10-02,2026-10-07,P,595.0,217,300,0.3784
2026-10-02,2026-10-07,P,597.5,83,304,0.3731
2026-10-02,2026-10-07,P,600.0,463,1000,0.366
2026-10-02,2026-10-07,P,605.0,304,265,0.3605
2026-10-02,2026-10-07,P,607.5,38,79,0.3585
2026-10-02,2026-10-07,P,610.0,241,261,0.3576
2026-10-02,2026-10-07,P,612.5,45,64,0.3534
2026-10-02,2026-10-07,P,615.0,49,135,0.3529
2026-10-02,2026-10-07,P,617.5,25,60,0.3535
2026-10-02,2026-10-07,P,620.0,29,240,0.3531
2026-10-02,2026-10-07,P,622.5,18,101,0.3551
2026-10-02,2026-10-07,P,625.0,21,494,0.3543
2026-10-02,2026-10-07,P,627.5,18,156,0.354
2026-10-02,2026-10-07,P,630.0,45,432,0.3558
2026-10-02,2026-10-07,P,632.5,12,508,0.3564
2026-10-02,2026-10-07,P,635.0,5,518,0.3528
2026-10-02,2026-10-07,P,637.5,1,263,0.3619
2026-10-02,2026-10-07,P,645.0,2,63,0.3685
2026-10-02,2026-10-07,P,660.0,1,36,0.4154
2026-10-02,2026-10-09,C,540.0,146,11,0.6082
2026-10-02,2026-10-09,C,542.5,15,10,0.7589
2026-10-02,2026-10-09,C,545.0,268,84,0.6191
2026-10-02,2026-10-09,C,547.5,2,19,0.6249
2026-10-02,2026-10-09,C,550.0,465,116,0.6526
2026-10-02,2026-10-09,C,552.5,11,37,0.6382
2026-10-02,2026-10-09,C,555.0,174,35,0.6094
2026-10-02,2026-10-09,C,557.5,20,12,0.7034
2026-10-02,2026-10-09,C,560.0,375,66,0.6169
2026-10-02,2026-10-09,C,562.5,4,15,0.6086
2026-10-02,2026-10-09,C,565.0,290,3,0.5485
2026-10-02,2026-10-09,C,570.0,978,52,0.5792
2026-10-02,2026-10-09,C,575.0,440,30,0.6175
2026-10-02,2026-10-09,C,580.0,497,66,0.5291
2026-10-02,2026-10-09,C,585.0,355,34,0.5173
2026-10-02,2026-10-09,C,590.0,258,169,0.4887
2026-10-02,2026-10-09,C,595.0,247,22,0.4816
2026-10-02,2026-10-09,C,600.0,1744,554,0.4526
2026-10-02,2026-10-09,C,602.5,160,70,0.4862
2026-10-02,2026-10-09,C,605.0,1169,63,0.4288
2026-10-02,2026-10-09,C,607.5,412,107,0.4279
2026-10-02,2026-10-09,C,610.0,896,437,0.4121
2026-10-02,2026-10-09,C,612.5,253,142,0.4227
2026-10-02,2026-10-09,C,615.0,1334,647,0.458
2026-10-02,2026-10-09,C,617.5,186,167,0.4116
2026-10-02,2026-10-09,C,620.0,865,303,0.406
2026-10-02,2026-10-09,C,622.5,273,176,0.4116
2026-10-02,2026-10-09,C,625.0,1652,358,0.4236
2026-10-02,2026-10-09,C,630.0,969,1160,0.4427
2026-10-02,2026-10-09,C,635.0,1429,1427,0.4054
2026-10-02,2026-10-09,C,640.0,2169,7597,0.4122
2026-10-02,2026-10-09,C,645.0,1609,1482,0.4124
2026-10-02,2026-10-09,C,650.0,1168,2142,0.4041
2026-10-02,2026-10-09,C,655.0,465,6443,0.4124
2026-10-02,2026-10-09,C,660.0,963,901,0.4082
2026-10-02,2026-10-09,C,665.0,340,487,0.4071
2026-10-02,2026-10-09,C,670.0,309,2726,0.4107
2026-10-02,2026-10-09,C,675.0,369,941,0.4125
2026-10-02,2026-10-09,C,680.0,436,918,0.4158
2026-10-02,2026-10-09,C,685.0,149,397,0.4191
2026-10-02,2026-10-09,C,690.0,336,606,0.4224
2026-10-02,2026-10-09,C,695.0,341,185,0.4263
2026-10-02,2026-10-09,C,700.0,2169,3558,0.4241
2026-10-02,2026-10-09,C,705.0,294,597,0.4353
2026-10-02,2026-10-09,C,710.0,225,243,0.4407
2026-10-02,2026-10-09,C,715.0,155,33,0.4436
2026-10-02,2026-10-09,C,720.0,312,796,0.4526
2026-10-02,2026-10-09,C,725.0,225,1346,0.4595
2026-10-02,2026-10-09,P,540.0,2721,2137,0.5503
2026-10-02,2026-10-09,P,542.5,251,89,0.5415
2026-10-02,2026-10-09,P,545.0,514,429,0.5269
2026-10-02,2026-10-09,P,547.5,491,132,0.5215
2026-10-02,2026-10-09,P,550.0,1246,1010,0.5088
2026-10-02,2026-10-09,P,552.5,500,84,0.5046
2026-10-02,2026-10-09,P,555.0,473,238,0.5093
2026-10-02,2026-10-09,P,557.5,256,129,0.5186
2026-10-02,2026-10-09,P,560.0,2483,2205,0.4822
2026-10-02,2026-10-09,P,562.5,289,169,0.4988
2026-10-02,2026-10-09,P,565.0,641,236,0.4677
2026-10-02,2026-10-09,P,570.0,951,966,0.4529
2026-10-02,2026-10-09,P,575.0,1877,544,0.4443
2026-10-02,2026-10-09,P,580.0,1077,1144,0.4338
2026-10-02,2026-10-09,P,585.0,1030,728,0.4254
2026-10-02,2026-10-09,P,590.0,609,1127,0.4135
2026-10-02,2026-10-09,P,595.0,388,1119,0.4054
2026-10-02,2026-10-09,P,600.0,734,1560,0.4009
2026-10-02,2026-10-09,P,602.5,234,261,0.4034
2026-10-02,2026-10-09,P,605.0,325,589,0.4075
2026-10-02,2026-10-09,P,607.5,139,240,0.4005
2026-10-02,2026-10-09,P,610.0,430,593,0.3974
2026-10-02,2026-10-09,P,612.5,321,140,0.3944
2026-10-02,2026-10-09,P,615.0,405,852,0.3944
2026-10-02,2026-10-09,P,617.5,94,139,0.394
2026-10-02,2026-10-09,P,620.0,509,1587,0.3919
2026-10-02,2026-10-09,P,622.5,89,263,0.4359
2026-10-02,2026-10-09,P,625.0,292,711,0.3948
2026-10-02,2026-10-09,P,630.0,174,1377,0.3972
2026-10-02,2026-10-09,P,635.0,184,741,0.3963
2026-10-02,2026-10-09,P,640.0,87,1152,0.3991
2026-10-02,2026-10-09,P,645.0,14,442,0.4113
2026-10-02,2026-10-09,P,650.0,78,193,0.4131
2026-10-02,2026-10-09,P,655.0,9,61,0.4263
2026-10-02,2026-10-09,P,660.0,98,31,0.4345
2026-10-02,2026-10-09,P,665.0,6,13,0.4164
2026-10-02,2026-10-09,P,670.0,7,75,0.4454
2026-10-02,2026-10-09,P,675.0,7,5,0.5028
2026-10-02,2026-10-09,P,680.0,31,6,0.4959
2026-10-02,2026-10-09,P,685.0,1,41,0.5045
2026-10-02,2026-10-09,P,700.0,3,9,0.5211
2026-10-02,2026-10-09,P,720.0,9,1,0.6528
2026-10-02,2026-10-09,P,725.0,1,2,0.6753
2026-10-02,2026-10-16,C,540.0,4390,202,0.551
2026-10-02,2026-10-16,C,542.5,16,1,0.5754
2026-10-02,2026-10-16,C,545.0,22,2,0.5455
2026-10-02,2026-10-16,C,547.5,3,1,0.5342
2026-10-02,2026-10-16,C,550.0,4221,175,0.5201
2026-10-02,2026-10-16,C,552.5,21,1,0.5657
2026-10-02,2026-10-16,C,555.0,47,13,0.5446
2026-10-02,2026-10-16,C,557.5,28,6,0.5114
2026-10-02,2026-10-16,C,560.0,2056,50,0.5237
2026-10-02,2026-10-16,C,562.5,123,5,0.603
2026-10-02,2026-10-16,C,565.0,199,8,0.6043
2026-10-02,2026-10-16,C,570.0,1660,59,0.5784
2026-10-02,2026-10-16,C,575.0,698,13,0.4989
2026-10-02,2026-10-16,C,580.0,2533,517,0.5031
2026-10-02,2026-10-16,C,585.0,170,6,0.502
2026-10-02,2026-10-16,C,590.0,1510,43,0.4924
2026-10-02,2026-10-16,C,595.0,256,41,0.521
2026-10-02,2026-10-16,C,600.0,6243,721,0.4547
2026-10-02,2026-10-16,C,605.0,749,102,0.4482
2026-10-02,2026-10-16,C,610.0,3341,740,0.4475
2026-10-02,2026-10-16,C,615.0,1372,364,0.4413
2026-10-02,2026-10-16,C,620.0,2450,727,0.4391
2026-10-02,2026-10-16,C,630.0,3472,1311,0.4392
2026-10-02,2026-10-16,C,640.0,2041,2211,0.4381
2026-10-02,2026-10-16,C,650.0,2817,2836,0.4373
2026-10-02,2026-10-16,C,660.0,2638,1291,0.4372
2026-10-02,2026-10-16,C,670.0,976,786,0.4395
2026-10-02,2026-10-16,C,680.0,3786,3514,0.4451
2026-10-02,2026-10-16,C,690.0,1209,1313,0.4431
2026-10-02,2026-10-16,C,700.0,6365,3521,0.4458
2026-10-02,2026-10-16,C,710.0,1385,1165,0.4483
2026-10-02,2026-10-16,C,720.0,1954,1236,0.4577
2026-10-02,2026-10-16,P,540.0,3061,3022,0.4904
2026-10-02,2026-10-16,P,542.5,164,93,0.4857
2026-10-02,2026-10-16,P,545.0,285,200,0.4827
2026-10-02,2026-10-16,P,547.5,119,417,0.4744
2026-10-02,2026-10-16,P,550.0,3264,1332,0.4717
2026-10-02,2026-10-16,P,552.5,266,95,0.467
2026-10-02,2026-10-16,P,555.0,297,245,0.4625
2026-10-02,2026-10-16,P,557.5,219,694,0.4587
2026-10-02,2026-10-16,P,560.0,3319,565,0.4558
2026-10-02,2026-10-16,P,562.5,346,169,0.4512
2026-10-02,2026-10-16,P,565.0,643,295,0.4475
2026-10-02,2026-10-16,P,570.0,1133,1580,0.4417
2026-10-02,2026-10-16,P,575.0,538,476,0.4385
2026-10-02,2026-10-16,P,580.0,1527,800,0.4338
2026-10-02,2026-10-16,P,585.0,407,173,0.4293
2026-10-02,2026-10-16,P,590.0,1041,587,0.4259
2026-10-02,2026-10-16,P,595.0,840,622,0.4246
2026-10-02,2026-10-16,P,600.0,3730,1529,0.4222
2026-10-02,2026-10-16,P,605.0,791,567,0.429
2026-10-02,2026-10-16,P,610.0,1540,598,0.4204
2026-10-02,2026-10-16,P,615.0,517,529,0.4205
2026-10-02,2026-10-16,P,620.0,1298,692,0.421
2026-10-02,2026-10-16,P,630.0,552,631,0.4237
2026-10-02,2026-10-16,P,640.0,298,2018,0.4218
2026-10-02,2026-10-16,P,650.0,219,156,0.4435
2026-10-02,2026-10-16,P,660.0,101,193,0.4301
2026-10-02,2026-10-16,P,670.0,93,68,0.4432
2026-10-02,2026-10-16,P,680.0,63,81,0.4949
2026-10-02,2026-10-16,P,690.0,47,20,0.5109
2026-10-02,2026-10-16,P,700.0,60,4,0.5222
2026-10-02,2026-10-16,P,710.0,4,4,0.5321
2026-10-02,2026-10-16,P,720.0,3,3,0.5362
2026-10-06,2026-10-07,C,552.5,1,1,1.0674
2026-10-06,2026-10-07,C,555.0,14,20,1.1104
2026-10-06,2026-10-07,C,557.5,5,1,1.1665
2026-10-06,2026-10-07,C,560.0,20,14,1.0205
2026-10-06,2026-10-07,C,562.5,15,12,0.9648
2026-10-06,2026-10-07,C,565.0,12,11,1.2153
2026-10-06,2026-10-07,C,567.5,11,12,0.9766
2026-10-06,2026-10-07,C,570.0,21,19,0.9995
2026-10-06,2026-10-07,C,572.5,21,10,0.915
2026-10-06,2026-10-07,C,575.0,19,12,1.208
2026-10-06,2026-10-07,C,577.5,14,11,0.9282
2026-10-06,2026-10-07,C,580.0,57,21,0.8125
2026-10-06,2026-10-07,C,582.5,44,11,0.7617
2026-10-06,2026-10-07,C,585.0,13,7,0.876
2026-10-06,2026-10-07,C,587.5,17,3,1.0557
2026-10-06,2026-10-07,C,590.0,7,1,0.6279
2026-10-06,2026-10-07,C,592.5,18,1,0.7329
2026-10-06,2026-10-07,C,595.0,14,11,0.5566
2026-10-06,2026-10-07,C,597.5,31,18,0.8921
2026-10-06,2026-10-07,C,600.0,70,25,0.7654
2026-10-06,2026-10-07,C,602.5,25,7,0.7517
2026-10-06,2026-10-07,C,605.0,50,15,0.5518
2026-10-06,2026-10-07,C,607.5,97,32,0.5767
2026-10-06,2026-10-07,C,610.0,144,138,0.7612
2026-10-06,2026-10-07,C,612.5,148,36,0.8755
2026-10-06,2026-10-07,C,615.0,132,61,0.533
2026-10-06,2026-10-07,C,617.5,77,34,0.5901
2026-10-06,2026-10-07,C,620.0,204,189,0.7426
2026-10-06,2026-10-07,C,622.5,82,152,0.5225
2026-10-06,2026-10-07,C,625.0,183,367,0.5085
2026-10-06,2026-10-07,C,627.5,228,204,0.4463
2026-10-06,2026-10-07,C,630.0,959,2626,0.398
2026-10-06,2026-10-07,C,632.5,607,2216,0.3916
2026-10-06,2026-10-07,C,635.0,821,3451,0.3728
2026-10-06,2026-10-07,C,637.5,177,2461,0.3606
2026-10-06,2026-10-07,C,640.0,1470,10741,0.3527
2026-10-06,2026-10-07,C,642.5,270,3986,0.35
2026-10-06,2026-10-07,C,645.0,493,8504,0.3429
2026-10-06,2026-10-07,C,647.5,302,5205,0.3418
2026-10-06,2026-10-07,C,650.0,886,19220,0.338
2026-10-06,2026-10-07,C,652.5,474,5980,0.3394
2026-10-06,2026-10-07,C,655.0,613,16524,0.3381
2026-10-06,2026-10-07,C,657.5,166,7712,0.3373
2026-10-06,2026-10-07,C,660.0,1489,21701,0.3397
2026-10-06,2026-10-07,C,662.5,239,3264,0.3428
2026-10-06,2026-10-07,C,665.0,842,6130,0.345
2026-10-06,2026-10-07,C,667.5,133,3282,0.3485
2026-10-06,2026-10-07,C,670.0,210,10254,0.3521
2026-10-06,2026-10-07,C,672.5,285,2748,0.3572
2026-10-06,2026-10-07,C,675.0,253,10971,0.3601
2026-10-06,2026-10-07,C,677.5,37,1853,0.3667
2026-10-06,2026-10-07,C,680.0,247,4044,0.3721
2026-10-06,2026-10-07,C,682.5,788,1581,0.3799
2026-10-06,2026-10-07,C,685.0,57,1987,0.3862
2026-10-06,2026-10-07,C,687.5,22,757,0.3877
2026-10-06,2026-10-07,C,690.0,113,944,0.3965
2026-10-06,2026-10-07,C,692.5,43,446,0.4248
2026-10-06,2026-10-07,C,695.0,142,703,0.4365
2026-10-06,2026-10-07,C,697.5,74,213,0.4453
2026-10-06,2026-10-07,C,700.0,890,3155,0.4238
2026-10-06,2026-10-07,C,702.5,13,74,0.4941
2026-10-06,2026-10-07,C,705.0,159,1201,0.4492
2026-10-06,2026-10-07,C,707.5,82,165,0.4551
2026-10-06,2026-10-07,C,710.0,212,812,0.4727
2026-10-06,2026-10-07,C,712.5,79,52,0.5
2026-10-06,2026-10-07,C,715.0,6,100,0.5273
2026-10-06,2026-10-07,C,717.5,23,87,0.5332
2026-10-06,2026-10-07,C,720.0,7,153,0.5
2026-10-06,2026-10-07,C,722.5,26,87,0.5273
2026-10-06,2026-10-07,C,725.0,15,173,0.543
2026-10-06,2026-10-07,C,727.5,5,46,0.5313
2026-10-06,2026-10-07,C,730.0,26,187,0.5234
2026-10-06,2026-10-07,C,735.0,4,18,0.5703
2026-10-06,2026-10-07,C,740.0,80,85,0.6016
2026-10-06,2026-10-07,P,552.5,31,20,0.7734
2026-10-06,2026-10-07,P,555.0,170,238,0.918
2026-10-06,2026-10-07,P,557.5,77,19,0.7891
2026-10-06,2026-10-07,P,560.0,192,97,0.75
2026-10-06,2026-10-07,P,562.5,105,12,0.7383
2026-10-06,2026-10-07,P,565.0,118,78,0.6914
2026-10-06,2026-10-07,P,567.5,44,6,0.6719
2026-10-06,2026-10-07,P,570.0,431,217,0.6602
2026-10-06,2026-10-07,P,572.5,95,86,0.6289
2026-10-06,2026-10-07,P,575.0,1423,340,0.6211
2026-10-06,2026-10-07,P,577.5,267,32,0.7109
2026-10-06,2026-10-07,P,580.0,187,182,0.6094
2026-10-06,2026-10-07,P,582.5,259,179,0.5684
2026-10-06,2026-10-07,P,585.0,201,152,0.5742
2026-10-06,2026-10-07,P,587.5,401,152,0.6201
2026-10-06,2026-10-07,P,590.0,984,248,0.5332
2026-10-06,2026-10-07,P,592.5,332,152,0.5625
2026-10-06,2026-10-07,P,595.0,547,570,0.5371
2026-10-06,2026-10-07,P,597.5,298,668,0.502
2026-10-06,2026-10-07,P,600.0,4298,2595,0.4727
2026-10-06,2026-10-07,P,602.5,467,496,0.4697
2026-10-06,2026-10-07,P,605.0,898,1036,0.4414
2026-10-06,2026-10-07,P,607.5,198,781,0.4297
2026-10-06,2026-10-07,P,610.0,841,2249,0.4199
2026-10-06,2026-10-07,P,612.5,275,804,0.4077
2026-10-06,2026-10-07,P,615.0,364,1956,0.3965
2026-10-06,2026-10-07,P,617.5,436,1222,0.3828
2026-10-06,2026-10-07,P,620.0,509,3721,0.3779
2026-10-06,2026-10-07,P,622.5,130,966,0.3735
2026-10-06,2026-10-07,P,625.0,445,3795,0.3628
2026-10-06,2026-10-07,P,627.5,207,2154,0.3608
2026-10-06,2026-10-07,P,630.0,796,6511,0.3516
2026-10-06,2026-10-07,P,632.5,150,3633,0.3488
2026-10-06,2026-10-07,P,635.0,208,6173,0.3442
2026-10-06,2026-10-07,P,637.5,170,2551,0.3479
2026-10-06,2026-10-07,P,640.0,243,8635,0.3429
2026-10-06,2026-10-07,P,642.5,78,4671,0.334
2026-10-06,2026-10-07,P,645.0,60,8921,0.3331
2026-10-06,2026-10-07,P,647.5,53,3991,0.3377
2026-10-06,2026-10-07,P,650.0,101,8633,0.3365
2026-10-06,2026-10-07,P,652.5,10,3643,0.3538
2026-10-06,2026-10-07,P,655.0,21,8066,0.3392
2026-10-06,2026-10-07,P,657.5,8,3831,0.3588
2026-10-06,2026-10-07,P,660.0,19,3142,0.4002
2026-10-06,2026-10-07,P,662.5,22,173,0.3749
2026-10-06,2026-10-07,P,665.0,4,249,0.3845
2026-10-06,2026-10-07,P,667.5,8,77,0.4675
2026-10-06,2026-10-07,P,670.0,4,107,0.5073
2026-10-06,2026-10-07,P,672.5,1,44,0.6246
2026-10-06,2026-10-07,P,675.0,15,46,0.6257
2026-10-06,2026-10-07,P,677.5,1,10,0.6865
2026-10-06,2026-10-07,P,680.0,1,8,0.6442
2026-10-06,2026-10-07,P,687.5,15,18,0.5393
2026-10-06,2026-10-07,P,692.5,0,15,0.532
2026-10-06,2026-10-07,P,700.0,2,3,0.6353
2026-10-06,2026-10-07,P,725.0,0,4,1.2283
2026-10-06,2026-10-09,C,552.5,16,11,0.9019
2026-10-06,2026-10-09,C,555.0,173,10,0.8813
2026-10-06,2026-10-09,C,557.5,18,10,0.8923
2026-10-06,2026-10-09,C,560.0,397,16,0.8479
2026-10-06,2026-10-09,C,562.5,21,12,0.6055
2026-10-06,2026-10-09,C,565.0,294,14,0.6011
2026-10-06,2026-10-09,C,567.5,10,11,0.5947
2026-10-06,2026-10-09,C,570.0,997,22,0.772
2026-10-06,2026-10-09,C,572.5,3,10,0.5796
2026-10-06,2026-10-09,C,575.0,446,15,0.6387
2026-10-06,2026-10-09,C,577.5,2,11,0.5449
2026-10-06,2026-10-09,C,580.0,513,38,0.6709
2026-10-06,2026-10-09,C,582.5,15,11,0.6738
2026-10-06,2026-10-09,C,585.0,359,15,0.563
2026-10-06,2026-10-09,C,587.5,79,10,0.5024
2026-10-06,2026-10-09,C,590.0,312,44,0.5574
2026-10-06,2026-10-09,C,592.5,70,14,0.7988
2026-10-06,2026-10-09,C,595.0,258,66,0.5652
2026-10-06,2026-10-09,C,597.5,27,2,0.6904
2026-10-06,2026-10-09,C,600.0,1682,223,0.7147
2026-10-06,2026-10-09,C,602.5,240,34,0.5715
2026-10-06,2026-10-09,C,605.0,1158,102,0.6881
2026-10-06,2026-10-09,C,607.5,354,26,0.5405
2026-10-06,2026-10-09,C,610.0,807,363,0.5276
2026-10-06,2026-10-09,C,612.5,220,16,0.5067
2026-10-06,2026-10-09,C,615.0,1580,323,0.4987
2026-10-06,2026-10-09,C,617.5,156,53,0.4796
2026-10-06,2026-10-09,C,620.0,845,587,0.4718
2026-10-06,2026-10-09,C,622.5,326,362,0.5176
2026-10-06,2026-10-09,C,625.0,1594,222,0.4608
2026-10-06,2026-10-09,C,627.5,1582,196,0.447
2026-10-06,2026-10-09,C,630.0,1686,1328,0.441
2026-10-06,2026-10-09,C,632.5,347,560,0.4391
2026-10-06,2026-10-09,C,635.0,1555,1566,0.4343
2026-10-06,2026-10-09,C,637.5,620,792,0.4329
2026-10-06,2026-10-09,C,640.0,8073,5066,0.4284
2026-10-06,2026-10-09,C,642.5,408,1068,0.4286
2026-10-06,2026-10-09,C,645.0,2568,2420,0.4276
2026-10-06,2026-10-09,C,647.5,134,1511,0.4252
2026-10-06,2026-10-09,C,650.0,1989,8873,0.4234
2026-10-06,2026-10-09,C,652.5,1497,974,0.4258
2026-10-06,2026-10-09,C,655.0,6416,2903,0.4251
2026-10-06,2026-10-09,C,657.5,523,1763,0.4249
2026-10-06,2026-10-09,C,660.0,1561,6795,0.4255
2026-10-06,2026-10-09,C,662.5,245,625,0.4269
2026-10-06,2026-10-09,C,665.0,534,1101,0.4254
2026-10-06,2026-10-09,C,667.5,1461,465,0.427
2026-10-06,2026-10-09,C,670.0,2308,5231,0.4257
2026-10-06,2026-10-09,C,672.5,773,262,0.4309
2026-10-06,2026-10-09,C,675.0,688,1596,0.4311
2026-10-06,2026-10-09,C,677.5,208,228,0.4315
2026-10-06,2026-10-09,C,680.0,1172,3417,0.4325
2026-10-06,2026-10-09,C,682.5,240,371,0.4346
2026-10-06,2026-10-09,C,685.0,401,1003,0.4367
2026-10-06,2026-10-09,C,687.5,373,852,0.4385
2026-10-06,2026-10-09,C,690.0,611,1353,0.4402
2026-10-06,2026-10-09,C,692.5,115,337,0.4421
2026-10-06,2026-10-09,C,695.0,467,659,0.4436
2026-10-06,2026-10-09,C,697.5,188,227,0.447
2026-10-06,2026-10-09,C,700.0,2962,3627,0.4473
2026-10-06,2026-10-09,C,702.5,230,262,0.4529
2026-10-06,2026-10-09,C,705.0,721,522,0.4619
2026-10-06,2026-10-09,C,707.5,191,148,0.4648
2026-10-06,2026-10-09,C,710.0,402,1058,0.4658
2026-10-06,2026-10-09,C,712.5,42,318,0.4668
2026-10-06,2026-10-09,C,715.0,165,233,0.479
2026-10-06,2026-10-09,C,717.5,30,77,0.4839
2026-10-06,2026-10-09,C,720.0,927,705,0.4849
2026-10-06,2026-10-09,C,722.5,46,174,0.5068
2026-10-06,2026-10-09,C,725.0,1254,283,0.4863
2026-10-06,2026-10-09,C,727.5,43,104,0.5117
2026-10-06,2026-10-09,C,730.0,401,368,0.5
2026-10-06,2026-10-09,C,732.5,14,7,0.519
2026-10-06,2026-10-09,C,735.0,167,384,0.5156
2026-10-06,2026-10-09,C,737.5,5,17,0.5649
2026-10-06,2026-10-09,C,740.0,403,187,0.5147
2026-10-06,2026-10-09,P,552.5,470,134,0.6856
2026-10-06,2026-10-09,P,555.0,470,44,0.689
2026-10-06,2026-10-09,P,557.5,185,142,0.6045
2026-10-06,2026-10-09,P,560.0,1817,856,0.6016
2026-10-06,2026-10-09,P,562.5,261,25,0.5977
2026-10-06,2026-10-09,P,565.0,561,83,0.584
2026-10-06,2026-10-09,P,567.5,287,80,0.6123
2026-10-06,2026-10-09,P,570.0,942,2527,0.5566
2026-10-06,2026-10-09,P,572.5,260,53,0.5781
2026-10-06,2026-10-09,P,575.0,2207,1213,0.5327
2026-10-06,2026-10-09,P,577.5,440,21,0.562
2026-10-06,2026-10-09,P,580.0,1845,365,0.5093
2026-10-06,2026-10-09,P,582.5,514,138,0.5186
2026-10-06,2026-10-09,P,585.0,1047,497,0.501
2026-10-06,2026-10-09,P,587.5,382,513,0.4941
2026-10-06,2026-10-09,P,590.0,1904,926,0.4785
2026-10-06,2026-10-09,P,592.5,466,311,0.4744
2026-10-06,2026-10-09,P,595.0,1203,569,0.4644
2026-10-06,2026-10-09,P,597.5,273,276,0.4585
2026-10-06,2026-10-09,P,600.0,3722,3482,0.4556
2026-10-06,2026-10-09,P,602.5,337,290,0.4463
2026-10-06,2026-10-09,P,605.0,677,3005,0.4419
2026-10-06,2026-10-09,P,607.5,458,3948,0.4365
2026-10-06,2026-10-09,P,610.0,1067,1640,0.4312
2026-10-06,2026-10-09,P,612.5,469,374,0.4299
2026-10-06,2026-10-09,P,615.0,714,2014,0.4241
2026-10-06,2026-10-09,P,617.5,220,571,0.4235
2026-10-06,2026-10-09,P,620.0,1578,2111,0.4218
2026-10-06,2026-10-09,P,622.5,362,386,0.4231
2026-10-06,2026-10-09,P,625.0,597,1711,0.4149
2026-10-06,2026-10-09,P,627.5,294,854,0.4155
2026-10-06,2026-10-09,P,630.0,949,2974,0.4113
2026-10-06,2026-10-09,P,632.5,339,644,0.4155
2026-10-06,2026-10-09,P,635.0,352,1442,0.4119
2026-10-06,2026-10-09,P,637.5,134,810,0.4072
2026-10-06,2026-10-09,P,640.0,198,2322,0.4115
2026-10-06,2026-10-09,P,642.5,54,590,0.4103
2026-10-06,2026-10-09,P,645.0,188,2014,0.4152
2026-10-06,2026-10-09,P,647.5,43,655,0.4056
2026-10-06,2026-10-09,P,650.0,147,1966,0.4113
2026-10-06,2026-10-09,P,652.5,10,911,0.4191
2026-10-06,2026-10-09,P,655.0,79,2536,0.4108
2026-10-06,2026-10-09,P,657.5,30,561,0.4219
2026-10-06,2026-10-09,P,660.0,128,546,0.4341
2026-10-06,2026-10-09,P,662.5,33,297,0.4298
2026-10-06,2026-10-09,P,665.0,31,95,0.4346
2026-10-06,2026-10-09,P,670.0,68,92,0.4405
2026-10-06,2026-10-09,P,672.5,15,60,0.4678
2026-10-06,2026-10-09,P,675.0,8,79,0.4774
2026-10-06,2026-10-09,P,677.5,1,5,0.5204
2026-10-06,2026-10-09,P,680.0,23,114,0.5631
2026-10-06,2026-10-09,P,685.0,22,10,0.4794
2026-10-06,2026-10-09,P,695.0,1,2,0.6782
2026-10-06,2026-10-09,P,700.0,7,7,0.6621
2026-10-06,2026-10-09,P,707.5,30,30,0.6787
2026-10-06,2026-10-09,P,710.0,7,2,0.7511
2026-10-06,2026-10-09,P,712.5,1,2,0.7324
2026-10-06,2026-10-09,P,720.0,0,1,0.51
2026-10-06,2026-10-09,P,725.0,0,2,0.5439
2026-10-06,2026-10-09,P,730.0,0,34,0.5596
2026-10-06,2026-10-09,P,740.0,0,10,0.9795
2026-10-06,2026-10-12,C,555.0,31,2,0.6904
2026-10-06,2026-10-12,C,560.0,4,11,0.5171
2026-10-06,2026-10-12,C,565.0,17,1,0.743
2026-10-06,2026-10-12,C,567.5,8,0,0.7288
2026-10-06,2026-10-12,C,570.0,32,15,0.5889
2026-10-06,2026-10-12,C,575.0,13,5,0.5112
2026-10-06,2026-10-12,C,580.0,4,25,0.5071
2026-10-06,2026-10-12,C,582.5,3,16,0.6329
2026-10-06,2026-10-12,C,585.0,5,22,0.6619
2026-10-06,2026-10-12,C,587.5,21,4,0.6022
2026-10-06,2026-10-12,C,590.0,28,4,0.6799
2026-10-06,2026-10-12,C,592.5,6,1,0.6644
2026-10-06,2026-10-12,C,595.0,21,5,0.6486
2026-10-06,2026-10-12,C,597.5,6,1,0.5649
2026-10-06,2026-10-12,C,600.0,163,12,0.6271
2026-10-06,2026-10-12,C,602.5,18,1,0.6123
2026-10-06,2026-10-12,C,605.0,126,1,0.5476
2026-10-06,2026-10-12,C,607.5,55,1,0.5023
2026-10-06,2026-10-12,C,610.0,51,26,0.5145
2026-10-06,2026-10-12,C,612.5,112,102,0.5316
2026-10-06,2026-10-12,C,615.0,46,2,0.484
2026-10-06,2026-10-12,C,617.5,21,41,0.468
2026-10-06,2026-10-12,C,620.0,58,5,0.4846
2026-10-06,2026-10-12,C,622.5,7,7,0.4772
2026-10-06,2026-10-12,C,625.0,157,25,0.4308
2026-10-06,2026-10-12,C,627.5,27,47,0.424
2026-10-06,2026-10-12,C,630.0,82,137,0.4432
2026-10-06,2026-10-12,C,632.5,49,209,0.4266
2026-10-06,2026-10-12,C,635.0,70,270,0.3846
2026-10-06,2026-10-12,C,637.5,34,142,0.3861
2026-10-06,2026-10-12,C,640.0,134,316,0.3796
2026-10-06,2026-10-12,C,642.5,60,109,0.38
2026-10-06,2026-10-12,C,645.0,31,162,0.3783
2026-10-06,2026-10-12,C,647.5,19,219,0.3774
2026-10-06,2026-10-12,C,650.0,60,524,0.3772
2026-10-06,2026-10-12,C,655.0,34,530,0.3763
2026-10-06,2026-10-12,C,657.5,26,449,0.377
2026-10-06,2026-10-12,C,660.0,42,446,0.3772
2026-10-06,2026-10-12,C,662.5,23,140,0.3783
2026-10-06,2026-10-12,C,665.0,11,175,0.379
2026-10-06,2026-10-12,C,667.5,14,73,0.3856
2026-10-06,2026-10-12,C,670.0,43,351,0.3809
2026-10-06,2026-10-12,C,672.5,47,458,0.3806
2026-10-06,2026-10-12,C,675.0,34,204,0.3819
2026-10-06,2026-10-12,C,677.5,56,74,0.3832
2026-10-06,2026-10-12,C,680.0,39,134,0.3848
2026-10-06,2026-10-12,C,682.5,16,10,0.3866
2026-10-06,2026-10-12,C,685.0,24,53,0.3859
2026-10-06,2026-10-12,C,687.5,19,25,0.3884
2026-10-06,2026-10-12,C,690.0,27,155,0.3883
2026-10-06,2026-10-12,C,692.5,3,28,0.3901
2026-10-06,2026-10-12,C,695.0,3,66,0.3922
2026-10-06,2026-10-12,C,697.5,3,41,0.3947
2026-10-06,2026-10-12,C,700.0,31,469,0.3956
2026-10-06,2026-10-12,C,702.5,2,36,0.3987
2026-10-06,2026-10-12,C,705.0,21,46,0.3998
2026-10-06,2026-10-12,C,710.0,5,129,0.4054
2026-10-06,2026-10-12,C,712.5,5,7,0.4089
2026-10-06,2026-10-12,C,715.0,6,68,0.4377
2026-10-06,2026-10-12,C,717.5,7,127,0.4309
2026-10-06,2026-10-12,C,720.0,15,103,0.4544
2026-10-06,2026-10-12,C,722.5,4,30,0.4578
2026-10-06,2026-10-12,C,735.0,8,55,0.4741
2026-10-06,2026-10-12,C,740.0,6,51,0.5044
2026-10-06,2026-10-12,P,552.5,3,2,0.501
2026-10-06,2026-10-12,P,555.0,261,18,0.5454
2026-10-06,2026-10-12,P,557.5,38,8,0.5171
2026-10-06,2026-10-12,P,560.0,92,15,0.5039
2026-10-06,2026-10-12,P,562.5,137,8,0.5469
2026-10-06,2026-10-12,P,565.0,50,2,0.4917
2026-10-06,2026-10-12,P,567.5,5,13,0.5237
2026-10-06,2026-10-12,P,570.0,21,91,0.4736
2026-10-06,2026-10-12,P,572.5,14,72,0.4644
2026-10-06,2026-10-12,P,575.0,39,96,0.4565
2026-10-06,2026-10-12,P,577.5,24,59,0.4739
2026-10-06,2026-10-12,P,580.0,104,73,0.4636
2026-10-06,2026-10-12,P,582.5,5,75,0.4583
2026-10-06,2026-10-12,P,585.0,147,40,0.4565
2026-10-06,2026-10-12,P,587.5,22,34,0.4199
2026-10-06,2026-10-12,P,590.0,62,102,0.441
2026-10-06,2026-10-12,P,592.5,44,99,0.4369
2026-10-06,2026-10-12,P,595.0,186,45,0.4041
2026-10-06,2026-10-12,P,597.5,13,57,0.3981
2026-10-06,2026-10-12,P,600.0,183,346,0.3927
2026-10-06,2026-10-12,P,602.5,23,48,0.3908
2026-10-06,2026-10-12,P,605.0,189,53,0.3878
2026-10-06,2026-10-12,P,607.5,41,32,0.3845
2026-10-06,2026-10-12,P,610.0,158,331,0.3814
2026-10-06,2026-10-12,P,612.5,37,160,0.382
2026-10-06,2026-10-12,P,615.0,30,89,0.3755
2026-10-06,2026-10-12,P,617.5,32,88,0.3733
2026-10-06,2026-10-12,P,620.0,42,144,0.3749
2026-10-06,2026-10-12,P,622.5,2,194,0.3725
2026-10-06,2026-10-12,P,625.0,66,89,0.3702
2026-10-06,2026-10-12,P,627.5,54,32,0.3713
2026-10-06,2026-10-12,P,630.0,80,269,0.3702
2026-10-06,2026-10-12,P,632.5,76,125,0.3687
2026-10-06,2026-10-12,P,635.0,30,163,0.3651
2026-10-06,2026-10-12,P,637.5,8,267,0.3673
2026-10-06,2026-10-12,P,640.0,7,464,0.3686
2026-10-06,2026-10-12,P,642.5,4,87,0.3691
2026-10-06,2026-10-12,P,645.0,7,303,0.3676
2026-10-06,2026-10-12,P,647.5,1,953,0.3682
2026-10-06,2026-10-12,P,652.5,5,88,0.3699
2026-10-06,2026-10-12,P,655.0,2,600,0.3713
2026-10-06,2026-10-12,P,657.5,1,139,0.3805
2026-10-06,2026-10-12,P,680.0,2,1,0.4582
2026-10-06,2026-10-12,P,700.0,5,29,0.5125
2026-10-06,2026-10-12,P,740.0,0,2,0.6873
2026-10-06,2026-10-14,C,555.0,24,0,0.5957
2026-10-06,2026-10-14,C,560.0,23,3,0.5756
2026-10-06,2026-10-14,C,565.0,2,16,0.5918
2026-10-06,2026-10-14,C,570.0,3,17,0.517
2026-10-06,2026-10-14,C,575.0,10,1,0.5471
2026-10-06,2026-10-14,C,585.0,22,1,0.6241
2026-10-06,2026-10-14,C,590.0,2,0,0.6395
2026-10-06,2026-10-14,C,595.0,2,1,0.5781
2026-10-06,2026-10-14,C,597.5,5,0,0.5372
2026-10-06,2026-10-14,C,600.0,5,2,0.5294
2026-10-06,2026-10-14,C,602.5,6,5,0.5768
2026-10-06,2026-10-14,C,605.0,9,0,0.5137
2026-10-06,2026-10-14,C,607.5,23,2,0.5289
2026-10-06,2026-10-14,C,610.0,16,2,0.5212
2026-10-06,2026-10-14,C,612.5,3,2,0.5145
2026-10-06,2026-10-14,C,615.0,25,15,0.5085
2026-10-06,2026-10-14,C,617.5,10,3,0.4845
2026-10-06,2026-10-14,C,620.0,106,7,0.4909
2026-10-06,2026-10-14,C,622.5,1,8,0.4766
2026-10-06,2026-10-14,C,625.0,44,26,0.4846
2026-10-06,2026-10-14,C,627.5,30,33,0.4419
2026-10-06,2026-10-14,C,630.0,96,73,0.4792
2026-10-06,2026-10-14,C,632.5,69,250,0.4721
2026-10-06,2026-10-14,C,635.0,90,33,0.4652
2026-10-06,2026-10-14,C,637.5,71,31,0.4752
2026-10-06,2026-10-14,C,640.0,88,93,0.466
2026-10-06,2026-10-14,C,642.5,26,29,0.4706
2026-10-06,2026-10-14,C,645.0,84,110,0.4317
2026-10-06,2026-10-14,C,647.5,18,81,0.4696
2026-10-06,2026-10-14,C,650.0,144,251,0.4236
2026-10-06,2026-10-14,C,655.0,66,129,0.4456
2026-10-06,2026-10-14,C,660.0,33,60,0.4339
2026-10-06,2026-10-14,C,665.0,18,34,0.4238
2026-10-06,2026-10-14,C,670.0,23,211,0.445
2026-10-06,2026-10-14,C,675.0,10,58,0.4318
2026-10-06,2026-10-14,C,680.0,23,87,0.4624
2026-10-06,2026-10-14,C,690.0,16,60,0.4559
2026-10-06,2026-10-14,C,700.0,34,55,0.4531
2026-10-06,2026-10-14,C,705.0,8,11,0.457
2026-10-06,2026-10-14,C,710.0,15,81,0.4554
2026-10-06,2026-10-14,C,715.0,2,3,0.5021
2026-10-06,2026-10-14,C,720.0,31,13,0.4501
2026-10-06,2026-10-14,C,730.0,21,13,0.5089
2026-10-06,2026-10-14,C,740.0,19,5,0.4983
2026-10-06,2026-10-14,P,555.0,9,9,0.5169
2026-10-06,2026-10-14,P,560.0,50,5,0.5335
2026-10-06,2026-10-14,P,565.0,8,8,0.521
2026-10-06,2026-10-14,P,570.0,68,24,0.4938
2026-10-06,2026-10-14,P,572.5,2,11,0.5032
2026-10-06,2026-10-14,P,575.0,76,1,0.4854
2026-10-06,2026-10-14,P,577.5,13,14,0.4847
2026-10-06,2026-10-14,P,580.0,67,25,0.4585
2026-10-06,2026-10-14,P,582.5,11,1,0.462
2026-10-06,2026-10-14,P,585.0,8,3,0.462
2026-10-06,2026-10-14,P,587.5,20,130,0.4564
2026-10-06,2026-10-14,P,590.0,32,14,0.4489
2026-10-06,2026-10-14,P,592.5,9,1,0.4445
2026-10-06,2026-10-14,P,595.0,19,16,0.4402
2026-10-06,2026-10-14,P,597.5,10,3,0.4414
2026-10-06,2026-10-14,P,600.0,76,114,0.4289
2026-10-06,2026-10-14,P,602.5,11,6,0.4367
2026-10-06,2026-10-14,P,605.0,48,60,0.447
2026-10-06,2026-10-14,P,607.5,20,24,0.4458
2026-10-06,2026-10-14,P,610.0,72,32,0.4199
2026-10-06,2026-10-14,P,612.5,75,33,0.4413
2026-10-06,2026-10-14,P,615.0,29,25,0.445
2026-10-06,2026-10-14,P,617.5,13,21,0.4435
2026-10-06,2026-10-14,P,620.0,66,54,0.4169
2026-10-06,2026-10-14,P,622.5,9,13,0.4624
2026-10-06,2026-10-14,P,625.0,117,26,0.4463
2026-10-06,2026-10-14,P,627.5,9,10,0.4467
2026-10-06,2026-10-14,P,630.0,20,41,0.4443
2026-10-06,2026-10-14,P,632.5,5,5,0.4433
2026-10-06,2026-10-14,P,635.0,21,30,0.4567
2026-10-06,2026-10-14,P,637.5,10,24,0.4424
2026-10-06,2026-10-14,P,640.0,21,89,0.4095
2026-10-06,2026-10-14,P,642.5,24,8,0.4211
2026-10-06,2026-10-14,P,645.0,7,236,0.4112
2026-10-06,2026-10-14,P,647.5,11,26,0.4393
2026-10-06,2026-10-14,P,650.0,1,55,0.4106
2026-10-06,2026-10-14,P,660.0,3,9,0.457
2026-10-06,2026-10-14,P,690.0,1,1,0.514
2026-10-06,2026-10-16,C,552.5,22,1,0.5588
2026-10-06,2026-10-16,C,555.0,57,6,0.5531
2026-10-06,2026-10-16,C,557.5,22,6,0.5491
2026-10-06,2026-10-16,C,560.0,2019,28,0.5975
2026-10-06,2026-10-16,C,562.5,99,100,0.5372
2026-10-06,2026-10-16,C,565.0,174,101,0.5297
2026-10-06,2026-10-16,C,570.0,1614,31,0.5415
2026-10-06,2026-10-16,C,575.0,714,3,0.531
2026-10-06,2026-10-16,C,580.0,2450,170,0.5183
2026-10-06,2026-10-16,C,585.0,167,14,0.5024
2026-10-06,2026-10-16,C,590.0,1507,85,0.5046
2026-10-06,2026-10-16,C,595.0,278,32,0.5483
2026-10-06,2026-10-16,C,600.0,5926,726,0.509
2026-10-06,2026-10-16,C,605.0,764,48,0.4863
2026-10-06,2026-10-16,C,610.0,3107,181,0.4821
2026-10-06,2026-10-16,C,615.0,1336,186,0.487
2026-10-06,2026-10-16,C,620.0,2257,344,0.4617
2026-10-06,2026-10-16,C,630.0,3770,1613,0.4663
2026-10-06,2026-10-16,C,640.0,2291,2685,0.4466
2026-10-06,2026-10-16,C,650.0,3171,4334,0.4399
2026-10-06,2026-10-16,C,660.0,2722,3091,0.4445
2026-10-06,2026-10-16,C,670.0,1271,1105,0.4445
2026-10-06,2026-10-16,C,680.0,2598,1307,0.4471
2026-10-06,2026-10-16,C,690.0,1905,1066,0.4498
2026-10-06,2026-10-16,C,700.0,7712,3406,0.4523
2026-10-06,2026-10-16,C,710.0,1736,714,0.4601
2026-10-06,2026-10-16,C,720.0,2136,531,0.4635
2026-10-06,2026-10-16,C,730.0,846,235,0.4688
2026-10-06,2026-10-16,C,740.0,865,697,0.48
2026-10-06,2026-10-16,P,552.5,259,40,0.5332
2026-10-06,2026-10-16,P,555.0,285,444,0.5242
2026-10-06,2026-10-16,P,557.5,769,242,0.5059
2026-10-06,2026-10-16,P,560.0,3299,1118,0.5029
2026-10-06,2026-10-16,P,562.5,282,151,0.5049
2026-10-06,2026-10-16,P,565.0,707,120,0.4983
2026-10-06,2026-10-16,P,570.0,1805,313,0.4882
2026-10-06,2026-10-16,P,575.0,672,479,0.4758
2026-10-06,2026-10-16,P,580.0,2656,1420,0.4655
2026-10-06,2026-10-16,P,585.0,987,372,0.4594
2026-10-06,2026-10-16,P,590.0,1325,648,0.4522
2026-10-06,2026-10-16,P,595.0,1179,392,0.4501
2026-10-06,2026-10-16,P,600.0,4053,2322,0.4398
2026-10-06,2026-10-16,P,605.0,902,221,0.4358
2026-10-06,2026-10-16,P,610.0,1627,678,0.4343
2026-10-06,2026-10-16,P,615.0,698,486,0.4328
2026-10-06,2026-10-16,P,620.0,1450,982,0.4296
2026-10-06,2026-10-16,P,630.0,628,753,0.4229
2026-10-06,2026-10-16,P,640.0,572,739,0.4265
2026-10-06,2026-10-16,P,650.0,230,623,0.4292
2026-10-06,2026-10-16,P,660.0,166,277,0.4506
2026-10-06,2026-10-16,P,670.0,131,76,0.4628
2026-10-06,2026-10-16,P,680.0,127,49,0.4631
2026-10-06,2026-10-16,P,690.0,54,27,0.5082
2026-10-06,2026-10-16,P,700.0,60,87,0.4565
2026-10-06,2026-10-16,P,710.0,4,14,0.5217
2026-10-06,2026-10-16,P,720.0,3,3,0.5508
2026-10-06,2026-10-16,P,730.0,4,2,0.5597
2026-10-06,2026-10-16,P,740.0,23,4,0.586
