fecha,exp,tipo,strike,oi,vol,iv
2026-09-24,2026-09-25,C,1400.0,3,1,1.9282
2026-09-24,2026-09-25,C,1405.0,3,2,1.832
2026-09-24,2026-09-25,C,1410.0,4,1,1.8184
2026-09-24,2026-09-25,C,1425.0,4,2,1.7065
2026-09-24,2026-09-25,C,1430.0,3,1,1.7803
2026-09-24,2026-09-25,C,1450.0,5,1,1.3369
2026-09-24,2026-09-25,C,1455.0,6,2,1.3672
2026-09-24,2026-09-25,C,1460.0,1,1,1.3428
2026-09-24,2026-09-25,C,1465.0,5,8,1.2656
2026-09-24,2026-09-25,C,1470.0,4,0,1.3364
2026-09-24,2026-09-25,C,1475.0,2,2,1.2178
2026-09-24,2026-09-25,C,1480.0,6,2,1.2451
2026-09-24,2026-09-25,C,1485.0,6,2,1.2202
2026-09-24,2026-09-25,C,1490.0,24,1,1.1465
2026-09-24,2026-09-25,C,1495.0,6,1,1.1719
2026-09-24,2026-09-25,C,1500.0,12,1,1.1475
2026-09-24,2026-09-25,C,1505.0,0,4,0.0
2026-09-24,2026-09-25,C,1510.0,3,4,1.0986
2026-09-24,2026-09-25,C,1520.0,1,0,1.1172
2026-09-24,2026-09-25,C,1530.0,2,1,1.0361
2026-09-24,2026-09-25,C,1540.0,1,0,0.9707
2026-09-24,2026-09-25,C,1545.0,1,3,0.9102
2026-09-24,2026-09-25,C,1550.0,2,2,0.9219
2026-09-24,2026-09-25,C,1555.0,5,0,0.8628
2026-09-24,2026-09-25,C,1560.0,3,0,0.9014
2026-09-24,2026-09-25,C,1565.0,5,0,0.8486
2026-09-24,2026-09-25,C,1570.0,17,1,0.792
2026-09-24,2026-09-25,C,1575.0,11,1,0.8706
2026-09-24,2026-09-25,C,1580.0,26,1,0.7749
2026-09-24,2026-09-25,C,1585.0,6,1,0.7637
2026-09-24,2026-09-25,C,1590.0,14,11,0.8494
2026-09-24,2026-09-25,C,1595.0,10,3,0.7363
2026-09-24,2026-09-25,C,1600.0,58,5,0.6494
2026-09-24,2026-09-25,C,1605.0,23,1,0.6953
2026-09-24,2026-09-25,C,1610.0,23,10,0.6499
2026-09-24,2026-09-25,C,1615.0,4,1,0.6436
2026-09-24,2026-09-25,C,1620.0,27,1,0.626
2026-09-24,2026-09-25,C,1625.0,1,1,0.615
2026-09-24,2026-09-25,C,1630.0,14,3,0.5483
2026-09-24,2026-09-25,C,1635.0,355,1,0.8647
2026-09-24,2026-09-25,C,1640.0,88,3,0.5469
2026-09-24,2026-09-25,C,1645.0,30,3,0.5418
2026-09-24,2026-09-25,C,1650.0,68,18,0.5079
2026-09-24,2026-09-25,C,1655.0,19,3,0.8726
2026-09-24,2026-09-25,C,1660.0,39,6,0.8394
2026-09-24,2026-09-25,C,1665.0,15,4,0.5013
2026-09-24,2026-09-25,C,1670.0,51,1,0.8004
2026-09-24,2026-09-25,C,1675.0,16,1,0.7526
2026-09-24,2026-09-25,C,1680.0,328,4,0.7531
2026-09-24,2026-09-25,C,1685.0,14,20,0.7494
2026-09-24,2026-09-25,C,1690.0,19,1,0.6485
2026-09-24,2026-09-25,C,1695.0,9,5,0.5965
2026-09-24,2026-09-25,C,1700.0,146,32,0.5432
2026-09-24,2026-09-25,C,1705.0,28,4,0.5304
2026-09-24,2026-09-25,C,1710.0,53,41,0.625
2026-09-24,2026-09-25,C,1715.0,27,45,0.5073
2026-09-24,2026-09-25,C,1720.0,73,55,0.4987
2026-09-24,2026-09-25,C,1722.5,17,39,0.481
2026-09-24,2026-09-25,C,1725.0,153,14,0.4896
2026-09-24,2026-09-25,C,1727.5,62,32,0.4883
2026-09-24,2026-09-25,C,1730.0,107,23,0.4854
2026-09-24,2026-09-25,C,1732.5,30,12,0.4836
2026-09-24,2026-09-25,C,1735.0,39,65,0.4658
2026-09-24,2026-09-25,C,1737.5,8,76,0.4782
2026-09-24,2026-09-25,C,1740.0,138,153,0.4653
2026-09-24,2026-09-25,C,1742.5,47,7,0.478
2026-09-24,2026-09-25,C,1745.0,87,39,0.477
2026-09-24,2026-09-25,C,1750.0,214,167,0.4733
2026-09-24,2026-09-25,C,1755.0,58,39,0.462
2026-09-24,2026-09-25,C,1760.0,77,61,0.47
2026-09-24,2026-09-25,C,1765.0,55,5,0.4773
2026-09-24,2026-09-25,C,1770.0,119,23,0.489
2026-09-24,2026-09-25,C,1775.0,76,35,0.4943
2026-09-24,2026-09-25,C,1780.0,125,23,0.5033
2026-09-24,2026-09-25,C,1785.0,53,51,0.5149
2026-09-24,2026-09-25,C,1790.0,246,28,0.4963
2026-09-24,2026-09-25,C,1795.0,48,17,0.5016
2026-09-24,2026-09-25,C,1800.0,624,183,0.5508
2026-09-24,2026-09-25,C,1805.0,250,28,0.5093
2026-09-24,2026-09-25,C,1810.0,66,20,0.5198
2026-09-24,2026-09-25,C,1815.0,19,22,0.5239
2026-09-24,2026-09-25,C,1820.0,137,106,0.5376
2026-09-24,2026-09-25,C,1825.0,49,7,0.5396
2026-09-24,2026-09-25,C,1830.0,59,29,0.6523
2026-09-24,2026-09-25,C,1835.0,120,27,0.6135
2026-09-24,2026-09-25,C,1840.0,91,15,0.6035
2026-09-24,2026-09-25,C,1845.0,25,14,0.5898
2026-09-24,2026-09-25,C,1850.0,367,32,0.6011
2026-09-24,2026-09-25,C,1855.0,27,1,0.6016
2026-09-24,2026-09-25,C,1860.0,167,38,0.5801
2026-09-24,2026-09-25,C,1865.0,42,13,0.6772
2026-09-24,2026-09-25,C,1870.0,327,14,0.7202
2026-09-24,2026-09-25,C,1875.0,250,1,0.7402
2026-09-24,2026-09-25,C,1880.0,142,5,0.7671
2026-09-24,2026-09-25,C,1885.0,55,60,0.7871
2026-09-24,2026-09-25,C,1890.0,28,24,0.8066
2026-09-24,2026-09-25,C,1895.0,25,1,0.834
2026-09-24,2026-09-25,C,1900.0,231,5,0.792
2026-09-24,2026-09-25,C,1905.0,32,9,1.3933
2026-09-24,2026-09-25,C,1910.0,24,3,1.1919
2026-09-24,2026-09-25,C,1915.0,11,2,1.4467
2026-09-24,2026-09-25,C,1920.0,56,23,1.473
2026-09-24,2026-09-25,C,1925.0,16,10,1.4991
2026-09-24,2026-09-25,C,1930.0,22,12,1.5251
2026-09-24,2026-09-25,C,1935.0,26,6,1.551
2026-09-24,2026-09-25,C,1940.0,289,260,1.5767
2026-09-24,2026-09-25,C,1945.0,4,2,1.6023
2026-09-24,2026-09-25,C,1950.0,245,1,1.3604
2026-09-24,2026-09-25,C,1955.0,3,2,1.6528
2026-09-24,2026-09-25,C,1960.0,2,1,1.6779
2026-09-24,2026-09-25,C,1965.0,1,0,1.7028
2026-09-24,2026-09-25,C,1970.0,5,2,1.7275
2026-09-24,2026-09-25,C,1975.0,0,12,0.5
2026-09-24,2026-09-25,C,1980.0,20,10,1.7766
2026-09-24,2026-09-25,C,1985.0,7,2,1.801
2026-09-24,2026-09-25,C,1990.0,12,1,1.8252
2026-09-24,2026-09-25,C,1995.0,13,2,1.8492
2026-09-24,2026-09-25,C,2000.0,187,2,1.8732
2026-09-24,2026-09-25,C,2010.0,9,2,1.0117
2026-09-24,2026-09-25,C,2020.0,50,10,1.9677
2026-09-24,2026-09-25,C,2030.0,18,10,2.0142
2026-09-24,2026-09-25,C,2040.0,12,10,2.0603
2026-09-24,2026-09-25,C,2050.0,9,3,2.1058
2026-09-24,2026-09-25,C,2060.0,18,3,2.151
2026-09-24,2026-09-25,P,1380.0,26,3,1.7715
2026-09-24,2026-09-25,P,1385.0,29,1,2.9548
2026-09-24,2026-09-25,P,1390.0,16,34,1.3867
2026-09-24,2026-09-25,P,1395.0,15,1,1.2891
2026-09-24,2026-09-25,P,1400.0,45,14,1.9595
2026-09-24,2026-09-25,P,1405.0,46,6,2.8019
2026-09-24,2026-09-25,P,1410.0,20,1,2.4775
2026-09-24,2026-09-25,P,1415.0,54,4,2.7257
2026-09-24,2026-09-25,P,1420.0,47,30,2.4651
2026-09-24,2026-09-25,P,1425.0,73,16,2.6499
2026-09-24,2026-09-25,P,1430.0,12,6,2.3174
2026-09-24,2026-09-25,P,1435.0,21,21,2.2922
2026-09-24,2026-09-25,P,1440.0,63,29,2.2477
2026-09-24,2026-09-25,P,1445.0,17,6,2.4985
2026-09-24,2026-09-25,P,1450.0,191,4,2.1687
2026-09-24,2026-09-25,P,1455.0,14,11,2.134
2026-09-24,2026-09-25,P,1460.0,136,6,2.0996
2026-09-24,2026-09-25,P,1465.0,12,12,2.0652
2026-09-24,2026-09-25,P,1470.0,53,6,0.9883
2026-09-24,2026-09-25,P,1475.0,13,1,1.9962
2026-09-24,2026-09-25,P,1480.0,77,1,1.4807
2026-09-24,2026-09-25,P,1485.0,267,11,1.8037
2026-09-24,2026-09-25,P,1490.0,74,7,1.8931
2026-09-24,2026-09-25,P,1495.0,198,1,1.647
2026-09-24,2026-09-25,P,1500.0,165,20,1.3921
2026-09-24,2026-09-25,P,1505.0,27,1,1.3811
2026-09-24,2026-09-25,P,1510.0,69,18,0.9219
2026-09-24,2026-09-25,P,1515.0,55,1,1.3557
2026-09-24,2026-09-25,P,1520.0,115,11,1.687
2026-09-24,2026-09-25,P,1525.0,44,6,1.2632
2026-09-24,2026-09-25,P,1530.0,191,37,1.2832
2026-09-24,2026-09-25,P,1535.0,35,1,0.8633
2026-09-24,2026-09-25,P,1540.0,141,15,1.5264
2026-09-24,2026-09-25,P,1545.0,33,15,0.8896
2026-09-24,2026-09-25,P,1550.0,81,12,0.7773
2026-09-24,2026-09-25,P,1555.0,245,2,1.1104
2026-09-24,2026-09-25,P,1560.0,350,6,1.4119
2026-09-24,2026-09-25,P,1565.0,115,19,0.6914
2026-09-24,2026-09-25,P,1570.0,144,32,0.773
2026-09-24,2026-09-25,P,1575.0,148,2,0.6885
2026-09-24,2026-09-25,P,1580.0,95,12,0.813
2026-09-24,2026-09-25,P,1585.0,92,5,0.9375
2026-09-24,2026-09-25,P,1590.0,125,27,0.9087
2026-09-24,2026-09-25,P,1595.0,81,3,0.7659
2026-09-24,2026-09-25,P,1600.0,371,83,0.5801
2026-09-24,2026-09-25,P,1605.0,38,23,0.8074
2026-09-24,2026-09-25,P,1610.0,42,35,0.5947
2026-09-24,2026-09-25,P,1615.0,66,69,0.5371
2026-09-24,2026-09-25,P,1620.0,111,86,0.5147
2026-09-24,2026-09-25,P,1625.0,76,40,0.5303
2026-09-24,2026-09-25,P,1630.0,99,29,0.5435
2026-09-24,2026-09-25,P,1635.0,80,44,0.5227
2026-09-24,2026-09-25,P,1640.0,69,54,0.5051
2026-09-24,2026-09-25,P,1645.0,203,21,0.5005
2026-09-24,2026-09-25,P,1650.0,398,84,0.4856
2026-09-24,2026-09-25,P,1655.0,40,33,0.5161
2026-09-24,2026-09-25,P,1660.0,64,41,0.509
2026-09-24,2026-09-25,P,1665.0,50,233,0.4981
2026-09-24,2026-09-25,P,1670.0,114,91,0.4838
2026-09-24,2026-09-25,P,1675.0,96,70,0.4719
2026-09-24,2026-09-25,P,1680.0,96,38,0.4707
2026-09-24,2026-09-25,P,1685.0,44,64,0.4679
2026-09-24,2026-09-25,P,1690.0,28,24,0.4594
2026-09-24,2026-09-25,P,1695.0,127,63,0.4565
2026-09-24,2026-09-25,P,1700.0,231,51,0.4509
2026-09-24,2026-09-25,P,1705.0,11,4,0.4487
2026-09-24,2026-09-25,P,1710.0,41,29,0.4459
2026-09-24,2026-09-25,P,1715.0,13,119,0.445
2026-09-24,2026-09-25,P,1720.0,42,25,0.4457
2026-09-24,2026-09-25,P,1722.5,8,1,0.4448
2026-09-24,2026-09-25,P,1725.0,37,8,0.4451
2026-09-24,2026-09-25,P,1727.5,12,7,0.4464
2026-09-24,2026-09-25,P,1730.0,92,37,0.4459
2026-09-24,2026-09-25,P,1732.5,24,10,0.4494
2026-09-24,2026-09-25,P,1735.0,14,5,0.4601
2026-09-24,2026-09-25,P,1737.5,6,12,0.4811
2026-09-24,2026-09-25,P,1740.0,40,4,0.5073
2026-09-24,2026-09-25,P,1742.5,2,2,0.5297
2026-09-24,2026-09-25,P,1745.0,25,7,0.5576
2026-09-24,2026-09-25,P,1750.0,59,69,0.4631
2026-09-24,2026-09-25,P,1755.0,6,1,0.6589
2026-09-24,2026-09-25,P,1760.0,40,1,0.6712
2026-09-24,2026-09-25,P,1765.0,6,3,0.7246
2026-09-24,2026-09-25,P,1770.0,32,2,0.7462
2026-09-24,2026-09-25,P,1775.0,1,1,0.6791
2026-09-24,2026-09-25,P,1780.0,10,1,0.7327
2026-09-24,2026-09-25,P,1785.0,6,4,0.825
2026-09-24,2026-09-25,P,1790.0,3,4,0.8229
2026-09-24,2026-09-25,P,1795.0,4,2,0.8509
2026-09-24,2026-09-25,P,1800.0,26,1,0.5718
2026-09-24,2026-09-25,P,1810.0,8,1,0.9472
2026-09-24,2026-09-25,P,1815.0,11,1,0.5359
2026-09-24,2026-09-25,P,1820.0,1,0,1.0007
2026-09-24,2026-09-25,P,1830.0,2,1,0.543
2026-09-24,2026-09-25,P,1835.0,5,1,0.5767
2026-09-24,2026-09-25,P,1850.0,5,1,0.6392
2026-09-24,2026-09-25,P,1870.0,0,3,0.6885
2026-09-24,2026-09-25,P,2020.0,0,1,0.0
2026-09-24,2026-10-02,C,1380.0,1,0,0.8423
2026-09-24,2026-10-02,C,1400.0,5,3,0.7545
2026-09-24,2026-10-02,C,1405.0,3,4,0.7344
2026-09-24,2026-10-02,C,1410.0,4,4,0.7073
2026-09-24,2026-10-02,C,1415.0,0,2,0.8076
2026-09-24,2026-10-02,C,1420.0,3,1,0.7628
2026-09-24,2026-10-02,C,1470.0,1,0,0.6445
2026-09-24,2026-10-02,C,1480.0,2,0,0.6157
2026-09-24,2026-10-02,C,1485.0,11,7,0.5893
2026-09-24,2026-10-02,C,1490.0,4,3,0.6224
2026-09-24,2026-10-02,C,1495.0,3,0,0.5739
2026-09-24,2026-10-02,C,1500.0,2,1,0.5884
2026-09-24,2026-10-02,C,1520.0,4,0,0.5411
2026-09-24,2026-10-02,C,1525.0,1,1,0.5297
2026-09-24,2026-10-02,C,1530.0,7,7,0.5504
2026-09-24,2026-10-02,C,1535.0,0,1,0.5371
2026-09-24,2026-10-02,C,1545.0,1,0,0.5262
2026-09-24,2026-10-02,C,1555.0,1,1,0.5226
2026-09-24,2026-10-02,C,1560.0,4,4,0.5078
2026-09-24,2026-10-02,C,1565.0,2,2,0.5015
2026-09-24,2026-10-02,C,1570.0,1,0,0.638
2026-09-24,2026-10-02,C,1575.0,1,1,0.6218
2026-09-24,2026-10-02,C,1580.0,7,3,0.6264
2026-09-24,2026-10-02,C,1585.0,9,0,0.5811
2026-09-24,2026-10-02,C,1590.0,16,5,0.56
2026-09-24,2026-10-02,C,1595.0,2,2,0.5423
2026-09-24,2026-10-02,C,1600.0,35,1,0.5664
2026-09-24,2026-10-02,C,1605.0,12,13,0.5332
2026-09-24,2026-10-02,C,1610.0,3,1,0.5519
2026-09-24,2026-10-02,C,1615.0,11,0,0.5378
2026-09-24,2026-10-02,C,1620.0,16,1,0.5496
2026-09-24,2026-10-02,C,1625.0,4,1,0.5147
2026-09-24,2026-10-02,C,1630.0,3,4,0.5496
2026-09-24,2026-10-02,C,1635.0,2,1,0.5241
2026-09-24,2026-10-02,C,1640.0,16,5,0.4847
2026-09-24,2026-10-02,C,1645.0,6,1,0.4831
2026-09-24,2026-10-02,C,1650.0,39,1,0.4988
2026-09-24,2026-10-02,C,1655.0,7,2,0.4859
2026-09-24,2026-10-02,C,1660.0,1,0,0.4866
2026-09-24,2026-10-02,C,1665.0,12,2,0.4706
2026-09-24,2026-10-02,C,1670.0,15,1,0.4699
2026-09-24,2026-10-02,C,1675.0,17,2,0.4618
2026-09-24,2026-10-02,C,1680.0,45,3,0.4543
2026-09-24,2026-10-02,C,1685.0,10,3,0.4461
2026-09-24,2026-10-02,C,1690.0,46,21,0.4486
2026-09-24,2026-10-02,C,1695.0,6,2,0.4472
2026-09-24,2026-10-02,C,1700.0,120,10,0.4469
2026-09-24,2026-10-02,C,1705.0,10,2,0.4447
2026-09-24,2026-10-02,C,1710.0,93,34,0.4864
2026-09-24,2026-10-02,C,1715.0,36,15,0.4794
2026-09-24,2026-10-02,C,1720.0,38,34,0.4569
2026-09-24,2026-10-02,C,1725.0,27,16,0.4356
2026-09-24,2026-10-02,C,1727.5,3,0,0.4384
2026-09-24,2026-10-02,C,1730.0,64,16,0.435
2026-09-24,2026-10-02,C,1732.5,8,6,0.4453
2026-09-24,2026-10-02,C,1735.0,18,6,0.4435
2026-09-24,2026-10-02,C,1740.0,26,3,0.4769
2026-09-24,2026-10-02,C,1745.0,9,4,0.472
2026-09-24,2026-10-02,C,1750.0,52,39,0.4692
2026-09-24,2026-10-02,C,1755.0,51,1,0.4352
2026-09-24,2026-10-02,C,1760.0,22,2,0.4385
2026-09-24,2026-10-02,C,1765.0,121,4,0.4681
2026-09-24,2026-10-02,C,1770.0,231,45,0.4355
2026-09-24,2026-10-02,C,1775.0,22,4,0.4375
2026-09-24,2026-10-02,C,1780.0,82,7,0.4628
2026-09-24,2026-10-02,C,1785.0,28,1,0.4313
2026-09-24,2026-10-02,C,1790.0,5,24,0.4331
2026-09-24,2026-10-02,C,1795.0,14,1,0.4341
2026-09-24,2026-10-02,C,1800.0,149,19,0.4355
2026-09-24,2026-10-02,C,1805.0,10,3,0.4374
2026-09-24,2026-10-02,C,1810.0,65,7,0.4386
2026-09-24,2026-10-02,C,1815.0,76,1,0.4404
2026-09-24,2026-10-02,C,1820.0,12,11,0.4429
2026-09-24,2026-10-02,C,1825.0,43,2,0.4447
2026-09-24,2026-10-02,C,1830.0,29,2,0.4458
2026-09-24,2026-10-02,C,1835.0,79,3,0.4478
2026-09-24,2026-10-02,C,1840.0,21,7,0.4507
2026-09-24,2026-10-02,C,1845.0,21,3,0.4529
2026-09-24,2026-10-02,C,1850.0,70,5,0.4563
2026-09-24,2026-10-02,C,1855.0,2,5,0.4592
2026-09-24,2026-10-02,C,1860.0,39,29,0.4616
2026-09-24,2026-10-02,C,1865.0,14,1,0.4615
2026-09-24,2026-10-02,C,1870.0,43,6,0.4627
2026-09-24,2026-10-02,C,1875.0,21,1,0.4692
2026-09-24,2026-10-02,C,1880.0,36,23,0.4734
2026-09-24,2026-10-02,C,1885.0,10,2,0.4752
2026-09-24,2026-10-02,C,1890.0,47,1,0.4786
2026-09-24,2026-10-02,C,1895.0,25,1,0.4817
2026-09-24,2026-10-02,C,1900.0,52,4,0.4843
2026-09-24,2026-10-02,C,1905.0,15,5,0.489
2026-09-24,2026-10-02,C,1910.0,36,1,0.4908
2026-09-24,2026-10-02,C,1915.0,10,1,0.4948
2026-09-24,2026-10-02,C,1920.0,7,1,0.4957
2026-09-24,2026-10-02,C,1925.0,8,2,0.5019
2026-09-24,2026-10-02,C,1930.0,10,1,0.5809
2026-09-24,2026-10-02,C,1935.0,6,2,0.5114
2026-09-24,2026-10-02,C,1940.0,22,1,0.5043
2026-09-24,2026-10-02,C,1945.0,10,3,0.5034
2026-09-24,2026-10-02,C,1950.0,23,22,0.5237
2026-09-24,2026-10-02,C,1955.0,24,1,0.5154
2026-09-24,2026-10-02,C,1960.0,292,3,0.5438
2026-09-24,2026-10-02,C,1965.0,17,2,0.5241
2026-09-24,2026-10-02,C,1970.0,11,4,0.535
2026-09-24,2026-10-02,C,1975.0,25,18,0.5516
2026-09-24,2026-10-02,C,1980.0,4,11,0.5419
2026-09-24,2026-10-02,C,1985.0,14,10,0.5518
2026-09-24,2026-10-02,C,1990.0,23,14,0.5564
2026-09-24,2026-10-02,C,1995.0,10,7,0.5652
2026-09-24,2026-10-02,C,2000.0,42,16,0.5261
2026-09-24,2026-10-02,C,2010.0,7,9,0.5094
2026-09-24,2026-10-02,C,2020.0,21,8,0.5193
2026-09-24,2026-10-02,C,2030.0,24,6,0.6004
2026-09-24,2026-10-02,C,2040.0,212,8,0.6072
2026-09-24,2026-10-02,C,2050.0,15,2,0.616
2026-09-24,2026-10-02,C,2060.0,34,1,0.6213
2026-09-24,2026-10-02,P,1380.0,9,1,0.7858
2026-09-24,2026-10-02,P,1385.0,4,1,0.7781
2026-09-24,2026-10-02,P,1390.0,8,7,1.0341
2026-09-24,2026-10-02,P,1395.0,9,5,0.703
2026-09-24,2026-10-02,P,1400.0,36,18,0.5581
2026-09-24,2026-10-02,P,1405.0,18,2,0.7438
2026-09-24,2026-10-02,P,1410.0,8,5,0.6897
2026-09-24,2026-10-02,P,1415.0,7,2,0.7249
2026-09-24,2026-10-02,P,1420.0,23,2,0.7167
2026-09-24,2026-10-02,P,1425.0,22,6,0.561
2026-09-24,2026-10-02,P,1430.0,7,6,0.6617
2026-09-24,2026-10-02,P,1435.0,4,5,0.6576
2026-09-24,2026-10-02,P,1440.0,32,50,0.5613
2026-09-24,2026-10-02,P,1445.0,12,7,0.6801
2026-09-24,2026-10-02,P,1450.0,45,24,0.5452
2026-09-24,2026-10-02,P,1455.0,18,7,0.522
2026-09-24,2026-10-02,P,1460.0,29,24,0.5311
2026-09-24,2026-10-02,P,1465.0,14,5,0.5192
2026-09-24,2026-10-02,P,1470.0,53,9,0.5212
2026-09-24,2026-10-02,P,1475.0,16,16,0.5457
2026-09-24,2026-10-02,P,1480.0,77,28,0.5253
2026-09-24,2026-10-02,P,1485.0,16,8,0.5468
2026-09-24,2026-10-02,P,1490.0,43,13,0.5122
2026-09-24,2026-10-02,P,1495.0,9,22,0.5145
2026-09-24,2026-10-02,P,1500.0,171,157,0.4889
2026-09-24,2026-10-02,P,1505.0,8,7,0.5325
2026-09-24,2026-10-02,P,1510.0,25,25,0.5283
2026-09-24,2026-10-02,P,1515.0,70,6,0.4767
2026-09-24,2026-10-02,P,1520.0,74,3,0.5023
2026-09-24,2026-10-02,P,1525.0,22,6,0.4784
2026-09-24,2026-10-02,P,1530.0,67,4,0.491
2026-09-24,2026-10-02,P,1535.0,64,6,0.5046
2026-09-24,2026-10-02,P,1540.0,89,30,0.5118
2026-09-24,2026-10-02,P,1545.0,76,6,0.4637
2026-09-24,2026-10-02,P,1550.0,256,7,0.4762
2026-09-24,2026-10-02,P,1555.0,57,1,0.471
2026-09-24,2026-10-02,P,1560.0,72,16,0.4439
2026-09-24,2026-10-02,P,1565.0,18,3,0.4648
2026-09-24,2026-10-02,P,1570.0,53,24,0.4659
2026-09-24,2026-10-02,P,1575.0,31,7,0.4539
2026-09-24,2026-10-02,P,1580.0,153,30,0.449
2026-09-24,2026-10-02,P,1585.0,12,5,0.4367
2026-09-24,2026-10-02,P,1590.0,127,13,0.4486
2026-09-24,2026-10-02,P,1595.0,156,2,0.4461
2026-09-24,2026-10-02,P,1600.0,427,131,0.423
2026-09-24,2026-10-02,P,1605.0,46,15,0.4426
2026-09-24,2026-10-02,P,1610.0,95,16,0.4273
2026-09-24,2026-10-02,P,1615.0,17,8,0.4361
2026-09-24,2026-10-02,P,1620.0,70,16,0.427
2026-09-24,2026-10-02,P,1625.0,44,10,0.4301
2026-09-24,2026-10-02,P,1630.0,91,12,0.429
2026-09-24,2026-10-02,P,1635.0,35,5,0.427
2026-09-24,2026-10-02,P,1640.0,68,11,0.4255
2026-09-24,2026-10-02,P,1645.0,65,3,0.4233
2026-09-24,2026-10-02,P,1650.0,165,18,0.4214
2026-09-24,2026-10-02,P,1655.0,11,4,0.42
2026-09-24,2026-10-02,P,1660.0,40,3,0.4189
2026-09-24,2026-10-02,P,1665.0,26,2,0.4181
2026-09-24,2026-10-02,P,1670.0,34,6,0.4163
2026-09-24,2026-10-02,P,1675.0,28,2,0.4159
2026-09-24,2026-10-02,P,1680.0,52,12,0.4146
2026-09-24,2026-10-02,P,1685.0,29,1,0.4134
2026-09-24,2026-10-02,P,1690.0,37,8,0.4144
2026-09-24,2026-10-02,P,1695.0,37,1,0.4134
2026-09-24,2026-10-02,P,1700.0,88,22,0.4125
2026-09-24,2026-10-02,P,1705.0,70,3,0.4117
2026-09-24,2026-10-02,P,1710.0,52,5,0.413
2026-09-24,2026-10-02,P,1715.0,34,22,0.4123
2026-09-24,2026-10-02,P,1720.0,59,12,0.4116
2026-09-24,2026-10-02,P,1725.0,17,1,0.411
2026-09-24,2026-10-02,P,1727.5,3,13,0.4119
2026-09-24,2026-10-02,P,1730.0,54,21,0.4115
2026-09-24,2026-10-02,P,1732.5,29,1,0.4128
2026-09-24,2026-10-02,P,1735.0,54,23,0.412
2026-09-24,2026-10-02,P,1740.0,35,3,0.4116
2026-09-24,2026-10-02,P,1745.0,26,2,0.4122
2026-09-24,2026-10-02,P,1750.0,35,1,0.4612
2026-09-24,2026-10-02,P,1755.0,38,39,0.4189
2026-09-24,2026-10-02,P,1760.0,44,2,0.4241
2026-09-24,2026-10-02,P,1765.0,4,2,0.4297
2026-09-24,2026-10-02,P,1770.0,18,2,0.4366
2026-09-24,2026-10-02,P,1775.0,12,2,0.444
2026-09-24,2026-10-02,P,1780.0,14,5,0.4509
2026-09-24,2026-10-02,P,1785.0,2,1,0.4582
2026-09-24,2026-10-02,P,1800.0,53,4,0.4818
2026-09-24,2026-10-02,P,1805.0,4,2,0.4896
2026-09-24,2026-10-02,P,1810.0,14,7,0.5006
2026-09-24,2026-10-02,P,1815.0,11,2,0.469
2026-09-24,2026-10-02,P,1820.0,6,2,0.4979
2026-09-24,2026-10-02,P,1825.0,6,1,0.4895
2026-09-24,2026-10-02,P,1830.0,4,2,0.5132
2026-09-24,2026-10-02,P,1835.0,3,0,0.5076
2026-09-24,2026-10-02,P,1840.0,4,6,0.5232
2026-09-24,2026-10-02,P,1850.0,2,1,0.5314
2026-09-24,2026-10-02,P,1860.0,4,40,0.544
2026-09-24,2026-10-02,P,1900.0,3,2,0.5784
2026-09-24,2026-10-02,P,1920.0,7,0,0.6144
2026-09-24,2026-10-02,P,1940.0,0,2,0.0
2026-09-24,2026-10-02,P,1945.0,7,0,0.636
2026-09-24,2026-10-02,P,1960.0,0,2,0.0
2026-09-24,2026-10-02,P,2000.0,0,2,0.7499
2026-09-24,2026-10-09,C,1405.0,1,0,0.6715
2026-09-24,2026-10-09,C,1410.0,1,0,0.609
2026-09-24,2026-10-09,C,1425.0,3,0,0.5966
2026-09-24,2026-10-09,C,1430.0,1,0,0.5956
2026-09-24,2026-10-09,C,1435.0,1,0,0.5828
2026-09-24,2026-10-09,C,1445.0,1,0,0.5786
2026-09-24,2026-10-09,C,1460.0,1,0,0.5456
2026-09-24,2026-10-09,C,1500.0,2,1,0.516
2026-09-24,2026-10-09,C,1505.0,1,1,0.5102
2026-09-24,2026-10-09,C,1560.0,5,4,0.5384
2026-09-24,2026-10-09,C,1575.0,1,0,0.5464
2026-09-24,2026-10-09,C,1580.0,6,4,0.5242
2026-09-24,2026-10-09,C,1585.0,1,0,0.5369
2026-09-24,2026-10-09,C,1595.0,0,1,0.5129
2026-09-24,2026-10-09,C,1600.0,63,2,0.4891
2026-09-24,2026-10-09,C,1605.0,3,1,0.5105
2026-09-24,2026-10-09,C,1610.0,11,10,0.4803
2026-09-24,2026-10-09,C,1615.0,2,0,0.5029
2026-09-24,2026-10-09,C,1620.0,2,2,0.4973
2026-09-24,2026-10-09,C,1625.0,5,2,0.4915
2026-09-24,2026-10-09,C,1630.0,12,6,0.488
2026-09-24,2026-10-09,C,1635.0,9,2,0.4798
2026-09-24,2026-10-09,C,1640.0,50,1,0.4648
2026-09-24,2026-10-09,C,1645.0,5,1,0.463
2026-09-24,2026-10-09,C,1650.0,6,1,0.4616
2026-09-24,2026-10-09,C,1655.0,5,2,0.4605
2026-09-24,2026-10-09,C,1660.0,68,12,0.4559
2026-09-24,2026-10-09,C,1665.0,1,0,0.4517
2026-09-24,2026-10-09,C,1670.0,1,0,0.4471
2026-09-24,2026-10-09,C,1675.0,3,1,0.4429
2026-09-24,2026-10-09,C,1680.0,3,1,0.4768
2026-09-24,2026-10-09,C,1685.0,9,8,0.4655
2026-09-24,2026-10-09,C,1690.0,7,6,0.4435
2026-09-24,2026-10-09,C,1695.0,6,2,0.442
2026-09-24,2026-10-09,C,1700.0,27,5,0.4635
2026-09-24,2026-10-09,C,1705.0,44,5,0.4421
2026-09-24,2026-10-09,C,1710.0,40,2,0.437
2026-09-24,2026-10-09,C,1715.0,27,8,0.4395
2026-09-24,2026-10-09,C,1720.0,10,10,0.4631
2026-09-24,2026-10-09,C,1725.0,3,2,0.4646
2026-09-24,2026-10-09,C,1730.0,13,2,0.4627
2026-09-24,2026-10-09,C,1735.0,5,3,0.436
2026-09-24,2026-10-09,C,1740.0,17,1,0.4628
2026-09-24,2026-10-09,C,1745.0,3,1,0.4639
2026-09-24,2026-10-09,C,1750.0,78,1,0.4336
2026-09-24,2026-10-09,C,1755.0,7,2,0.4614
2026-09-24,2026-10-09,C,1760.0,71,2,0.443
2026-09-24,2026-10-09,C,1765.0,7,3,0.4571
2026-09-24,2026-10-09,C,1770.0,25,5,0.4575
2026-09-24,2026-10-09,C,1775.0,4,1,0.4359
2026-09-24,2026-10-09,C,1780.0,5,2,0.4647
2026-09-24,2026-10-09,C,1785.0,7,1,0.4358
2026-09-24,2026-10-09,C,1790.0,19,6,0.4351
2026-09-24,2026-10-09,C,1795.0,13,1,0.4573
2026-09-24,2026-10-09,C,1800.0,37,11,0.4552
2026-09-24,2026-10-09,C,1805.0,6,1,0.4374
2026-09-24,2026-10-09,C,1810.0,12,11,0.4373
2026-09-24,2026-10-09,C,1815.0,5,2,0.469
2026-09-24,2026-10-09,C,1820.0,16,2,0.4694
2026-09-24,2026-10-09,C,1825.0,4,1,0.4567
2026-09-24,2026-10-09,C,1830.0,78,1,0.457
2026-09-24,2026-10-09,C,1835.0,3,2,0.4761
2026-09-24,2026-10-09,C,1840.0,32,18,0.4573
2026-09-24,2026-10-09,C,1845.0,11,7,0.46
2026-09-24,2026-10-09,C,1850.0,103,2,0.4541
2026-09-24,2026-10-09,C,1855.0,22,12,0.4406
2026-09-24,2026-10-09,C,1860.0,19,18,0.442
2026-09-24,2026-10-09,C,1865.0,13,3,0.443
2026-09-24,2026-10-09,C,1870.0,15,2,0.4446
2026-09-24,2026-10-09,C,1875.0,23,25,0.4892
2026-09-24,2026-10-09,C,1880.0,19,3,0.4482
2026-09-24,2026-10-09,C,1885.0,6,3,0.4489
2026-09-24,2026-10-09,C,1890.0,20,1,0.4504
2026-09-24,2026-10-09,C,1895.0,8,2,0.4517
2026-09-24,2026-10-09,C,1900.0,100,1,0.4538
2026-09-24,2026-10-09,C,1905.0,11,1,0.4557
2026-09-24,2026-10-09,C,1910.0,1,10,0.4573
2026-09-24,2026-10-09,C,1915.0,10,2,0.4586
2026-09-24,2026-10-09,C,1920.0,19,1,0.4609
2026-09-24,2026-10-09,C,1925.0,5,3,0.463
2026-09-24,2026-10-09,C,1930.0,2,1,0.4649
2026-09-24,2026-10-09,C,1940.0,9,2,0.5213
2026-09-24,2026-10-09,C,1950.0,33,1,0.473
2026-09-24,2026-10-09,C,1960.0,9,9,0.4772
2026-09-24,2026-10-09,C,1965.0,6,2,0.479
2026-09-24,2026-10-09,C,1975.0,1,0,0.4837
2026-09-24,2026-10-09,C,1980.0,4,2,0.4849
2026-09-24,2026-10-09,C,1990.0,2,0,0.4903
2026-09-24,2026-10-09,C,1995.0,4,3,0.4908
2026-09-24,2026-10-09,C,2000.0,39,1,0.4826
2026-09-24,2026-10-09,C,2010.0,13,12,0.497
2026-09-24,2026-10-09,C,2020.0,19,1,0.4956
2026-09-24,2026-10-09,C,2030.0,15,1,0.5074
2026-09-24,2026-10-09,C,2040.0,5,4,0.5118
2026-09-24,2026-10-09,C,2050.0,24,9,0.5181
2026-09-24,2026-10-09,C,2060.0,11,11,0.5214
2026-09-24,2026-10-09,P,1380.0,29,6,0.5111
2026-09-24,2026-10-09,P,1385.0,1,2,0.6068
2026-09-24,2026-10-09,P,1390.0,6,4,0.5094
2026-09-24,2026-10-09,P,1395.0,22,1,0.6046
2026-09-24,2026-10-09,P,1400.0,55,11,0.5176
2026-09-24,2026-10-09,P,1405.0,11,1,0.5341
2026-09-24,2026-10-09,P,1410.0,3,1,0.5488
2026-09-24,2026-10-09,P,1425.0,3,2,0.5356
2026-09-24,2026-10-09,P,1430.0,4,1,0.5371
2026-09-24,2026-10-09,P,1435.0,2,2,0.5353
2026-09-24,2026-10-09,P,1440.0,5,2,0.517
2026-09-24,2026-10-09,P,1445.0,2,1,0.5256
2026-09-24,2026-10-09,P,1450.0,21,2,0.5156
2026-09-24,2026-10-09,P,1455.0,1,0,0.5109
2026-09-24,2026-10-09,P,1460.0,3,1,0.575
2026-09-24,2026-10-09,P,1470.0,56,2,0.548
2026-09-24,2026-10-09,P,1475.0,5,10,0.4595
2026-09-24,2026-10-09,P,1480.0,10,2,0.544
2026-09-24,2026-10-09,P,1485.0,7,2,0.5386
2026-09-24,2026-10-09,P,1490.0,10,1,0.4559
2026-09-24,2026-10-09,P,1495.0,35,3,0.4601
2026-09-24,2026-10-09,P,1500.0,509,30,0.4515
2026-09-24,2026-10-09,P,1505.0,6,4,0.4499
2026-09-24,2026-10-09,P,1510.0,5,1,0.4479
2026-09-24,2026-10-09,P,1515.0,32,1,0.4497
2026-09-24,2026-10-09,P,1520.0,14,1,0.4468
2026-09-24,2026-10-09,P,1525.0,30,22,0.4436
2026-09-24,2026-10-09,P,1530.0,14,1,0.4363
2026-09-24,2026-10-09,P,1535.0,12,20,0.4416
2026-09-24,2026-10-09,P,1540.0,21,20,0.4374
2026-09-24,2026-10-09,P,1545.0,6,20,0.4361
2026-09-24,2026-10-09,P,1550.0,94,25,0.4266
2026-09-24,2026-10-09,P,1555.0,15,5,0.4263
2026-09-24,2026-10-09,P,1560.0,32,2,0.4255
2026-09-24,2026-10-09,P,1565.0,2,1,0.4298
2026-09-24,2026-10-09,P,1570.0,78,1,0.4238
2026-09-24,2026-10-09,P,1575.0,58,2,0.4268
2026-09-24,2026-10-09,P,1580.0,55,58,0.4252
2026-09-24,2026-10-09,P,1585.0,21,5,0.4232
2026-09-24,2026-10-09,P,1590.0,41,2,0.4161
2026-09-24,2026-10-09,P,1595.0,17,11,0.4202
2026-09-24,2026-10-09,P,1600.0,89,55,0.4202
2026-09-24,2026-10-09,P,1605.0,1,1,0.4186
2026-09-24,2026-10-09,P,1610.0,21,3,0.4176
2026-09-24,2026-10-09,P,1615.0,75,1,0.4161
2026-09-24,2026-10-09,P,1620.0,34,7,0.416
2026-09-24,2026-10-09,P,1625.0,49,1,0.4145
2026-09-24,2026-10-09,P,1630.0,150,2,0.4144
2026-09-24,2026-10-09,P,1635.0,56,29,0.4128
2026-09-24,2026-10-09,P,1640.0,60,3,0.4428
2026-09-24,2026-10-09,P,1645.0,39,16,0.4117
2026-09-24,2026-10-09,P,1650.0,20,6,0.4112
2026-09-24,2026-10-09,P,1655.0,3,1,0.411
2026-09-24,2026-10-09,P,1660.0,34,15,0.4103
2026-09-24,2026-10-09,P,1665.0,1,0,0.4099
2026-09-24,2026-10-09,P,1670.0,6,2,0.4098
2026-09-24,2026-10-09,P,1675.0,48,4,0.4091
2026-09-24,2026-10-09,P,1680.0,35,6,0.4087
2026-09-24,2026-10-09,P,1685.0,18,8,0.4086
2026-09-24,2026-10-09,P,1690.0,30,6,0.4079
2026-09-24,2026-10-09,P,1695.0,50,2,0.4074
2026-09-24,2026-10-09,P,1700.0,89,1,0.4145
2026-09-24,2026-10-09,P,1705.0,60,1,0.4145
2026-09-24,2026-10-09,P,1710.0,51,2,0.4067
2026-09-24,2026-10-09,P,1715.0,20,1,0.4071
2026-09-24,2026-10-09,P,1720.0,34,1,0.407
2026-09-24,2026-10-09,P,1725.0,16,2,0.4072
2026-09-24,2026-10-09,P,1730.0,38,1,0.4068
2026-09-24,2026-10-09,P,1735.0,40,3,0.4066
2026-09-24,2026-10-09,P,1740.0,18,1,0.4067
2026-09-24,2026-10-09,P,1745.0,25,7,0.407
2026-09-24,2026-10-09,P,1750.0,11,2,0.4082
2026-09-24,2026-10-09,P,1755.0,10,2,0.4068
2026-09-24,2026-10-09,P,1760.0,12,10,0.4394
2026-09-24,2026-10-09,P,1765.0,7,0,0.4446
2026-09-24,2026-10-09,P,1770.0,12,1,0.4115
2026-09-24,2026-10-09,P,1775.0,8,6,0.4149
2026-09-24,2026-10-09,P,1780.0,2,0,0.4186
2026-09-24,2026-10-09,P,1785.0,2,0,0.4205
2026-09-24,2026-10-09,P,1790.0,2,0,0.4258
2026-09-24,2026-10-09,P,1800.0,3,2,0.4331
2026-09-24,2026-10-09,P,1820.0,3,0,0.4486
2026-09-24,2026-10-09,P,1825.0,4,2,0.4474
2026-09-24,2026-10-09,P,1840.0,1,0,0.4681
2026-09-24,2026-10-09,P,1860.0,2,1,0.4827
2026-09-24,2026-10-09,P,1965.0,1,0,0.5413
2026-09-25,2026-09-25,C,1485.0,6,2,2.2395
2026-09-25,2026-09-25,C,1490.0,24,1,2.2034
2026-09-25,2026-09-25,C,1495.0,6,1,2.0981
2026-09-25,2026-09-25,C,1500.0,11,1,2.0627
2026-09-25,2026-09-25,C,1505.0,0,4,0.0
2026-09-25,2026-09-25,C,1510.0,3,1,2.0592
2026-09-25,2026-09-25,C,1520.0,1,0,1.9218
2026-09-25,2026-09-25,C,1530.0,2,1,1.9152
2026-09-25,2026-09-25,C,1540.0,1,0,1.843
2026-09-25,2026-09-25,C,1545.0,1,3,1.807
2026-09-25,2026-09-25,C,1550.0,2,2,1.7034
2026-09-25,2026-09-25,C,1555.0,5,0,1.6751
2026-09-25,2026-09-25,C,1560.0,3,0,1.6987
2026-09-25,2026-09-25,C,1565.0,5,0,1.6044
2026-09-25,2026-09-25,C,1570.0,16,1,1.6265
2026-09-25,2026-09-25,C,1575.0,11,1,1.5654
2026-09-25,2026-09-25,C,1580.0,26,1,1.5295
2026-09-25,2026-09-25,C,1585.0,6,1,1.5176
2026-09-25,2026-09-25,C,1590.0,14,1,1.4209
2026-09-25,2026-09-25,C,1595.0,10,3,1.3915
2026-09-25,2026-09-25,C,1600.0,58,13,0.833
2026-09-25,2026-09-25,C,1605.0,23,1,1.349
2026-09-25,2026-09-25,C,1610.0,23,10,0.7505
2026-09-25,2026-09-25,C,1615.0,4,1,1.2706
2026-09-25,2026-09-25,C,1620.0,28,12,0.7212
2026-09-25,2026-09-25,C,1625.0,1,1,1.224
2026-09-25,2026-09-25,C,1630.0,14,1,1.1868
2026-09-25,2026-09-25,C,1635.0,354,297,0.6531
2026-09-25,2026-09-25,C,1640.0,88,1,0.6272
2026-09-25,2026-09-25,C,1645.0,30,3,1.074
2026-09-25,2026-09-25,C,1650.0,67,22,0.9922
2026-09-25,2026-09-25,C,1655.0,18,3,0.9978
2026-09-25,2026-09-25,C,1660.0,34,1,0.8932
2026-09-25,2026-09-25,C,1665.0,15,4,0.9026
2026-09-25,2026-09-25,C,1670.0,51,4,0.8323
2026-09-25,2026-09-25,C,1675.0,15,3,0.803
2026-09-25,2026-09-25,C,1680.0,327,305,0.7771
2026-09-25,2026-09-25,C,1685.0,14,1,0.7621
2026-09-25,2026-09-25,C,1690.0,19,2,0.6811
2026-09-25,2026-09-25,C,1695.0,9,2,0.6801
2026-09-25,2026-09-25,C,1700.0,146,101,0.5962
2026-09-25,2026-09-25,C,1705.0,31,6,0.5203
2026-09-25,2026-09-25,C,1710.0,66,9,0.5125
2026-09-25,2026-09-25,C,1715.0,46,31,0.4656
2026-09-25,2026-09-25,C,1720.0,86,32,0.3868
2026-09-25,2026-09-25,C,1722.5,35,10,0.4016
2026-09-25,2026-09-25,C,1725.0,153,32,0.3717
2026-09-25,2026-09-25,C,1727.5,91,39,0.3256
2026-09-25,2026-09-25,C,1730.0,106,20,0.3297
2026-09-25,2026-09-25,C,1732.5,30,32,0.3074
2026-09-25,2026-09-25,C,1735.0,35,36,0.3103
2026-09-25,2026-09-25,C,1737.5,34,24,0.2423
2026-09-25,2026-09-25,C,1740.0,139,238,0.236
2026-09-25,2026-09-25,C,1742.5,48,17,0.1387
2026-09-25,2026-09-25,C,1745.0,85,179,0.0823
2026-09-25,2026-09-25,C,1750.0,274,642,0.0786
2026-09-25,2026-09-25,C,1755.0,56,167,0.0833
2026-09-25,2026-09-25,C,1760.0,68,453,0.0835
2026-09-25,2026-09-25,C,1765.0,54,81,0.1055
2026-09-25,2026-09-25,C,1770.0,115,103,0.126
2026-09-25,2026-09-25,C,1775.0,82,70,0.1465
2026-09-25,2026-09-25,C,1780.0,119,92,0.167
2026-09-25,2026-09-25,C,1785.0,81,27,0.5935
2026-09-25,2026-09-25,C,1790.0,259,95,0.2061
2026-09-25,2026-09-25,C,1795.0,52,10,0.7214
2026-09-25,2026-09-25,C,1800.0,620,226,0.2451
2026-09-25,2026-09-25,C,1805.0,248,22,0.7985
2026-09-25,2026-09-25,C,1810.0,67,27,0.8339
2026-09-25,2026-09-25,C,1815.0,21,7,0.8707
2026-09-25,2026-09-25,C,1820.0,152,124,0.5256
2026-09-25,2026-09-25,C,1825.0,49,6,0.9424
2026-09-25,2026-09-25,C,1830.0,62,8,0.5496
2026-09-25,2026-09-25,C,1835.0,118,6,0.3731
2026-09-25,2026-09-25,C,1840.0,84,7,1.0483
2026-09-25,2026-09-25,C,1845.0,25,1,1.0821
2026-09-25,2026-09-25,C,1850.0,363,18,0.9451
2026-09-25,2026-09-25,C,1855.0,27,1,1.1484
2026-09-25,2026-09-25,C,1860.0,160,1,0.541
2026-09-25,2026-09-25,C,1865.0,50,13,1.2133
2026-09-25,2026-09-25,C,1870.0,326,14,1.2428
2026-09-25,2026-09-25,C,1875.0,249,10,1.2767
2026-09-25,2026-09-25,C,1880.0,143,2,1.308
2026-09-25,2026-09-25,C,1885.0,115,60,0.8457
2026-09-25,2026-09-25,C,1890.0,44,10,1.3698
2026-09-25,2026-09-25,C,1895.0,25,1,1.4002
2026-09-25,2026-09-25,C,1900.0,230,21,1.4304
2026-09-25,2026-09-25,C,1905.0,34,9,0.5742
2026-09-25,2026-09-25,C,1910.0,24,3,0.5859
2026-09-25,2026-09-25,C,1915.0,11,2,1.5194
2026-09-25,2026-09-25,C,1920.0,56,7,1.5487
2026-09-25,2026-09-25,C,1925.0,16,10,1.5776
2026-09-25,2026-09-25,C,1930.0,22,12,1.6064
2026-09-25,2026-09-25,C,1935.0,26,6,1.635
2026-09-25,2026-09-25,C,1940.0,289,260,1.6633
2026-09-25,2026-09-25,C,1945.0,4,2,1.6915
2026-09-25,2026-09-25,C,1950.0,245,60,1.135
2026-09-25,2026-09-25,C,1955.0,3,2,1.7472
2026-09-25,2026-09-25,C,1960.0,2,1,1.7748
2026-09-25,2026-09-25,C,1965.0,1,0,1.8021
2026-09-25,2026-09-25,C,1970.0,5,2,1.8293
2026-09-25,2026-09-25,C,1975.0,0,12,0.5
2026-09-25,2026-09-25,C,1980.0,20,10,1.8833
2026-09-25,2026-09-25,C,1985.0,7,2,1.9099
2026-09-25,2026-09-25,C,1990.0,12,1,1.9365
2026-09-25,2026-09-25,C,1995.0,13,2,1.9629
2026-09-25,2026-09-25,C,2000.0,187,2,0.8516
2026-09-25,2026-09-25,P,1485.0,267,20,2.3273
2026-09-25,2026-09-25,P,1490.0,74,7,1.7459
2026-09-25,2026-09-25,P,1495.0,198,1,2.2532
2026-09-25,2026-09-25,P,1500.0,158,20,1.6782
2026-09-25,2026-09-25,P,1505.0,27,1,2.1792
2026-09-25,2026-09-25,P,1510.0,64,18,2.1422
2026-09-25,2026-09-25,P,1515.0,55,14,2.1052
2026-09-25,2026-09-25,P,1520.0,112,11,2.0682
2026-09-25,2026-09-25,P,1525.0,44,6,2.0313
2026-09-25,2026-09-25,P,1530.0,191,10,1.7423
2026-09-25,2026-09-25,P,1535.0,34,1,1.9574
2026-09-25,2026-09-25,P,1540.0,137,1,1.9204
2026-09-25,2026-09-25,P,1545.0,29,5,1.2383
2026-09-25,2026-09-25,P,1550.0,82,5,1.8463
2026-09-25,2026-09-25,P,1555.0,245,2,1.8093
2026-09-25,2026-09-25,P,1560.0,349,10,1.7722
2026-09-25,2026-09-25,P,1565.0,109,4,1.7351
2026-09-25,2026-09-25,P,1570.0,151,20,1.698
2026-09-25,2026-09-25,P,1575.0,148,3,1.6608
2026-09-25,2026-09-25,P,1580.0,87,12,0.6406
2026-09-25,2026-09-25,P,1585.0,89,5,1.5862
2026-09-25,2026-09-25,P,1590.0,108,27,1.5488
2026-09-25,2026-09-25,P,1595.0,78,27,0.9609
2026-09-25,2026-09-25,P,1600.0,354,77,0.5625
2026-09-25,2026-09-25,P,1605.0,45,1,0.5469
2026-09-25,2026-09-25,P,1610.0,39,4,0.5273
2026-09-25,2026-09-25,P,1615.0,93,25,0.5078
2026-09-25,2026-09-25,P,1620.0,95,32,0.5234
2026-09-25,2026-09-25,P,1625.0,84,96,0.5039
2026-09-25,2026-09-25,P,1630.0,105,26,0.7651
2026-09-25,2026-09-25,P,1635.0,113,88,0.4629
2026-09-25,2026-09-25,P,1640.0,82,96,0.5039
2026-09-25,2026-09-25,P,1645.0,205,118,1.1303
2026-09-25,2026-09-25,P,1650.0,418,81,0.916
2026-09-25,2026-09-25,P,1655.0,52,39,1.0519
2026-09-25,2026-09-25,P,1660.0,76,21,0.459
2026-09-25,2026-09-25,P,1665.0,210,34,0.9725
2026-09-25,2026-09-25,P,1670.0,102,38,0.9323
2026-09-25,2026-09-25,P,1675.0,86,20,0.8917
2026-09-25,2026-09-25,P,1680.0,117,32,0.2852
2026-09-25,2026-09-25,P,1685.0,42,18,0.5721
2026-09-25,2026-09-25,P,1690.0,39,15,0.5266
2026-09-25,2026-09-25,P,1695.0,103,22,0.5494
2026-09-25,2026-09-25,P,1700.0,214,120,0.2358
2026-09-25,2026-09-25,P,1705.0,11,14,0.4733
2026-09-25,2026-09-25,P,1710.0,46,75,0.3649
2026-09-25,2026-09-25,P,1715.0,75,37,0.5935
2026-09-25,2026-09-25,P,1720.0,58,155,0.219
2026-09-25,2026-09-25,P,1722.5,9,127,0.2024
2026-09-25,2026-09-25,P,1725.0,36,105,0.551
2026-09-25,2026-09-25,P,1727.5,13,86,0.1469
2026-09-25,2026-09-25,P,1730.0,88,164,0.1155
2026-09-25,2026-09-25,P,1732.5,25,104,0.1056
2026-09-25,2026-09-25,P,1735.0,11,106,0.0808
2026-09-25,2026-09-25,P,1737.5,10,130,0.0838
2026-09-25,2026-09-25,P,1740.0,39,148,0.0783
2026-09-25,2026-09-25,P,1742.5,3,81,0.1093
2026-09-25,2026-09-25,P,1745.0,25,29,0.1415
2026-09-25,2026-09-25,P,1750.0,44,116,0.2622
2026-09-25,2026-09-25,P,1755.0,6,27,0.2405
2026-09-25,2026-09-25,P,1760.0,40,22,0.2828
2026-09-25,2026-09-25,P,1765.0,6,3,0.4403
2026-09-25,2026-09-25,P,1770.0,30,30,0.4858
2026-09-25,2026-09-25,P,1775.0,1,1,0.5295
2026-09-25,2026-09-25,P,1780.0,10,1,0.5439
2026-09-25,2026-09-25,P,1785.0,6,4,0.6021
2026-09-25,2026-09-25,P,1790.0,3,1,0.6418
2026-09-25,2026-09-25,P,1795.0,3,2,0.6768
2026-09-25,2026-09-25,P,1800.0,0,1,0.7146
2026-09-25,2026-09-25,P,1810.0,2,1,0.788
2026-09-25,2026-09-25,P,1815.0,0,1,0.8279
2026-09-25,2026-09-25,P,1830.0,0,1,0.9323
2026-09-25,2026-09-25,P,1835.0,0,1,0.5054
2026-09-25,2026-09-25,P,1850.0,3,1,0.5718
2026-09-25,2026-09-25,P,1870.0,0,3,0.6577
2026-09-25,2026-10-02,C,1485.0,11,7,0.5547
2026-09-25,2026-10-02,C,1490.0,4,3,0.5707
2026-09-25,2026-10-02,C,1495.0,3,0,0.5383
2026-09-25,2026-10-02,C,1500.0,2,3,0.5317
2026-09-25,2026-10-02,C,1520.0,4,0,0.53
2026-09-25,2026-10-02,C,1525.0,1,1,0.6721
2026-09-25,2026-10-02,C,1530.0,7,7,0.5114
2026-09-25,2026-10-02,C,1535.0,0,1,0.6715
2026-09-25,2026-10-02,C,1545.0,1,0,0.6917
2026-09-25,2026-10-02,C,1555.0,1,1,0.6398
2026-09-25,2026-10-02,C,1560.0,4,4,0.6413
2026-09-25,2026-10-02,C,1565.0,2,2,0.5788
2026-09-25,2026-10-02,C,1570.0,1,0,0.5858
2026-09-25,2026-10-02,C,1575.0,1,1,0.6281
2026-09-25,2026-10-02,C,1580.0,7,3,0.5761
2026-09-25,2026-10-02,C,1585.0,9,0,0.5988
2026-09-25,2026-10-02,C,1590.0,16,5,0.594
2026-09-25,2026-10-02,C,1595.0,4,2,0.5306
2026-09-25,2026-10-02,C,1600.0,36,4,0.5469
2026-09-25,2026-10-02,C,1605.0,12,13,0.5656
2026-09-25,2026-10-02,C,1610.0,3,1,0.5675
2026-09-25,2026-10-02,C,1615.0,11,0,0.5593
2026-09-25,2026-10-02,C,1620.0,16,1,0.5447
2026-09-25,2026-10-02,C,1625.0,4,1,0.5361
2026-09-25,2026-10-02,C,1630.0,3,4,0.5213
2026-09-25,2026-10-02,C,1635.0,2,1,0.5035
2026-09-25,2026-10-02,C,1640.0,16,1,0.4681
2026-09-25,2026-10-02,C,1645.0,6,1,0.4917
2026-09-25,2026-10-02,C,1650.0,38,3,0.4858
2026-09-25,2026-10-02,C,1655.0,7,1,0.4689
2026-09-25,2026-10-02,C,1660.0,1,1,0.4649
2026-09-25,2026-10-02,C,1665.0,12,2,0.4948
2026-09-25,2026-10-02,C,1670.0,15,1,0.4695
2026-09-25,2026-10-02,C,1675.0,17,2,0.4598
2026-09-25,2026-10-02,C,1680.0,46,1,0.4485
2026-09-25,2026-10-02,C,1685.0,10,3,0.447
2026-09-25,2026-10-02,C,1690.0,46,6,0.4314
2026-09-25,2026-10-02,C,1695.0,8,2,0.4308
2026-09-25,2026-10-02,C,1700.0,121,18,0.4144
2026-09-25,2026-10-02,C,1705.0,10,2,0.4134
2026-09-25,2026-10-02,C,1710.0,99,17,0.4053
2026-09-25,2026-10-02,C,1715.0,39,2,0.3975
2026-09-25,2026-10-02,C,1720.0,44,14,0.4031
2026-09-25,2026-10-02,C,1725.0,38,21,0.3947
2026-09-25,2026-10-02,C,1727.5,3,0,0.3946
2026-09-25,2026-10-02,C,1730.0,68,7,0.3943
2026-09-25,2026-10-02,C,1732.5,8,30,0.3908
2026-09-25,2026-10-02,C,1735.0,20,6,0.393
2026-09-25,2026-10-02,C,1740.0,28,61,0.3927
2026-09-25,2026-10-02,C,1745.0,9,24,0.3885
2026-09-25,2026-10-02,C,1750.0,67,51,0.3922
2026-09-25,2026-10-02,C,1755.0,50,17,0.3919
2026-09-25,2026-10-02,C,1760.0,22,45,0.3927
2026-09-25,2026-10-02,C,1765.0,124,342,0.3875
2026-09-25,2026-10-02,C,1770.0,263,10,0.3894
2026-09-25,2026-10-02,C,1775.0,25,24,0.3872
2026-09-25,2026-10-02,C,1780.0,83,45,0.3872
2026-09-25,2026-10-02,C,1785.0,28,6,0.3862
2026-09-25,2026-10-02,C,1790.0,25,15,0.3885
2026-09-25,2026-10-02,C,1795.0,15,1,0.3866
2026-09-25,2026-10-02,C,1800.0,151,109,0.3849
2026-09-25,2026-10-02,C,1805.0,11,40,0.4382
2026-09-25,2026-10-02,C,1810.0,67,301,0.3936
2026-09-25,2026-10-02,C,1815.0,77,4,0.3938
2026-09-25,2026-10-02,C,1820.0,17,34,0.3957
2026-09-25,2026-10-02,C,1825.0,43,4,0.3981
2026-09-25,2026-10-02,C,1830.0,31,16,0.3998
2026-09-25,2026-10-02,C,1835.0,80,8,0.3896
2026-09-25,2026-10-02,C,1840.0,22,19,0.4036
2026-09-25,2026-10-02,C,1845.0,24,2,0.4044
2026-09-25,2026-10-02,C,1850.0,71,402,0.4384
2026-09-25,2026-10-02,C,1855.0,7,17,0.41
2026-09-25,2026-10-02,C,1860.0,56,29,0.4102
2026-09-25,2026-10-02,C,1865.0,14,14,0.4025
2026-09-25,2026-10-02,C,1870.0,43,15,0.417
2026-09-25,2026-10-02,C,1875.0,21,9,0.4206
2026-09-25,2026-10-02,C,1880.0,54,4,0.4198
2026-09-25,2026-10-02,C,1885.0,10,11,0.4222
2026-09-25,2026-10-02,C,1890.0,47,46,0.4241
2026-09-25,2026-10-02,C,1895.0,26,11,0.4297
2026-09-25,2026-10-02,C,1900.0,54,82,0.4305
2026-09-25,2026-10-02,C,1905.0,20,181,0.4355
2026-09-25,2026-10-02,C,1910.0,37,82,0.4377
2026-09-25,2026-10-02,C,1915.0,10,186,0.4367
2026-09-25,2026-10-02,C,1920.0,8,36,0.4404
2026-09-25,2026-10-02,C,1925.0,8,2,0.4409
2026-09-25,2026-10-02,C,1930.0,10,7,0.4498
2026-09-25,2026-10-02,C,1935.0,6,2,0.4556
2026-09-25,2026-10-02,C,1940.0,23,24,0.4325
2026-09-25,2026-10-02,C,1945.0,11,12,0.4584
2026-09-25,2026-10-02,C,1950.0,38,110,0.4508
2026-09-25,2026-10-02,C,1955.0,24,3,0.4627
2026-09-25,2026-10-02,C,1960.0,291,17,0.4632
2026-09-25,2026-10-02,C,1965.0,18,2,0.4712
2026-09-25,2026-10-02,C,1970.0,11,23,0.4752
2026-09-25,2026-10-02,C,1975.0,34,2,0.4788
2026-09-25,2026-10-02,C,1980.0,10,52,0.4822
2026-09-25,2026-10-02,C,1985.0,15,3,0.4877
2026-09-25,2026-10-02,C,1990.0,24,4,0.4907
2026-09-25,2026-10-02,C,1995.0,11,9,0.4958
2026-09-25,2026-10-02,C,2000.0,46,62,0.4904
2026-09-25,2026-10-02,P,1485.0,17,3,0.535
2026-09-25,2026-10-02,P,1490.0,51,3,0.5254
2026-09-25,2026-10-02,P,1495.0,28,6,0.4939
2026-09-25,2026-10-02,P,1500.0,289,26,0.5022
2026-09-25,2026-10-02,P,1505.0,10,7,0.4656
2026-09-25,2026-10-02,P,1510.0,29,11,0.4791
2026-09-25,2026-10-02,P,1515.0,70,2,0.4775
2026-09-25,2026-10-02,P,1520.0,73,11,0.4917
2026-09-25,2026-10-02,P,1525.0,25,17,0.4786
2026-09-25,2026-10-02,P,1530.0,67,5,0.449
2026-09-25,2026-10-02,P,1535.0,68,57,0.4463
2026-09-25,2026-10-02,P,1540.0,101,70,0.4462
2026-09-25,2026-10-02,P,1545.0,81,56,0.4705
2026-09-25,2026-10-02,P,1550.0,257,95,0.4404
2026-09-25,2026-10-02,P,1555.0,57,2,0.471
2026-09-25,2026-10-02,P,1560.0,88,187,0.4373
2026-09-25,2026-10-02,P,1565.0,18,2,0.5282
2026-09-25,2026-10-02,P,1570.0,65,25,0.4166
2026-09-25,2026-10-02,P,1575.0,32,7,0.4476
2026-09-25,2026-10-02,P,1580.0,165,210,0.4119
2026-09-25,2026-10-02,P,1585.0,14,51,0.4172
2026-09-25,2026-10-02,P,1590.0,133,202,0.4047
2026-09-25,2026-10-02,P,1595.0,157,59,0.4225
2026-09-25,2026-10-02,P,1600.0,471,125,0.3967
2026-09-25,2026-10-02,P,1605.0,53,10,0.4075
2026-09-25,2026-10-02,P,1610.0,111,2,0.3959
2026-09-25,2026-10-02,P,1615.0,25,8,0.4125
2026-09-25,2026-10-02,P,1620.0,82,86,0.3868
2026-09-25,2026-10-02,P,1625.0,49,17,0.3964
2026-09-25,2026-10-02,P,1630.0,92,30,0.4017
2026-09-25,2026-10-02,P,1635.0,38,6,0.3907
2026-09-25,2026-10-02,P,1640.0,69,9,0.3955
2026-09-25,2026-10-02,P,1645.0,67,9,0.3922
2026-09-25,2026-10-02,P,1650.0,166,309,0.3866
2026-09-25,2026-10-02,P,1655.0,11,6,0.3865
2026-09-25,2026-10-02,P,1660.0,42,25,0.3767
2026-09-25,2026-10-02,P,1665.0,28,22,0.3834
2026-09-25,2026-10-02,P,1670.0,34,8,0.3819
2026-09-25,2026-10-02,P,1675.0,29,6,0.3794
2026-09-25,2026-10-02,P,1680.0,57,28,0.3774
2026-09-25,2026-10-02,P,1685.0,29,7,0.3768
2026-09-25,2026-10-02,P,1690.0,43,14,0.3752
2026-09-25,2026-10-02,P,1695.0,38,10,0.3738
2026-09-25,2026-10-02,P,1700.0,104,69,0.3781
2026-09-25,2026-10-02,P,1705.0,72,1,0.3725
2026-09-25,2026-10-02,P,1710.0,52,5,0.3745
2026-09-25,2026-10-02,P,1715.0,41,1,0.3714
2026-09-25,2026-10-02,P,1720.0,62,11,0.3713
2026-09-25,2026-10-02,P,1725.0,17,15,0.4169
2026-09-25,2026-10-02,P,1727.5,12,11,0.3881
2026-09-25,2026-10-02,P,1730.0,54,22,0.3839
2026-09-25,2026-10-02,P,1732.5,30,1,0.3854
2026-09-25,2026-10-02,P,1735.0,73,6,0.3856
2026-09-25,2026-10-02,P,1740.0,36,68,0.3844
2026-09-25,2026-10-02,P,1745.0,24,7,0.4161
2026-09-25,2026-10-02,P,1750.0,34,7,0.3858
2026-09-25,2026-10-02,P,1755.0,38,2,0.4264
2026-09-25,2026-10-02,P,1760.0,44,2,0.3882
2026-09-25,2026-10-02,P,1765.0,4,2,0.3909
2026-09-25,2026-10-02,P,1770.0,18,30,0.4176
2026-09-25,2026-10-02,P,1775.0,14,2,0.3917
2026-09-25,2026-10-02,P,1780.0,14,1,0.3825
2026-09-25,2026-10-02,P,1785.0,2,4,0.3856
2026-09-25,2026-10-02,P,1800.0,51,4,0.4064
2026-09-25,2026-10-02,P,1805.0,6,2,0.4132
2026-09-25,2026-10-02,P,1810.0,14,7,0.416
2026-09-25,2026-10-02,P,1815.0,11,2,0.4216
2026-09-25,2026-10-02,P,1820.0,6,2,0.4409
2026-09-25,2026-10-02,P,1825.0,6,1,0.4481
2026-09-25,2026-10-02,P,1830.0,4,2,0.4249
2026-09-25,2026-10-02,P,1835.0,3,0,0.428
2026-09-25,2026-10-02,P,1840.0,4,6,0.476
2026-09-25,2026-10-02,P,1850.0,2,3,0.4376
2026-09-25,2026-10-02,P,1860.0,4,40,0.4934
2026-09-25,2026-10-02,P,1900.0,3,1,0.535
2026-09-25,2026-10-02,P,1920.0,7,0,0.5058
2026-09-25,2026-10-02,P,1940.0,0,2,0.0
2026-09-25,2026-10-02,P,1945.0,7,0,0.5427
2026-09-25,2026-10-02,P,1960.0,0,2,0.0
2026-09-25,2026-10-02,P,2000.0,0,2,0.6832
2026-09-25,2026-10-09,C,1500.0,2,1,0.5114
2026-09-25,2026-10-09,C,1505.0,1,1,0.6213
2026-09-25,2026-10-09,C,1560.0,5,4,0.5468
2026-09-25,2026-10-09,C,1575.0,1,0,0.5313
2026-09-25,2026-10-09,C,1580.0,6,4,0.5251
2026-09-25,2026-10-09,C,1585.0,1,0,0.5298
2026-09-25,2026-10-09,C,1595.0,0,1,0.4976
2026-09-25,2026-10-09,C,1600.0,63,2,0.4941
2026-09-25,2026-10-09,C,1605.0,3,1,0.5129
2026-09-25,2026-10-09,C,1610.0,11,10,0.5084
2026-09-25,2026-10-09,C,1615.0,2,0,0.5025
2026-09-25,2026-10-09,C,1620.0,2,2,0.4994
2026-09-25,2026-10-09,C,1625.0,5,2,0.495
2026-09-25,2026-10-09,C,1630.0,12,6,0.4903
2026-09-25,2026-10-09,C,1635.0,9,2,0.4835
2026-09-25,2026-10-09,C,1640.0,50,1,0.4837
2026-09-25,2026-10-09,C,1645.0,5,1,0.472
2026-09-25,2026-10-09,C,1650.0,7,1,0.4662
2026-09-25,2026-10-09,C,1655.0,5,2,0.4679
2026-09-25,2026-10-09,C,1660.0,68,2,0.4548
2026-09-25,2026-10-09,C,1665.0,1,0,0.4549
2026-09-25,2026-10-09,C,1670.0,1,0,0.4448
2026-09-25,2026-10-09,C,1675.0,3,1,0.4401
2026-09-25,2026-10-09,C,1680.0,3,1,0.435
2026-09-25,2026-10-09,C,1685.0,9,8,0.4351
2026-09-25,2026-10-09,C,1690.0,7,6,0.4316
2026-09-25,2026-10-09,C,1695.0,7,2,0.4216
2026-09-25,2026-10-09,C,1700.0,27,2,0.4173
2026-09-25,2026-10-09,C,1705.0,46,5,0.4269
2026-09-25,2026-10-09,C,1710.0,41,2,0.4187
2026-09-25,2026-10-09,C,1715.0,27,8,0.4438
2026-09-25,2026-10-09,C,1720.0,13,6,0.4087
2026-09-25,2026-10-09,C,1725.0,4,2,0.4513
2026-09-25,2026-10-09,C,1730.0,15,2,0.4099
2026-09-25,2026-10-09,C,1735.0,5,3,0.4097
2026-09-25,2026-10-09,C,1740.0,17,2,0.4097
2026-09-25,2026-10-09,C,1745.0,3,2,0.4043
2026-09-25,2026-10-09,C,1750.0,78,11,0.409
2026-09-25,2026-10-09,C,1755.0,7,2,0.409
2026-09-25,2026-10-09,C,1760.0,71,1,0.4043
2026-09-25,2026-10-09,C,1765.0,7,3,0.409
2026-09-25,2026-10-09,C,1770.0,25,1,0.4383
2026-09-25,2026-10-09,C,1775.0,5,1,0.4092
2026-09-25,2026-10-09,C,1780.0,5,2,0.4068
2026-09-25,2026-10-09,C,1785.0,7,1,0.4039
2026-09-25,2026-10-09,C,1790.0,25,5,0.4041
2026-09-25,2026-10-09,C,1795.0,14,1,0.4046
2026-09-25,2026-10-09,C,1800.0,43,10,0.4054
2026-09-25,2026-10-09,C,1805.0,6,1,0.4057
2026-09-25,2026-10-09,C,1810.0,12,11,0.4064
2026-09-25,2026-10-09,C,1815.0,5,2,0.4066
2026-09-25,2026-10-09,C,1820.0,16,2,0.4071
2026-09-25,2026-10-09,C,1825.0,5,1,0.408
2026-09-25,2026-10-09,C,1830.0,78,1,0.4085
2026-09-25,2026-10-09,C,1835.0,3,2,0.4094
2026-09-25,2026-10-09,C,1840.0,46,3,0.4099
2026-09-25,2026-10-09,C,1845.0,11,7,0.4108
2026-09-25,2026-10-09,C,1850.0,104,6,0.4122
2026-09-25,2026-10-09,C,1855.0,22,12,0.4132
2026-09-25,2026-10-09,C,1860.0,37,1,0.4138
2026-09-25,2026-10-09,C,1865.0,15,3,0.415
2026-09-25,2026-10-09,C,1870.0,15,1,0.4157
2026-09-25,2026-10-09,C,1875.0,23,4,0.4171
2026-09-25,2026-10-09,C,1880.0,19,1,0.4182
2026-09-25,2026-10-09,C,1885.0,8,3,0.4198
2026-09-25,2026-10-09,C,1890.0,21,1,0.4212
2026-09-25,2026-10-09,C,1895.0,8,2,0.4222
2026-09-25,2026-10-09,C,1900.0,101,14,0.424
2026-09-25,2026-10-09,C,1905.0,11,1,0.4255
2026-09-25,2026-10-09,C,1910.0,11,10,0.4266
2026-09-25,2026-10-09,C,1915.0,10,2,0.4287
2026-09-25,2026-10-09,C,1920.0,19,1,0.4304
2026-09-25,2026-10-09,C,1925.0,5,3,0.4319
2026-09-25,2026-10-09,C,1930.0,2,1,0.4317
2026-09-25,2026-10-09,C,1940.0,9,2,0.4372
2026-09-25,2026-10-09,C,1950.0,32,31,0.4388
2026-09-25,2026-10-09,C,1960.0,9,9,0.4423
2026-09-25,2026-10-09,C,1965.0,6,2,0.4444
2026-09-25,2026-10-09,C,1975.0,1,0,0.4464
2026-09-25,2026-10-09,C,1980.0,4,2,0.453
2026-09-25,2026-10-09,C,1990.0,2,0,0.4554
2026-09-25,2026-10-09,C,1995.0,4,3,0.4562
2026-09-25,2026-10-09,C,2000.0,40,4,0.4465
2026-09-25,2026-10-09,P,1485.0,7,7,0.4604
2026-09-25,2026-10-09,P,1490.0,9,17,0.4229
2026-09-25,2026-10-09,P,1495.0,35,427,0.4153
2026-09-25,2026-10-09,P,1500.0,529,31,0.4229
2026-09-25,2026-10-09,P,1505.0,6,2,0.4334
2026-09-25,2026-10-09,P,1510.0,5,9,0.4415
2026-09-25,2026-10-09,P,1515.0,31,3,0.4334
2026-09-25,2026-10-09,P,1520.0,13,12,0.4357
2026-09-25,2026-10-09,P,1525.0,30,1,0.4323
2026-09-25,2026-10-09,P,1530.0,14,98,0.4263
2026-09-25,2026-10-09,P,1535.0,31,30,0.4271
2026-09-25,2026-10-09,P,1540.0,41,64,0.4251
2026-09-25,2026-10-09,P,1545.0,26,30,0.4206
2026-09-25,2026-10-09,P,1550.0,99,18,0.4199
2026-09-25,2026-10-09,P,1555.0,20,5,0.4168
2026-09-25,2026-10-09,P,1560.0,34,7,0.4134
2026-09-25,2026-10-09,P,1565.0,2,2,0.4098
2026-09-25,2026-10-09,P,1570.0,78,61,0.4108
2026-09-25,2026-10-09,P,1575.0,59,1,0.4065
2026-09-25,2026-10-09,P,1580.0,103,31,0.4049
2026-09-25,2026-10-09,P,1585.0,24,5,0.4045
2026-09-25,2026-10-09,P,1590.0,41,3,0.4034
2026-09-25,2026-10-09,P,1595.0,17,11,0.3992
2026-09-25,2026-10-09,P,1600.0,140,40,0.4
2026-09-25,2026-10-09,P,1605.0,1,7,0.3976
2026-09-25,2026-10-09,P,1610.0,21,31,0.3972
2026-09-25,2026-10-09,P,1615.0,75,3,0.3952
2026-09-25,2026-10-09,P,1620.0,37,28,0.3938
2026-09-25,2026-10-09,P,1625.0,48,1,0.3931
2026-09-25,2026-10-09,P,1630.0,150,11,0.3865
2026-09-25,2026-10-09,P,1635.0,76,4,0.3911
2026-09-25,2026-10-09,P,1640.0,57,12,0.3898
2026-09-25,2026-10-09,P,1645.0,42,1,0.389
2026-09-25,2026-10-09,P,1650.0,20,14,0.3887
2026-09-25,2026-10-09,P,1655.0,4,1,0.3878
2026-09-25,2026-10-09,P,1660.0,34,1,0.3873
2026-09-25,2026-10-09,P,1665.0,1,0,0.4085
2026-09-25,2026-10-09,P,1670.0,6,2,0.409
2026-09-25,2026-10-09,P,1675.0,48,4,0.4081
2026-09-25,2026-10-09,P,1680.0,35,1,0.389
2026-09-25,2026-10-09,P,1685.0,18,5,0.3883
2026-09-25,2026-10-09,P,1690.0,32,12,0.3846
2026-09-25,2026-10-09,P,1695.0,50,10,0.3845
2026-09-25,2026-10-09,P,1700.0,89,9,0.383
2026-09-25,2026-10-09,P,1705.0,60,4,0.3907
2026-09-25,2026-10-09,P,1710.0,52,2,0.3911
2026-09-25,2026-10-09,P,1715.0,20,5,0.3909
2026-09-25,2026-10-09,P,1720.0,34,2,0.388
2026-09-25,2026-10-09,P,1725.0,16,2,0.3911
2026-09-25,2026-10-09,P,1730.0,38,4,0.3901
2026-09-25,2026-10-09,P,1735.0,40,6,0.4157
2026-09-25,2026-10-09,P,1740.0,18,8,0.3923
2026-09-25,2026-10-09,P,1745.0,25,7,0.3883
2026-09-25,2026-10-09,P,1750.0,13,2,0.391
2026-09-25,2026-10-09,P,1755.0,10,2,0.4158
2026-09-25,2026-10-09,P,1760.0,19,10,0.3911
2026-09-25,2026-10-09,P,1765.0,7,0,0.3937
2026-09-25,2026-10-09,P,1770.0,12,1,0.4136
2026-09-25,2026-10-09,P,1775.0,8,6,0.3966
2026-09-25,2026-10-09,P,1780.0,2,0,0.4137
2026-09-25,2026-10-09,P,1785.0,2,0,0.3889
2026-09-25,2026-10-09,P,1790.0,2,0,0.4177
2026-09-25,2026-10-09,P,1800.0,3,2,0.3907
2026-09-25,2026-10-09,P,1820.0,3,0,0.4059
2026-09-25,2026-10-09,P,1825.0,4,2,0.4092
2026-09-25,2026-10-09,P,1840.0,1,0,0.4145
2026-09-25,2026-10-09,P,1860.0,2,1,0.4388
2026-09-25,2026-10-09,P,1965.0,1,0,0.511
2026-09-29,2026-10-02,C,1560.0,4,4,1.1032
2026-09-29,2026-10-02,C,1565.0,2,2,1.1011
2026-09-29,2026-10-02,C,1570.0,1,0,1.084
2026-09-29,2026-10-02,C,1575.0,1,1,1.0524
2026-09-29,2026-10-02,C,1580.0,7,4,1.0245
2026-09-29,2026-10-02,C,1585.0,9,7,0.8771
2026-09-29,2026-10-02,C,1590.0,16,3,0.9874
2026-09-29,2026-10-02,C,1595.0,4,2,0.9778
2026-09-29,2026-10-02,C,1600.0,38,3,0.9885
2026-09-29,2026-10-02,C,1605.0,12,13,0.9512
2026-09-29,2026-10-02,C,1610.0,3,1,0.9376
2026-09-29,2026-10-02,C,1615.0,11,0,0.9371
2026-09-29,2026-10-02,C,1620.0,16,2,0.9005
2026-09-29,2026-10-02,C,1625.0,4,1,0.5171
2026-09-29,2026-10-02,C,1630.0,3,4,0.8889
2026-09-29,2026-10-02,C,1635.0,2,1,0.5093
2026-09-29,2026-10-02,C,1640.0,16,1,0.8546
2026-09-29,2026-10-02,C,1645.0,4,1,0.855
2026-09-29,2026-10-02,C,1650.0,36,2,0.7803
2026-09-29,2026-10-02,C,1655.0,7,1,0.8257
2026-09-29,2026-10-02,C,1660.0,2,1,0.7913
2026-09-29,2026-10-02,C,1665.0,12,1,0.7851
2026-09-29,2026-10-02,C,1670.0,17,10,0.6586
2026-09-29,2026-10-02,C,1675.0,17,4,0.7553
2026-09-29,2026-10-02,C,1680.0,46,5,0.6462
2026-09-29,2026-10-02,C,1685.0,10,3,0.7401
2026-09-29,2026-10-02,C,1690.0,53,1,0.6516
2026-09-29,2026-10-02,C,1695.0,8,1,0.6205
2026-09-29,2026-10-02,C,1700.0,130,10,0.6037
2026-09-29,2026-10-02,C,1705.0,11,5,0.695
2026-09-29,2026-10-02,C,1710.0,101,1,0.6652
2026-09-29,2026-10-02,C,1715.0,38,5,0.6748
2026-09-29,2026-10-02,C,1720.0,47,20,0.585
2026-09-29,2026-10-02,C,1722.5,11,7,0.6419
2026-09-29,2026-10-02,C,1725.0,36,30,0.5693
2026-09-29,2026-10-02,C,1727.5,3,0,0.6018
2026-09-29,2026-10-02,C,1730.0,68,6,0.5622
2026-09-29,2026-10-02,C,1732.5,25,1,0.6054
2026-09-29,2026-10-02,C,1735.0,21,3,0.5566
2026-09-29,2026-10-02,C,1737.5,5,4,0.6152
2026-09-29,2026-10-02,C,1740.0,48,12,0.5522
2026-09-29,2026-10-02,C,1742.5,15,3,0.5506
2026-09-29,2026-10-02,C,1745.0,15,1,0.5546
2026-09-29,2026-10-02,C,1747.5,18,7,0.5448
2026-09-29,2026-10-02,C,1750.0,84,30,0.5425
2026-09-29,2026-10-02,C,1755.0,54,10,0.5389
2026-09-29,2026-10-02,C,1760.0,68,4,0.5344
2026-09-29,2026-10-02,C,1765.0,452,6,0.5305
2026-09-29,2026-10-02,C,1770.0,323,15,0.5271
2026-09-29,2026-10-02,C,1775.0,53,11,0.5242
2026-09-29,2026-10-02,C,1780.0,93,12,0.5202
2026-09-29,2026-10-02,C,1785.0,37,10,0.5136
2026-09-29,2026-10-02,C,1790.0,42,5,0.5014
2026-09-29,2026-10-02,C,1795.0,16,68,0.4914
2026-09-29,2026-10-02,C,1800.0,258,147,0.4804
2026-09-29,2026-10-02,C,1805.0,51,12,0.4698
2026-09-29,2026-10-02,C,1810.0,379,57,0.4717
2026-09-29,2026-10-02,C,1815.0,87,42,0.4627
2026-09-29,2026-10-02,C,1820.0,112,94,0.4631
2026-09-29,2026-10-02,C,1825.0,65,73,0.4634
2026-09-29,2026-10-02,C,1830.0,70,173,0.4635
2026-09-29,2026-10-02,C,1835.0,89,118,0.5156
2026-09-29,2026-10-02,C,1840.0,54,28,0.4579
2026-09-29,2026-10-02,C,1845.0,31,16,0.4575
2026-09-29,2026-10-02,C,1850.0,439,119,0.4583
2026-09-29,2026-10-02,C,1855.0,28,22,0.4603
2026-09-29,2026-10-02,C,1860.0,105,103,0.4608
2026-09-29,2026-10-02,C,1865.0,35,22,0.4613
2026-09-29,2026-10-02,C,1870.0,101,35,0.4632
2026-09-29,2026-10-02,C,1875.0,31,17,0.4637
2026-09-29,2026-10-02,C,1880.0,76,56,0.4657
2026-09-29,2026-10-02,C,1885.0,33,7,0.4664
2026-09-29,2026-10-02,C,1890.0,84,22,0.4688
2026-09-29,2026-10-02,C,1895.0,31,12,0.47
2026-09-29,2026-10-02,C,1900.0,197,2203,0.4599
2026-09-29,2026-10-02,C,1905.0,198,111,0.4648
2026-09-29,2026-10-02,C,1910.0,116,125,0.476
2026-09-29,2026-10-02,C,1915.0,190,33,0.4773
2026-09-29,2026-10-02,C,1920.0,66,90,0.4774
2026-09-29,2026-10-02,C,1925.0,43,6,0.4782
2026-09-29,2026-10-02,C,1930.0,52,37,0.484
2026-09-29,2026-10-02,C,1935.0,7,9,0.4869
2026-09-29,2026-10-02,C,1940.0,69,9,0.4746
2026-09-29,2026-10-02,C,1945.0,25,17,0.4746
2026-09-29,2026-10-02,C,1950.0,129,39,0.4731
2026-09-29,2026-10-02,C,1955.0,28,9,0.5007
2026-09-29,2026-10-02,C,1960.0,292,7,0.5011
2026-09-29,2026-10-02,C,1965.0,18,7,0.5091
2026-09-29,2026-10-02,C,1970.0,34,16,0.5137
2026-09-29,2026-10-02,C,1975.0,60,15,0.5012
2026-09-29,2026-10-02,C,1980.0,69,47,0.507
2026-09-29,2026-10-02,C,1985.0,63,4,0.5232
2026-09-29,2026-10-02,C,1990.0,29,16,0.5111
2026-09-29,2026-10-02,C,1995.0,22,8,0.4927
2026-09-29,2026-10-02,C,2000.0,104,98,0.4893
2026-09-29,2026-10-02,C,2010.0,73,18,0.5295
2026-09-29,2026-10-02,C,2020.0,74,35,0.5801
2026-09-29,2026-10-02,C,2030.0,33,27,0.4987
2026-09-29,2026-10-02,C,2040.0,219,15,0.5227
2026-09-29,2026-10-02,C,2050.0,15,7,0.5527
2026-09-29,2026-10-02,C,2060.0,34,43,0.5068
2026-09-29,2026-10-02,C,2070.0,16,1,0.6339
2026-09-29,2026-10-02,C,2080.0,32,5,0.6442
2026-09-29,2026-10-02,C,2090.0,25,11,0.5405
2026-09-29,2026-10-02,C,2100.0,67,2,0.5664
2026-09-29,2026-10-02,P,1560.0,229,8,0.8108
2026-09-29,2026-10-02,P,1565.0,25,5,0.6245
2026-09-29,2026-10-02,P,1570.0,87,25,0.7837
2026-09-29,2026-10-02,P,1575.0,29,7,0.6021
2026-09-29,2026-10-02,P,1580.0,329,13,0.584
2026-09-29,2026-10-02,P,1585.0,74,22,0.541
2026-09-29,2026-10-02,P,1590.0,332,4,0.6501
2026-09-29,2026-10-02,P,1595.0,246,23,0.5195
2026-09-29,2026-10-02,P,1600.0,411,65,0.5098
2026-09-29,2026-10-02,P,1605.0,67,10,0.5156
2026-09-29,2026-10-02,P,1610.0,116,32,0.5186
2026-09-29,2026-10-02,P,1615.0,38,17,0.501
2026-09-29,2026-10-02,P,1620.0,120,63,0.5356
2026-09-29,2026-10-02,P,1625.0,52,72,0.5354
2026-09-29,2026-10-02,P,1630.0,92,84,0.5083
2026-09-29,2026-10-02,P,1635.0,80,17,0.5083
2026-09-29,2026-10-02,P,1640.0,84,7,0.5325
2026-09-29,2026-10-02,P,1645.0,97,21,0.5201
2026-09-29,2026-10-02,P,1650.0,461,83,0.522
2026-09-29,2026-10-02,P,1655.0,37,31,0.5181
2026-09-29,2026-10-02,P,1660.0,69,16,0.5132
2026-09-29,2026-10-02,P,1665.0,43,29,0.5804
2026-09-29,2026-10-02,P,1670.0,50,18,0.5352
2026-09-29,2026-10-02,P,1675.0,35,19,0.5665
2026-09-29,2026-10-02,P,1680.0,75,88,0.5046
2026-09-29,2026-10-02,P,1685.0,36,7,0.5159
2026-09-29,2026-10-02,P,1690.0,67,98,0.5105
2026-09-29,2026-10-02,P,1695.0,45,24,0.5085
2026-09-29,2026-10-02,P,1700.0,150,94,0.5035
2026-09-29,2026-10-02,P,1705.0,77,2,0.4959
2026-09-29,2026-10-02,P,1710.0,65,23,0.4843
2026-09-29,2026-10-02,P,1715.0,41,13,0.5045
2026-09-29,2026-10-02,P,1720.0,83,50,0.4883
2026-09-29,2026-10-02,P,1722.5,6,3,0.4974
2026-09-29,2026-10-02,P,1725.0,31,29,0.4778
2026-09-29,2026-10-02,P,1727.5,16,4,0.4942
2026-09-29,2026-10-02,P,1730.0,76,62,0.4883
2026-09-29,2026-10-02,P,1732.5,30,10,0.49
2026-09-29,2026-10-02,P,1735.0,76,6,0.4863
2026-09-29,2026-10-02,P,1737.5,12,11,0.4871
2026-09-29,2026-10-02,P,1740.0,65,46,0.4616
2026-09-29,2026-10-02,P,1742.5,21,13,0.483
2026-09-29,2026-10-02,P,1745.0,30,20,0.4806
2026-09-29,2026-10-02,P,1747.5,19,1,0.4801
2026-09-29,2026-10-02,P,1750.0,69,60,0.4771
2026-09-29,2026-10-02,P,1755.0,39,13,0.4583
2026-09-29,2026-10-02,P,1760.0,57,40,0.4724
2026-09-29,2026-10-02,P,1765.0,5,20,0.471
2026-09-29,2026-10-02,P,1770.0,37,27,0.4698
2026-09-29,2026-10-02,P,1775.0,18,40,0.4673
2026-09-29,2026-10-02,P,1780.0,16,15,0.4666
2026-09-29,2026-10-02,P,1785.0,16,5,0.4661
2026-09-29,2026-10-02,P,1790.0,17,6,0.4641
2026-09-29,2026-10-02,P,1800.0,52,135,0.4632
2026-09-29,2026-10-02,P,1805.0,11,69,0.4627
2026-09-29,2026-10-02,P,1810.0,14,19,0.462
2026-09-29,2026-10-02,P,1815.0,13,39,0.4626
2026-09-29,2026-10-02,P,1820.0,6,57,0.4617
2026-09-29,2026-10-02,P,1825.0,6,26,0.462
2026-09-29,2026-10-02,P,1830.0,4,40,0.4647
2026-09-29,2026-10-02,P,1835.0,4,19,0.462
2026-09-29,2026-10-02,P,1840.0,4,18,0.4657
2026-09-29,2026-10-02,P,1845.0,2,47,0.5177
2026-09-29,2026-10-02,P,1850.0,3,13,0.4819
2026-09-29,2026-10-02,P,1860.0,4,40,0.5507
2026-09-29,2026-10-02,P,1890.0,1,1,0.5248
2026-09-29,2026-10-02,P,1900.0,4,2,0.5511
2026-09-29,2026-10-02,P,1920.0,7,0,0.6048
2026-09-29,2026-10-02,P,1940.0,0,2,0.0
2026-09-29,2026-10-02,P,1945.0,7,4,0.5164
2026-09-29,2026-10-02,P,1960.0,0,2,0.0
2026-09-29,2026-10-02,P,2000.0,2,1,0.5177
2026-09-29,2026-10-09,C,1560.0,5,4,0.5262
2026-09-29,2026-10-09,C,1565.0,9,0,0.5439
2026-09-29,2026-10-09,C,1575.0,1,0,0.5155
2026-09-29,2026-10-09,C,1580.0,6,4,0.5286
2026-09-29,2026-10-09,C,1585.0,1,0,0.6684
2026-09-29,2026-10-09,C,1595.0,0,1,0.5133
2026-09-29,2026-10-09,C,1600.0,63,1,0.5012
2026-09-29,2026-10-09,C,1605.0,3,1,0.6498
2026-09-29,2026-10-09,C,1610.0,11,10,0.6405
2026-09-29,2026-10-09,C,1615.0,2,0,0.6328
2026-09-29,2026-10-09,C,1620.0,2,2,0.6233
2026-09-29,2026-10-09,C,1625.0,5,2,0.6326
2026-09-29,2026-10-09,C,1630.0,12,6,0.6274
2026-09-29,2026-10-09,C,1635.0,9,2,0.6054
2026-09-29,2026-10-09,C,1640.0,50,1,0.6205
2026-09-29,2026-10-09,C,1645.0,5,1,0.5931
2026-09-29,2026-10-09,C,1650.0,7,1,0.5845
2026-09-29,2026-10-09,C,1655.0,5,2,0.5787
2026-09-29,2026-10-09,C,1660.0,66,2,0.5808
2026-09-29,2026-10-09,C,1665.0,1,0,0.565
2026-09-29,2026-10-09,C,1670.0,1,0,0.5638
2026-09-29,2026-10-09,C,1675.0,3,1,0.5609
2026-09-29,2026-10-09,C,1680.0,3,1,0.5565
2026-09-29,2026-10-09,C,1685.0,9,8,0.5541
2026-09-29,2026-10-09,C,1690.0,7,1,0.543
2026-09-29,2026-10-09,C,1695.0,7,1,0.5425
2026-09-29,2026-10-09,C,1700.0,33,5,0.5101
2026-09-29,2026-10-09,C,1705.0,46,5,0.5388
2026-09-29,2026-10-09,C,1710.0,41,1,0.5059
2026-09-29,2026-10-09,C,1715.0,27,1,0.4999
2026-09-29,2026-10-09,C,1720.0,9,3,0.4968
2026-09-29,2026-10-09,C,1725.0,5,1,0.5244
2026-09-29,2026-10-09,C,1727.5,1,0,0.5207
2026-09-29,2026-10-09,C,1730.0,15,4,0.4926
2026-09-29,2026-10-09,C,1735.0,6,1,0.5112
2026-09-29,2026-10-09,C,1737.5,4,1,0.5023
2026-09-29,2026-10-09,C,1740.0,17,2,0.5051
2026-09-29,2026-10-09,C,1742.5,6,13,0.5201
2026-09-29,2026-10-09,C,1745.0,4,2,0.4863
2026-09-29,2026-10-09,C,1750.0,76,8,0.4836
2026-09-29,2026-10-09,C,1755.0,6,3,0.4823
2026-09-29,2026-10-09,C,1760.0,71,6,0.4823
2026-09-29,2026-10-09,C,1765.0,8,1,0.4675
2026-09-29,2026-10-09,C,1770.0,29,4,0.456
2026-09-29,2026-10-09,C,1775.0,8,5,0.4662
2026-09-29,2026-10-09,C,1780.0,8,3,0.4635
2026-09-29,2026-10-09,C,1785.0,7,1,0.4628
2026-09-29,2026-10-09,C,1790.0,24,5,0.4583
2026-09-29,2026-10-09,C,1795.0,14,1,0.4508
2026-09-29,2026-10-09,C,1800.0,77,61,0.4552
2026-09-29,2026-10-09,C,1805.0,7,2,0.4484
2026-09-29,2026-10-09,C,1810.0,15,11,0.4468
2026-09-29,2026-10-09,C,1815.0,7,18,0.4534
2026-09-29,2026-10-09,C,1820.0,16,13,0.4729
2026-09-29,2026-10-09,C,1825.0,5,21,0.4521
2026-09-29,2026-10-09,C,1830.0,78,17,0.442
2026-09-29,2026-10-09,C,1835.0,7,26,0.4416
2026-09-29,2026-10-09,C,1840.0,43,11,0.4415
2026-09-29,2026-10-09,C,1845.0,11,5,0.4415
2026-09-29,2026-10-09,C,1850.0,144,63,0.4434
2026-09-29,2026-10-09,C,1855.0,22,4,0.4424
2026-09-29,2026-10-09,C,1860.0,36,1,0.4464
2026-09-29,2026-10-09,C,1865.0,15,10,0.4427
2026-09-29,2026-10-09,C,1870.0,24,3,0.4432
2026-09-29,2026-10-09,C,1875.0,29,4,0.4432
2026-09-29,2026-10-09,C,1880.0,28,7,0.4435
2026-09-29,2026-10-09,C,1885.0,7,4,0.4441
2026-09-29,2026-10-09,C,1890.0,11,4,0.4475
2026-09-29,2026-10-09,C,1895.0,10,2,0.4445
2026-09-29,2026-10-09,C,1900.0,107,78,0.4452
2026-09-29,2026-10-09,C,1905.0,11,4,0.4885
2026-09-29,2026-10-09,C,1910.0,22,1,0.446
2026-09-29,2026-10-09,C,1915.0,11,1,0.447
2026-09-29,2026-10-09,C,1920.0,21,12,0.4475
2026-09-29,2026-10-09,C,1925.0,29,4,0.4475
2026-09-29,2026-10-09,C,1930.0,159,3,0.448
2026-09-29,2026-10-09,C,1935.0,2,0,0.4489
2026-09-29,2026-10-09,C,1940.0,37,2,0.4504
2026-09-29,2026-10-09,C,1950.0,65,10,0.4509
2026-09-29,2026-10-09,C,1960.0,9,3,0.4528
2026-09-29,2026-10-09,C,1965.0,6,6,0.4541
2026-09-29,2026-10-09,C,1970.0,36,34,0.5045
2026-09-29,2026-10-09,C,1975.0,1,0,0.4556
2026-09-29,2026-10-09,C,1980.0,4,3,0.4569
2026-09-29,2026-10-09,C,1990.0,2,0,0.462
2026-09-29,2026-10-09,C,1995.0,6,6,0.4609
2026-09-29,2026-10-09,C,2000.0,44,54,0.4481
2026-09-29,2026-10-09,C,2010.0,26,3,0.4464
2026-09-29,2026-10-09,C,2020.0,21,38,0.4662
2026-09-29,2026-10-09,C,2030.0,17,11,0.47
2026-09-29,2026-10-09,C,2040.0,5,11,0.451
2026-09-29,2026-10-09,C,2050.0,35,31,0.4564
2026-09-29,2026-10-09,C,2060.0,11,1,0.4831
2026-09-29,2026-10-09,C,2070.0,7,7,0.5565
2026-09-29,2026-10-09,C,2080.0,6,2,0.4894
2026-09-29,2026-10-09,C,2090.0,4,4,0.4943
2026-09-29,2026-10-09,C,2100.0,7,5,0.4854
2026-09-29,2026-10-09,P,1560.0,38,8,0.5154
2026-09-29,2026-10-09,P,1565.0,4,8,0.5385
2026-09-29,2026-10-09,P,1570.0,124,17,0.494
2026-09-29,2026-10-09,P,1575.0,59,7,0.5117
2026-09-29,2026-10-09,P,1580.0,149,34,0.5136
2026-09-29,2026-10-09,P,1585.0,24,10,0.5154
2026-09-29,2026-10-09,P,1590.0,54,1,0.4957
2026-09-29,2026-10-09,P,1595.0,17,1,0.4918
2026-09-29,2026-10-09,P,1600.0,223,64,0.4829
2026-09-29,2026-10-09,P,1605.0,4,2,0.4976
2026-09-29,2026-10-09,P,1610.0,44,7,0.499
2026-09-29,2026-10-09,P,1615.0,78,6,0.4948
2026-09-29,2026-10-09,P,1620.0,75,9,0.4699
2026-09-29,2026-10-09,P,1625.0,54,2,0.4878
2026-09-29,2026-10-09,P,1630.0,170,42,0.485
2026-09-29,2026-10-09,P,1635.0,92,29,0.4709
2026-09-29,2026-10-09,P,1640.0,80,8,0.4742
2026-09-29,2026-10-09,P,1645.0,41,3,0.4745
2026-09-29,2026-10-09,P,1650.0,64,239,0.4723
2026-09-29,2026-10-09,P,1655.0,5,1,0.4678
2026-09-29,2026-10-09,P,1660.0,34,4,0.4666
2026-09-29,2026-10-09,P,1665.0,8,9,0.4649
2026-09-29,2026-10-09,P,1670.0,14,4,0.4611
2026-09-29,2026-10-09,P,1675.0,143,303,0.4456
2026-09-29,2026-10-09,P,1680.0,36,7,0.457
2026-09-29,2026-10-09,P,1685.0,23,11,0.4551
2026-09-29,2026-10-09,P,1690.0,39,37,0.454
2026-09-29,2026-10-09,P,1695.0,60,4,0.4525
2026-09-29,2026-10-09,P,1700.0,109,73,0.4504
2026-09-29,2026-10-09,P,1705.0,60,2,0.4491
2026-09-29,2026-10-09,P,1710.0,54,2,0.4461
2026-09-29,2026-10-09,P,1715.0,19,2,0.4462
2026-09-29,2026-10-09,P,1720.0,36,6,0.4446
2026-09-29,2026-10-09,P,1725.0,17,5,0.4424
2026-09-29,2026-10-09,P,1730.0,39,1,0.442
2026-09-29,2026-10-09,P,1735.0,69,52,0.4932
2026-09-29,2026-10-09,P,1737.5,1,2,0.4407
2026-09-29,2026-10-09,P,1740.0,20,3,0.4403
2026-09-29,2026-10-09,P,1742.5,2,1,0.4398
2026-09-29,2026-10-09,P,1745.0,25,1,0.4785
2026-09-29,2026-10-09,P,1747.5,5,5,0.4394
2026-09-29,2026-10-09,P,1750.0,16,11,0.4385
2026-09-29,2026-10-09,P,1755.0,17,5,0.4381
2026-09-29,2026-10-09,P,1760.0,19,4,0.4372
2026-09-29,2026-10-09,P,1765.0,7,4,0.4366
2026-09-29,2026-10-09,P,1770.0,14,14,0.4364
2026-09-29,2026-10-09,P,1775.0,19,19,0.4355
2026-09-29,2026-10-09,P,1780.0,6,4,0.435
2026-09-29,2026-10-09,P,1785.0,2,23,0.4347
2026-09-29,2026-10-09,P,1790.0,3,3,0.4339
2026-09-29,2026-10-09,P,1800.0,13,10,0.4338
2026-09-29,2026-10-09,P,1820.0,3,21,0.4363
2026-09-29,2026-10-09,P,1825.0,4,5,0.4323
2026-09-29,2026-10-09,P,1840.0,1,4,0.432
2026-09-29,2026-10-09,P,1860.0,2,12,0.432
2026-09-29,2026-10-09,P,1945.0,1,0,0.4928
2026-09-29,2026-10-09,P,1965.0,1,0,0.5117
2026-09-29,2026-10-09,P,1975.0,3,0,0.5211
2026-09-29,2026-10-09,P,1980.0,1,0,0.5239
2026-09-29,2026-10-09,P,1990.0,1,0,0.5251
2026-09-29,2026-10-09,P,1995.0,3,0,0.5302
2026-09-29,2026-10-09,P,2000.0,3,0,0.5364
2026-09-29,2026-10-09,P,2010.0,3,0,0.5435
2026-09-29,2026-10-09,P,2020.0,1,0,0.5508
2026-09-29,2026-10-09,P,2030.0,3,0,0.5415
2026-09-29,2026-10-09,P,2040.0,2,0,0.5561
2026-09-30,2026-10-02,C,1545.0,1,0,1.5525
2026-09-30,2026-10-02,C,1555.0,1,1,1.5249
2026-09-30,2026-10-02,C,1560.0,4,4,1.2861
2026-09-30,2026-10-02,C,1565.0,2,2,1.417
2026-09-30,2026-10-02,C,1570.0,1,0,1.511
2026-09-30,2026-10-02,C,1575.0,1,1,1.3989
2026-09-30,2026-10-02,C,1580.0,11,4,1.189
2026-09-30,2026-10-02,C,1585.0,13,1,1.4526
2026-09-30,2026-10-02,C,1590.0,17,4,1.3098
2026-09-30,2026-10-02,C,1595.0,4,2,1.2988
2026-09-30,2026-10-02,C,1600.0,38,1,1.3545
2026-09-30,2026-10-02,C,1605.0,12,7,1.252
2026-09-30,2026-10-02,C,1610.0,3,1,1.2024
2026-09-30,2026-10-02,C,1615.0,11,0,1.2752
2026-09-30,2026-10-02,C,1620.0,14,15,1.1487
2026-09-30,2026-10-02,C,1625.0,6,4,1.1948
2026-09-30,2026-10-02,C,1630.0,3,1,1.0486
2026-09-30,2026-10-02,C,1635.0,2,1,1.0955
2026-09-30,2026-10-02,C,1640.0,15,1,1.1741
2026-09-30,2026-10-02,C,1645.0,3,1,1.0469
2026-09-30,2026-10-02,C,1650.0,35,1,1.106
2026-09-30,2026-10-02,C,1655.0,7,1,0.9473
2026-09-30,2026-10-02,C,1660.0,2,1,0.907
2026-09-30,2026-10-02,C,1665.0,11,1,1.0449
2026-09-30,2026-10-02,C,1670.0,18,4,1.0897
2026-09-30,2026-10-02,C,1675.0,19,1,0.7998
2026-09-30,2026-10-02,C,1680.0,51,1,0.7944
2026-09-30,2026-10-02,C,1685.0,10,1,0.8558
2026-09-30,2026-10-02,C,1690.0,53,1,0.8751
2026-09-30,2026-10-02,C,1695.0,8,1,0.8333
2026-09-30,2026-10-02,C,1700.0,120,14,0.8115
2026-09-30,2026-10-02,C,1705.0,14,2,0.7968
2026-09-30,2026-10-02,C,1710.0,89,12,0.77
2026-09-30,2026-10-02,C,1715.0,38,5,0.7105
2026-09-30,2026-10-02,C,1720.0,47,20,0.6245
2026-09-30,2026-10-02,C,1722.5,11,2,0.639
2026-09-30,2026-10-02,C,1725.0,43,5,0.6937
2026-09-30,2026-10-02,C,1727.5,3,0,0.6716
2026-09-30,2026-10-02,C,1730.0,64,20,0.6918
2026-09-30,2026-10-02,C,1732.5,25,10,0.681
2026-09-30,2026-10-02,C,1735.0,20,2,0.642
2026-09-30,2026-10-02,C,1737.5,5,4,0.6796
2026-09-30,2026-10-02,C,1740.0,42,1,0.6206
2026-09-30,2026-10-02,C,1742.5,15,1,0.5734
2026-09-30,2026-10-02,C,1745.0,14,2,0.5243
2026-09-30,2026-10-02,C,1747.5,21,7,0.5734
2026-09-30,2026-10-02,C,1750.0,83,20,0.5933
2026-09-30,2026-10-02,C,1755.0,52,1,0.5465
2026-09-30,2026-10-02,C,1760.0,50,6,0.5627
2026-09-30,2026-10-02,C,1765.0,447,293,0.5674
2026-09-30,2026-10-02,C,1770.0,318,52,0.533
2026-09-30,2026-10-02,C,1775.0,53,3,0.5643
2026-09-30,2026-10-02,C,1780.0,90,8,0.5247
2026-09-30,2026-10-02,C,1785.0,35,2,0.6669
2026-09-30,2026-10-02,C,1790.0,41,5,0.514
2026-09-30,2026-10-02,C,1795.0,77,5,0.5738
2026-09-30,2026-10-02,C,1800.0,241,143,0.5435
2026-09-30,2026-10-02,C,1805.0,46,28,0.5277
2026-09-30,2026-10-02,C,1810.0,422,324,0.5306
2026-09-30,2026-10-02,C,1815.0,99,52,0.5256
2026-09-30,2026-10-02,C,1820.0,127,378,0.5098
2026-09-30,2026-10-02,C,1825.0,102,78,0.5155
2026-09-30,2026-10-02,C,1830.0,109,52,0.4987
2026-09-30,2026-10-02,C,1835.0,99,69,0.5021
2026-09-30,2026-10-02,C,1840.0,176,64,0.4936
2026-09-30,2026-10-02,C,1845.0,37,77,0.4921
2026-09-30,2026-10-02,C,1850.0,447,137,0.4922
2026-09-30,2026-10-02,C,1855.0,42,15,0.5031
2026-09-30,2026-10-02,C,1860.0,153,62,0.5012
2026-09-30,2026-10-02,C,1865.0,43,24,0.5009
2026-09-30,2026-10-02,C,1870.0,160,119,0.4943
2026-09-30,2026-10-02,C,1875.0,80,85,0.4968
2026-09-30,2026-10-02,C,1880.0,104,79,0.5096
2026-09-30,2026-10-02,C,1885.0,37,23,0.5398
2026-09-30,2026-10-02,C,1890.0,89,50,0.481
2026-09-30,2026-10-02,C,1895.0,34,8,0.5709
2026-09-30,2026-10-02,C,1900.0,850,497,0.499
2026-09-30,2026-10-02,C,1905.0,273,13,0.5772
2026-09-30,2026-10-02,C,1910.0,170,32,0.5916
2026-09-30,2026-10-02,C,1915.0,202,1,0.5981
2026-09-30,2026-10-02,C,1920.0,92,60,0.6057
2026-09-30,2026-10-02,C,1925.0,47,12,0.6108
2026-09-30,2026-10-02,C,1930.0,79,137,0.6133
2026-09-30,2026-10-02,C,1935.0,34,1,0.6284
2026-09-30,2026-10-02,C,1940.0,59,46,0.7036
2026-09-30,2026-10-02,C,1945.0,46,11,0.6689
2026-09-30,2026-10-02,C,1950.0,140,36,0.5947
2026-09-30,2026-10-02,C,1955.0,29,4,0.6528
2026-09-30,2026-10-02,C,1960.0,311,10,0.8267
2026-09-30,2026-10-02,C,1965.0,36,6,0.9006
2026-09-30,2026-10-02,C,1970.0,60,22,0.7544
2026-09-30,2026-10-02,C,1975.0,100,51,0.7861
2026-09-30,2026-10-02,C,1980.0,118,31,0.8872
2026-09-30,2026-10-02,C,1985.0,64,5,1.1016
2026-09-30,2026-10-02,C,1990.0,56,22,0.9934
2026-09-30,2026-10-02,C,1995.0,24,4,1.0689
2026-09-30,2026-10-02,C,2000.0,129,18,0.6406
2026-09-30,2026-10-02,C,2010.0,82,2,1.2166
2026-09-30,2026-10-02,C,2020.0,97,1,0.6992
2026-09-30,2026-10-02,C,2030.0,44,27,1.3058
2026-09-30,2026-10-02,C,2040.0,222,15,1.3496
2026-09-30,2026-10-02,C,2050.0,16,2,0.7852
2026-09-30,2026-10-02,C,2060.0,63,43,1.436
2026-09-30,2026-10-02,C,2070.0,138,137,1.4785
2026-09-30,2026-10-02,C,2080.0,34,5,1.5205
2026-09-30,2026-10-02,P,1540.0,66,2,0.9961
2026-09-30,2026-10-02,P,1545.0,62,6,1.541
2026-09-30,2026-10-02,P,1550.0,215,71,1.0195
2026-09-30,2026-10-02,P,1555.0,59,2,1.5147
2026-09-30,2026-10-02,P,1560.0,222,3,1.634
2026-09-30,2026-10-02,P,1565.0,26,5,1.6047
2026-09-30,2026-10-02,P,1570.0,85,25,1.5757
2026-09-30,2026-10-02,P,1575.0,28,3,1.5464
2026-09-30,2026-10-02,P,1580.0,304,22,0.9668
2026-09-30,2026-10-02,P,1585.0,74,2,1.4883
2026-09-30,2026-10-02,P,1590.0,329,3,1.2244
2026-09-30,2026-10-02,P,1595.0,236,5,0.8438
2026-09-30,2026-10-02,P,1600.0,396,69,1.0049
2026-09-30,2026-10-02,P,1605.0,59,12,0.8398
2026-09-30,2026-10-02,P,1610.0,101,24,1.0547
2026-09-30,2026-10-02,P,1615.0,35,10,1.1963
2026-09-30,2026-10-02,P,1620.0,106,33,0.7793
2026-09-30,2026-10-02,P,1625.0,100,66,0.7832
2026-09-30,2026-10-02,P,1630.0,95,4,0.9185
2026-09-30,2026-10-02,P,1635.0,79,7,0.7422
2026-09-30,2026-10-02,P,1640.0,76,3,0.8784
2026-09-30,2026-10-02,P,1645.0,90,3,0.7617
2026-09-30,2026-10-02,P,1650.0,450,14,0.6992
2026-09-30,2026-10-02,P,1655.0,33,3,0.6934
2026-09-30,2026-10-02,P,1660.0,90,7,0.8174
2026-09-30,2026-10-02,P,1665.0,50,2,0.7878
2026-09-30,2026-10-02,P,1670.0,66,7,0.7781
2026-09-30,2026-10-02,P,1675.0,49,6,0.6948
2026-09-30,2026-10-02,P,1680.0,132,23,0.7725
2026-09-30,2026-10-02,P,1685.0,52,2,0.6064
2026-09-30,2026-10-02,P,1690.0,127,13,0.5918
2026-09-30,2026-10-02,P,1695.0,45,1,0.688
2026-09-30,2026-10-02,P,1700.0,165,226,0.5781
2026-09-30,2026-10-02,P,1705.0,73,9,0.5791
2026-09-30,2026-10-02,P,1710.0,81,23,0.5459
2026-09-30,2026-10-02,P,1715.0,45,6,0.5305
2026-09-30,2026-10-02,P,1720.0,145,111,0.5178
2026-09-30,2026-10-02,P,1722.5,46,17,0.5054
2026-09-30,2026-10-02,P,1725.0,86,14,0.6057
2026-09-30,2026-10-02,P,1727.5,48,10,0.605
2026-09-30,2026-10-02,P,1730.0,150,81,0.5049
2026-09-30,2026-10-02,P,1732.5,28,8,0.5521
2026-09-30,2026-10-02,P,1735.0,77,14,0.5418
2026-09-30,2026-10-02,P,1737.5,16,34,0.5422
2026-09-30,2026-10-02,P,1740.0,86,77,0.5344
2026-09-30,2026-10-02,P,1742.5,36,10,0.5294
2026-09-30,2026-10-02,P,1745.0,39,17,0.5109
2026-09-30,2026-10-02,P,1747.5,17,17,0.5143
2026-09-30,2026-10-02,P,1750.0,112,80,0.4926
2026-09-30,2026-10-02,P,1755.0,47,139,0.4968
2026-09-30,2026-10-02,P,1760.0,62,62,0.5175
2026-09-30,2026-10-02,P,1765.0,21,8,0.5305
2026-09-30,2026-10-02,P,1770.0,62,22,0.561
2026-09-30,2026-10-02,P,1775.0,45,17,0.4917
2026-09-30,2026-10-02,P,1780.0,29,46,0.5053
2026-09-30,2026-10-02,P,1785.0,21,16,0.4846
2026-09-30,2026-10-02,P,1790.0,23,212,0.5664
2026-09-30,2026-10-02,P,1800.0,98,81,0.5001
2026-09-30,2026-10-02,P,1805.0,17,51,0.5486
2026-09-30,2026-10-02,P,1810.0,45,175,0.4774
2026-09-30,2026-10-02,P,1815.0,72,29,0.5547
2026-09-30,2026-10-02,P,1820.0,69,24,0.4796
2026-09-30,2026-10-02,P,1825.0,150,2,0.568
2026-09-30,2026-10-02,P,1830.0,42,10,0.5647
2026-09-30,2026-10-02,P,1835.0,8,2,0.5201
2026-09-30,2026-10-02,P,1840.0,21,6,0.4933
2026-09-30,2026-10-02,P,1845.0,45,6,0.5333
2026-09-30,2026-10-02,P,1850.0,11,11,0.5722
2026-09-30,2026-10-02,P,1860.0,4,1,0.7657
2026-09-30,2026-10-02,P,1890.0,2,1,0.9042
2026-09-30,2026-10-02,P,1900.0,5,1,0.9711
2026-09-30,2026-10-02,P,1920.0,7,1,1.0457
2026-09-30,2026-10-02,P,1940.0,0,2,0.0
2026-09-30,2026-10-02,P,1945.0,7,4,0.5947
2026-09-30,2026-10-02,P,1960.0,0,2,1.3422
2026-09-30,2026-10-02,P,2000.0,2,1,1.4728
2026-09-30,2026-10-09,C,1550.0,9,0,0.6226
2026-09-30,2026-10-09,C,1560.0,5,4,0.669
2026-09-30,2026-10-09,C,1565.0,9,0,0.6636
2026-09-30,2026-10-09,C,1575.0,1,0,0.5949
2026-09-30,2026-10-09,C,1580.0,6,4,0.6051
2026-09-30,2026-10-09,C,1585.0,1,0,0.5845
2026-09-30,2026-10-09,C,1595.0,0,1,0.5512
2026-09-30,2026-10-09,C,1600.0,63,1,0.5618
2026-09-30,2026-10-09,C,1605.0,3,1,0.5476
2026-09-30,2026-10-09,C,1610.0,11,10,0.5729
2026-09-30,2026-10-09,C,1615.0,2,0,0.5662
2026-09-30,2026-10-09,C,1620.0,2,2,0.5264
2026-09-30,2026-10-09,C,1625.0,3,2,0.5329
2026-09-30,2026-10-09,C,1630.0,12,6,0.52
2026-09-30,2026-10-09,C,1635.0,9,2,0.5035
2026-09-30,2026-10-09,C,1640.0,50,1,0.6522
2026-09-30,2026-10-09,C,1645.0,5,1,0.5032
2026-09-30,2026-10-09,C,1650.0,7,1,0.6326
2026-09-30,2026-10-09,C,1655.0,5,2,0.6264
2026-09-30,2026-10-09,C,1660.0,66,2,0.6275
2026-09-30,2026-10-09,C,1665.0,1,0,0.6088
2026-09-30,2026-10-09,C,1670.0,1,1,0.596
2026-09-30,2026-10-09,C,1675.0,3,1,0.5917
2026-09-30,2026-10-09,C,1680.0,3,1,0.58
2026-09-30,2026-10-09,C,1685.0,10,1,0.5723
2026-09-30,2026-10-09,C,1690.0,8,1,0.5895
2026-09-30,2026-10-09,C,1695.0,7,1,0.5743
2026-09-30,2026-10-09,C,1700.0,33,5,0.573
2026-09-30,2026-10-09,C,1705.0,46,43,0.5747
2026-09-30,2026-10-09,C,1710.0,41,35,0.5577
2026-09-30,2026-10-09,C,1715.0,28,1,0.5536
2026-09-30,2026-10-09,C,1720.0,6,1,0.5269
2026-09-30,2026-10-09,C,1725.0,5,1,0.5211
2026-09-30,2026-10-09,C,1727.5,1,0,0.5244
2026-09-30,2026-10-09,C,1730.0,12,1,0.5183
2026-09-30,2026-10-09,C,1735.0,6,1,0.5138
2026-09-30,2026-10-09,C,1737.5,4,1,0.5163
2026-09-30,2026-10-09,C,1740.0,17,2,0.5099
2026-09-30,2026-10-09,C,1742.5,6,1,0.5109
2026-09-30,2026-10-09,C,1745.0,4,2,0.5011
2026-09-30,2026-10-09,C,1750.0,76,13,0.5118
2026-09-30,2026-10-09,C,1755.0,6,3,0.5039
2026-09-30,2026-10-09,C,1760.0,66,6,0.4782
2026-09-30,2026-10-09,C,1765.0,5,5,0.4656
2026-09-30,2026-10-09,C,1770.0,27,1,0.4972
2026-09-30,2026-10-09,C,1775.0,11,3,0.4478
2026-09-30,2026-10-09,C,1780.0,7,3,0.4425
2026-09-30,2026-10-09,C,1785.0,8,1,0.4422
2026-09-30,2026-10-09,C,1790.0,22,30,0.4374
2026-09-30,2026-10-09,C,1795.0,14,3,0.4337
2026-09-30,2026-10-09,C,1800.0,58,17,0.4292
2026-09-30,2026-10-09,C,1805.0,6,2,0.4314
2026-09-30,2026-10-09,C,1810.0,17,6,0.4245
2026-09-30,2026-10-09,C,1815.0,19,12,0.4232
2026-09-30,2026-10-09,C,1820.0,26,5,0.4249
2026-09-30,2026-10-09,C,1825.0,32,2,0.423
2026-09-30,2026-10-09,C,1830.0,119,6,0.423
2026-09-30,2026-10-09,C,1835.0,33,13,0.4232
2026-09-30,2026-10-09,C,1840.0,46,10,0.4226
2026-09-30,2026-10-09,C,1845.0,21,2,0.4222
2026-09-30,2026-10-09,C,1850.0,137,33,0.4219
2026-09-30,2026-10-09,C,1855.0,30,8,0.4199
2026-09-30,2026-10-09,C,1860.0,38,324,0.422
2026-09-30,2026-10-09,C,1865.0,38,8,0.4183
2026-09-30,2026-10-09,C,1870.0,28,2,0.4231
2026-09-30,2026-10-09,C,1875.0,31,4,0.422
2026-09-30,2026-10-09,C,1880.0,88,9,0.4222
2026-09-30,2026-10-09,C,1885.0,10,4,0.4228
2026-09-30,2026-10-09,C,1890.0,44,5,0.4538
2026-09-30,2026-10-09,C,1895.0,12,1,0.4242
2026-09-30,2026-10-09,C,1900.0,131,74,0.4262
2026-09-30,2026-10-09,C,1905.0,16,58,0.4212
2026-09-30,2026-10-09,C,1910.0,64,311,0.4204
2026-09-30,2026-10-09,C,1915.0,14,2,0.4284
2026-09-30,2026-10-09,C,1920.0,31,12,0.4291
2026-09-30,2026-10-09,C,1925.0,29,8,0.4291
2026-09-30,2026-10-09,C,1930.0,184,10,0.4299
2026-09-30,2026-10-09,C,1935.0,4,2,0.4332
2026-09-30,2026-10-09,C,1940.0,37,8,0.431
2026-09-30,2026-10-09,C,1950.0,74,20,0.4348
2026-09-30,2026-10-09,C,1960.0,13,5,0.4362
2026-09-30,2026-10-09,C,1965.0,9,1,0.4399
2026-09-30,2026-10-09,C,1970.0,36,1,0.437
2026-09-30,2026-10-09,C,1975.0,1,2,0.4398
2026-09-30,2026-10-09,C,1980.0,6,1,0.4398
2026-09-30,2026-10-09,C,1990.0,102,51,0.4578
2026-09-30,2026-10-09,C,1995.0,11,1,0.4593
2026-09-30,2026-10-09,C,2000.0,168,141,0.463
2026-09-30,2026-10-09,C,2010.0,29,3,0.4692
2026-09-30,2026-10-09,C,2020.0,47,6,0.4741
2026-09-30,2026-10-09,C,2030.0,33,8,0.5406
2026-09-30,2026-10-09,C,2040.0,14,7,0.5129
2026-09-30,2026-10-09,C,2050.0,62,7,0.4963
2026-09-30,2026-10-09,C,2060.0,11,10,0.4701
2026-09-30,2026-10-09,C,2070.0,18,12,0.5316
2026-09-30,2026-10-09,C,2080.0,7,13,0.5407
2026-09-30,2026-10-09,P,1540.0,66,6,0.619
2026-09-30,2026-10-09,P,1545.0,56,6,0.5838
2026-09-30,2026-10-09,P,1550.0,114,1,0.5573
2026-09-30,2026-10-09,P,1555.0,20,7,0.5415
2026-09-30,2026-10-09,P,1560.0,39,11,0.5062
2026-09-30,2026-10-09,P,1565.0,9,6,0.474
2026-09-30,2026-10-09,P,1570.0,124,173,0.4941
2026-09-30,2026-10-09,P,1575.0,57,7,0.5468
2026-09-30,2026-10-09,P,1580.0,238,79,0.4722
2026-09-30,2026-10-09,P,1585.0,43,11,0.5252
2026-09-30,2026-10-09,P,1590.0,145,59,0.4841
2026-09-30,2026-10-09,P,1595.0,18,31,0.4471
2026-09-30,2026-10-09,P,1600.0,194,30,0.4407
2026-09-30,2026-10-09,P,1605.0,4,7,0.4727
2026-09-30,2026-10-09,P,1610.0,49,53,0.4627
2026-09-30,2026-10-09,P,1615.0,78,45,0.5416
2026-09-30,2026-10-09,P,1620.0,95,5,0.4384
2026-09-30,2026-10-09,P,1625.0,53,20,0.4547
2026-09-30,2026-10-09,P,1630.0,187,37,0.428
2026-09-30,2026-10-09,P,1635.0,72,43,0.4515
2026-09-30,2026-10-09,P,1640.0,122,2,0.4496
2026-09-30,2026-10-09,P,1645.0,38,26,0.447
2026-09-30,2026-10-09,P,1650.0,277,242,0.4413
2026-09-30,2026-10-09,P,1655.0,7,1,0.4377
2026-09-30,2026-10-09,P,1660.0,37,7,0.4336
2026-09-30,2026-10-09,P,1665.0,9,40,0.4268
2026-09-30,2026-10-09,P,1670.0,36,21,0.4262
2026-09-30,2026-10-09,P,1675.0,433,456,0.4207
2026-09-30,2026-10-09,P,1680.0,55,23,0.4187
2026-09-30,2026-10-09,P,1685.0,48,5,0.4123
2026-09-30,2026-10-09,P,1690.0,62,23,0.4662
2026-09-30,2026-10-09,P,1695.0,58,56,0.4709
2026-09-30,2026-10-09,P,1700.0,134,83,0.4599
2026-09-30,2026-10-09,P,1705.0,63,21,0.4118
2026-09-30,2026-10-09,P,1710.0,57,18,0.4319
2026-09-30,2026-10-09,P,1715.0,30,124,0.4108
2026-09-30,2026-10-09,P,1720.0,47,21,0.4548
2026-09-30,2026-10-09,P,1725.0,18,28,0.4219
2026-09-30,2026-10-09,P,1730.0,57,10,0.393
2026-09-30,2026-10-09,P,1732.5,1,3,0.4154
2026-09-30,2026-10-09,P,1735.0,70,1,0.3979
2026-09-30,2026-10-09,P,1737.5,1,2,0.4154
2026-09-30,2026-10-09,P,1740.0,31,13,0.4087
2026-09-30,2026-10-09,P,1742.5,3,1,0.4111
2026-09-30,2026-10-09,P,1745.0,26,7,0.4155
2026-09-30,2026-10-09,P,1747.5,6,2,0.4173
2026-09-30,2026-10-09,P,1750.0,39,19,0.4166
2026-09-30,2026-10-09,P,1755.0,17,16,0.3909
2026-09-30,2026-10-09,P,1760.0,19,10,0.4224
2026-09-30,2026-10-09,P,1765.0,8,4,0.4208
2026-09-30,2026-10-09,P,1770.0,16,11,0.4194
2026-09-30,2026-10-09,P,1775.0,21,3,0.3944
2026-09-30,2026-10-09,P,1780.0,8,17,0.4191
2026-09-30,2026-10-09,P,1785.0,23,11,0.3949
2026-09-30,2026-10-09,P,1790.0,7,5,0.4211
2026-09-30,2026-10-09,P,1800.0,25,17,0.3933
2026-09-30,2026-10-09,P,1820.0,28,17,0.4202
2026-09-30,2026-10-09,P,1825.0,6,8,0.3842
2026-09-30,2026-10-09,P,1840.0,5,10,0.4313
2026-09-30,2026-10-09,P,1860.0,13,2,0.4393
2026-09-30,2026-10-09,P,1945.0,1,0,0.5124
2026-09-30,2026-10-09,P,1965.0,1,0,0.5374
2026-09-30,2026-10-09,P,1975.0,3,0,0.5572
2026-09-30,2026-10-09,P,1980.0,1,0,0.5531
2026-09-30,2026-10-09,P,1990.0,1,0,0.5477
2026-09-30,2026-10-09,P,1995.0,3,0,0.5666
2026-09-30,2026-10-09,P,2000.0,3,0,0.5747
2026-09-30,2026-10-09,P,2010.0,3,0,0.5659
2026-09-30,2026-10-09,P,2020.0,1,0,0.6024
2026-09-30,2026-10-09,P,2030.0,3,0,0.6154
2026-09-30,2026-10-09,P,2040.0,2,0,0.6258
2026-10-02,2026-10-02,C,1590.0,17,4,1.4956
2026-10-02,2026-10-02,C,1595.0,4,2,1.4814
2026-10-02,2026-10-02,C,1600.0,37,2,1.4453
2026-10-02,2026-10-02,C,1605.0,12,7,1.4414
2026-10-02,2026-10-02,C,1610.0,3,1,1.395
2026-10-02,2026-10-02,C,1615.0,11,0,1.3906
2026-10-02,2026-10-02,C,1620.0,14,15,1.3848
2026-10-02,2026-10-02,C,1625.0,6,4,1.3772
2026-10-02,2026-10-02,C,1630.0,3,1,1.2949
2026-10-02,2026-10-02,C,1635.0,2,1,1.3081
2026-10-02,2026-10-02,C,1640.0,15,1,1.3245
2026-10-02,2026-10-02,C,1645.0,3,1,1.2393
2026-10-02,2026-10-02,C,1650.0,34,10,1.6814
2026-10-02,2026-10-02,C,1655.0,6,1,1.1887
2026-10-02,2026-10-02,C,1660.0,2,1,1.3181
2026-10-02,2026-10-02,C,1665.0,11,1,1.1384
2026-10-02,2026-10-02,C,1670.0,18,1,1.0772
2026-10-02,2026-10-02,C,1675.0,18,1,1.0881
2026-10-02,2026-10-02,C,1680.0,50,1,0.9766
2026-10-02,2026-10-02,C,1685.0,10,1,1.0378
2026-10-02,2026-10-02,C,1690.0,53,25,1.0127
2026-10-02,2026-10-02,C,1695.0,8,1,1.0027
2026-10-02,2026-10-02,C,1700.0,117,10,1.3434
2026-10-02,2026-10-02,C,1705.0,14,2,1.3307
2026-10-02,2026-10-02,C,1710.0,89,5,1.2798
2026-10-02,2026-10-02,C,1715.0,38,5,0.7236
2026-10-02,2026-10-02,C,1720.0,47,11,1.2159
2026-10-02,2026-10-02,C,1722.5,11,2,0.8418
2026-10-02,2026-10-02,C,1725.0,42,6,1.2018
2026-10-02,2026-10-02,C,1727.5,3,0,0.8367
2026-10-02,2026-10-02,C,1730.0,54,4,0.7666
2026-10-02,2026-10-02,C,1732.5,24,10,0.8047
2026-10-02,2026-10-02,C,1735.0,20,4,0.7983
2026-10-02,2026-10-02,C,1737.5,5,4,0.7854
2026-10-02,2026-10-02,C,1740.0,41,8,0.5313
2026-10-02,2026-10-02,C,1742.5,15,1,0.7205
2026-10-02,2026-10-02,C,1745.0,15,3,0.7854
2026-10-02,2026-10-02,C,1747.5,21,1,0.7821
2026-10-02,2026-10-02,C,1750.0,82,9,0.7587
2026-10-02,2026-10-02,C,1755.0,52,3,0.9897
2026-10-02,2026-10-02,C,1760.0,48,2,0.6577
2026-10-02,2026-10-02,C,1765.0,442,2,0.6376
2026-10-02,2026-10-02,C,1770.0,299,37,0.6508
2026-10-02,2026-10-02,C,1775.0,51,9,0.7809
2026-10-02,2026-10-02,C,1780.0,87,7,0.8242
2026-10-02,2026-10-02,C,1785.0,35,5,0.8046
2026-10-02,2026-10-02,C,1790.0,40,24,0.7925
2026-10-02,2026-10-02,C,1795.0,81,6,0.7617
2026-10-02,2026-10-02,C,1800.0,211,76,0.7177
2026-10-02,2026-10-02,C,1805.0,58,27,0.6526
2026-10-02,2026-10-02,C,1810.0,371,79,0.6173
2026-10-02,2026-10-02,C,1815.0,113,22,0.5815
2026-10-02,2026-10-02,C,1820.0,399,363,0.6122
2026-10-02,2026-10-02,C,1825.0,149,91,0.5082
2026-10-02,2026-10-02,C,1830.0,148,85,0.4706
2026-10-02,2026-10-02,C,1835.0,92,14,0.4321
2026-10-02,2026-10-02,C,1840.0,203,132,0.3926
2026-10-02,2026-10-02,C,1845.0,66,32,0.3551
2026-10-02,2026-10-02,C,1850.0,455,485,0.3095
2026-10-02,2026-10-02,C,1855.0,41,56,0.2792
2026-10-02,2026-10-02,C,1860.0,124,342,0.2816
2026-10-02,2026-10-02,C,1865.0,58,209,0.2953
2026-10-02,2026-10-02,C,1870.0,127,301,0.1577
2026-10-02,2026-10-02,C,1875.0,78,86,0.1815
2026-10-02,2026-10-02,C,1880.0,105,343,0.1948
2026-10-02,2026-10-02,C,1885.0,37,90,0.2232
2026-10-02,2026-10-02,C,1890.0,116,184,0.1414
2026-10-02,2026-10-02,C,1895.0,30,21,0.1657
2026-10-02,2026-10-02,C,1900.0,797,426,0.1436
2026-10-02,2026-10-02,C,1905.0,273,78,0.189
2026-10-02,2026-10-02,C,1910.0,178,142,0.2349
2026-10-02,2026-10-02,C,1915.0,201,36,0.1992
2026-10-02,2026-10-02,C,1920.0,83,165,0.2168
2026-10-02,2026-10-02,C,1925.0,56,30,0.5852
2026-10-02,2026-10-02,C,1930.0,97,53,0.3018
2026-10-02,2026-10-02,C,1935.0,34,46,0.2695
2026-10-02,2026-10-02,C,1940.0,69,34,0.2871
2026-10-02,2026-10-02,C,1945.0,35,11,0.3037
2026-10-02,2026-10-02,C,1950.0,129,3,0.5239
2026-10-02,2026-10-02,C,1955.0,25,4,0.6364
2026-10-02,2026-10-02,C,1960.0,304,10,0.3545
2026-10-02,2026-10-02,C,1965.0,34,6,0.6886
2026-10-02,2026-10-02,C,1970.0,54,14,0.7144
2026-10-02,2026-10-02,C,1975.0,49,51,0.7397
2026-10-02,2026-10-02,C,1980.0,94,10,0.7649
2026-10-02,2026-10-02,C,1985.0,64,5,0.7898
2026-10-02,2026-10-02,C,1990.0,39,22,0.8146
2026-10-02,2026-10-02,C,1995.0,24,6,0.8391
2026-10-02,2026-10-02,C,2000.0,128,30,0.7219
2026-10-02,2026-10-02,C,2010.0,80,2,0.9114
2026-10-02,2026-10-02,C,2020.0,97,1,0.7271
2026-10-02,2026-10-02,C,2030.0,44,1,0.9688
2026-10-02,2026-10-02,C,2040.0,222,15,1.051
2026-10-02,2026-10-02,C,2050.0,16,2,0.8574
2026-10-02,2026-10-02,C,2060.0,63,43,0.625
2026-10-02,2026-10-02,C,2070.0,138,137,0.6563
2026-10-02,2026-10-02,C,2080.0,34,5,1.2288
2026-10-02,2026-10-02,C,2090.0,31,11,1.272
2026-10-02,2026-10-02,C,2100.0,68,3,0.7383
2026-10-02,2026-10-02,C,2110.0,78,2,1.3567
2026-10-02,2026-10-02,C,2120.0,12,2,1.3984
2026-10-02,2026-10-02,C,2130.0,9,2,1.4397
2026-10-02,2026-10-02,C,2140.0,37,20,1.4807
2026-10-02,2026-10-02,P,1590.0,328,3,1.741
2026-10-02,2026-10-02,P,1595.0,241,5,1.7129
2026-10-02,2026-10-02,P,1600.0,355,64,1.553
2026-10-02,2026-10-02,P,1605.0,60,1,1.6563
2026-10-02,2026-10-02,P,1610.0,101,9,1.6282
2026-10-02,2026-10-02,P,1615.0,28,10,1.6001
2026-10-02,2026-10-02,P,1620.0,86,6,0.8867
2026-10-02,2026-10-02,P,1625.0,77,10,1.3745
2026-10-02,2026-10-02,P,1630.0,95,16,0.8516
2026-10-02,2026-10-02,P,1635.0,85,2,0.8359
2026-10-02,2026-10-02,P,1640.0,73,18,0.8164
2026-10-02,2026-10-02,P,1645.0,89,1,1.4316
2026-10-02,2026-10-02,P,1650.0,451,38,1.4036
2026-10-02,2026-10-02,P,1655.0,32,7,1.3755
2026-10-02,2026-10-02,P,1660.0,92,12,1.3474
2026-10-02,2026-10-02,P,1665.0,50,12,1.3195
2026-10-02,2026-10-02,P,1670.0,65,19,1.2915
2026-10-02,2026-10-02,P,1675.0,45,24,0.9648
2026-10-02,2026-10-02,P,1680.0,134,30,1.2354
2026-10-02,2026-10-02,P,1685.0,52,1,1.2073
2026-10-02,2026-10-02,P,1690.0,120,5,0.8164
2026-10-02,2026-10-02,P,1695.0,45,1,1.1511
2026-10-02,2026-10-02,P,1700.0,214,29,0.9893
2026-10-02,2026-10-02,P,1705.0,66,3,1.0947
2026-10-02,2026-10-02,P,1710.0,80,5,1.0667
2026-10-02,2026-10-02,P,1715.0,44,23,1.0383
2026-10-02,2026-10-02,P,1720.0,161,72,0.5352
2026-10-02,2026-10-02,P,1722.5,48,17,0.9958
2026-10-02,2026-10-02,P,1725.0,89,32,0.9817
2026-10-02,2026-10-02,P,1727.5,49,10,1.288
2026-10-02,2026-10-02,P,1730.0,144,28,0.9534
2026-10-02,2026-10-02,P,1732.5,32,8,1.1154
2026-10-02,2026-10-02,P,1735.0,75,23,0.6948
2026-10-02,2026-10-02,P,1737.5,35,5,0.5098
2026-10-02,2026-10-02,P,1740.0,117,65,0.5
2026-10-02,2026-10-02,P,1742.5,36,8,0.4902
2026-10-02,2026-10-02,P,1745.0,43,5,0.8678
2026-10-02,2026-10-02,P,1747.5,17,3,0.8535
2026-10-02,2026-10-02,P,1750.0,134,44,0.8391
2026-10-02,2026-10-02,P,1755.0,153,105,0.8103
2026-10-02,2026-10-02,P,1760.0,66,33,0.6809
2026-10-02,2026-10-02,P,1765.0,23,13,0.7524
2026-10-02,2026-10-02,P,1770.0,74,23,0.7234
2026-10-02,2026-10-02,P,1775.0,44,26,0.6941
2026-10-02,2026-10-02,P,1780.0,63,30,0.3525
2026-10-02,2026-10-02,P,1785.0,23,7,0.6351
2026-10-02,2026-10-02,P,1790.0,178,197,0.6054
2026-10-02,2026-10-02,P,1800.0,114,70,0.3919
2026-10-02,2026-10-02,P,1805.0,43,8,0.5147
2026-10-02,2026-10-02,P,1810.0,133,25,0.2402
2026-10-02,2026-10-02,P,1815.0,72,70,0.5656
2026-10-02,2026-10-02,P,1820.0,73,72,0.4928
2026-10-02,2026-10-02,P,1825.0,148,66,0.2625
2026-10-02,2026-10-02,P,1830.0,39,96,0.4564
2026-10-02,2026-10-02,P,1835.0,8,47,0.3625
2026-10-02,2026-10-02,P,1840.0,23,93,0.3795
2026-10-02,2026-10-02,P,1845.0,50,149,0.1157
2026-10-02,2026-10-02,P,1850.0,11,86,0.1004
2026-10-02,2026-10-02,P,1860.0,4,184,0.0902
2026-10-02,2026-10-02,P,1890.0,0,1,0.3916
2026-10-02,2026-10-02,P,1900.0,0,2,0.4385
2026-10-02,2026-10-02,P,1920.0,0,1,0.6782
2026-10-02,2026-10-02,P,1940.0,0,2,0.0
2026-10-02,2026-10-02,P,1945.0,0,4,0.7886
2026-10-02,2026-10-02,P,1960.0,0,2,0.8828
2026-10-02,2026-10-02,P,1975.0,0,6,0.9313
2026-10-02,2026-10-02,P,2000.0,0,1,1.1185
2026-10-02,2026-10-09,C,1595.0,0,1,0.6205
2026-10-02,2026-10-09,C,1600.0,63,3,0.595
2026-10-02,2026-10-09,C,1605.0,3,1,0.6124
2026-10-02,2026-10-09,C,1610.0,11,10,0.6135
2026-10-02,2026-10-09,C,1615.0,2,0,0.6049
2026-10-02,2026-10-09,C,1620.0,2,2,0.532
2026-10-02,2026-10-09,C,1625.0,3,2,0.5675
2026-10-02,2026-10-09,C,1630.0,12,6,0.5375
2026-10-02,2026-10-09,C,1635.0,9,2,0.5733
2026-10-02,2026-10-09,C,1640.0,50,1,0.5595
2026-10-02,2026-10-09,C,1645.0,5,1,0.5173
2026-10-02,2026-10-09,C,1650.0,7,11,0.6536
2026-10-02,2026-10-09,C,1655.0,5,2,0.5165
2026-10-02,2026-10-09,C,1660.0,66,2,0.5281
2026-10-02,2026-10-09,C,1665.0,1,0,0.5007
2026-10-02,2026-10-09,C,1670.0,2,1,0.6678
2026-10-02,2026-10-09,C,1675.0,3,1,0.6569
2026-10-02,2026-10-09,C,1680.0,2,1,0.5006
2026-10-02,2026-10-09,C,1685.0,11,1,0.6348
2026-10-02,2026-10-09,C,1690.0,8,1,0.6168
2026-10-02,2026-10-09,C,1695.0,7,1,0.6108
2026-10-02,2026-10-09,C,1700.0,33,8,0.5525
2026-10-02,2026-10-09,C,1705.0,19,6,0.5915
2026-10-02,2026-10-09,C,1710.0,16,4,0.5817
2026-10-02,2026-10-09,C,1715.0,28,2,0.5258
2026-10-02,2026-10-09,C,1720.0,6,1,0.5523
2026-10-02,2026-10-09,C,1725.0,6,5,0.5468
2026-10-02,2026-10-09,C,1727.5,1,1,0.5462
2026-10-02,2026-10-09,C,1730.0,12,8,0.5089
2026-10-02,2026-10-09,C,1735.0,6,1,0.5378
2026-10-02,2026-10-09,C,1737.5,4,1,0.5281
2026-10-02,2026-10-09,C,1740.0,17,3,0.5242
2026-10-02,2026-10-09,C,1742.5,6,1,0.5244
2026-10-02,2026-10-09,C,1745.0,4,2,0.5202
2026-10-02,2026-10-09,C,1750.0,84,9,0.467
2026-10-02,2026-10-09,C,1755.0,6,3,0.4636
2026-10-02,2026-10-09,C,1760.0,66,3,0.4955
2026-10-02,2026-10-09,C,1765.0,8,2,0.4485
2026-10-02,2026-10-09,C,1770.0,26,5,0.4438
2026-10-02,2026-10-09,C,1775.0,14,3,0.4385
2026-10-02,2026-10-09,C,1780.0,7,10,0.4328
2026-10-02,2026-10-09,C,1785.0,9,1,0.4652
2026-10-02,2026-10-09,C,1790.0,34,7,0.4222
2026-10-02,2026-10-09,C,1795.0,13,3,0.452
2026-10-02,2026-10-09,C,1800.0,57,35,0.3917
2026-10-02,2026-10-09,C,1805.0,7,1,0.4102
2026-10-02,2026-10-09,C,1810.0,19,16,0.4077
2026-10-02,2026-10-09,C,1815.0,25,14,0.4035
2026-10-02,2026-10-09,C,1820.0,28,17,0.4017
2026-10-02,2026-10-09,C,1825.0,32,26,0.3991
2026-10-02,2026-10-09,C,1830.0,123,13,0.3967
2026-10-02,2026-10-09,C,1835.0,33,8,0.3946
2026-10-02,2026-10-09,C,1840.0,46,2,0.3925
2026-10-02,2026-10-09,C,1845.0,23,5,0.4112
2026-10-02,2026-10-09,C,1850.0,132,88,0.388
2026-10-02,2026-10-09,C,1855.0,29,79,0.3937
2026-10-02,2026-10-09,C,1860.0,322,116,0.382
2026-10-02,2026-10-09,C,1865.0,41,60,0.3987
2026-10-02,2026-10-09,C,1870.0,28,46,0.409
2026-10-02,2026-10-09,C,1875.0,34,36,0.3758
2026-10-02,2026-10-09,C,1880.0,94,39,0.3617
2026-10-02,2026-10-09,C,1885.0,10,10,0.3649
2026-10-02,2026-10-09,C,1890.0,46,24,0.3635
2026-10-02,2026-10-09,C,1895.0,12,5,0.4134
2026-10-02,2026-10-09,C,1900.0,176,193,0.3666
2026-10-02,2026-10-09,C,1905.0,60,31,0.3988
2026-10-02,2026-10-09,C,1910.0,367,22,0.4271
2026-10-02,2026-10-09,C,1915.0,16,9,0.4262
2026-10-02,2026-10-09,C,1920.0,37,31,0.4076
2026-10-02,2026-10-09,C,1925.0,36,6,0.4088
2026-10-02,2026-10-09,C,1930.0,186,26,0.3885
2026-10-02,2026-10-09,C,1935.0,4,12,0.392
2026-10-02,2026-10-09,C,1940.0,44,55,0.3647
2026-10-02,2026-10-09,C,1950.0,85,140,0.3607
2026-10-02,2026-10-09,C,1960.0,13,31,0.4136
2026-10-02,2026-10-09,C,1965.0,10,62,0.4009
2026-10-02,2026-10-09,C,1970.0,37,16,0.3849
2026-10-02,2026-10-09,C,1975.0,3,13,0.3674
2026-10-02,2026-10-09,C,1980.0,7,173,0.372
2026-10-02,2026-10-09,C,1990.0,153,33,0.3768
2026-10-02,2026-10-09,C,1995.0,12,3,0.3765
2026-10-02,2026-10-09,C,2000.0,257,94,0.3696
2026-10-02,2026-10-09,C,2010.0,29,92,0.3827
2026-10-02,2026-10-09,C,2020.0,47,108,0.3906
2026-10-02,2026-10-09,C,2030.0,38,131,0.4238
2026-10-02,2026-10-09,C,2040.0,15,49,0.3909
2026-10-02,2026-10-09,C,2050.0,62,72,0.3955
2026-10-02,2026-10-09,C,2060.0,11,5,0.6013
2026-10-02,2026-10-09,C,2070.0,24,13,0.5911
2026-10-02,2026-10-09,C,2080.0,11,12,0.5096
2026-10-02,2026-10-09,C,2090.0,4,5,0.4243
2026-10-02,2026-10-09,C,2100.0,18,31,0.4473
2026-10-02,2026-10-09,C,2110.0,23,8,0.5412
2026-10-02,2026-10-09,C,2120.0,17,17,0.4449
2026-10-02,2026-10-09,C,2130.0,7,10,0.5979
2026-10-02,2026-10-09,C,2140.0,14,11,0.463
2026-10-02,2026-10-09,P,1590.0,195,8,0.5374
2026-10-02,2026-10-09,P,1595.0,37,14,0.4778
2026-10-02,2026-10-09,P,1600.0,196,117,0.457
2026-10-02,2026-10-09,P,1605.0,4,7,0.4771
2026-10-02,2026-10-09,P,1610.0,94,66,0.4861
2026-10-02,2026-10-09,P,1615.0,104,40,0.521
2026-10-02,2026-10-09,P,1620.0,97,27,0.4725
2026-10-02,2026-10-09,P,1625.0,59,45,0.4382
2026-10-02,2026-10-09,P,1630.0,177,76,0.4251
2026-10-02,2026-10-09,P,1635.0,44,14,0.478
2026-10-02,2026-10-09,P,1640.0,124,41,0.4478
2026-10-02,2026-10-09,P,1645.0,40,5,0.442
2026-10-02,2026-10-09,P,1650.0,172,71,0.4266
2026-10-02,2026-10-09,P,1655.0,7,60,0.4385
2026-10-02,2026-10-09,P,1660.0,39,20,0.4152
2026-10-02,2026-10-09,P,1665.0,46,27,0.4147
2026-10-02,2026-10-09,P,1670.0,48,30,0.3943
2026-10-02,2026-10-09,P,1675.0,222,34,0.4115
2026-10-02,2026-10-09,P,1680.0,75,14,0.4254
2026-10-02,2026-10-09,P,1685.0,48,11,0.4176
2026-10-02,2026-10-09,P,1690.0,67,16,0.3856
2026-10-02,2026-10-09,P,1695.0,93,2,0.3905
2026-10-02,2026-10-09,P,1700.0,186,39,0.3846
2026-10-02,2026-10-09,P,1705.0,64,26,0.382
2026-10-02,2026-10-09,P,1710.0,66,30,0.3738
2026-10-02,2026-10-09,P,1715.0,116,20,0.3765
2026-10-02,2026-10-09,P,1720.0,64,13,0.3846
2026-10-02,2026-10-09,P,1725.0,45,29,0.3767
2026-10-02,2026-10-09,P,1730.0,60,54,0.3736
2026-10-02,2026-10-09,P,1732.5,2,3,0.4018
2026-10-02,2026-10-09,P,1735.0,71,2,0.4179
2026-10-02,2026-10-09,P,1737.5,1,2,0.3712
2026-10-02,2026-10-09,P,1740.0,41,24,0.3764
2026-10-02,2026-10-09,P,1742.5,3,1,0.3769
2026-10-02,2026-10-09,P,1745.0,32,6,0.361
2026-10-02,2026-10-09,P,1747.5,6,6,0.3574
2026-10-02,2026-10-09,P,1750.0,56,104,0.3497
2026-10-02,2026-10-09,P,1755.0,26,11,0.3595
2026-10-02,2026-10-09,P,1760.0,26,34,0.3584
2026-10-02,2026-10-09,P,1765.0,11,13,0.3803
2026-10-02,2026-10-09,P,1770.0,26,19,0.3967
2026-10-02,2026-10-09,P,1775.0,22,18,0.362
2026-10-02,2026-10-09,P,1780.0,12,35,0.3886
2026-10-02,2026-10-09,P,1785.0,24,18,0.3482
2026-10-02,2026-10-09,P,1790.0,12,70,0.3657
2026-10-02,2026-10-09,P,1800.0,34,138,0.3874
2026-10-02,2026-10-09,P,1820.0,32,41,0.3765
2026-10-02,2026-10-09,P,1825.0,12,5,0.4002
2026-10-02,2026-10-09,P,1840.0,5,12,0.3851
2026-10-02,2026-10-09,P,1860.0,13,144,0.353
2026-10-02,2026-10-09,P,1945.0,1,0,0.435
2026-10-02,2026-10-09,P,1965.0,1,1,0.405
2026-10-02,2026-10-09,P,1975.0,3,0,0.4403
2026-10-02,2026-10-09,P,1980.0,1,0,0.4469
2026-10-02,2026-10-09,P,1990.0,1,0,0.4454
2026-10-02,2026-10-09,P,1995.0,3,0,0.4537
2026-10-02,2026-10-09,P,2000.0,3,0,0.4603
2026-10-02,2026-10-09,P,2010.0,3,0,0.4891
2026-10-02,2026-10-09,P,2020.0,1,0,0.4629
2026-10-02,2026-10-09,P,2030.0,3,5,0.4722
2026-10-02,2026-10-09,P,2040.0,2,0,0.504
2026-10-02,2026-10-09,P,2060.0,0,1,0.5097
2026-10-02,2026-10-16,C,1595.0,1,0,0.5633
2026-10-02,2026-10-16,C,1600.0,180,4,0.55
2026-10-02,2026-10-16,C,1620.0,39,1,0.5551
2026-10-02,2026-10-16,C,1640.0,98,5,0.5076
2026-10-02,2026-10-16,C,1660.0,104,107,0.5076
2026-10-02,2026-10-16,C,1665.0,1,100,0.5198
2026-10-02,2026-10-16,C,1675.0,2,0,0.5025
2026-10-02,2026-10-16,C,1680.0,251,3,0.5647
2026-10-02,2026-10-16,C,1685.0,8,100,0.5161
2026-10-02,2026-10-16,C,1690.0,6,1,0.5616
2026-10-02,2026-10-16,C,1695.0,8,2,0.5551
2026-10-02,2026-10-16,C,1700.0,710,15,0.5394
2026-10-02,2026-10-16,C,1705.0,18,11,0.5004
2026-10-02,2026-10-16,C,1710.0,25,3,0.5462
2026-10-02,2026-10-16,C,1715.0,26,2,0.5456
2026-10-02,2026-10-16,C,1720.0,276,7,0.5419
2026-10-02,2026-10-16,C,1740.0,228,8,0.5324
2026-10-02,2026-10-16,C,1760.0,969,24,0.5185
2026-10-02,2026-10-16,C,1780.0,209,21,0.5073
2026-10-02,2026-10-16,C,1800.0,486,59,0.5174
2026-10-02,2026-10-16,C,1820.0,268,99,0.5059
2026-10-02,2026-10-16,C,1840.0,472,250,0.5117
2026-10-02,2026-10-16,C,1860.0,668,216,0.4964
2026-10-02,2026-10-16,C,1880.0,396,198,0.4996
2026-10-02,2026-10-16,C,1900.0,553,101,0.4886
2026-10-02,2026-10-16,C,1920.0,157,74,0.507
2026-10-02,2026-10-16,C,1940.0,126,122,0.5209
2026-10-02,2026-10-16,C,1960.0,420,52,0.5298
2026-10-02,2026-10-16,C,1980.0,188,10,0.4936
2026-10-02,2026-10-16,C,2000.0,716,30,0.5043
2026-10-02,2026-10-16,C,2020.0,92,29,0.501
2026-10-02,2026-10-16,C,2040.0,111,278,0.5285
2026-10-02,2026-10-16,C,2060.0,252,1,0.5347
2026-10-02,2026-10-16,C,2080.0,88,2,0.5311
2026-10-02,2026-10-16,C,2100.0,605,16,0.5436
2026-10-02,2026-10-16,C,2120.0,59,1,0.5034
2026-10-02,2026-10-16,C,2140.0,124,3,0.5064
2026-10-02,2026-10-16,P,1590.0,9,6,0.5077
2026-10-02,2026-10-16,P,1595.0,18,11,0.5159
2026-10-02,2026-10-16,P,1600.0,512,255,0.5186
2026-10-02,2026-10-16,P,1605.0,37,3,0.5124
2026-10-02,2026-10-16,P,1610.0,35,6,0.5142
2026-10-02,2026-10-16,P,1615.0,9,2,0.5116
2026-10-02,2026-10-16,P,1620.0,468,76,0.5087
2026-10-02,2026-10-16,P,1625.0,27,2,0.4984
2026-10-02,2026-10-16,P,1630.0,71,19,0.4917
2026-10-02,2026-10-16,P,1635.0,21,7,0.492
2026-10-02,2026-10-16,P,1640.0,215,22,0.4868
2026-10-02,2026-10-16,P,1645.0,27,4,0.5096
2026-10-02,2026-10-16,P,1650.0,137,59,0.4807
2026-10-02,2026-10-16,P,1655.0,20,20,0.5185
2026-10-02,2026-10-16,P,1660.0,223,63,0.4855
2026-10-02,2026-10-16,P,1665.0,15,5,0.5117
2026-10-02,2026-10-16,P,1670.0,13,7,0.5035
2026-10-02,2026-10-16,P,1675.0,46,1,0.4773
2026-10-02,2026-10-16,P,1680.0,272,32,0.51
2026-10-02,2026-10-16,P,1685.0,19,5,0.5106
2026-10-02,2026-10-16,P,1690.0,38,5,0.5063
2026-10-02,2026-10-16,P,1695.0,21,8,0.4996
2026-10-02,2026-10-16,P,1700.0,481,154,0.5035
2026-10-02,2026-10-16,P,1705.0,35,103,0.488
2026-10-02,2026-10-16,P,1710.0,64,6,0.5114
2026-10-02,2026-10-16,P,1715.0,54,2,0.5193
2026-10-02,2026-10-16,P,1720.0,194,18,0.4805
2026-10-02,2026-10-16,P,1740.0,270,100,0.5076
2026-10-02,2026-10-16,P,1760.0,217,149,0.5146
2026-10-02,2026-10-16,P,1780.0,207,88,0.5187
2026-10-02,2026-10-16,P,1800.0,142,78,0.4873
2026-10-02,2026-10-16,P,1820.0,90,46,0.4796
2026-10-02,2026-10-16,P,1840.0,59,90,0.48
2026-10-02,2026-10-16,P,1860.0,63,63,0.4739
2026-10-02,2026-10-16,P,1880.0,47,54,0.4898
2026-10-02,2026-10-16,P,1900.0,81,4,0.4794
2026-10-02,2026-10-16,P,1920.0,40,3,0.4779
2026-10-02,2026-10-16,P,1940.0,54,5,0.4918
2026-10-02,2026-10-16,P,1960.0,51,2,0.4763
2026-10-02,2026-10-16,P,1980.0,27,2,0.4869
2026-10-02,2026-10-16,P,2000.0,75,5,0.5149
2026-10-02,2026-10-16,P,2020.0,13,2,0.5071
2026-10-02,2026-10-16,P,2040.0,26,2,0.5224
2026-10-02,2026-10-16,P,2060.0,24,2,0.5017
2026-10-02,2026-10-16,P,2080.0,19,2,0.5069
2026-10-02,2026-10-16,P,2100.0,21,1,0.5404
2026-10-02,2026-10-16,P,2120.0,10,8,0.5371
2026-10-02,2026-10-16,P,2140.0,13,38,0.5577
2026-10-06,2026-10-09,C,1560.0,5,4,0.7493
2026-10-06,2026-10-09,C,1565.0,9,0,0.821
2026-10-06,2026-10-09,C,1575.0,1,0,0.7933
2026-10-06,2026-10-09,C,1580.0,6,1,0.7092
2026-10-06,2026-10-09,C,1585.0,1,0,0.8032
2026-10-06,2026-10-09,C,1595.0,0,1,0.7416
2026-10-06,2026-10-09,C,1600.0,61,3,0.7242
2026-10-06,2026-10-09,C,1605.0,3,1,0.7173
2026-10-06,2026-10-09,C,1610.0,11,10,0.6322
2026-10-06,2026-10-09,C,1615.0,2,0,0.7317
2026-10-06,2026-10-09,C,1620.0,2,2,0.6443
2026-10-06,2026-10-09,C,1625.0,3,2,0.6619
2026-10-06,2026-10-09,C,1630.0,15,12,0.5811
2026-10-06,2026-10-09,C,1635.0,12,20,0.6658
2026-10-06,2026-10-09,C,1640.0,50,8,0.6694
2026-10-06,2026-10-09,C,1645.0,5,1,0.678
2026-10-06,2026-10-09,C,1650.0,16,1,0.5835
2026-10-06,2026-10-09,C,1655.0,5,3,0.5927
2026-10-06,2026-10-09,C,1660.0,66,2,0.6154
2026-10-06,2026-10-09,C,1665.0,1,0,0.618
2026-10-06,2026-10-09,C,1670.0,1,1,0.5315
2026-10-06,2026-10-09,C,1675.0,3,1,0.5387
2026-10-06,2026-10-09,C,1680.0,2,1,0.5039
2026-10-06,2026-10-09,C,1685.0,11,1,0.5127
2026-10-06,2026-10-09,C,1690.0,8,1,0.6588
2026-10-06,2026-10-09,C,1695.0,7,1,0.6653
2026-10-06,2026-10-09,C,1700.0,42,1,0.6822
2026-10-06,2026-10-09,C,1705.0,21,6,0.6664
2026-10-06,2026-10-09,C,1710.0,15,1,0.6572
2026-10-06,2026-10-09,C,1715.0,28,6,0.6387
2026-10-06,2026-10-09,C,1720.0,6,1,0.6267
2026-10-06,2026-10-09,C,1725.0,10,1,0.6122
2026-10-06,2026-10-09,C,1727.5,2,1,0.6256
2026-10-06,2026-10-09,C,1730.0,19,1,0.6016
2026-10-06,2026-10-09,C,1735.0,6,1,0.5762
2026-10-06,2026-10-09,C,1737.5,4,1,0.5747
2026-10-06,2026-10-09,C,1740.0,18,3,0.5963
2026-10-06,2026-10-09,C,1742.5,6,1,0.5632
2026-10-06,2026-10-09,C,1745.0,4,2,0.5611
2026-10-06,2026-10-09,C,1747.5,6,0,0.5416
2026-10-06,2026-10-09,C,1750.0,82,1,0.5468
2026-10-06,2026-10-09,C,1755.0,6,1,0.4813
2026-10-06,2026-10-09,C,1760.0,65,1,0.5242
2026-10-06,2026-10-09,C,1765.0,7,2,0.5155
2026-10-06,2026-10-09,C,1770.0,25,2,0.506
2026-10-06,2026-10-09,C,1775.0,13,3,0.4875
2026-10-06,2026-10-09,C,1780.0,11,1,0.4908
2026-10-06,2026-10-09,C,1785.0,9,1,0.5031
2026-10-06,2026-10-09,C,1790.0,43,5,0.4568
2026-10-06,2026-10-09,C,1795.0,16,5,0.4565
2026-10-06,2026-10-09,C,1800.0,78,16,0.4246
2026-10-06,2026-10-09,C,1805.0,6,1,0.408
2026-10-06,2026-10-09,C,1810.0,24,4,0.4084
2026-10-06,2026-10-09,C,1815.0,23,2,0.4206
2026-10-06,2026-10-09,C,1817.5,1,1,0.4119
2026-10-06,2026-10-09,C,1820.0,28,11,0.4042
2026-10-06,2026-10-09,C,1825.0,33,12,0.3957
2026-10-06,2026-10-09,C,1830.0,120,31,0.3817
2026-10-06,2026-10-09,C,1835.0,33,19,0.387
2026-10-06,2026-10-09,C,1840.0,46,35,0.3983
2026-10-06,2026-10-09,C,1845.0,24,48,0.3897
2026-10-06,2026-10-09,C,1850.0,147,111,0.3804
2026-10-06,2026-10-09,C,1855.0,59,49,0.3881
2026-10-06,2026-10-09,C,1860.0,404,85,0.368
2026-10-06,2026-10-09,C,1865.0,104,45,0.3793
2026-10-06,2026-10-09,C,1870.0,55,35,0.3791
2026-10-06,2026-10-09,C,1875.0,49,11,0.3696
2026-10-06,2026-10-09,C,1880.0,116,31,0.3685
2026-10-06,2026-10-09,C,1885.0,31,67,0.3754
2026-10-06,2026-10-09,C,1890.0,57,43,0.376
2026-10-06,2026-10-09,C,1895.0,23,13,0.3766
2026-10-06,2026-10-09,C,1900.0,436,217,0.3659
2026-10-06,2026-10-09,C,1905.0,61,3,0.3787
2026-10-06,2026-10-09,C,1910.0,392,79,0.3847
2026-10-06,2026-10-09,C,1915.0,34,9,0.3784
2026-10-06,2026-10-09,C,1920.0,76,7,0.3842
2026-10-06,2026-10-09,C,1925.0,41,15,0.3941
2026-10-06,2026-10-09,C,1930.0,216,12,0.3815
2026-10-06,2026-10-09,C,1935.0,29,3,0.3834
2026-10-06,2026-10-09,C,1940.0,71,16,0.3839
2026-10-06,2026-10-09,C,1945.0,43,7,0.3883
2026-10-06,2026-10-09,C,1950.0,327,100,0.3837
2026-10-06,2026-10-09,C,1955.0,18,5,0.4061
2026-10-06,2026-10-09,C,1960.0,44,23,0.3806
2026-10-06,2026-10-09,C,1965.0,50,6,0.4182
2026-10-06,2026-10-09,C,1970.0,48,15,0.3955
2026-10-06,2026-10-09,C,1975.0,37,14,0.4327
2026-10-06,2026-10-09,C,1980.0,143,113,0.4089
2026-10-06,2026-10-09,C,1985.0,119,105,0.4484
2026-10-06,2026-10-09,C,1990.0,205,11,0.4487
2026-10-06,2026-10-09,C,1995.0,39,36,0.4381
2026-10-06,2026-10-09,C,2000.0,458,83,0.4617
2026-10-06,2026-10-09,C,2010.0,219,49,0.4587
2026-10-06,2026-10-09,C,2020.0,127,3,0.4666
2026-10-06,2026-10-09,C,2030.0,131,3,0.4951
2026-10-06,2026-10-09,C,2040.0,72,44,0.5012
2026-10-06,2026-10-09,C,2050.0,117,49,0.5101
2026-10-06,2026-10-09,C,2060.0,41,2,0.4714
2026-10-06,2026-10-09,C,2070.0,56,11,0.4775
2026-10-06,2026-10-09,C,2080.0,19,6,0.5151
2026-10-06,2026-10-09,C,2090.0,6,5,0.6576
2026-10-06,2026-10-09,C,2100.0,44,25,0.6772
2026-10-06,2026-10-09,P,1560.0,26,3,0.8351
2026-10-06,2026-10-09,P,1565.0,10,6,0.8469
2026-10-06,2026-10-09,P,1570.0,217,1,0.6606
2026-10-06,2026-10-09,P,1575.0,62,1,0.6445
2026-10-06,2026-10-09,P,1580.0,299,116,0.54
2026-10-06,2026-10-09,P,1585.0,39,1,0.5791
2026-10-06,2026-10-09,P,1590.0,190,10,0.5298
2026-10-06,2026-10-09,P,1595.0,34,2,0.6923
2026-10-06,2026-10-09,P,1600.0,213,127,0.5396
2026-10-06,2026-10-09,P,1605.0,4,1,0.657
2026-10-06,2026-10-09,P,1610.0,87,1,0.5877
2026-10-06,2026-10-09,P,1615.0,83,10,0.5964
2026-10-06,2026-10-09,P,1620.0,86,16,0.5698
2026-10-06,2026-10-09,P,1625.0,40,1,0.5544
2026-10-06,2026-10-09,P,1630.0,177,33,0.5454
2026-10-06,2026-10-09,P,1635.0,51,3,0.5361
2026-10-06,2026-10-09,P,1640.0,110,2,0.5239
2026-10-06,2026-10-09,P,1645.0,41,1,0.5195
2026-10-06,2026-10-09,P,1650.0,198,50,0.4854
2026-10-06,2026-10-09,P,1655.0,61,17,0.502
2026-10-06,2026-10-09,P,1660.0,42,10,0.5005
2026-10-06,2026-10-09,P,1665.0,74,1,0.562
2026-10-06,2026-10-09,P,1670.0,41,7,0.4578
2026-10-06,2026-10-09,P,1675.0,244,4,0.4255
2026-10-06,2026-10-09,P,1680.0,111,12,0.4082
2026-10-06,2026-10-09,P,1685.0,46,32,0.4067
2026-10-06,2026-10-09,P,1690.0,62,37,0.4164
2026-10-06,2026-10-09,P,1695.0,72,12,0.3999
2026-10-06,2026-10-09,P,1700.0,181,73,0.4785
2026-10-06,2026-10-09,P,1705.0,64,11,0.408
2026-10-06,2026-10-09,P,1710.0,96,9,0.467
2026-10-06,2026-10-09,P,1715.0,130,3,0.4135
2026-10-06,2026-10-09,P,1720.0,66,34,0.4753
2026-10-06,2026-10-09,P,1722.5,19,2,0.4047
2026-10-06,2026-10-09,P,1725.0,60,11,0.4033
2026-10-06,2026-10-09,P,1727.5,52,2,0.4016
2026-10-06,2026-10-09,P,1730.0,125,68,0.3942
2026-10-06,2026-10-09,P,1732.5,15,4,0.392
2026-10-06,2026-10-09,P,1735.0,94,143,0.3862
2026-10-06,2026-10-09,P,1737.5,29,16,0.3786
2026-10-06,2026-10-09,P,1740.0,93,47,0.3743
2026-10-06,2026-10-09,P,1742.5,22,21,0.3884
2026-10-06,2026-10-09,P,1745.0,57,19,0.3653
2026-10-06,2026-10-09,P,1747.5,17,19,0.3636
2026-10-06,2026-10-09,P,1750.0,261,182,0.3673
2026-10-06,2026-10-09,P,1755.0,30,11,0.3618
2026-10-06,2026-10-09,P,1760.0,72,10,0.3696
2026-10-06,2026-10-09,P,1765.0,45,39,0.3544
2026-10-06,2026-10-09,P,1770.0,89,44,0.3665
2026-10-06,2026-10-09,P,1775.0,67,11,0.3576
2026-10-06,2026-10-09,P,1780.0,81,27,0.3607
2026-10-06,2026-10-09,P,1785.0,46,33,0.3563
2026-10-06,2026-10-09,P,1790.0,97,86,0.3554
2026-10-06,2026-10-09,P,1795.0,44,19,0.3527
2026-10-06,2026-10-09,P,1797.5,17,18,0.4297
2026-10-06,2026-10-09,P,1800.0,209,121,0.3617
2026-10-06,2026-10-09,P,1802.5,5,12,0.3601
2026-10-06,2026-10-09,P,1805.0,10,11,0.3494
2026-10-06,2026-10-09,P,1807.5,3,4,0.3713
2026-10-06,2026-10-09,P,1810.0,17,45,0.3612
2026-10-06,2026-10-09,P,1812.5,4,2,0.4128
2026-10-06,2026-10-09,P,1815.0,41,12,0.3473
2026-10-06,2026-10-09,P,1817.5,12,2,0.3971
2026-10-06,2026-10-09,P,1820.0,52,127,0.4002
2026-10-06,2026-10-09,P,1822.5,1,5,0.3564
2026-10-06,2026-10-09,P,1825.0,32,15,0.3878
2026-10-06,2026-10-09,P,1827.5,5,17,0.4106
2026-10-06,2026-10-09,P,1830.0,34,23,0.4105
2026-10-06,2026-10-09,P,1835.0,10,16,0.37
2026-10-06,2026-10-09,P,1840.0,18,34,0.3892
2026-10-06,2026-10-09,P,1845.0,14,5,0.4252
2026-10-06,2026-10-09,P,1850.0,20,23,0.4057
2026-10-06,2026-10-09,P,1855.0,21,11,0.4378
2026-10-06,2026-10-09,P,1860.0,55,10,0.3653
2026-10-06,2026-10-09,P,1865.0,23,4,0.3579
2026-10-06,2026-10-09,P,1870.0,26,11,0.3718
2026-10-06,2026-10-09,P,1875.0,13,52,0.3937
2026-10-06,2026-10-09,P,1880.0,10,4,0.3997
2026-10-06,2026-10-09,P,1885.0,6,3,0.4139
2026-10-06,2026-10-09,P,1890.0,10,3,0.4291
2026-10-06,2026-10-09,P,1895.0,11,4,0.4203
2026-10-06,2026-10-09,P,1900.0,27,6,0.4251
2026-10-06,2026-10-09,P,1945.0,1,0,0.5705
2026-10-06,2026-10-09,P,1950.0,1,1,0.5101
2026-10-06,2026-10-09,P,1965.0,2,1,0.5405
2026-10-06,2026-10-09,P,1975.0,3,0,0.5629
2026-10-06,2026-10-09,P,1980.0,1,0,0.6037
2026-10-06,2026-10-09,P,1990.0,1,0,0.5978
2026-10-06,2026-10-09,P,1995.0,3,0,0.6397
2026-10-06,2026-10-09,P,2000.0,4,2,0.6213
2026-10-06,2026-10-09,P,2010.0,3,5,0.6772
2026-10-06,2026-10-09,P,2020.0,1,0,0.7035
2026-10-06,2026-10-09,P,2030.0,5,5,0.6949
2026-10-06,2026-10-09,P,2040.0,2,0,0.7488
2026-10-06,2026-10-09,P,2060.0,0,1,0.7686
2026-10-06,2026-10-09,P,2070.0,0,1,0.7925
2026-10-06,2026-10-09,P,2080.0,0,1,0.8162
2026-10-06,2026-10-16,C,1560.0,79,1,0.632
2026-10-06,2026-10-16,C,1575.0,8,8,0.5975
2026-10-06,2026-10-16,C,1580.0,32,1,0.6068
2026-10-06,2026-10-16,C,1585.0,8,8,0.6014
2026-10-06,2026-10-16,C,1595.0,1,0,0.5779
2026-10-06,2026-10-16,C,1600.0,180,11,0.5701
2026-10-06,2026-10-16,C,1620.0,37,2,0.5588
2026-10-06,2026-10-16,C,1640.0,98,8,0.5526
2026-10-06,2026-10-16,C,1650.0,1,1,0.5373
2026-10-06,2026-10-16,C,1660.0,198,7,0.5415
2026-10-06,2026-10-16,C,1665.0,100,100,0.5345
2026-10-06,2026-10-16,C,1675.0,2,0,0.5076
2026-10-06,2026-10-16,C,1680.0,252,1,0.5258
2026-10-06,2026-10-16,C,1685.0,103,100,0.5185
2026-10-06,2026-10-16,C,1690.0,101,1,0.5266
2026-10-06,2026-10-16,C,1695.0,8,1,0.5228
2026-10-06,2026-10-16,C,1700.0,698,507,0.5105
2026-10-06,2026-10-16,C,1705.0,18,1,0.5212
2026-10-06,2026-10-16,C,1710.0,23,3,0.513
2026-10-06,2026-10-16,C,1715.0,26,3,0.5084
2026-10-06,2026-10-16,C,1720.0,270,101,0.503
2026-10-06,2026-10-16,C,1740.0,224,4,0.5454
2026-10-06,2026-10-16,C,1760.0,963,801,0.538
2026-10-06,2026-10-16,C,1780.0,194,11,0.503
2026-10-06,2026-10-16,C,1800.0,466,29,0.5202
2026-10-06,2026-10-16,C,1820.0,305,112,0.5107
2026-10-06,2026-10-16,C,1840.0,306,43,0.5111
2026-10-06,2026-10-16,C,1860.0,587,64,0.5085
2026-10-06,2026-10-16,C,1880.0,476,98,0.5055
2026-10-06,2026-10-16,C,1900.0,552,62,0.5054
2026-10-06,2026-10-16,C,1920.0,177,193,0.5119
2026-10-06,2026-10-16,C,1940.0,172,45,0.5088
2026-10-06,2026-10-16,C,1960.0,423,789,0.5018
2026-10-06,2026-10-16,C,1980.0,185,434,0.5043
2026-10-06,2026-10-16,C,2000.0,737,97,0.5061
2026-10-06,2026-10-16,C,2020.0,108,2,0.5146
2026-10-06,2026-10-16,C,2040.0,375,41,0.5188
2026-10-06,2026-10-16,C,2060.0,233,38,0.5248
2026-10-06,2026-10-16,C,2080.0,86,13,0.5248
2026-10-06,2026-10-16,C,2100.0,605,12,0.5224
2026-10-06,2026-10-16,P,1560.0,283,13,0.5375
2026-10-06,2026-10-16,P,1575.0,47,3,0.5203
2026-10-06,2026-10-16,P,1580.0,295,6,0.5157
2026-10-06,2026-10-16,P,1585.0,45,12,0.5455
2026-10-06,2026-10-16,P,1590.0,12,49,0.5106
2026-10-06,2026-10-16,P,1595.0,18,10,0.5068
2026-10-06,2026-10-16,P,1600.0,444,31,0.5028
2026-10-06,2026-10-16,P,1605.0,51,7,0.5053
2026-10-06,2026-10-16,P,1610.0,31,212,0.5012
2026-10-06,2026-10-16,P,1615.0,53,21,0.5005
2026-10-06,2026-10-16,P,1620.0,502,32,0.5238
2026-10-06,2026-10-16,P,1625.0,29,38,0.5222
2026-10-06,2026-10-16,P,1630.0,80,1,0.5101
2026-10-06,2026-10-16,P,1635.0,28,40,0.5156
2026-10-06,2026-10-16,P,1640.0,220,49,0.5147
2026-10-06,2026-10-16,P,1645.0,27,5,0.5132
2026-10-06,2026-10-16,P,1650.0,111,7,0.5112
2026-10-06,2026-10-16,P,1655.0,89,2,0.5072
2026-10-06,2026-10-16,P,1660.0,269,23,0.5061
2026-10-06,2026-10-16,P,1665.0,19,3,0.5045
2026-10-06,2026-10-16,P,1670.0,20,7,0.5024
2026-10-06,2026-10-16,P,1675.0,67,25,0.5013
2026-10-06,2026-10-16,P,1680.0,291,25,0.4983
2026-10-06,2026-10-16,P,1685.0,22,3,0.4977
2026-10-06,2026-10-16,P,1690.0,38,15,0.4952
2026-10-06,2026-10-16,P,1695.0,46,39,0.4948
2026-10-06,2026-10-16,P,1700.0,453,84,0.4927
2026-10-06,2026-10-16,P,1705.0,132,31,0.4912
2026-10-06,2026-10-16,P,1710.0,63,210,0.4894
2026-10-06,2026-10-16,P,1715.0,59,21,0.4892
2026-10-06,2026-10-16,P,1720.0,225,184,0.4886
2026-10-06,2026-10-16,P,1740.0,285,144,0.4838
2026-10-06,2026-10-16,P,1760.0,255,76,0.4815
2026-10-06,2026-10-16,P,1780.0,258,34,0.4788
2026-10-06,2026-10-16,P,1800.0,230,80,0.4885
2026-10-06,2026-10-16,P,1820.0,94,104,0.4806
2026-10-06,2026-10-16,P,1840.0,123,67,0.5088
2026-10-06,2026-10-16,P,1860.0,74,7,0.4999
2026-10-06,2026-10-16,P,1880.0,86,24,0.5071
2026-10-06,2026-10-16,P,1900.0,80,2,0.4853
2026-10-06,2026-10-16,P,1920.0,42,4,0.5005
2026-10-06,2026-10-16,P,1940.0,54,5,0.5163
2026-10-06,2026-10-16,P,1960.0,51,1,0.5279
2026-10-06,2026-10-16,P,1980.0,27,2,0.5343
2026-10-06,2026-10-16,P,2000.0,75,5,0.5418
2026-10-06,2026-10-16,P,2020.0,13,2,0.5491
2026-10-06,2026-10-16,P,2040.0,26,2,0.5569
2026-10-06,2026-10-16,P,2060.0,24,2,0.5615
2026-10-06,2026-10-16,P,2080.0,19,2,0.5744
2026-10-06,2026-10-16,P,2100.0,21,1,0.6035
