fecha,exp,tipo,strike,oi,vol,iv
2026-09-24,2026-09-25,C,290.0,1,25,2.5244
2026-09-24,2026-09-25,C,295.0,0,10,2.3242
2026-09-24,2026-09-25,C,300.0,28,9,1.1875
2026-09-24,2026-09-25,C,305.0,0,11,1.9688
2026-09-24,2026-09-25,C,310.0,6,22,1.2559
2026-09-24,2026-09-25,C,315.0,1,1,1.0986
2026-09-24,2026-09-25,C,320.0,15,2,0.9785
2026-09-24,2026-09-25,C,322.5,7,3,0.7246
2026-09-24,2026-09-25,C,325.0,6,5,0.8242
2026-09-24,2026-09-25,C,327.5,1,1,0.7393
2026-09-24,2026-09-25,C,330.0,97,37,0.6191
2026-09-24,2026-09-25,C,332.5,8,3,0.6514
2026-09-24,2026-09-25,C,335.0,741,31,0.9038
2026-09-24,2026-09-25,C,337.5,69,9,0.8052
2026-09-24,2026-09-25,C,340.0,682,174,0.5908
2026-09-24,2026-09-25,C,342.5,251,66,0.6343
2026-09-24,2026-09-25,C,345.0,786,523,0.3931
2026-09-24,2026-09-25,C,347.5,428,1733,0.3679
2026-09-24,2026-09-25,C,350.0,1221,10713,0.3467
2026-09-24,2026-09-25,C,352.5,200,6912,0.3472
2026-09-24,2026-09-25,C,355.0,3040,8818,0.3545
2026-09-24,2026-09-25,C,357.5,1260,3479,0.3638
2026-09-24,2026-09-25,C,360.0,5109,7763,0.3799
2026-09-24,2026-09-25,C,362.5,1365,2215,0.3984
2026-09-24,2026-09-25,C,365.0,6999,5775,0.4238
2026-09-24,2026-09-25,C,367.5,1238,912,0.4531
2026-09-24,2026-09-25,C,370.0,5685,4025,0.4824
2026-09-24,2026-09-25,C,372.5,2743,1169,0.5078
2026-09-24,2026-09-25,C,375.0,7330,4175,0.5352
2026-09-24,2026-09-25,C,377.5,932,288,0.5781
2026-09-24,2026-09-25,C,380.0,6351,1000,0.625
2026-09-24,2026-09-25,C,382.5,860,111,0.6953
2026-09-24,2026-09-25,C,385.0,2246,254,0.6406
2026-09-24,2026-09-25,C,387.5,1617,113,0.6406
2026-09-24,2026-09-25,C,390.0,4024,440,0.6875
2026-09-24,2026-09-25,C,392.5,185,3,0.7188
2026-09-24,2026-09-25,C,395.0,1134,26,0.75
2026-09-24,2026-09-25,C,397.5,821,21,0.7813
2026-09-24,2026-09-25,C,400.0,5156,226,0.8125
2026-09-24,2026-09-25,C,402.5,318,1,0.875
2026-09-24,2026-09-25,C,405.0,667,91,0.9063
2026-09-24,2026-09-25,C,407.5,130,12,1.2266
2026-09-24,2026-09-25,C,410.0,693,14,1.0625
2026-09-24,2026-09-25,C,412.5,118,18,1.332
2026-09-24,2026-09-25,C,415.0,623,17,1.0313
2026-09-24,2026-09-25,C,417.5,32,8,1.0625
2026-09-24,2026-09-25,C,420.0,1345,70,1.0938
2026-09-24,2026-09-25,P,285.0,198,1,1.25
2026-09-24,2026-09-25,P,290.0,585,423,1.1563
2026-09-24,2026-09-25,P,295.0,476,44,1.0625
2026-09-24,2026-09-25,P,300.0,928,305,1.125
2026-09-24,2026-09-25,P,305.0,783,74,0.9219
2026-09-24,2026-09-25,P,307.5,14,2,1.0313
2026-09-24,2026-09-25,P,310.0,442,4,0.8281
2026-09-24,2026-09-25,P,312.5,950,38,0.875
2026-09-24,2026-09-25,P,315.0,662,15,0.7578
2026-09-24,2026-09-25,P,317.5,108,7,0.7891
2026-09-24,2026-09-25,P,320.0,1824,68,0.6563
2026-09-24,2026-09-25,P,322.5,121,18,0.7324
2026-09-24,2026-09-25,P,325.0,938,321,0.6016
2026-09-24,2026-09-25,P,327.5,199,39,0.5586
2026-09-24,2026-09-25,P,330.0,1920,1144,0.5039
2026-09-24,2026-09-25,P,332.5,1120,928,0.4551
2026-09-24,2026-09-25,P,335.0,2052,583,0.4219
2026-09-24,2026-09-25,P,337.5,1010,886,0.3887
2026-09-24,2026-09-25,P,340.0,4631,3342,0.3682
2026-09-24,2026-09-25,P,342.5,1143,1609,0.3535
2026-09-24,2026-09-25,P,345.0,4854,4428,0.3457
2026-09-24,2026-09-25,P,347.5,1658,4995,0.3377
2026-09-24,2026-09-25,P,350.0,5356,5409,0.3359
2026-09-24,2026-09-25,P,352.5,1624,773,0.3386
2026-09-24,2026-09-25,P,355.0,2043,541,0.3525
2026-09-24,2026-09-25,P,357.5,1139,173,0.3662
2026-09-24,2026-09-25,P,360.0,1754,272,0.4482
2026-09-24,2026-09-25,P,362.5,290,75,0.6934
2026-09-24,2026-09-25,P,365.0,530,182,0.5107
2026-09-24,2026-09-25,P,367.5,195,308,0.6558
2026-09-24,2026-09-25,P,370.0,1042,1458,0.6846
2026-09-24,2026-09-25,P,372.5,38,78,0.6563
2026-09-24,2026-09-25,P,375.0,387,675,0.8355
2026-09-24,2026-09-25,P,377.5,43,101,1.0181
2026-09-24,2026-09-25,P,380.0,281,981,0.9951
2026-09-24,2026-09-25,P,382.5,4,28,1.1211
2026-09-24,2026-09-25,P,385.0,121,420,1.0928
2026-09-24,2026-09-25,P,387.5,2,2,1.1895
2026-09-24,2026-09-25,P,390.0,25,66,1.3286
2026-09-24,2026-09-25,P,392.5,0,6,1.3779
2026-09-24,2026-09-25,P,395.0,5,17,1.4492
2026-09-24,2026-09-25,P,397.5,0,1,1.5078
2026-09-24,2026-09-25,P,400.0,6,1,1.9092
2026-09-24,2026-09-25,P,402.5,0,2,1.2617
2026-09-24,2026-09-25,P,405.0,0,1,2.0376
2026-09-24,2026-09-25,P,407.5,0,2,2.1006
2026-09-24,2026-09-25,P,410.0,0,6,2.1621
2026-09-24,2026-09-25,P,415.0,0,2,1.4922
2026-09-24,2026-09-25,P,420.0,0,4,1.6152
2026-09-24,2026-09-28,C,300.0,0,2,0.79
2026-09-24,2026-09-28,C,320.0,10,2,0.7869
2026-09-24,2026-09-28,C,325.0,1,0,0.7151
2026-09-24,2026-09-28,C,327.5,1,0,0.6716
2026-09-24,2026-09-28,C,330.0,11,50,0.6267
2026-09-24,2026-09-28,C,332.5,3,10,0.5171
2026-09-24,2026-09-28,C,335.0,17,6,0.4785
2026-09-24,2026-09-28,C,337.5,13,4,0.4983
2026-09-24,2026-09-28,C,340.0,115,62,0.3472
2026-09-24,2026-09-28,C,342.5,15,127,0.3962
2026-09-24,2026-09-28,C,345.0,160,390,0.3572
2026-09-24,2026-09-28,C,347.5,60,433,0.2858
2026-09-24,2026-09-28,C,350.0,297,1342,0.2815
2026-09-24,2026-09-28,C,352.5,56,1696,0.2815
2026-09-24,2026-09-28,C,355.0,341,6029,0.2791
2026-09-24,2026-09-28,C,357.5,232,513,0.2832
2026-09-24,2026-09-28,C,360.0,1199,1578,0.2854
2026-09-24,2026-09-28,C,362.5,444,1355,0.2949
2026-09-24,2026-09-28,C,365.0,549,672,0.3049
2026-09-24,2026-09-28,C,367.5,301,428,0.3149
2026-09-24,2026-09-28,C,370.0,1056,369,0.3291
2026-09-24,2026-09-28,C,372.5,450,108,0.3418
2026-09-24,2026-09-28,C,375.0,1152,120,0.3589
2026-09-24,2026-09-28,C,377.5,133,29,0.376
2026-09-24,2026-09-28,C,380.0,698,104,0.3945
2026-09-24,2026-09-28,C,382.5,385,17,0.4111
2026-09-24,2026-09-28,C,385.0,383,15,0.4307
2026-09-24,2026-09-28,C,387.5,125,3,0.5078
2026-09-24,2026-09-28,C,390.0,524,58,0.4863
2026-09-24,2026-09-28,C,395.0,48,8,0.5283
2026-09-24,2026-09-28,C,400.0,427,69,0.5254
2026-09-24,2026-09-28,C,405.0,331,27,0.5469
2026-09-24,2026-09-28,C,410.0,50,13,0.5977
2026-09-24,2026-09-28,C,415.0,25,67,0.6094
2026-09-24,2026-09-28,C,420.0,9,58,0.7568
2026-09-24,2026-09-28,P,290.0,3,2,0.7852
2026-09-24,2026-09-28,P,295.0,4,1,1.0469
2026-09-24,2026-09-28,P,300.0,14,6,0.8145
2026-09-24,2026-09-28,P,302.5,6,0,0.9819
2026-09-24,2026-09-28,P,305.0,86,80,0.7041
2026-09-24,2026-09-28,P,307.5,91,2,0.5215
2026-09-24,2026-09-28,P,310.0,98,44,0.4805
2026-09-24,2026-09-28,P,312.5,9,5,0.5225
2026-09-24,2026-09-28,P,315.0,44,2,0.4238
2026-09-24,2026-09-28,P,317.5,7,1,0.54
2026-09-24,2026-09-28,P,320.0,32,20,0.4771
2026-09-24,2026-09-28,P,322.5,67,8,0.4463
2026-09-24,2026-09-28,P,325.0,42,161,0.4439
2026-09-24,2026-09-28,P,327.5,161,10,0.3291
2026-09-24,2026-09-28,P,330.0,147,173,0.3135
2026-09-24,2026-09-28,P,332.5,75,1153,0.3499
2026-09-24,2026-09-28,P,335.0,216,489,0.2857
2026-09-24,2026-09-28,P,337.5,171,120,0.3181
2026-09-24,2026-09-28,P,340.0,309,1315,0.271
2026-09-24,2026-09-28,P,342.5,808,493,0.2747
2026-09-24,2026-09-28,P,345.0,475,779,0.2813
2026-09-24,2026-09-28,P,347.5,627,603,0.2772
2026-09-24,2026-09-28,P,350.0,677,814,0.2686
2026-09-24,2026-09-28,P,352.5,113,329,0.2683
2026-09-24,2026-09-28,P,355.0,335,180,0.2686
2026-09-24,2026-09-28,P,357.5,637,56,0.3455
2026-09-24,2026-09-28,P,360.0,255,183,0.2966
2026-09-24,2026-09-28,P,362.5,74,15,0.4417
2026-09-24,2026-09-28,P,365.0,158,129,0.4116
2026-09-24,2026-09-28,P,367.5,57,73,0.4966
2026-09-24,2026-09-28,P,370.0,96,46,0.5237
2026-09-24,2026-09-28,P,372.5,18,1,0.5649
2026-09-24,2026-09-28,P,375.0,41,50,0.5557
2026-09-24,2026-09-28,P,380.0,12,2,0.676
2026-09-24,2026-09-28,P,385.0,2,12,0.7495
2026-09-24,2026-09-28,P,390.0,8,8,0.8203
2026-09-24,2026-09-28,P,395.0,5,0,0.8887
2026-09-24,2026-09-28,P,400.0,0,30,0.8975
2026-09-24,2026-09-30,C,315.0,1,0,0.5239
2026-09-24,2026-09-30,C,325.0,2,4,0.4148
2026-09-24,2026-09-30,C,327.5,1,2,0.5249
2026-09-24,2026-09-30,C,330.0,31,16,0.4985
2026-09-24,2026-09-30,C,335.0,21,1,0.4513
2026-09-24,2026-09-30,C,337.5,1,0,0.4321
2026-09-24,2026-09-30,C,340.0,107,808,0.4155
2026-09-24,2026-09-30,C,342.5,510,582,0.4031
2026-09-24,2026-09-30,C,345.0,64,794,0.325
2026-09-24,2026-09-30,C,347.5,20,313,0.3254
2026-09-24,2026-09-30,C,350.0,129,476,0.3164
2026-09-24,2026-09-30,C,352.5,177,305,0.3231
2026-09-24,2026-09-30,C,355.0,144,568,0.3231
2026-09-24,2026-09-30,C,357.5,377,596,0.3257
2026-09-24,2026-09-30,C,360.0,890,792,0.3281
2026-09-24,2026-09-30,C,362.5,148,907,0.334
2026-09-24,2026-09-30,C,365.0,886,1785,0.3594
2026-09-24,2026-09-30,C,367.5,95,73,0.3718
2026-09-24,2026-09-30,C,370.0,517,240,0.3731
2026-09-24,2026-09-30,C,372.5,57,42,0.3977
2026-09-24,2026-09-30,C,375.0,235,95,0.3809
2026-09-24,2026-09-30,C,377.5,33,4,0.4414
2026-09-24,2026-09-30,C,380.0,2388,125,0.3958
2026-09-24,2026-09-30,C,382.5,60,3,0.4741
2026-09-24,2026-09-30,C,385.0,46,11,0.4492
2026-09-24,2026-09-30,C,387.5,573,19,0.4507
2026-09-24,2026-09-30,C,390.0,268,85,0.4605
2026-09-24,2026-09-30,C,392.5,45,11,0.5249
2026-09-24,2026-09-30,C,395.0,53,2,0.4985
2026-09-24,2026-09-30,C,400.0,645,212,0.4951
2026-09-24,2026-09-30,C,405.0,38,7,0.5186
2026-09-24,2026-09-30,C,410.0,38,100,0.5586
2026-09-24,2026-09-30,C,415.0,41,2,0.5645
2026-09-24,2026-09-30,C,420.0,158,12,0.5703
2026-09-24,2026-09-30,P,285.0,40,2,0.625
2026-09-24,2026-09-30,P,290.0,10,4,0.6055
2026-09-24,2026-09-30,P,295.0,9,1,0.5039
2026-09-24,2026-09-30,P,297.5,2,1,0.5
2026-09-24,2026-09-30,P,300.0,13,25,0.5176
2026-09-24,2026-09-30,P,302.5,2,9,0.5361
2026-09-24,2026-09-30,P,305.0,40,2,0.4766
2026-09-24,2026-09-30,P,307.5,4,5,0.5361
2026-09-24,2026-09-30,P,310.0,21,1,0.4404
2026-09-24,2026-09-30,P,312.5,8,4,0.4365
2026-09-24,2026-09-30,P,315.0,11,3,0.3955
2026-09-24,2026-09-30,P,317.5,5,4,0.3701
2026-09-24,2026-09-30,P,320.0,64,17,0.4014
2026-09-24,2026-09-30,P,322.5,23,3,0.3525
2026-09-24,2026-09-30,P,325.0,36,36,0.3442
2026-09-24,2026-09-30,P,327.5,10,74,0.3882
2026-09-24,2026-09-30,P,330.0,70,53,0.3301
2026-09-24,2026-09-30,P,332.5,72,88,0.3533
2026-09-24,2026-09-30,P,335.0,174,293,0.3159
2026-09-24,2026-09-30,P,337.5,188,370,0.3279
2026-09-24,2026-09-30,P,340.0,286,474,0.3082
2026-09-24,2026-09-30,P,342.5,245,404,0.3137
2026-09-24,2026-09-30,P,345.0,178,301,0.3045
2026-09-24,2026-09-30,P,347.5,131,174,0.3461
2026-09-24,2026-09-30,P,350.0,273,183,0.3087
2026-09-24,2026-09-30,P,352.5,79,178,0.3124
2026-09-24,2026-09-30,P,355.0,77,555,0.3091
2026-09-24,2026-09-30,P,357.5,91,62,0.3571
2026-09-24,2026-09-30,P,360.0,264,45,0.3396
2026-09-24,2026-09-30,P,362.5,66,8,0.4026
2026-09-24,2026-09-30,P,365.0,213,49,0.3488
2026-09-24,2026-09-30,P,367.5,106,4,0.4417
2026-09-24,2026-09-30,P,370.0,36,10,0.3753
2026-09-24,2026-09-30,P,372.5,1,0,0.4968
2026-09-24,2026-09-30,P,375.0,15,10,0.5173
2026-09-24,2026-09-30,P,380.0,1,1,0.5671
2026-09-24,2026-09-30,P,385.0,6,1,0.5654
2026-09-24,2026-09-30,P,392.5,1,0,0.6978
2026-09-24,2026-09-30,P,395.0,11,10,0.7256
2026-09-24,2026-09-30,P,400.0,2,1,0.5068
2026-09-24,2026-09-30,P,405.0,0,1,0.5566
2026-09-24,2026-10-02,C,290.0,4,1,0.6416
2026-09-24,2026-10-02,C,295.0,2,1,0.6006
2026-09-24,2026-10-02,C,300.0,84,5,0.627
2026-09-24,2026-10-02,C,305.0,30,10,0.5151
2026-09-24,2026-10-02,C,310.0,25,4,0.5393
2026-09-24,2026-10-02,C,315.0,16,4,0.6182
2026-09-24,2026-10-02,C,320.0,50,80,0.592
2026-09-24,2026-10-02,C,322.5,10,80,0.5857
2026-09-24,2026-10-02,C,325.0,91,35,0.5139
2026-09-24,2026-10-02,C,327.5,17,15,0.4905
2026-09-24,2026-10-02,C,330.0,43,54,0.424
2026-09-24,2026-10-02,C,335.0,43,15,0.4041
2026-09-24,2026-10-02,C,337.5,22,20,0.3926
2026-09-24,2026-10-02,C,340.0,444,133,0.3569
2026-09-24,2026-10-02,C,342.5,185,206,0.3785
2026-09-24,2026-10-02,C,345.0,207,421,0.3661
2026-09-24,2026-10-02,C,347.5,147,637,0.3411
2026-09-24,2026-10-02,C,350.0,792,4884,0.3394
2026-09-24,2026-10-02,C,352.5,173,334,0.3455
2026-09-24,2026-10-02,C,355.0,741,1606,0.3473
2026-09-24,2026-10-02,C,357.5,477,2161,0.3503
2026-09-24,2026-10-02,C,360.0,2173,2159,0.3496
2026-09-24,2026-10-02,C,362.5,774,459,0.3591
2026-09-24,2026-10-02,C,365.0,2457,990,0.3611
2026-09-24,2026-10-02,C,367.5,341,245,0.3716
2026-09-24,2026-10-02,C,370.0,2349,1008,0.3779
2026-09-24,2026-10-02,C,372.5,745,488,0.3831
2026-09-24,2026-10-02,C,375.0,1582,795,0.4081
2026-09-24,2026-10-02,C,377.5,322,182,0.4133
2026-09-24,2026-10-02,C,380.0,8756,1744,0.4055
2026-09-24,2026-10-02,C,382.5,431,92,0.4182
2026-09-24,2026-10-02,C,385.0,813,246,0.428
2026-09-24,2026-10-02,C,387.5,207,907,0.4487
2026-09-24,2026-10-02,C,390.0,2180,811,0.4482
2026-09-24,2026-10-02,C,392.5,369,29,0.4919
2026-09-24,2026-10-02,C,395.0,498,187,0.4605
2026-09-24,2026-10-02,C,397.5,97,9,0.5186
2026-09-24,2026-10-02,C,400.0,3810,779,0.4771
2026-09-24,2026-10-02,C,402.5,113,3,0.522
2026-09-24,2026-10-02,C,405.0,1233,54,0.4951
2026-09-24,2026-10-02,C,410.0,842,80,0.5283
2026-09-24,2026-10-02,C,415.0,334,124,0.5254
2026-09-24,2026-10-02,C,420.0,496,39,0.5352
2026-09-24,2026-10-02,P,285.0,228,44,0.6211
2026-09-24,2026-10-02,P,290.0,573,13,0.543
2026-09-24,2026-10-02,P,295.0,592,234,0.4824
2026-09-24,2026-10-02,P,297.5,4,8,0.5381
2026-09-24,2026-10-02,P,300.0,414,91,0.4756
2026-09-24,2026-10-02,P,302.5,8,7,0.5322
2026-09-24,2026-10-02,P,305.0,334,27,0.4365
2026-09-24,2026-10-02,P,307.5,3,3,0.4702
2026-09-24,2026-10-02,P,310.0,632,446,0.4565
2026-09-24,2026-10-02,P,312.5,7,1,0.4365
2026-09-24,2026-10-02,P,315.0,556,417,0.3731
2026-09-24,2026-10-02,P,317.5,50,35,0.407
2026-09-24,2026-10-02,P,320.0,800,292,0.3789
2026-09-24,2026-10-02,P,322.5,177,121,0.377
2026-09-24,2026-10-02,P,325.0,1425,165,0.3391
2026-09-24,2026-10-02,P,327.5,158,192,0.3574
2026-09-24,2026-10-02,P,330.0,1660,634,0.3296
2026-09-24,2026-10-02,P,332.5,237,199,0.3246
2026-09-24,2026-10-02,P,335.0,1520,1150,0.3309
2026-09-24,2026-10-02,P,337.5,237,592,0.319
2026-09-24,2026-10-02,P,340.0,1185,819,0.3265
2026-09-24,2026-10-02,P,342.5,259,270,0.317
2026-09-24,2026-10-02,P,345.0,867,284,0.3182
2026-09-24,2026-10-02,P,347.5,227,525,0.3169
2026-09-24,2026-10-02,P,350.0,1999,787,0.3206
2026-09-24,2026-10-02,P,352.5,316,189,0.3217
2026-09-24,2026-10-02,P,355.0,899,330,0.3254
2026-09-24,2026-10-02,P,357.5,462,126,0.3328
2026-09-24,2026-10-02,P,360.0,2835,245,0.3392
2026-09-24,2026-10-02,P,362.5,197,78,0.3457
2026-09-24,2026-10-02,P,365.0,333,93,0.3688
2026-09-24,2026-10-02,P,367.5,136,21,0.4121
2026-09-24,2026-10-02,P,370.0,627,17,0.3704
2026-09-24,2026-10-02,P,372.5,49,12,0.4522
2026-09-24,2026-10-02,P,375.0,422,28,0.4896
2026-09-24,2026-10-02,P,377.5,42,11,0.504
2026-09-24,2026-10-02,P,380.0,258,9,0.5205
2026-09-24,2026-10-02,P,382.5,49,20,0.5396
2026-09-24,2026-10-02,P,385.0,116,37,0.5575
2026-09-24,2026-10-02,P,387.5,21,5,0.5742
2026-09-24,2026-10-02,P,390.0,87,3,0.5947
2026-09-24,2026-10-02,P,392.5,3,1,0.6145
2026-09-24,2026-10-02,P,395.0,63,2,0.6335
2026-09-24,2026-10-02,P,397.5,3,2,0.6519
2026-09-24,2026-10-02,P,400.0,159,3,0.6751
2026-09-24,2026-10-02,P,405.0,19,10,0.7205
2026-09-24,2026-10-02,P,410.0,29,5,0.7705
2026-09-24,2026-10-02,P,415.0,0,3,0.5586
2026-09-24,2026-10-02,P,420.0,0,6,0.5918
2026-09-24,2026-10-05,C,322.5,1,60,0.4788
2026-09-24,2026-10-05,C,325.0,1,60,0.4587
2026-09-24,2026-10-05,C,330.0,5,2,0.4271
2026-09-24,2026-10-05,C,332.5,1,2,0.4139
2026-09-24,2026-10-05,C,337.5,1,0,0.3925
2026-09-24,2026-10-05,C,340.0,2,1,0.3853
2026-09-24,2026-10-05,C,350.0,14,187,0.3224
2026-09-24,2026-10-05,C,355.0,39,86,0.3489
2026-09-24,2026-10-05,C,357.5,16,21,0.3639
2026-09-24,2026-10-05,C,360.0,102,102,0.3753
2026-09-24,2026-10-05,C,362.5,338,23,0.3409
2026-09-24,2026-10-05,C,365.0,264,112,0.3478
2026-09-24,2026-10-05,C,367.5,8,33,0.4309
2026-09-24,2026-10-05,C,370.0,106,53,0.3844
2026-09-24,2026-10-05,C,372.5,18,20,0.4225
2026-09-24,2026-10-05,C,375.0,54,112,0.4181
2026-09-24,2026-10-05,C,377.5,18,5,0.402
2026-09-24,2026-10-05,C,380.0,208,136,0.3828
2026-09-24,2026-10-05,C,382.5,7,29,0.413
2026-09-24,2026-10-05,C,385.0,22,19,0.4575
2026-09-24,2026-10-05,C,390.0,77,36,0.4602
2026-09-24,2026-10-05,C,395.0,21,3,0.5385
2026-09-24,2026-10-05,C,400.0,297,19,0.4656
2026-09-24,2026-10-05,C,410.0,2,2,0.5596
2026-09-24,2026-10-05,C,420.0,243,200,0.5366
2026-09-24,2026-10-05,P,285.0,6,6,0.5078
2026-09-24,2026-10-05,P,290.0,6,2,0.4766
2026-09-24,2026-10-05,P,300.0,5,3,0.4238
2026-09-24,2026-10-05,P,315.0,1,10,0.3916
2026-09-24,2026-10-05,P,320.0,8,86,0.3367
2026-09-24,2026-10-05,P,322.5,7,43,0.3794
2026-09-24,2026-10-05,P,325.0,33,6,0.368
2026-09-24,2026-10-05,P,327.5,13,4,0.3584
2026-09-24,2026-10-05,P,330.0,52,18,0.4104
2026-09-24,2026-10-05,P,335.0,25,50,0.3207
2026-09-24,2026-10-05,P,337.5,3,24,0.3271
2026-09-24,2026-10-05,P,340.0,14,50,0.3074
2026-09-24,2026-10-05,P,345.0,26,27,0.3128
2026-09-24,2026-10-05,P,347.5,11,40,0.3018
2026-09-24,2026-10-05,P,350.0,146,33,0.3332
2026-09-24,2026-10-05,P,352.5,15,45,0.3384
2026-09-24,2026-10-05,P,355.0,20,8,0.3535
2026-09-24,2026-10-05,P,360.0,99,78,0.3149
2026-09-24,2026-10-05,P,362.5,91,5,0.379
2026-09-24,2026-10-05,P,365.0,82,0,0.3782
2026-09-24,2026-10-05,P,367.5,1,0,0.386
2026-09-24,2026-10-05,P,370.0,4,12,0.415
2026-09-24,2026-10-05,P,375.0,4,0,0.4114
2026-09-24,2026-10-05,P,380.0,1,0,0.4674
2026-09-24,2026-10-05,P,382.5,3,0,0.4812
2026-09-24,2026-10-05,P,400.0,11,10,0.5894
2026-09-24,2026-10-05,P,405.0,10,0,0.624
2026-09-24,2026-10-09,C,285.0,4,2,0.6318
2026-09-24,2026-10-09,C,290.0,23,1,0.543
2026-09-24,2026-10-09,C,295.0,21,1,0.5386
2026-09-24,2026-10-09,C,300.0,31,1,0.6251
2026-09-24,2026-10-09,C,305.0,14,16,0.5831
2026-09-24,2026-10-09,C,310.0,5,1,0.5437
2026-09-24,2026-10-09,C,315.0,25,1,0.5308
2026-09-24,2026-10-09,C,320.0,28,1,0.4971
2026-09-24,2026-10-09,C,325.0,21,5,0.4496
2026-09-24,2026-10-09,C,330.0,454,36,0.3953
2026-09-24,2026-10-09,C,335.0,50,2,0.4368
2026-09-24,2026-10-09,C,340.0,401,191,0.3923
2026-09-24,2026-10-09,C,342.5,14,23,0.4011
2026-09-24,2026-10-09,C,345.0,114,91,0.3554
2026-09-24,2026-10-09,C,347.5,27,319,0.3546
2026-09-24,2026-10-09,C,350.0,5443,287,0.3538
2026-09-24,2026-10-09,C,352.5,129,17,0.3549
2026-09-24,2026-10-09,C,355.0,1100,181,0.356
2026-09-24,2026-10-09,C,357.5,142,116,0.3682
2026-09-24,2026-10-09,C,360.0,792,315,0.359
2026-09-24,2026-10-09,C,362.5,1243,104,0.3613
2026-09-24,2026-10-09,C,365.0,1130,141,0.3646
2026-09-24,2026-10-09,C,367.5,112,165,0.3669
2026-09-24,2026-10-09,C,370.0,1183,206,0.3685
2026-09-24,2026-10-09,C,372.5,283,285,0.3743
2026-09-24,2026-10-09,C,375.0,2308,235,0.3827
2026-09-24,2026-10-09,C,377.5,42,18,0.3796
2026-09-24,2026-10-09,C,380.0,2338,951,0.3854
2026-09-24,2026-10-09,C,382.5,118,15,0.3909
2026-09-24,2026-10-09,C,385.0,359,222,0.3965
2026-09-24,2026-10-09,C,390.0,901,89,0.4085
2026-09-24,2026-10-09,C,395.0,488,326,0.4423
2026-09-24,2026-10-09,C,400.0,1832,945,0.439
2026-09-24,2026-10-09,C,405.0,448,69,0.45
2026-09-24,2026-10-09,C,410.0,722,41,0.4944
2026-09-24,2026-10-09,C,415.0,245,61,0.5078
2026-09-24,2026-10-09,C,420.0,231,46,0.5195
2026-09-24,2026-10-09,P,285.0,71,10,0.4648
2026-09-24,2026-10-09,P,290.0,116,2,0.418
2026-09-24,2026-10-09,P,295.0,202,2,0.3926
2026-09-24,2026-10-09,P,300.0,312,78,0.3789
2026-09-24,2026-10-09,P,305.0,138,24,0.3638
2026-09-24,2026-10-09,P,310.0,352,4,0.353
2026-09-24,2026-10-09,P,315.0,566,49,0.3416
2026-09-24,2026-10-09,P,320.0,698,136,0.335
2026-09-24,2026-10-09,P,325.0,593,115,0.3301
2026-09-24,2026-10-09,P,330.0,911,396,0.3308
2026-09-24,2026-10-09,P,335.0,785,161,0.3236
2026-09-24,2026-10-09,P,337.5,56,63,0.3239
2026-09-24,2026-10-09,P,340.0,873,398,0.3224
2026-09-24,2026-10-09,P,342.5,483,531,0.3228
2026-09-24,2026-10-09,P,345.0,609,206,0.323
2026-09-24,2026-10-09,P,347.5,126,83,0.3247
2026-09-24,2026-10-09,P,350.0,757,154,0.3242
2026-09-24,2026-10-09,P,352.5,237,50,0.3358
2026-09-24,2026-10-09,P,355.0,348,68,0.3296
2026-09-24,2026-10-09,P,357.5,79,63,0.3759
2026-09-24,2026-10-09,P,360.0,317,108,0.3539
2026-09-24,2026-10-09,P,362.5,36,11,0.3944
2026-09-24,2026-10-09,P,365.0,188,26,0.3949
2026-09-24,2026-10-09,P,367.5,60,1,0.4027
2026-09-24,2026-10-09,P,370.0,255,7,0.3801
2026-09-24,2026-10-09,P,372.5,19,4,0.4094
2026-09-24,2026-10-09,P,375.0,78,3,0.4196
2026-09-24,2026-10-09,P,377.5,25,2,0.4132
2026-09-24,2026-10-09,P,380.0,96,14,0.4299
2026-09-24,2026-10-09,P,382.5,53,52,0.4293
2026-09-24,2026-10-09,P,385.0,44,2,0.4381
2026-09-24,2026-10-09,P,390.0,43,1,0.4708
2026-09-24,2026-10-09,P,395.0,30,21,0.4915
2026-09-24,2026-10-09,P,400.0,50,1,0.516
2026-09-24,2026-10-09,P,405.0,23,27,0.5422
2026-09-24,2026-10-09,P,410.0,25,1,0.5669
2026-09-24,2026-10-09,P,415.0,27,1,0.5898
2026-09-24,2026-10-09,P,420.0,19,10,0.6204
2026-09-25,2026-09-25,C,300.0,30,34,2.1768
2026-09-25,2026-09-25,C,305.0,5,15,2.0029
2026-09-25,2026-09-25,C,310.0,6,1,1.8291
2026-09-25,2026-09-25,C,315.0,1,1,1.6548
2026-09-25,2026-09-25,C,320.0,15,1,1.4805
2026-09-25,2026-09-25,C,322.5,7,3,1.3926
2026-09-25,2026-09-25,C,325.0,6,5,1.3047
2026-09-25,2026-09-25,C,327.5,1,5,0.7822
2026-09-25,2026-09-25,C,330.0,90,80,1.126
2026-09-25,2026-09-25,C,332.5,8,3,0.6484
2026-09-25,2026-09-25,C,335.0,741,12,0.5654
2026-09-25,2026-09-25,C,337.5,72,5,0.6279
2026-09-25,2026-09-25,C,340.0,661,237,0.541
2026-09-25,2026-09-25,C,342.5,235,65,0.6577
2026-09-25,2026-09-25,C,345.0,816,268,0.5376
2026-09-25,2026-09-25,C,347.5,582,642,0.3003
2026-09-25,2026-09-25,C,350.0,2791,6345,0.1211
2026-09-25,2026-09-25,C,352.5,1378,20446,0.0791
2026-09-25,2026-09-25,C,355.0,4128,26728,0.0606
2026-09-25,2026-09-25,C,357.5,1855,5322,0.1133
2026-09-25,2026-09-25,C,360.0,7063,6736,0.1641
2026-09-25,2026-09-25,C,362.5,1699,2187,0.2109
2026-09-25,2026-09-25,C,365.0,6129,1190,0.2578
2026-09-25,2026-09-25,C,367.5,1220,740,0.3047
2026-09-25,2026-09-25,C,370.0,5815,942,0.3516
2026-09-25,2026-09-25,C,372.5,2618,180,0.3906
2026-09-25,2026-09-25,C,375.0,7839,510,0.4375
2026-09-25,2026-09-25,C,377.5,924,106,0.4844
2026-09-25,2026-09-25,C,380.0,6108,449,0.5234
2026-09-25,2026-09-25,C,382.5,825,388,0.6992
2026-09-25,2026-09-25,C,385.0,2199,102,0.5625
2026-09-25,2026-09-25,C,387.5,1627,25,0.5938
2026-09-25,2026-09-25,C,390.0,4068,401,0.6406
2026-09-25,2026-09-25,C,392.5,184,4,0.6875
2026-09-25,2026-09-25,C,395.0,1120,25,0.7188
2026-09-25,2026-09-25,C,397.5,822,2,1.1992
2026-09-25,2026-09-25,C,400.0,5117,138,0.7813
2026-09-25,2026-09-25,C,402.5,317,1,1.3828
2026-09-25,2026-09-25,C,405.0,735,19,0.8438
2026-09-25,2026-09-25,P,300.0,898,62,1.1094
2026-09-25,2026-09-25,P,305.0,810,53,1.0078
2026-09-25,2026-09-25,P,307.5,16,2,1.4668
2026-09-25,2026-09-25,P,310.0,441,4,1.3945
2026-09-25,2026-09-25,P,312.5,950,38,0.7813
2026-09-25,2026-09-25,P,315.0,663,12,0.7188
2026-09-25,2026-09-25,P,317.5,112,21,1.0938
2026-09-25,2026-09-25,P,320.0,1816,36,0.7031
2026-09-25,2026-09-25,P,322.5,123,17,1.0352
2026-09-25,2026-09-25,P,325.0,704,404,0.6016
2026-09-25,2026-09-25,P,327.5,205,37,0.8291
2026-09-25,2026-09-25,P,330.0,2484,122,0.4766
2026-09-25,2026-09-25,P,332.5,1295,162,0.4648
2026-09-25,2026-09-25,P,335.0,2103,801,0.3828
2026-09-25,2026-09-25,P,337.5,1337,942,0.4766
2026-09-25,2026-09-25,P,340.0,4843,1443,0.2813
2026-09-25,2026-09-25,P,342.5,1195,1906,0.2305
2026-09-25,2026-09-25,P,345.0,5634,2965,0.1797
2026-09-25,2026-09-25,P,347.5,2379,4431,0.1426
2026-09-25,2026-09-25,P,350.0,4801,10011,0.083
2026-09-25,2026-09-25,P,352.5,1566,7075,0.0747
2026-09-25,2026-09-25,P,355.0,1829,1999,0.1572
2026-09-25,2026-09-25,P,357.5,1052,449,0.2334
2026-09-25,2026-09-25,P,360.0,1612,769,0.314
2026-09-25,2026-09-25,P,362.5,47,19,0.54
2026-09-25,2026-09-25,P,365.0,157,59,0.5381
2026-09-25,2026-09-25,P,367.5,0,308,0.7651
2026-09-25,2026-09-25,P,370.0,50,54,0.8589
2026-09-25,2026-09-25,P,372.5,10,2,0.6597
2026-09-25,2026-09-25,P,375.0,7,4,1.0166
2026-09-25,2026-09-25,P,377.5,0,101,1.0918
2026-09-25,2026-09-25,P,380.0,7,981,1.1655
2026-09-25,2026-09-25,P,382.5,0,28,1.2373
2026-09-25,2026-09-25,P,385.0,2,420,1.2144
2026-09-25,2026-09-25,P,387.5,0,2,1.2451
2026-09-25,2026-09-25,P,390.0,2,2,1.4448
2026-09-25,2026-09-25,P,392.5,0,6,1.4092
2026-09-25,2026-09-25,P,395.0,3,17,1.2451
2026-09-25,2026-09-25,P,397.5,0,1,1.6416
2026-09-25,2026-09-25,P,400.0,0,16,1.1582
2026-09-25,2026-09-25,P,402.5,0,2,1.7676
2026-09-25,2026-09-25,P,405.0,0,16,1.2539
2026-09-25,2026-09-28,C,300.0,0,1,0.918
2026-09-25,2026-09-28,C,320.0,12,12,0.6104
2026-09-25,2026-09-28,C,325.0,1,0,0.7329
2026-09-25,2026-09-28,C,327.5,1,5,0.709
2026-09-25,2026-09-28,C,330.0,58,6,0.6658
2026-09-25,2026-09-28,C,332.5,12,10,0.616
2026-09-25,2026-09-28,C,335.0,22,2,0.447
2026-09-25,2026-09-28,C,337.5,16,25,0.5192
2026-09-25,2026-09-28,C,340.0,153,30,0.4089
2026-09-25,2026-09-28,C,342.5,78,27,0.4122
2026-09-25,2026-09-28,C,345.0,291,191,0.3601
2026-09-25,2026-09-28,C,347.5,178,102,0.2161
2026-09-25,2026-09-28,C,350.0,580,1252,0.2035
2026-09-25,2026-09-28,C,352.5,622,2393,0.1964
2026-09-25,2026-09-28,C,355.0,2417,4278,0.1902
2026-09-25,2026-09-28,C,357.5,504,2653,0.194
2026-09-25,2026-09-28,C,360.0,1800,3286,0.1961
2026-09-25,2026-09-28,C,362.5,1217,749,0.2039
2026-09-25,2026-09-28,C,365.0,487,863,0.2168
2026-09-25,2026-09-28,C,367.5,377,276,0.2378
2026-09-25,2026-09-28,C,370.0,1128,717,0.2432
2026-09-25,2026-09-28,C,372.5,449,92,0.2666
2026-09-25,2026-09-28,C,375.0,1160,206,0.2842
2026-09-25,2026-09-28,C,377.5,138,70,0.3037
2026-09-25,2026-09-28,C,380.0,693,90,0.3418
2026-09-25,2026-09-28,C,382.5,396,26,0.3672
2026-09-25,2026-09-28,C,385.0,382,85,0.3701
2026-09-25,2026-09-28,C,387.5,125,4,0.3848
2026-09-25,2026-09-28,C,390.0,567,140,0.3965
2026-09-25,2026-09-28,C,395.0,49,67,0.4063
2026-09-25,2026-09-28,C,400.0,427,213,0.541
2026-09-25,2026-09-28,C,405.0,339,56,0.584
2026-09-25,2026-09-28,P,300.0,14,6,0.5
2026-09-25,2026-09-28,P,302.5,6,12,1.1477
2026-09-25,2026-09-28,P,305.0,86,46,0.8438
2026-09-25,2026-09-28,P,307.5,91,2,0.4609
2026-09-25,2026-09-28,P,310.0,96,44,0.4375
2026-09-25,2026-09-28,P,312.5,10,8,0.4141
2026-09-25,2026-09-28,P,315.0,45,19,0.3828
2026-09-25,2026-09-28,P,317.5,7,6,0.5039
2026-09-25,2026-09-28,P,320.0,43,3,0.3359
2026-09-25,2026-09-28,P,322.5,66,21,0.4297
2026-09-25,2026-09-28,P,325.0,149,7,0.3877
2026-09-25,2026-09-28,P,327.5,167,13,0.3711
2026-09-25,2026-09-28,P,330.0,259,70,0.3545
2026-09-25,2026-09-28,P,332.5,1072,387,0.2852
2026-09-25,2026-09-28,P,335.0,616,432,0.2813
2026-09-25,2026-09-28,P,337.5,201,382,0.2642
2026-09-25,2026-09-28,P,340.0,638,523,0.2532
2026-09-25,2026-09-28,P,342.5,927,416,0.2329
2026-09-25,2026-09-28,P,345.0,546,935,0.2183
2026-09-25,2026-09-28,P,347.5,536,1251,0.1969
2026-09-25,2026-09-28,P,350.0,1033,2663,0.1925
2026-09-25,2026-09-28,P,352.5,212,1851,0.1903
2026-09-25,2026-09-28,P,355.0,324,437,0.1943
2026-09-25,2026-09-28,P,357.5,600,461,0.2716
2026-09-25,2026-09-28,P,360.0,219,163,0.2483
2026-09-25,2026-09-28,P,362.5,72,28,0.3596
2026-09-25,2026-09-28,P,365.0,200,18,0.2691
2026-09-25,2026-09-28,P,367.5,57,5,0.4401
2026-09-25,2026-09-28,P,370.0,91,32,0.4788
2026-09-25,2026-09-28,P,372.5,15,12,0.521
2026-09-25,2026-09-28,P,375.0,1,1,0.4607
2026-09-25,2026-09-28,P,380.0,0,2,0.6406
2026-09-25,2026-09-28,P,385.0,0,12,0.7156
2026-09-25,2026-09-28,P,390.0,0,8,0.7876
2026-09-25,2026-09-28,P,400.0,0,30,0.9238
2026-09-25,2026-09-30,C,315.0,1,0,0.7632
2026-09-25,2026-09-30,C,325.0,6,4,0.5203
2026-09-25,2026-09-30,C,327.5,3,2,0.5884
2026-09-25,2026-09-30,C,330.0,47,6,0.5298
2026-09-25,2026-09-30,C,335.0,22,1,0.4904
2026-09-25,2026-09-30,C,337.5,1,0,0.4735
2026-09-25,2026-09-30,C,340.0,687,57,0.4139
2026-09-25,2026-09-30,C,342.5,144,104,0.3074
2026-09-25,2026-09-30,C,345.0,616,319,0.2972
2026-09-25,2026-09-30,C,347.5,87,122,0.2885
2026-09-25,2026-09-30,C,350.0,227,571,0.285
2026-09-25,2026-09-30,C,352.5,240,706,0.2795
2026-09-25,2026-09-30,C,355.0,331,912,0.2772
2026-09-25,2026-09-30,C,357.5,437,597,0.2752
2026-09-25,2026-09-30,C,360.0,896,1872,0.2732
2026-09-25,2026-09-30,C,362.5,696,373,0.2771
2026-09-25,2026-09-30,C,365.0,1320,1666,0.2802
2026-09-25,2026-09-30,C,367.5,112,226,0.2866
2026-09-25,2026-09-30,C,370.0,542,1150,0.2937
2026-09-25,2026-09-30,C,372.5,76,459,0.3018
2026-09-25,2026-09-30,C,375.0,230,113,0.3115
2026-09-25,2026-09-30,C,377.5,33,12,0.353
2026-09-25,2026-09-30,C,380.0,2385,294,0.3423
2026-09-25,2026-09-30,C,382.5,62,21,0.417
2026-09-25,2026-09-30,C,385.0,48,15,0.3623
2026-09-25,2026-09-30,C,387.5,572,24,0.3779
2026-09-25,2026-09-30,C,390.0,222,86,0.3916
2026-09-25,2026-09-30,C,392.5,46,6,0.4199
2026-09-25,2026-09-30,C,395.0,53,7,0.437
2026-09-25,2026-09-30,C,400.0,813,189,0.4971
2026-09-25,2026-09-30,C,405.0,39,26,0.5254
2026-09-25,2026-09-30,P,300.0,36,20,0.6328
2026-09-25,2026-09-30,P,302.5,7,5,0.5566
2026-09-25,2026-09-30,P,305.0,42,24,0.5313
2026-09-25,2026-09-30,P,307.5,7,5,0.5059
2026-09-25,2026-09-30,P,310.0,21,28,0.5313
2026-09-25,2026-09-30,P,312.5,11,8,0.4727
2026-09-25,2026-09-30,P,315.0,14,6,0.4824
2026-09-25,2026-09-30,P,317.5,7,3,0.3975
2026-09-25,2026-09-30,P,320.0,72,14,0.3721
2026-09-25,2026-09-30,P,322.5,24,13,0.3594
2026-09-25,2026-09-30,P,325.0,61,101,0.3931
2026-09-25,2026-09-30,P,327.5,71,23,0.3789
2026-09-25,2026-09-30,P,330.0,78,755,0.3633
2026-09-25,2026-09-30,P,332.5,99,442,0.3516
2026-09-25,2026-09-30,P,335.0,389,189,0.3103
2026-09-25,2026-09-30,P,337.5,316,215,0.2922
2026-09-25,2026-09-30,P,340.0,405,289,0.2803
2026-09-25,2026-09-30,P,342.5,431,486,0.2854
2026-09-25,2026-09-30,P,345.0,297,478,0.2899
2026-09-25,2026-09-30,P,347.5,178,603,0.2689
2026-09-25,2026-09-30,P,350.0,308,288,0.2656
2026-09-25,2026-09-30,P,352.5,115,199,0.2664
2026-09-25,2026-09-30,P,355.0,521,547,0.2666
2026-09-25,2026-09-30,P,357.5,108,199,0.2699
2026-09-25,2026-09-30,P,360.0,262,82,0.2745
2026-09-25,2026-09-30,P,362.5,62,73,0.283
2026-09-25,2026-09-30,P,365.0,214,32,0.3445
2026-09-25,2026-09-30,P,367.5,108,4,0.3552
2026-09-25,2026-09-30,P,370.0,43,35,0.4316
2026-09-25,2026-09-30,P,372.5,1,0,0.4512
2026-09-25,2026-09-30,P,375.0,15,15,0.4768
2026-09-25,2026-09-30,P,380.0,2,1,0.5278
2026-09-25,2026-09-30,P,385.0,6,5,0.5894
2026-09-25,2026-09-30,P,392.5,0,1,0.6716
2026-09-25,2026-09-30,P,395.0,0,10,0.6997
2026-09-25,2026-09-30,P,400.0,0,1,0.7544
2026-09-25,2026-09-30,P,405.0,0,1,0.832
2026-09-25,2026-10-02,C,300.0,84,11,0.6074
2026-09-25,2026-10-02,C,305.0,30,10,0.5894
2026-09-25,2026-10-02,C,310.0,25,1,0.5303
2026-09-25,2026-10-02,C,315.0,16,4,0.5366
2026-09-25,2026-10-02,C,320.0,50,6,0.5654
2026-09-25,2026-10-02,C,322.5,12,80,0.5696
2026-09-25,2026-10-02,C,325.0,98,25,0.5442
2026-09-25,2026-10-02,C,327.5,17,20,0.5525
2026-09-25,2026-10-02,C,330.0,84,3,0.4824
2026-09-25,2026-10-02,C,335.0,54,6,0.4071
2026-09-25,2026-10-02,C,337.5,42,53,0.4004
2026-09-25,2026-10-02,C,340.0,463,30,0.3616
2026-09-25,2026-10-02,C,342.5,201,16,0.3986
2026-09-25,2026-10-02,C,345.0,227,162,0.3511
2026-09-25,2026-10-02,C,347.5,279,134,0.3196
2026-09-25,2026-10-02,C,350.0,3294,1066,0.3131
2026-09-25,2026-10-02,C,352.5,287,961,0.3094
2026-09-25,2026-10-02,C,355.0,1399,1744,0.3055
2026-09-25,2026-10-02,C,357.5,2254,588,0.3113
2026-09-25,2026-10-02,C,360.0,2667,1844,0.3099
2026-09-25,2026-10-02,C,362.5,1023,889,0.3087
2026-09-25,2026-10-02,C,365.0,2386,1106,0.312
2026-09-25,2026-10-02,C,367.5,326,640,0.3159
2026-09-25,2026-10-02,C,370.0,2687,2156,0.3273
2026-09-25,2026-10-02,C,372.5,855,540,0.325
2026-09-25,2026-10-02,C,375.0,1711,891,0.3308
2026-09-25,2026-10-02,C,377.5,365,86,0.3386
2026-09-25,2026-10-02,C,380.0,8931,2017,0.3425
2026-09-25,2026-10-02,C,382.5,449,161,0.3521
2026-09-25,2026-10-02,C,385.0,880,317,0.3589
2026-09-25,2026-10-02,C,387.5,1039,53,0.3682
2026-09-25,2026-10-02,C,390.0,2034,1015,0.375
2026-09-25,2026-10-02,C,392.5,373,52,0.4243
2026-09-25,2026-10-02,C,395.0,404,104,0.3945
2026-09-25,2026-10-02,C,397.5,101,34,0.4346
2026-09-25,2026-10-02,C,400.0,3914,2841,0.4014
2026-09-25,2026-10-02,C,402.5,115,764,0.4185
2026-09-25,2026-10-02,C,405.0,1263,191,0.4307
2026-09-25,2026-10-02,P,300.0,416,139,0.5
2026-09-25,2026-10-02,P,302.5,12,49,0.5332
2026-09-25,2026-10-02,P,305.0,352,50,0.4307
2026-09-25,2026-10-02,P,307.5,3,99,0.4907
2026-09-25,2026-10-02,P,310.0,990,32,0.4053
2026-09-25,2026-10-02,P,312.5,8,6,0.4331
2026-09-25,2026-10-02,P,315.0,917,100,0.3711
2026-09-25,2026-10-02,P,317.5,85,29,0.4033
2026-09-25,2026-10-02,P,320.0,883,178,0.3496
2026-09-25,2026-10-02,P,322.5,240,47,0.3394
2026-09-25,2026-10-02,P,325.0,1462,117,0.3306
2026-09-25,2026-10-02,P,327.5,207,73,0.3535
2026-09-25,2026-10-02,P,330.0,2080,591,0.3306
2026-09-25,2026-10-02,P,332.5,347,179,0.3181
2026-09-25,2026-10-02,P,335.0,1710,490,0.3079
2026-09-25,2026-10-02,P,337.5,499,518,0.3057
2026-09-25,2026-10-02,P,340.0,1388,1322,0.2969
2026-09-25,2026-10-02,P,342.5,337,649,0.2964
2026-09-25,2026-10-02,P,345.0,949,957,0.2975
2026-09-25,2026-10-02,P,347.5,412,660,0.2946
2026-09-25,2026-10-02,P,350.0,2161,1279,0.2941
2026-09-25,2026-10-02,P,352.5,322,354,0.2955
2026-09-25,2026-10-02,P,355.0,974,570,0.294
2026-09-25,2026-10-02,P,357.5,504,175,0.2943
2026-09-25,2026-10-02,P,360.0,2755,918,0.3001
2026-09-25,2026-10-02,P,362.5,214,47,0.3043
2026-09-25,2026-10-02,P,365.0,356,60,0.3673
2026-09-25,2026-10-02,P,367.5,155,3,0.3606
2026-09-25,2026-10-02,P,370.0,627,40,0.4194
2026-09-25,2026-10-02,P,372.5,53,10,0.3798
2026-09-25,2026-10-02,P,375.0,420,17,0.4497
2026-09-25,2026-10-02,P,377.5,40,4,0.4648
2026-09-25,2026-10-02,P,380.0,257,35,0.4817
2026-09-25,2026-10-02,P,382.5,56,34,0.5012
2026-09-25,2026-10-02,P,385.0,90,2,0.5237
2026-09-25,2026-10-02,P,387.5,21,5,0.5409
2026-09-25,2026-10-02,P,390.0,86,73,0.571
2026-09-25,2026-10-02,P,392.5,3,1,0.5864
2026-09-25,2026-10-02,P,395.0,63,16,0.606
2026-09-25,2026-10-02,P,397.5,1,1,0.6299
2026-09-25,2026-10-02,P,400.0,84,56,0.5261
2026-09-25,2026-10-02,P,405.0,0,10,0.562
2026-09-25,2026-10-05,C,322.5,2,60,0.4744
2026-09-25,2026-10-05,C,325.0,3,1,0.5053
2026-09-25,2026-10-05,C,330.0,5,2,0.4014
2026-09-25,2026-10-05,C,332.5,1,2,0.452
2026-09-25,2026-10-05,C,337.5,1,0,0.4203
2026-09-25,2026-10-05,C,340.0,2,1,0.4058
2026-09-25,2026-10-05,C,350.0,157,21,0.3004
2026-09-25,2026-10-05,C,355.0,65,72,0.3099
2026-09-25,2026-10-05,C,357.5,31,21,0.366
2026-09-25,2026-10-05,C,360.0,178,49,0.3279
2026-09-25,2026-10-05,C,362.5,345,14,0.306
2026-09-25,2026-10-05,C,365.0,281,17,0.32
2026-09-25,2026-10-05,C,367.5,29,16,0.366
2026-09-25,2026-10-05,C,370.0,128,79,0.3158
2026-09-25,2026-10-05,C,372.5,28,9,0.32
2026-09-25,2026-10-05,C,375.0,153,16,0.3817
2026-09-25,2026-10-05,C,377.5,17,23,0.3593
2026-09-25,2026-10-05,C,380.0,244,52,0.3289
2026-09-25,2026-10-05,C,382.5,22,18,0.3688
2026-09-25,2026-10-05,C,385.0,18,1,0.3789
2026-09-25,2026-10-05,C,390.0,108,12,0.3477
2026-09-25,2026-10-05,C,395.0,21,2,0.3645
2026-09-25,2026-10-05,C,400.0,308,61,0.3745
2026-09-25,2026-10-05,P,300.0,5,4,0.4815
2026-09-25,2026-10-05,P,315.0,11,10,0.4004
2026-09-25,2026-10-05,P,320.0,87,8,0.3301
2026-09-25,2026-10-05,P,322.5,30,43,0.3792
2026-09-25,2026-10-05,P,325.0,33,2,0.3655
2026-09-25,2026-10-05,P,327.5,15,7,0.3606
2026-09-25,2026-10-05,P,330.0,53,20,0.3323
2026-09-25,2026-10-05,P,335.0,63,7,0.307
2026-09-25,2026-10-05,P,337.5,26,130,0.3077
2026-09-25,2026-10-05,P,340.0,46,84,0.2993
2026-09-25,2026-10-05,P,345.0,41,24,0.2793
2026-09-25,2026-10-05,P,347.5,42,9,0.3289
2026-09-25,2026-10-05,P,350.0,146,15,0.3258
2026-09-25,2026-10-05,P,352.5,26,4,0.3217
2026-09-25,2026-10-05,P,355.0,23,5,0.3206
2026-09-25,2026-10-05,P,360.0,107,38,0.3197
2026-09-25,2026-10-05,P,362.5,95,3,0.3248
2026-09-25,2026-10-05,P,365.0,82,52,0.3278
2026-09-25,2026-10-05,P,367.5,1,0,0.3665
2026-09-25,2026-10-05,P,370.0,10,12,0.3762
2026-09-25,2026-10-05,P,375.0,4,0,0.3586
2026-09-25,2026-10-05,P,380.0,1,0,0.4307
2026-09-25,2026-10-05,P,382.5,3,0,0.4448
2026-09-25,2026-10-05,P,400.0,11,10,0.5037
2026-09-25,2026-10-05,P,405.0,0,2,0.5349
2026-09-25,2026-10-09,C,300.0,31,20,0.5371
2026-09-25,2026-10-09,C,305.0,14,16,0.522
2026-09-25,2026-10-09,C,310.0,6,1,0.5985
2026-09-25,2026-10-09,C,315.0,25,1,0.5464
2026-09-25,2026-10-09,C,320.0,28,1,0.5115
2026-09-25,2026-10-09,C,325.0,25,5,0.484
2026-09-25,2026-10-09,C,330.0,475,1,0.4564
2026-09-25,2026-10-09,C,335.0,50,1,0.4338
2026-09-25,2026-10-09,C,340.0,429,161,0.3577
2026-09-25,2026-10-09,C,342.5,32,3,0.3677
2026-09-25,2026-10-09,C,345.0,162,232,0.3438
2026-09-25,2026-10-09,C,347.5,190,146,0.3413
2026-09-25,2026-10-09,C,350.0,5452,5816,0.3406
2026-09-25,2026-10-09,C,352.5,136,611,0.354
2026-09-25,2026-10-09,C,355.0,1207,722,0.3339
2026-09-25,2026-10-09,C,357.5,187,144,0.3347
2026-09-25,2026-10-09,C,360.0,905,200,0.3338
2026-09-25,2026-10-09,C,362.5,1299,210,0.333
2026-09-25,2026-10-09,C,365.0,1134,314,0.3323
2026-09-25,2026-10-09,C,367.5,236,98,0.3342
2026-09-25,2026-10-09,C,370.0,1170,360,0.3349
2026-09-25,2026-10-09,C,372.5,453,161,0.3355
2026-09-25,2026-10-09,C,375.0,2394,224,0.3377
2026-09-25,2026-10-09,C,377.5,50,75,0.3394
2026-09-25,2026-10-09,C,380.0,2149,311,0.3423
2026-09-25,2026-10-09,C,382.5,123,27,0.3726
2026-09-25,2026-10-09,C,385.0,381,433,0.3495
2026-09-25,2026-10-09,C,390.0,886,141,0.3589
2026-09-25,2026-10-09,C,395.0,473,22,0.3701
2026-09-25,2026-10-09,C,400.0,1728,629,0.3804
2026-09-25,2026-10-09,C,405.0,409,66,0.3945
2026-09-25,2026-10-09,P,300.0,340,50,0.3765
2026-09-25,2026-10-09,P,305.0,143,14,0.3613
2026-09-25,2026-10-09,P,310.0,353,39,0.3508
2026-09-25,2026-10-09,P,315.0,583,41,0.3562
2026-09-25,2026-10-09,P,320.0,702,60,0.333
2026-09-25,2026-10-09,P,325.0,659,975,0.3268
2026-09-25,2026-10-09,P,330.0,1007,229,0.3225
2026-09-25,2026-10-09,P,335.0,827,252,0.3344
2026-09-25,2026-10-09,P,337.5,86,46,0.3184
2026-09-25,2026-10-09,P,340.0,955,175,0.3126
2026-09-25,2026-10-09,P,342.5,389,76,0.3135
2026-09-25,2026-10-09,P,345.0,701,229,0.3123
2026-09-25,2026-10-09,P,347.5,147,154,0.3109
2026-09-25,2026-10-09,P,350.0,770,241,0.3091
2026-09-25,2026-10-09,P,352.5,242,154,0.3456
2026-09-25,2026-10-09,P,355.0,355,386,0.3097
2026-09-25,2026-10-09,P,357.5,88,26,0.312
2026-09-25,2026-10-09,P,360.0,331,73,0.3106
2026-09-25,2026-10-09,P,362.5,37,7,0.3669
2026-09-25,2026-10-09,P,365.0,194,7,0.3714
2026-09-25,2026-10-09,P,367.5,61,1,0.377
2026-09-25,2026-10-09,P,370.0,255,9,0.3177
2026-09-25,2026-10-09,P,372.5,17,2,0.3513
2026-09-25,2026-10-09,P,375.0,78,1,0.3914
2026-09-25,2026-10-09,P,377.5,26,2,0.3983
2026-09-25,2026-10-09,P,380.0,108,4,0.4059
2026-09-25,2026-10-09,P,382.5,53,52,0.4143
2026-09-25,2026-10-09,P,385.0,44,1,0.4241
2026-09-25,2026-10-09,P,390.0,43,4,0.4459
2026-09-25,2026-10-09,P,395.0,30,1,0.4672
2026-09-25,2026-10-09,P,400.0,50,29,0.4921
2026-09-25,2026-10-09,P,405.0,26,1,0.4724
2026-09-29,2026-09-30,C,315.0,1,0,1.0996
2026-09-29,2026-09-30,C,320.0,3,1,0.9854
2026-09-29,2026-09-30,C,325.0,2,200,0.8711
2026-09-29,2026-09-30,C,327.5,2,2,0.813
2026-09-29,2026-09-30,C,330.0,103,65,0.6631
2026-09-29,2026-09-30,C,332.5,10,10,0.6968
2026-09-29,2026-09-30,C,335.0,22,1,0.648
2026-09-29,2026-09-30,C,337.5,1,34,0.5874
2026-09-29,2026-09-30,C,340.0,700,56,0.5171
2026-09-29,2026-09-30,C,342.5,204,16,0.4548
2026-09-29,2026-09-30,C,345.0,773,240,0.3579
2026-09-29,2026-09-30,C,347.5,230,78,0.405
2026-09-29,2026-09-30,C,350.0,461,947,0.2864
2026-09-29,2026-09-30,C,352.5,911,1257,0.2793
2026-09-29,2026-09-30,C,355.0,858,6212,0.2717
2026-09-29,2026-09-30,C,357.5,1492,6353,0.2699
2026-09-29,2026-09-30,C,360.0,2465,15035,0.2705
2026-09-29,2026-09-30,C,362.5,1136,7968,0.273
2026-09-29,2026-09-30,C,365.0,2787,12891,0.2774
2026-09-29,2026-09-30,C,367.5,405,13261,0.2861
2026-09-29,2026-09-30,C,370.0,1269,7712,0.294
2026-09-29,2026-09-30,C,372.5,498,1681,0.3203
2026-09-29,2026-09-30,C,375.0,316,1910,0.3301
2026-09-29,2026-09-30,C,377.5,50,864,0.3652
2026-09-29,2026-09-30,C,380.0,2532,1566,0.4609
2026-09-29,2026-09-30,C,382.5,70,210,0.4648
2026-09-29,2026-09-30,C,385.0,70,510,0.4785
2026-09-29,2026-09-30,C,387.5,575,515,0.4297
2026-09-29,2026-09-30,C,390.0,322,623,0.4531
2026-09-29,2026-09-30,C,392.5,54,58,0.5313
2026-09-29,2026-09-30,C,395.0,60,5,0.5313
2026-09-29,2026-09-30,C,397.5,18,24,0.5391
2026-09-29,2026-09-30,C,400.0,865,242,0.5313
2026-09-29,2026-09-30,C,402.5,49,12,0.6172
2026-09-29,2026-09-30,C,405.0,69,11,0.6406
2026-09-29,2026-09-30,C,407.5,31,1,0.9844
2026-09-29,2026-09-30,P,302.5,10,4,1.416
2026-09-29,2026-09-30,P,305.0,52,12,1.3564
2026-09-29,2026-09-30,P,307.5,9,8,1.2969
2026-09-29,2026-09-30,P,310.0,32,4,1.0898
2026-09-29,2026-09-30,P,312.5,43,4,0.5625
2026-09-29,2026-09-30,P,315.0,18,20,1.1143
2026-09-29,2026-09-30,P,317.5,29,24,1.0542
2026-09-29,2026-09-30,P,320.0,83,43,0.5
2026-09-29,2026-09-30,P,322.5,41,19,0.5273
2026-09-29,2026-09-30,P,325.0,229,41,0.4688
2026-09-29,2026-09-30,P,327.5,134,30,0.4531
2026-09-29,2026-09-30,P,330.0,1158,350,0.4297
2026-09-29,2026-09-30,P,332.5,475,26,0.3789
2026-09-29,2026-09-30,P,335.0,758,2385,0.3516
2026-09-29,2026-09-30,P,337.5,551,244,0.3125
2026-09-29,2026-09-30,P,340.0,1093,10772,0.3106
2026-09-29,2026-09-30,P,342.5,818,1262,0.2891
2026-09-29,2026-09-30,P,345.0,701,4393,0.2798
2026-09-29,2026-09-30,P,347.5,432,2846,0.272
2026-09-29,2026-09-30,P,350.0,882,9576,0.2666
2026-09-29,2026-09-30,P,352.5,339,2822,0.2639
2026-09-29,2026-09-30,P,355.0,428,5473,0.2622
2026-09-29,2026-09-30,P,357.5,922,3486,0.27
2026-09-29,2026-09-30,P,360.0,290,2606,0.2764
2026-09-29,2026-09-30,P,362.5,139,672,0.313
2026-09-29,2026-09-30,P,365.0,238,376,0.4529
2026-09-29,2026-09-30,P,367.5,105,69,0.4961
2026-09-29,2026-09-30,P,370.0,70,104,0.4729
2026-09-29,2026-09-30,P,372.5,1,8,0.7053
2026-09-29,2026-09-30,P,375.0,24,30,0.521
2026-09-29,2026-09-30,P,380.0,2,2,0.6143
2026-09-29,2026-09-30,P,385.0,0,5,0.7036
2026-09-29,2026-09-30,P,392.5,0,1,0.8311
2026-09-29,2026-09-30,P,395.0,0,10,0.8721
2026-09-29,2026-09-30,P,400.0,0,1,0.9531
2026-09-29,2026-09-30,P,405.0,0,1,1.0313
2026-09-29,2026-10-02,C,305.0,30,10,0.9844
2026-09-29,2026-10-02,C,310.0,24,1,0.9011
2026-09-29,2026-10-02,C,315.0,20,1,0.5078
2026-09-29,2026-10-02,C,320.0,52,3,0.7432
2026-09-29,2026-10-02,C,322.5,12,80,0.709
2026-09-29,2026-10-02,C,325.0,113,36,0.6665
2026-09-29,2026-10-02,C,327.5,37,20,0.6309
2026-09-29,2026-10-02,C,330.0,86,63,0.5945
2026-09-29,2026-10-02,C,332.5,5,2,0.5569
2026-09-29,2026-10-02,C,335.0,51,29,0.5242
2026-09-29,2026-10-02,C,337.5,118,6,0.478
2026-09-29,2026-10-02,C,340.0,789,60,0.4309
2026-09-29,2026-10-02,C,342.5,211,71,0.4461
2026-09-29,2026-10-02,C,345.0,325,148,0.375
2026-09-29,2026-10-02,C,347.5,314,273,0.3657
2026-09-29,2026-10-02,C,350.0,3071,860,0.361
2026-09-29,2026-10-02,C,352.5,731,458,0.3586
2026-09-29,2026-10-02,C,355.0,2071,1840,0.4215
2026-09-29,2026-10-02,C,357.5,2733,2000,0.3538
2026-09-29,2026-10-02,C,360.0,3557,4229,0.3545
2026-09-29,2026-10-02,C,362.5,1384,1668,0.3683
2026-09-29,2026-10-02,C,365.0,2896,7308,0.3536
2026-09-29,2026-10-02,C,367.5,902,1510,0.3738
2026-09-29,2026-10-02,C,370.0,4175,4741,0.3557
2026-09-29,2026-10-02,C,372.5,1231,1405,0.3621
2026-09-29,2026-10-02,C,375.0,2351,1972,0.3665
2026-09-29,2026-10-02,C,377.5,478,540,0.4053
2026-09-29,2026-10-02,C,380.0,10460,2765,0.3814
2026-09-29,2026-10-02,C,382.5,549,1254,0.3955
2026-09-29,2026-10-02,C,385.0,1051,511,0.4009
2026-09-29,2026-10-02,C,387.5,1121,204,0.4644
2026-09-29,2026-10-02,C,390.0,2519,1085,0.4336
2026-09-29,2026-10-02,C,392.5,395,51,0.4463
2026-09-29,2026-10-02,C,395.0,729,533,0.4629
2026-09-29,2026-10-02,C,397.5,121,24,0.5391
2026-09-29,2026-10-02,C,400.0,4769,1165,0.502
2026-09-29,2026-10-02,C,402.5,765,75,0.5244
2026-09-29,2026-10-02,C,405.0,1402,789,0.4883
2026-09-29,2026-10-02,C,407.5,26,5,0.5156
2026-09-29,2026-10-02,P,302.5,31,6,0.5898
2026-09-29,2026-10-02,P,305.0,382,82,0.5898
2026-09-29,2026-10-02,P,307.5,103,15,0.5664
2026-09-29,2026-10-02,P,310.0,972,23,0.5156
2026-09-29,2026-10-02,P,312.5,12,7,0.5234
2026-09-29,2026-10-02,P,315.0,807,55,0.5039
2026-09-29,2026-10-02,P,317.5,198,14,0.5352
2026-09-29,2026-10-02,P,320.0,1016,147,0.4531
2026-09-29,2026-10-02,P,322.5,285,64,0.4375
2026-09-29,2026-10-02,P,325.0,1605,362,0.4131
2026-09-29,2026-10-02,P,327.5,362,124,0.4023
2026-09-29,2026-10-02,P,330.0,3134,801,0.3897
2026-09-29,2026-10-02,P,332.5,661,192,0.3828
2026-09-29,2026-10-02,P,335.0,3127,864,0.3638
2026-09-29,2026-10-02,P,337.5,860,451,0.3574
2026-09-29,2026-10-02,P,340.0,3018,3049,0.3506
2026-09-29,2026-10-02,P,342.5,799,568,0.3496
2026-09-29,2026-10-02,P,345.0,1809,1148,0.3447
2026-09-29,2026-10-02,P,347.5,2895,1456,0.3423
2026-09-29,2026-10-02,P,350.0,4653,2218,0.3405
2026-09-29,2026-10-02,P,352.5,471,613,0.3449
2026-09-29,2026-10-02,P,355.0,1220,1077,0.3473
2026-09-29,2026-10-02,P,357.5,531,445,0.3469
2026-09-29,2026-10-02,P,360.0,2097,605,0.351
2026-09-29,2026-10-02,P,362.5,248,349,0.459
2026-09-29,2026-10-02,P,365.0,367,411,0.3606
2026-09-29,2026-10-02,P,367.5,147,177,0.4951
2026-09-29,2026-10-02,P,370.0,604,247,0.4251
2026-09-29,2026-10-02,P,372.5,62,57,0.4988
2026-09-29,2026-10-02,P,375.0,415,64,0.5718
2026-09-29,2026-10-02,P,377.5,38,1,0.604
2026-09-29,2026-10-02,P,380.0,220,24,0.634
2026-09-29,2026-10-02,P,382.5,59,10,0.668
2026-09-29,2026-10-02,P,385.0,90,7,0.5081
2026-09-29,2026-10-02,P,387.5,21,2,0.5337
2026-09-29,2026-10-02,P,390.0,15,9,0.564
2026-09-29,2026-10-02,P,392.5,0,1,0.5879
2026-09-29,2026-10-02,P,395.0,1,1,0.6167
2026-09-29,2026-10-02,P,397.5,0,1,0.894
2026-09-29,2026-10-02,P,400.0,0,7,0.6602
2026-09-29,2026-10-02,P,405.0,0,10,0.729
2026-09-29,2026-10-05,C,317.5,8,0,0.6069
2026-09-29,2026-10-05,C,320.0,18,10,0.6644
2026-09-29,2026-10-05,C,322.5,2,60,0.6339
2026-09-29,2026-10-05,C,325.0,2,1,0.6028
2026-09-29,2026-10-05,C,330.0,7,1,0.5474
2026-09-29,2026-10-05,C,332.5,1,2,0.4587
2026-09-29,2026-10-05,C,335.0,1,15,0.4357
2026-09-29,2026-10-05,C,337.5,1,1,0.4806
2026-09-29,2026-10-05,C,340.0,4,10,0.4016
2026-09-29,2026-10-05,C,342.5,599,25,0.3942
2026-09-29,2026-10-05,C,345.0,41,45,0.3844
2026-09-29,2026-10-05,C,347.5,56,32,0.3778
2026-09-29,2026-10-05,C,350.0,221,125,0.3678
2026-09-29,2026-10-05,C,352.5,95,182,0.3568
2026-09-29,2026-10-05,C,355.0,149,465,0.3212
2026-09-29,2026-10-05,C,357.5,59,642,0.3369
2026-09-29,2026-10-05,C,360.0,239,833,0.3136
2026-09-29,2026-10-05,C,362.5,362,252,0.3496
2026-09-29,2026-10-05,C,365.0,366,1013,0.318
2026-09-29,2026-10-05,C,367.5,58,418,0.3528
2026-09-29,2026-10-05,C,370.0,201,767,0.3243
2026-09-29,2026-10-05,C,372.5,35,124,0.3181
2026-09-29,2026-10-05,C,375.0,227,247,0.3219
2026-09-29,2026-10-05,C,377.5,72,110,0.3472
2026-09-29,2026-10-05,C,380.0,278,600,0.3545
2026-09-29,2026-10-05,C,382.5,28,426,0.366
2026-09-29,2026-10-05,C,385.0,19,332,0.3794
2026-09-29,2026-10-05,C,387.5,1,118,0.3511
2026-09-29,2026-10-05,C,390.0,148,119,0.3584
2026-09-29,2026-10-05,C,392.5,2,2,0.4248
2026-09-29,2026-10-05,C,395.0,24,39,0.4441
2026-09-29,2026-10-05,C,397.5,2,20,0.4561
2026-09-29,2026-10-05,C,400.0,333,62,0.4399
2026-09-29,2026-10-05,C,402.5,33,4,0.4522
2026-09-29,2026-10-05,C,405.0,24,13,0.4258
2026-09-29,2026-10-05,C,407.5,17,3,0.4639
2026-09-29,2026-10-05,P,305.0,6,50,0.4609
2026-09-29,2026-10-05,P,310.0,15,50,0.4512
2026-09-29,2026-10-05,P,315.0,12,7,0.4839
2026-09-29,2026-10-05,P,317.5,4,2,0.4697
2026-09-29,2026-10-05,P,320.0,99,77,0.4756
2026-09-29,2026-10-05,P,322.5,30,41,0.4592
2026-09-29,2026-10-05,P,325.0,37,59,0.3662
2026-09-29,2026-10-05,P,327.5,18,34,0.4399
2026-09-29,2026-10-05,P,330.0,83,91,0.4075
2026-09-29,2026-10-05,P,332.5,32,90,0.419
2026-09-29,2026-10-05,P,335.0,73,215,0.3694
2026-09-29,2026-10-05,P,337.5,56,37,0.3561
2026-09-29,2026-10-05,P,340.0,100,146,0.3298
2026-09-29,2026-10-05,P,342.5,68,98,0.3337
2026-09-29,2026-10-05,P,345.0,102,774,0.3406
2026-09-29,2026-10-05,P,347.5,36,277,0.3098
2026-09-29,2026-10-05,P,350.0,179,434,0.3248
2026-09-29,2026-10-05,P,352.5,74,166,0.3335
2026-09-29,2026-10-05,P,355.0,30,251,0.3416
2026-09-29,2026-10-05,P,357.5,22,139,0.3805
2026-09-29,2026-10-05,P,360.0,138,105,0.3795
2026-09-29,2026-10-05,P,362.5,108,116,0.3881
2026-09-29,2026-10-05,P,365.0,109,203,0.3934
2026-09-29,2026-10-05,P,367.5,1,82,0.402
2026-09-29,2026-10-05,P,370.0,20,31,0.3436
2026-09-29,2026-10-05,P,375.0,4,0,0.3633
2026-09-29,2026-10-05,P,377.5,5,5,0.4797
2026-09-29,2026-10-05,P,380.0,2,2,0.4996
2026-09-29,2026-10-05,P,382.5,3,0,0.5177
2026-09-29,2026-10-05,P,385.0,6,6,0.5383
2026-09-29,2026-10-05,P,390.0,6,0,0.5808
2026-09-29,2026-10-05,P,395.0,1,0,0.6395
2026-09-29,2026-10-05,P,400.0,0,10,0.7119
2026-09-29,2026-10-05,P,405.0,0,2,0.5513
2026-09-29,2026-10-07,C,335.0,2,1,0.4299
2026-09-29,2026-10-07,C,345.0,1,3,0.3984
2026-09-29,2026-10-07,C,347.5,9,4,0.3822
2026-09-29,2026-10-07,C,350.0,61,30,0.3783
2026-09-29,2026-10-07,C,352.5,32,12,0.3943
2026-09-29,2026-10-07,C,355.0,50,31,0.3844
2026-09-29,2026-10-07,C,357.5,12,42,0.3829
2026-09-29,2026-10-07,C,360.0,49,161,0.3693
2026-09-29,2026-10-07,C,362.5,72,48,0.3684
2026-09-29,2026-10-07,C,365.0,58,86,0.3545
2026-09-29,2026-10-07,C,370.0,495,277,0.37
2026-09-29,2026-10-07,C,372.5,7,29,0.3806
2026-09-29,2026-10-07,C,375.0,33,55,0.3552
2026-09-29,2026-10-07,C,380.0,72,95,0.3953
2026-09-29,2026-10-07,C,385.0,4,15,0.4185
2026-09-29,2026-10-07,C,390.0,44,79,0.387
2026-09-29,2026-10-07,C,405.0,7,8,0.4663
2026-09-29,2026-10-07,P,315.0,18,1,0.4243
2026-09-29,2026-10-07,P,320.0,3,26,0.4194
2026-09-29,2026-10-07,P,325.0,6,18,0.3613
2026-09-29,2026-10-07,P,327.5,13,13,0.3601
2026-09-29,2026-10-07,P,330.0,26,10,0.356
2026-09-29,2026-10-07,P,332.5,7,11,0.4022
2026-09-29,2026-10-07,P,335.0,28,13,0.37
2026-09-29,2026-10-07,P,340.0,71,39,0.4081
2026-09-29,2026-10-07,P,345.0,26,12,0.36
2026-09-29,2026-10-07,P,350.0,19,62,0.4016
2026-09-29,2026-10-07,P,352.5,6,12,0.3443
2026-09-29,2026-10-07,P,355.0,8,37,0.3575
2026-09-29,2026-10-07,P,357.5,3,21,0.3469
2026-09-29,2026-10-07,P,360.0,29,7,0.4037
2026-09-29,2026-10-07,P,365.0,18,1,0.4087
2026-09-29,2026-10-07,P,370.0,7,6,0.421
2026-09-29,2026-10-07,P,375.0,8,10,0.4408
2026-09-29,2026-10-07,P,380.0,10,0,0.4646
2026-09-29,2026-10-07,P,385.0,32,32,0.4976
2026-09-29,2026-10-07,P,405.0,1,2,0.6544
2026-09-29,2026-10-09,C,305.0,14,16,0.6472
2026-09-29,2026-10-09,C,310.0,6,11,0.5991
2026-09-29,2026-10-09,C,315.0,25,10,0.5549
2026-09-29,2026-10-09,C,320.0,28,1,0.5801
2026-09-29,2026-10-09,C,325.0,25,5,0.4846
2026-09-29,2026-10-09,C,330.0,455,1,0.4564
2026-09-29,2026-10-09,C,332.5,1,0,0.4442
2026-09-29,2026-10-09,C,335.0,51,3,0.4356
2026-09-29,2026-10-09,C,337.5,27,5,0.4268
2026-09-29,2026-10-09,C,340.0,433,38,0.4175
2026-09-29,2026-10-09,C,342.5,43,1,0.4123
2026-09-29,2026-10-09,C,345.0,261,60,0.4081
2026-09-29,2026-10-09,C,347.5,178,75,0.4044
2026-09-29,2026-10-09,C,350.0,2946,547,0.3654
2026-09-29,2026-10-09,C,352.5,385,271,0.3731
2026-09-29,2026-10-09,C,355.0,1358,2561,0.368
2026-09-29,2026-10-09,C,357.5,453,1015,0.3586
2026-09-29,2026-10-09,C,360.0,1165,1381,0.3568
2026-09-29,2026-10-09,C,362.5,1507,784,0.3673
2026-09-29,2026-10-09,C,365.0,2325,993,0.3652
2026-09-29,2026-10-09,C,367.5,323,365,0.3585
2026-09-29,2026-10-09,C,370.0,1402,1034,0.3638
2026-09-29,2026-10-09,C,372.5,658,1911,0.3599
2026-09-29,2026-10-09,C,375.0,2605,992,0.3595
2026-09-29,2026-10-09,C,377.5,2069,198,0.3635
2026-09-29,2026-10-09,C,380.0,2223,929,0.3688
2026-09-29,2026-10-09,C,382.5,306,142,0.3865
2026-09-29,2026-10-09,C,385.0,709,243,0.3915
2026-09-29,2026-10-09,C,390.0,961,501,0.3811
2026-09-29,2026-10-09,C,395.0,537,283,0.3901
2026-09-29,2026-10-09,C,400.0,1743,761,0.3997
2026-09-29,2026-10-09,C,405.0,477,222,0.4541
2026-09-29,2026-10-09,P,305.0,156,113,0.4268
2026-09-29,2026-10-09,P,310.0,355,108,0.4058
2026-09-29,2026-10-09,P,315.0,1066,87,0.3838
2026-09-29,2026-10-09,P,320.0,2934,100,0.3909
2026-09-29,2026-10-09,P,325.0,1549,131,0.3613
2026-09-29,2026-10-09,P,330.0,1076,325,0.3789
2026-09-29,2026-10-09,P,332.5,154,61,0.3773
2026-09-29,2026-10-09,P,335.0,934,2311,0.3748
2026-09-29,2026-10-09,P,337.5,230,271,0.3624
2026-09-29,2026-10-09,P,340.0,1125,450,0.3533
2026-09-29,2026-10-09,P,342.5,473,590,0.3572
2026-09-29,2026-10-09,P,345.0,707,408,0.3467
2026-09-29,2026-10-09,P,347.5,261,97,0.361
2026-09-29,2026-10-09,P,350.0,768,421,0.3422
2026-09-29,2026-10-09,P,352.5,328,171,0.3526
2026-09-29,2026-10-09,P,355.0,752,261,0.3437
2026-09-29,2026-10-09,P,357.5,123,205,0.3403
2026-09-29,2026-10-09,P,360.0,418,234,0.363
2026-09-29,2026-10-09,P,362.5,70,159,0.3779
2026-09-29,2026-10-09,P,365.0,206,139,0.3938
2026-09-29,2026-10-09,P,367.5,84,81,0.4088
2026-09-29,2026-10-09,P,370.0,267,125,0.4119
2026-09-29,2026-10-09,P,372.5,18,33,0.4211
2026-09-29,2026-10-09,P,375.0,82,45,0.4277
2026-09-29,2026-10-09,P,377.5,31,20,0.437
2026-09-29,2026-10-09,P,380.0,110,58,0.4468
2026-09-29,2026-10-09,P,382.5,53,27,0.4164
2026-09-29,2026-10-09,P,385.0,44,6,0.4696
2026-09-29,2026-10-09,P,390.0,44,14,0.5067
2026-09-29,2026-10-09,P,395.0,29,1,0.5295
2026-09-29,2026-10-09,P,400.0,40,8,0.564
2026-09-29,2026-10-09,P,405.0,25,1,0.5919
2026-09-30,2026-10-02,C,300.0,78,1,1.5957
2026-09-30,2026-10-02,C,305.0,30,10,1.3213
2026-09-30,2026-10-02,C,310.0,24,2,1.3359
2026-09-30,2026-10-02,C,315.0,20,1,1.229
2026-09-30,2026-10-02,C,320.0,51,26,0.9971
2026-09-30,2026-10-02,C,322.5,11,3,0.8076
2026-09-30,2026-10-02,C,325.0,143,21,0.8696
2026-09-30,2026-10-02,C,327.5,37,22,0.6885
2026-09-30,2026-10-02,C,330.0,127,34,0.7061
2026-09-30,2026-10-02,C,332.5,5,5,0.5361
2026-09-30,2026-10-02,C,335.0,66,22,0.6392
2026-09-30,2026-10-02,C,337.5,119,43,0.5964
2026-09-30,2026-10-02,C,340.0,752,196,0.4336
2026-09-30,2026-10-02,C,342.5,193,928,0.4253
2026-09-30,2026-10-02,C,345.0,305,3180,0.4216
2026-09-30,2026-10-02,C,347.5,341,5214,0.4209
2026-09-30,2026-10-02,C,350.0,3020,15635,0.4233
2026-09-30,2026-10-02,C,352.5,867,4754,0.4287
2026-09-30,2026-10-02,C,355.0,2299,13540,0.4336
2026-09-30,2026-10-02,C,357.5,3716,13139,0.4453
2026-09-30,2026-10-02,C,360.0,4827,7128,0.4629
2026-09-30,2026-10-02,C,362.5,1954,4430,0.5
2026-09-30,2026-10-02,C,365.0,5096,3199,0.5195
2026-09-30,2026-10-02,C,367.5,1529,1020,0.5156
2026-09-30,2026-10-02,C,370.0,6480,2108,0.5781
2026-09-30,2026-10-02,C,372.5,1945,368,0.6094
2026-09-30,2026-10-02,C,375.0,2893,1910,0.6328
2026-09-30,2026-10-02,C,377.5,701,226,0.75
2026-09-30,2026-10-02,C,380.0,10418,929,0.6406
2026-09-30,2026-10-02,C,382.5,797,483,0.6875
2026-09-30,2026-10-02,C,385.0,1233,108,0.7188
2026-09-30,2026-10-02,C,387.5,1148,8,0.75
2026-09-30,2026-10-02,C,390.0,2831,1170,0.7813
2026-09-30,2026-10-02,C,392.5,417,4,0.8438
2026-09-30,2026-10-02,C,395.0,893,68,0.875
2026-09-30,2026-10-02,C,397.5,141,2,1.5762
2026-09-30,2026-10-02,C,400.0,4908,412,0.9375
2026-09-30,2026-10-02,C,402.5,777,35,0.9688
2026-09-30,2026-10-02,P,300.0,487,77,0.9961
2026-09-30,2026-10-02,P,302.5,37,6,1.1895
2026-09-30,2026-10-02,P,305.0,389,4,0.9531
2026-09-30,2026-10-02,P,307.5,106,4,0.8359
2026-09-30,2026-10-02,P,310.0,973,28,0.7813
2026-09-30,2026-10-02,P,312.5,16,7,0.7891
2026-09-30,2026-10-02,P,315.0,787,24,0.6992
2026-09-30,2026-10-02,P,317.5,194,25,0.6406
2026-09-30,2026-10-02,P,320.0,1038,433,0.5742
2026-09-30,2026-10-02,P,322.5,310,38,0.5313
2026-09-30,2026-10-02,P,325.0,1717,268,0.5234
2026-09-30,2026-10-02,P,327.5,473,303,0.4707
2026-09-30,2026-10-02,P,330.0,3671,890,0.4453
2026-09-30,2026-10-02,P,332.5,2428,1422,0.4121
2026-09-30,2026-10-02,P,335.0,3547,3287,0.3892
2026-09-30,2026-10-02,P,337.5,1093,1994,0.3818
2026-09-30,2026-10-02,P,340.0,4168,5936,0.3779
2026-09-30,2026-10-02,P,342.5,894,4092,0.3814
2026-09-30,2026-10-02,P,345.0,2510,5169,0.3919
2026-09-30,2026-10-02,P,347.5,2654,3878,0.4053
2026-09-30,2026-10-02,P,350.0,4903,2629,0.4155
2026-09-30,2026-10-02,P,352.5,883,560,0.4868
2026-09-30,2026-10-02,P,355.0,1610,685,0.5205
2026-09-30,2026-10-02,P,357.5,438,153,0.501
2026-09-30,2026-10-02,P,360.0,2001,233,0.5
2026-09-30,2026-10-02,P,362.5,283,144,0.6685
2026-09-30,2026-10-02,P,365.0,395,83,0.6836
2026-09-30,2026-10-02,P,367.5,132,182,0.9722
2026-09-30,2026-10-02,P,370.0,400,711,1.043
2026-09-30,2026-10-02,P,372.5,62,76,0.8467
2026-09-30,2026-10-02,P,375.0,408,914,1.3115
2026-09-30,2026-10-02,P,377.5,37,69,1.4277
2026-09-30,2026-10-02,P,380.0,187,8,1.499
2026-09-30,2026-10-02,P,382.5,56,42,1.5684
2026-09-30,2026-10-02,P,385.0,79,106,1.6367
2026-09-30,2026-10-02,P,387.5,13,6,1.7041
2026-09-30,2026-10-02,P,390.0,0,126,1.7871
2026-09-30,2026-10-02,P,392.5,0,3,1.688
2026-09-30,2026-10-02,P,395.0,2,10,1.8823
2026-09-30,2026-10-02,P,397.5,0,1,1.9629
2026-09-30,2026-10-02,P,400.0,0,1,1.8467
2026-09-30,2026-10-05,C,317.5,8,0,0.5093
2026-09-30,2026-10-05,C,320.0,20,2,0.6975
2026-09-30,2026-10-05,C,322.5,2,1,0.6522
2026-09-30,2026-10-05,C,325.0,2,4,0.6058
2026-09-30,2026-10-05,C,330.0,6,107,0.4846
2026-09-30,2026-10-05,C,332.5,1,1,0.453
2026-09-30,2026-10-05,C,335.0,16,5,0.4165
2026-09-30,2026-10-05,C,337.5,1,50,0.3187
2026-09-30,2026-10-05,C,340.0,74,167,0.3482
2026-09-30,2026-10-05,C,342.5,594,250,0.3041
2026-09-30,2026-10-05,C,345.0,36,507,0.3023
2026-09-30,2026-10-05,C,347.5,113,752,0.3147
2026-09-30,2026-10-05,C,350.0,274,1435,0.2979
2026-09-30,2026-10-05,C,352.5,133,1113,0.3197
2026-09-30,2026-10-05,C,355.0,287,1722,0.3008
2026-09-30,2026-10-05,C,357.5,161,935,0.3123
2026-09-30,2026-10-05,C,360.0,691,1215,0.3159
2026-09-30,2026-10-05,C,362.5,718,830,0.3203
2026-09-30,2026-10-05,C,365.0,712,864,0.3389
2026-09-30,2026-10-05,C,367.5,476,321,0.4155
2026-09-30,2026-10-05,C,370.0,565,1830,0.3662
2026-09-30,2026-10-05,C,372.5,108,65,0.3838
2026-09-30,2026-10-05,C,375.0,292,119,0.4053
2026-09-30,2026-10-05,C,377.5,203,59,0.5122
2026-09-30,2026-10-05,C,380.0,434,145,0.4356
2026-09-30,2026-10-05,C,382.5,178,17,0.4522
2026-09-30,2026-10-05,C,385.0,193,19,0.4766
2026-09-30,2026-10-05,C,387.5,90,2,0.5547
2026-09-30,2026-10-05,C,390.0,160,22,0.5713
2026-09-30,2026-10-05,C,392.5,5,1,0.5
2026-09-30,2026-10-05,C,395.0,60,2,0.5762
2026-09-30,2026-10-05,C,397.5,23,1,0.584
2026-09-30,2026-10-05,C,400.0,349,16,0.6113
2026-09-30,2026-10-05,C,402.5,38,7,0.627
2026-09-30,2026-10-05,P,300.0,6,4,0.7651
2026-09-30,2026-10-05,P,305.0,54,9,0.5215
2026-09-30,2026-10-05,P,310.0,65,9,0.4434
2026-09-30,2026-10-05,P,315.0,48,117,0.4092
2026-09-30,2026-10-05,P,317.5,77,152,0.4561
2026-09-30,2026-10-05,P,320.0,149,7,0.4165
2026-09-30,2026-10-05,P,322.5,172,265,0.3823
2026-09-30,2026-10-05,P,325.0,82,183,0.3223
2026-09-30,2026-10-05,P,327.5,53,114,0.3389
2026-09-30,2026-10-05,P,330.0,180,369,0.3013
2026-09-30,2026-10-05,P,332.5,197,840,0.292
2026-09-30,2026-10-05,P,335.0,485,694,0.2974
2026-09-30,2026-10-05,P,337.5,135,740,0.2857
2026-09-30,2026-10-05,P,340.0,403,2531,0.2854
2026-09-30,2026-10-05,P,342.5,259,495,0.2893
2026-09-30,2026-10-05,P,345.0,638,1197,0.2946
2026-09-30,2026-10-05,P,347.5,298,381,0.3125
2026-09-30,2026-10-05,P,350.0,317,206,0.3206
2026-09-30,2026-10-05,P,352.5,262,199,0.3502
2026-09-30,2026-10-05,P,355.0,288,161,0.3724
2026-09-30,2026-10-05,P,357.5,102,117,0.4138
2026-09-30,2026-10-05,P,360.0,167,35,0.3596
2026-09-30,2026-10-05,P,362.5,141,20,0.478
2026-09-30,2026-10-05,P,365.0,232,2,0.5186
2026-09-30,2026-10-05,P,367.5,51,4,0.5447
2026-09-30,2026-10-05,P,370.0,31,3,0.6162
2026-09-30,2026-10-05,P,375.0,15,3,0.6777
2026-09-30,2026-10-05,P,377.5,5,5,0.7139
2026-09-30,2026-10-05,P,380.0,3,2,0.7495
2026-09-30,2026-10-05,P,382.5,3,3,0.7522
2026-09-30,2026-10-05,P,385.0,6,6,0.8184
2026-09-30,2026-10-05,P,390.0,6,3,0.877
2026-09-30,2026-10-05,P,395.0,1,1,0.95
2026-09-30,2026-10-05,P,400.0,0,10,1.0127
2026-09-30,2026-10-07,C,335.0,2,1,0.4323
2026-09-30,2026-10-07,C,345.0,5,175,0.3496
2026-09-30,2026-10-07,C,347.5,7,409,0.3967
2026-09-30,2026-10-07,C,350.0,50,499,0.3475
2026-09-30,2026-10-07,C,352.5,49,309,0.3449
2026-09-30,2026-10-07,C,355.0,69,457,0.3422
2026-09-30,2026-10-07,C,357.5,49,781,0.3815
2026-09-30,2026-10-07,C,360.0,134,549,0.3474
2026-09-30,2026-10-07,C,362.5,99,177,0.4415
2026-09-30,2026-10-07,C,365.0,133,228,0.3977
2026-09-30,2026-10-07,C,370.0,636,356,0.3711
2026-09-30,2026-10-07,C,372.5,63,84,0.4641
2026-09-30,2026-10-07,C,375.0,207,243,0.3892
2026-09-30,2026-10-07,C,380.0,104,34,0.523
2026-09-30,2026-10-07,C,385.0,15,6,0.5083
2026-09-30,2026-10-07,C,390.0,98,27,0.5039
2026-09-30,2026-10-07,P,315.0,20,49,0.4072
2026-09-30,2026-10-07,P,320.0,26,41,0.3569
2026-09-30,2026-10-07,P,325.0,24,157,0.3787
2026-09-30,2026-10-07,P,327.5,20,98,0.354
2026-09-30,2026-10-07,P,330.0,52,312,0.3412
2026-09-30,2026-10-07,P,332.5,25,272,0.3383
2026-09-30,2026-10-07,P,335.0,57,216,0.3489
2026-09-30,2026-10-07,P,340.0,225,924,0.3429
2026-09-30,2026-10-07,P,345.0,53,139,0.3291
2026-09-30,2026-10-07,P,350.0,101,306,0.3347
2026-09-30,2026-10-07,P,352.5,82,195,0.3834
2026-09-30,2026-10-07,P,355.0,60,121,0.3782
2026-09-30,2026-10-07,P,357.5,23,36,0.405
2026-09-30,2026-10-07,P,360.0,32,32,0.3318
2026-09-30,2026-10-07,P,365.0,19,3,0.4758
2026-09-30,2026-10-07,P,370.0,7,11,0.4978
2026-09-30,2026-10-07,P,375.0,8,10,0.5476
2026-09-30,2026-10-07,P,380.0,10,0,0.573
2026-09-30,2026-10-07,P,385.0,32,5,0.6873
2026-09-30,2026-10-09,C,300.0,39,3,0.6089
2026-09-30,2026-10-09,C,305.0,14,2,0.5459
2026-09-30,2026-10-09,C,310.0,15,2,0.501
2026-09-30,2026-10-09,C,315.0,34,128,0.5459
2026-09-30,2026-10-09,C,320.0,28,102,0.563
2026-09-30,2026-10-09,C,325.0,39,15,0.4716
2026-09-30,2026-10-09,C,330.0,456,11,0.4485
2026-09-30,2026-10-09,C,332.5,6,20,0.4369
2026-09-30,2026-10-09,C,335.0,52,16,0.4264
2026-09-30,2026-10-09,C,337.5,27,23,0.4268
2026-09-30,2026-10-09,C,340.0,426,220,0.3634
2026-09-30,2026-10-09,C,342.5,66,136,0.3932
2026-09-30,2026-10-09,C,345.0,338,613,0.3545
2026-09-30,2026-10-09,C,347.5,224,747,0.3561
2026-09-30,2026-10-09,C,350.0,2907,1607,0.3535
2026-09-30,2026-10-09,C,352.5,498,442,0.371
2026-09-30,2026-10-09,C,355.0,3284,917,0.3666
2026-09-30,2026-10-09,C,357.5,649,165,0.3558
2026-09-30,2026-10-09,C,360.0,1587,1075,0.3586
2026-09-30,2026-10-09,C,362.5,1778,409,0.3616
2026-09-30,2026-10-09,C,365.0,2787,984,0.363
2026-09-30,2026-10-09,C,367.5,373,429,0.3744
2026-09-30,2026-10-09,C,370.0,1723,1174,0.3748
2026-09-30,2026-10-09,C,372.5,1099,1585,0.3921
2026-09-30,2026-10-09,C,375.0,2896,696,0.4002
2026-09-30,2026-10-09,C,377.5,2150,168,0.3965
2026-09-30,2026-10-09,C,380.0,2506,472,0.4053
2026-09-30,2026-10-09,C,382.5,353,57,0.4565
2026-09-30,2026-10-09,C,385.0,803,690,0.4316
2026-09-30,2026-10-09,C,390.0,1037,248,0.4556
2026-09-30,2026-10-09,C,395.0,499,87,0.4775
2026-09-30,2026-10-09,C,400.0,1871,510,0.4873
2026-09-30,2026-10-09,P,300.0,356,327,0.4297
2026-09-30,2026-10-09,P,305.0,378,37,0.4014
2026-09-30,2026-10-09,P,310.0,493,806,0.3794
2026-09-30,2026-10-09,P,315.0,1237,100,0.3682
2026-09-30,2026-10-09,P,320.0,2902,623,0.3608
2026-09-30,2026-10-09,P,325.0,2050,414,0.3486
2026-09-30,2026-10-09,P,330.0,1436,891,0.3407
2026-09-30,2026-10-09,P,332.5,193,3024,0.3417
2026-09-30,2026-10-09,P,335.0,2788,776,0.3374
2026-09-30,2026-10-09,P,337.5,758,839,0.3557
2026-09-30,2026-10-09,P,340.0,1330,2244,0.3377
2026-09-30,2026-10-09,P,342.5,917,1297,0.3384
2026-09-30,2026-10-09,P,345.0,799,749,0.3392
2026-09-30,2026-10-09,P,347.5,320,626,0.3381
2026-09-30,2026-10-09,P,350.0,860,834,0.34
2026-09-30,2026-10-09,P,352.5,2395,179,0.3459
2026-09-30,2026-10-09,P,355.0,1157,468,0.3484
2026-09-30,2026-10-09,P,357.5,779,281,0.3793
2026-09-30,2026-10-09,P,360.0,506,222,0.3849
2026-09-30,2026-10-09,P,362.5,142,10,0.3665
2026-09-30,2026-10-09,P,365.0,254,47,0.4121
2026-09-30,2026-10-09,P,367.5,192,28,0.4497
2026-09-30,2026-10-09,P,370.0,441,94,0.4789
2026-09-30,2026-10-09,P,372.5,35,10,0.4901
2026-09-30,2026-10-09,P,375.0,91,318,0.4639
2026-09-30,2026-10-09,P,377.5,45,2,0.51
2026-09-30,2026-10-09,P,380.0,108,25,0.5247
2026-09-30,2026-10-09,P,382.5,60,5,0.5435
2026-09-30,2026-10-09,P,385.0,43,2,0.5952
2026-09-30,2026-10-09,P,390.0,51,5,0.6433
2026-09-30,2026-10-09,P,395.0,29,1,0.7012
2026-09-30,2026-10-09,P,400.0,40,4,0.7227
2026-10-02,2026-10-02,C,305.0,30,10,1.3926
2026-10-02,2026-10-02,C,310.0,23,2,1.0352
2026-10-02,2026-10-02,C,315.0,20,11,1.2285
2026-10-02,2026-10-02,C,320.0,50,17,1.4731
2026-10-02,2026-10-02,C,322.5,11,3,1.2158
2026-10-02,2026-10-02,C,325.0,160,34,1.2715
2026-10-02,2026-10-02,C,327.5,40,2,1.1543
2026-10-02,2026-10-02,C,330.0,106,76,0.9639
2026-10-02,2026-10-02,C,332.5,9,5,0.9404
2026-10-02,2026-10-02,C,335.0,69,16,0.6807
2026-10-02,2026-10-02,C,337.5,136,55,0.7461
2026-10-02,2026-10-02,C,340.0,831,158,0.5156
2026-10-02,2026-10-02,C,342.5,358,447,0.7793
2026-10-02,2026-10-02,C,345.0,1121,710,0.4844
2026-10-02,2026-10-02,C,347.5,1025,1394,0.5674
2026-10-02,2026-10-02,C,350.0,7240,10330,0.2627
2026-10-02,2026-10-02,C,352.5,1590,11318,0.1807
2026-10-02,2026-10-02,C,355.0,4772,39173,0.0967
2026-10-02,2026-10-02,C,357.5,7879,35692,0.0772
2026-10-02,2026-10-02,C,360.0,5239,19674,0.1172
2026-10-02,2026-10-02,C,362.5,3505,3492,0.168
2026-10-02,2026-10-02,C,365.0,4612,2601,0.2149
2026-10-02,2026-10-02,C,367.5,1783,1282,0.2617
2026-10-02,2026-10-02,C,370.0,6011,1436,0.3047
2026-10-02,2026-10-02,C,372.5,1937,213,0.3828
2026-10-02,2026-10-02,C,375.0,3127,1282,0.3984
2026-10-02,2026-10-02,C,377.5,629,49,0.4375
2026-10-02,2026-10-02,C,380.0,10001,770,0.4844
2026-10-02,2026-10-02,C,382.5,865,116,0.5234
2026-10-02,2026-10-02,C,385.0,1202,154,0.6758
2026-10-02,2026-10-02,C,387.5,1141,32,0.793
2026-10-02,2026-10-02,C,390.0,2823,89,0.5938
2026-10-02,2026-10-02,C,392.5,418,24,0.6406
2026-10-02,2026-10-02,C,395.0,923,126,0.6719
2026-10-02,2026-10-02,C,397.5,141,2,1.2793
2026-10-02,2026-10-02,C,400.0,4875,63,0.75
2026-10-02,2026-10-02,C,402.5,796,12,1.0195
2026-10-02,2026-10-02,C,405.0,1471,77,0.8125
2026-10-02,2026-10-02,C,407.5,36,1,1.0703
2026-10-02,2026-10-02,P,302.5,37,3,1.4219
2026-10-02,2026-10-02,P,305.0,385,19,0.9375
2026-10-02,2026-10-02,P,307.5,106,4,0.9063
2026-10-02,2026-10-02,P,310.0,979,28,0.9063
2026-10-02,2026-10-02,P,312.5,16,7,0.9453
2026-10-02,2026-10-02,P,315.0,786,42,0.9883
2026-10-02,2026-10-02,P,317.5,200,2,0.8711
2026-10-02,2026-10-02,P,320.0,996,110,0.6719
2026-10-02,2026-10-02,P,322.5,309,64,0.625
2026-10-02,2026-10-02,P,325.0,1748,118,0.5781
2026-10-02,2026-10-02,P,327.5,571,83,0.5313
2026-10-02,2026-10-02,P,330.0,3735,322,0.5156
2026-10-02,2026-10-02,P,332.5,3175,285,0.4688
2026-10-02,2026-10-02,P,335.0,4727,903,0.4219
2026-10-02,2026-10-02,P,337.5,1880,856,0.375
2026-10-02,2026-10-02,P,340.0,5299,1923,0.4551
2026-10-02,2026-10-02,P,342.5,1695,1006,0.2734
2026-10-02,2026-10-02,P,345.0,3162,3127,0.2461
2026-10-02,2026-10-02,P,347.5,3189,3315,0.1758
2026-10-02,2026-10-02,P,350.0,4840,43877,0.125
2026-10-02,2026-10-02,P,352.5,677,13171,0.0781
2026-10-02,2026-10-02,P,355.0,1421,18701,0.0806
2026-10-02,2026-10-02,P,357.5,268,2118,0.1804
2026-10-02,2026-10-02,P,360.0,193,377,0.3877
2026-10-02,2026-10-02,P,362.5,6,45,0.4868
2026-10-02,2026-10-02,P,365.0,23,27,0.5793
2026-10-02,2026-10-02,P,367.5,0,4,0.6665
2026-10-02,2026-10-02,P,370.0,8,3,0.501
2026-10-02,2026-10-02,P,372.5,0,76,0.5869
2026-10-02,2026-10-02,P,375.0,56,1,0.7134
2026-10-02,2026-10-02,P,377.5,0,69,0.7471
2026-10-02,2026-10-02,P,380.0,3,1,1.0576
2026-10-02,2026-10-02,P,382.5,0,42,0.707
2026-10-02,2026-10-02,P,385.0,0,106,0.9668
2026-10-02,2026-10-02,P,387.5,0,6,0.7813
2026-10-02,2026-10-02,P,390.0,0,126,0.6719
2026-10-02,2026-10-02,P,392.5,0,3,0.9844
2026-10-02,2026-10-02,P,395.0,0,10,1.0566
2026-10-02,2026-10-02,P,397.5,0,1,0.9336
2026-10-02,2026-10-02,P,400.0,0,1,0.9766
2026-10-02,2026-10-02,P,405.0,0,10,1.3008
2026-10-02,2026-10-05,C,317.5,8,0,0.8696
2026-10-02,2026-10-05,C,320.0,20,2,0.5361
2026-10-02,2026-10-05,C,322.5,3,1,0.7578
2026-10-02,2026-10-05,C,325.0,1,4,0.7344
2026-10-02,2026-10-05,C,330.0,56,53,0.6799
2026-10-02,2026-10-05,C,332.5,2,3,0.5386
2026-10-02,2026-10-05,C,335.0,16,3,0.501
2026-10-02,2026-10-05,C,337.5,29,14,0.5347
2026-10-02,2026-10-05,C,340.0,194,36,0.3325
2026-10-02,2026-10-05,C,342.5,652,154,0.4048
2026-10-02,2026-10-05,C,345.0,202,313,0.2783
2026-10-02,2026-10-05,C,347.5,146,392,0.3513
2026-10-02,2026-10-05,C,350.0,544,1236,0.2612
2026-10-02,2026-10-05,C,352.5,383,2453,0.2632
2026-10-02,2026-10-05,C,355.0,642,6180,0.2144
2026-10-02,2026-10-05,C,357.5,497,3856,0.2109
2026-10-02,2026-10-05,C,360.0,978,5851,0.2111
2026-10-02,2026-10-05,C,362.5,579,1846,0.2125
2026-10-02,2026-10-05,C,365.0,744,3353,0.2166
2026-10-02,2026-10-05,C,367.5,627,892,0.2273
2026-10-02,2026-10-05,C,370.0,1793,1221,0.2329
2026-10-02,2026-10-05,C,372.5,132,540,0.251
2026-10-02,2026-10-05,C,375.0,274,846,0.2671
2026-10-02,2026-10-05,C,377.5,251,307,0.2783
2026-10-02,2026-10-05,C,380.0,490,522,0.2813
2026-10-02,2026-10-05,C,382.5,184,2,0.3223
2026-10-02,2026-10-05,C,385.0,205,8,0.3662
2026-10-02,2026-10-05,C,387.5,90,35,0.4541
2026-10-02,2026-10-05,C,390.0,166,41,0.3203
2026-10-02,2026-10-05,C,392.5,5,4,0.3438
2026-10-02,2026-10-05,C,395.0,60,3,0.3594
2026-10-02,2026-10-05,C,397.5,24,33,0.5059
2026-10-02,2026-10-05,C,400.0,354,81,0.3984
2026-10-02,2026-10-05,C,402.5,43,13,0.4141
2026-10-02,2026-10-05,C,405.0,21,22,0.4375
2026-10-02,2026-10-05,C,407.5,20,2,0.5957
2026-10-02,2026-10-05,P,305.0,55,9,0.8315
2026-10-02,2026-10-05,P,310.0,67,9,0.5254
2026-10-02,2026-10-05,P,315.0,158,14,0.4063
2026-10-02,2026-10-05,P,317.5,212,50,0.3828
2026-10-02,2026-10-05,P,320.0,156,74,0.5078
2026-10-02,2026-10-05,P,322.5,362,31,0.4502
2026-10-02,2026-10-05,P,325.0,162,121,0.4082
2026-10-02,2026-10-05,P,327.5,103,27,0.3887
2026-10-02,2026-10-05,P,330.0,375,354,0.3623
2026-10-02,2026-10-05,P,332.5,725,135,0.3115
2026-10-02,2026-10-05,P,335.0,680,622,0.2764
2026-10-02,2026-10-05,P,337.5,379,356,0.2666
2026-10-02,2026-10-05,P,340.0,1321,1564,0.2471
2026-10-02,2026-10-05,P,342.5,259,1335,0.2356
2026-10-02,2026-10-05,P,345.0,564,2178,0.2212
2026-10-02,2026-10-05,P,347.5,334,1528,0.2127
2026-10-02,2026-10-05,P,350.0,327,3214,0.2102
2026-10-02,2026-10-05,P,352.5,285,2154,0.2092
2026-10-02,2026-10-05,P,355.0,306,3679,0.2103
2026-10-02,2026-10-05,P,357.5,153,663,0.2139
2026-10-02,2026-10-05,P,360.0,187,278,0.2223
2026-10-02,2026-10-05,P,362.5,144,60,0.3162
2026-10-02,2026-10-05,P,365.0,234,35,0.2524
2026-10-02,2026-10-05,P,367.5,52,59,0.3593
2026-10-02,2026-10-05,P,370.0,1,6,0.3919
2026-10-02,2026-10-05,P,375.0,0,28,0.5396
2026-10-02,2026-10-05,P,377.5,0,1,0.5237
2026-10-02,2026-10-05,P,380.0,0,2,0.5803
2026-10-02,2026-10-05,P,382.5,0,3,0.5649
2026-10-02,2026-10-05,P,385.0,0,6,0.6985
2026-10-02,2026-10-05,P,390.0,0,3,0.6682
2026-10-02,2026-10-05,P,395.0,0,1,0.5801
2026-10-02,2026-10-05,P,400.0,0,10,0.5273
2026-10-02,2026-10-05,P,405.0,0,2,0.6699
2026-10-02,2026-10-07,C,335.0,2,50,0.5112
2026-10-02,2026-10-07,C,345.0,50,183,0.3535
2026-10-02,2026-10-07,C,347.5,237,329,0.3416
2026-10-02,2026-10-07,C,350.0,200,344,0.361
2026-10-02,2026-10-07,C,352.5,162,786,0.2915
2026-10-02,2026-10-07,C,355.0,232,1052,0.3265
2026-10-02,2026-10-07,C,357.5,195,674,0.2878
2026-10-02,2026-10-07,C,360.0,301,1254,0.2886
2026-10-02,2026-10-07,C,362.5,165,1027,0.2874
2026-10-02,2026-10-07,C,365.0,150,780,0.2888
2026-10-02,2026-10-07,C,370.0,732,1125,0.294
2026-10-02,2026-10-07,C,372.5,130,191,0.3032
2026-10-02,2026-10-07,C,375.0,406,247,0.3018
2026-10-02,2026-10-07,C,380.0,103,156,0.3931
2026-10-02,2026-10-07,C,385.0,13,31,0.3452
2026-10-02,2026-10-07,C,390.0,124,289,0.3535
2026-10-02,2026-10-07,C,405.0,8,2,0.5425
2026-10-02,2026-10-07,P,315.0,56,17,0.3945
2026-10-02,2026-10-07,P,320.0,54,4,0.3828
2026-10-02,2026-10-07,P,325.0,166,91,0.4155
2026-10-02,2026-10-07,P,327.5,99,23,0.3423
2026-10-02,2026-10-07,P,330.0,306,395,0.332
2026-10-02,2026-10-07,P,332.5,166,88,0.3711
2026-10-02,2026-10-07,P,335.0,172,302,0.3442
2026-10-02,2026-10-07,P,340.0,689,280,0.3186
2026-10-02,2026-10-07,P,345.0,118,551,0.2883
2026-10-02,2026-10-07,P,350.0,208,2190,0.2897
2026-10-02,2026-10-07,P,352.5,130,318,0.2769
2026-10-02,2026-10-07,P,355.0,71,467,0.2792
2026-10-02,2026-10-07,P,357.5,25,493,0.3402
2026-10-02,2026-10-07,P,360.0,54,255,0.2851
2026-10-02,2026-10-07,P,365.0,18,80,0.3408
2026-10-02,2026-10-07,P,370.0,12,11,0.4258
2026-10-02,2026-10-07,P,375.0,8,12,0.4656
2026-10-02,2026-10-07,P,380.0,0,10,0.5162
2026-10-02,2026-10-07,P,385.0,0,5,0.5017
2026-10-02,2026-10-07,P,405.0,0,2,0.7817
2026-10-02,2026-10-09,C,305.0,13,2,0.5469
2026-10-02,2026-10-09,C,310.0,15,2,0.7441
2026-10-02,2026-10-09,C,315.0,44,1,0.6238
2026-10-02,2026-10-09,C,320.0,35,7,0.6323
2026-10-02,2026-10-09,C,325.0,39,104,0.5474
2026-10-02,2026-10-09,C,330.0,461,47,0.5133
2026-10-02,2026-10-09,C,332.5,26,20,0.5115
2026-10-02,2026-10-09,C,335.0,65,17,0.3928
2026-10-02,2026-10-09,C,337.5,40,14,0.4069
2026-10-02,2026-10-09,C,340.0,427,133,0.3533
2026-10-02,2026-10-09,C,342.5,126,45,0.3391
2026-10-02,2026-10-09,C,345.0,574,347,0.3552
2026-10-02,2026-10-09,C,347.5,555,333,0.3572
2026-10-02,2026-10-09,C,350.0,3056,1520,0.3227
2026-10-02,2026-10-09,C,352.5,747,942,0.3205
2026-10-02,2026-10-09,C,355.0,3501,1799,0.3567
2026-10-02,2026-10-09,C,357.5,682,2485,0.3118
2026-10-02,2026-10-09,C,360.0,1757,3719,0.3124
2026-10-02,2026-10-09,C,362.5,1887,1107,0.3134
2026-10-02,2026-10-09,C,365.0,3063,4586,0.3128
2026-10-02,2026-10-09,C,367.5,620,677,0.3234
2026-10-02,2026-10-09,C,370.0,1903,10365,0.3134
2026-10-02,2026-10-09,C,372.5,1134,1015,0.3173
2026-10-02,2026-10-09,C,375.0,2942,2255,0.3176
2026-10-02,2026-10-09,C,377.5,2184,284,0.3232
2026-10-02,2026-10-09,C,380.0,2591,1465,0.3276
2026-10-02,2026-10-09,C,382.5,360,94,0.335
2026-10-02,2026-10-09,C,385.0,1128,463,0.3386
2026-10-02,2026-10-09,C,390.0,1100,1519,0.3521
2026-10-02,2026-10-09,C,395.0,499,827,0.3721
2026-10-02,2026-10-09,C,400.0,1900,790,0.3838
2026-10-02,2026-10-09,C,405.0,466,94,0.4033
2026-10-02,2026-10-09,P,305.0,382,51,0.4609
2026-10-02,2026-10-09,P,310.0,1134,130,0.4043
2026-10-02,2026-10-09,P,315.0,1267,448,0.3887
2026-10-02,2026-10-09,P,320.0,3188,1046,0.3662
2026-10-02,2026-10-09,P,325.0,2163,389,0.345
2026-10-02,2026-10-09,P,330.0,1646,530,0.3306
2026-10-02,2026-10-09,P,332.5,2514,604,0.324
2026-10-02,2026-10-09,P,335.0,3021,781,0.3181
2026-10-02,2026-10-09,P,337.5,1080,868,0.3147
2026-10-02,2026-10-09,P,340.0,2701,1009,0.3091
2026-10-02,2026-10-09,P,342.5,1547,535,0.3068
2026-10-02,2026-10-09,P,345.0,1279,1798,0.3045
2026-10-02,2026-10-09,P,347.5,740,979,0.3117
2026-10-02,2026-10-09,P,350.0,1061,1846,0.302
2026-10-02,2026-10-09,P,352.5,2450,587,0.3007
2026-10-02,2026-10-09,P,355.0,1393,1308,0.299
2026-10-02,2026-10-09,P,357.5,848,404,0.3018
2026-10-02,2026-10-09,P,360.0,582,445,0.302
2026-10-02,2026-10-09,P,362.5,145,147,0.3541
2026-10-02,2026-10-09,P,365.0,262,97,0.3561
2026-10-02,2026-10-09,P,367.5,185,31,0.3605
2026-10-02,2026-10-09,P,370.0,503,20,0.381
2026-10-02,2026-10-09,P,372.5,35,1,0.4019
2026-10-02,2026-10-09,P,375.0,393,15,0.4032
2026-10-02,2026-10-09,P,377.5,46,10,0.4404
2026-10-02,2026-10-09,P,380.0,125,40,0.4661
2026-10-02,2026-10-09,P,382.5,61,10,0.471
2026-10-02,2026-10-09,P,385.0,43,3,0.4982
2026-10-02,2026-10-09,P,390.0,0,50,0.5374
2026-10-02,2026-10-09,P,395.0,0,1,0.6016
2026-10-02,2026-10-09,P,400.0,0,7,0.5237
2026-10-02,2026-10-09,P,405.0,0,1,0.6609
2026-10-02,2026-10-16,C,305.0,11,2,0.6311
2026-10-02,2026-10-16,C,310.0,309,4,0.5353
2026-10-02,2026-10-16,C,320.0,227,54,0.4548
2026-10-02,2026-10-16,C,325.0,47,27,0.4861
2026-10-02,2026-10-16,C,330.0,1453,46,0.424
2026-10-02,2026-10-16,C,332.5,11,2,0.4091
2026-10-02,2026-10-16,C,335.0,55,10,0.3999
2026-10-02,2026-10-16,C,337.5,197,6,0.3973
2026-10-02,2026-10-16,C,340.0,2464,154,0.3605
2026-10-02,2026-10-16,C,342.5,289,93,0.356
2026-10-02,2026-10-16,C,345.0,369,335,0.3522
2026-10-02,2026-10-16,C,347.5,451,305,0.349
2026-10-02,2026-10-16,C,350.0,4063,1493,0.3425
2026-10-02,2026-10-16,C,352.5,467,543,0.3433
2026-10-02,2026-10-16,C,355.0,714,1473,0.3406
2026-10-02,2026-10-16,C,357.5,703,190,0.3396
2026-10-02,2026-10-16,C,360.0,7074,4250,0.3386
2026-10-02,2026-10-16,C,362.5,1901,321,0.3375
2026-10-02,2026-10-16,C,365.0,1675,1301,0.3366
2026-10-02,2026-10-16,C,367.5,243,168,0.3361
2026-10-02,2026-10-16,C,370.0,11150,5826,0.3359
2026-10-02,2026-10-16,C,372.5,604,203,0.3367
2026-10-02,2026-10-16,C,375.0,1037,1812,0.3363
2026-10-02,2026-10-16,C,377.5,213,209,0.3364
2026-10-02,2026-10-16,C,380.0,12214,7496,0.3366
2026-10-02,2026-10-16,C,382.5,227,350,0.3445
2026-10-02,2026-10-16,C,385.0,876,459,0.3436
2026-10-02,2026-10-16,C,390.0,5274,1025,0.3482
2026-10-02,2026-10-16,C,395.0,860,344,0.356
2026-10-02,2026-10-16,C,400.0,18205,2521,0.3643
2026-10-02,2026-10-16,C,405.0,419,117,0.3762
2026-10-02,2026-10-16,P,305.0,414,118,0.4194
2026-10-02,2026-10-16,P,310.0,9096,275,0.3804
2026-10-02,2026-10-16,P,315.0,696,85,0.3667
2026-10-02,2026-10-16,P,320.0,9984,1639,0.355
2026-10-02,2026-10-16,P,325.0,1168,378,0.3445
2026-10-02,2026-10-16,P,330.0,9462,981,0.3367
2026-10-02,2026-10-16,P,332.5,311,66,0.3334
2026-10-02,2026-10-16,P,335.0,1692,390,0.3308
2026-10-02,2026-10-16,P,337.5,860,162,0.3283
2026-10-02,2026-10-16,P,340.0,9702,1021,0.3254
2026-10-02,2026-10-16,P,342.5,317,99,0.3272
2026-10-02,2026-10-16,P,345.0,1080,414,0.3229
2026-10-02,2026-10-16,P,347.5,738,116,0.3228
2026-10-02,2026-10-16,P,350.0,8729,1006,0.3225
2026-10-02,2026-10-16,P,352.5,419,204,0.3237
2026-10-02,2026-10-16,P,355.0,2234,628,0.3194
2026-10-02,2026-10-16,P,357.5,242,98,0.3253
2026-10-02,2026-10-16,P,360.0,3849,463,0.3206
2026-10-02,2026-10-16,P,362.5,213,102,0.3192
2026-10-02,2026-10-16,P,365.0,298,158,0.3195
2026-10-02,2026-10-16,P,367.5,158,80,0.3607
2026-10-02,2026-10-16,P,370.0,4843,214,0.3618
2026-10-02,2026-10-16,P,372.5,119,2,0.364
2026-10-02,2026-10-16,P,375.0,87,22,0.383
2026-10-02,2026-10-16,P,377.5,57,3,0.3781
2026-10-02,2026-10-16,P,380.0,4962,240,0.3641
2026-10-02,2026-10-16,P,382.5,29,5,0.3668
2026-10-02,2026-10-16,P,385.0,17,6,0.3816
2026-10-02,2026-10-16,P,390.0,2360,23,0.3959
2026-10-02,2026-10-16,P,395.0,15,20,0.4492
2026-10-02,2026-10-16,P,400.0,3049,14,0.4375
2026-10-02,2026-10-16,P,405.0,4,1,0.4983
2026-10-06,2026-10-07,C,320.0,13,4,1.1221
2026-10-06,2026-10-07,C,322.5,13,4,1.0762
2026-10-06,2026-10-07,C,325.0,9,6,1.084
2026-10-06,2026-10-07,C,327.5,9,9,0.9365
2026-10-06,2026-10-07,C,330.0,70,31,0.6406
2026-10-06,2026-10-07,C,332.5,11,11,0.832
2026-10-06,2026-10-07,C,335.0,11,2,0.7705
2026-10-06,2026-10-07,C,337.5,15,11,0.5391
2026-10-06,2026-10-07,C,340.0,32,17,0.5039
2026-10-06,2026-10-07,C,342.5,151,21,0.5273
2026-10-06,2026-10-07,C,345.0,152,6,0.9434
2026-10-06,2026-10-07,C,347.5,170,26,0.885
2026-10-06,2026-10-07,C,350.0,209,121,0.8262
2026-10-06,2026-10-07,C,352.5,491,40,0.625
2026-10-06,2026-10-07,C,355.0,511,78,0.7151
2026-10-06,2026-10-07,C,357.5,461,65,0.4966
2026-10-06,2026-10-07,C,360.0,796,325,0.4541
2026-10-06,2026-10-07,C,362.5,1119,835,0.4844
2026-10-06,2026-10-07,C,365.0,2726,1949,0.3926
2026-10-06,2026-10-07,C,367.5,1242,3012,0.3889
2026-10-06,2026-10-07,C,370.0,2846,10409,0.3351
2026-10-06,2026-10-07,C,372.5,1691,7277,0.3264
2026-10-06,2026-10-07,C,375.0,1569,31215,0.323
2026-10-06,2026-10-07,C,377.5,721,21034,0.3184
2026-10-06,2026-10-07,C,380.0,740,28137,0.323
2026-10-06,2026-10-07,C,382.5,230,15253,0.3318
2026-10-06,2026-10-07,C,385.0,608,21394,0.3386
2026-10-06,2026-10-07,C,387.5,13,6248,0.3472
2026-10-06,2026-10-07,C,390.0,366,5759,0.3574
2026-10-06,2026-10-07,C,392.5,23,2240,0.3755
2026-10-06,2026-10-07,C,395.0,98,4020,0.3857
2026-10-06,2026-10-07,C,397.5,21,537,0.4014
2026-10-06,2026-10-07,C,400.0,135,4131,0.4131
2026-10-06,2026-10-07,C,405.0,36,3202,0.4434
2026-10-06,2026-10-07,C,410.0,39,438,0.5117
2026-10-06,2026-10-07,C,415.0,47,710,0.5078
2026-10-06,2026-10-07,C,420.0,2,826,0.5
2026-10-06,2026-10-07,C,425.0,15,339,0.5469
2026-10-06,2026-10-07,C,430.0,13,88,0.5938
2026-10-06,2026-10-07,P,320.0,56,52,1.0039
2026-10-06,2026-10-07,P,322.5,134,30,0.9766
2026-10-06,2026-10-07,P,325.0,251,5,0.6406
2026-10-06,2026-10-07,P,327.5,125,9,0.6094
2026-10-06,2026-10-07,P,330.0,667,155,0.5781
2026-10-06,2026-10-07,P,332.5,226,14,0.5469
2026-10-06,2026-10-07,P,335.0,229,63,0.5859
2026-10-06,2026-10-07,P,337.5,305,142,0.5156
2026-10-06,2026-10-07,P,340.0,834,117,0.5039
2026-10-06,2026-10-07,P,342.5,465,100,0.4844
2026-10-06,2026-10-07,P,345.0,435,290,0.5215
2026-10-06,2026-10-07,P,347.5,684,204,0.4375
2026-10-06,2026-10-07,P,350.0,2461,459,0.4736
2026-10-06,2026-10-07,P,352.5,1114,801,0.418
2026-10-06,2026-10-07,P,355.0,781,1330,0.3633
2026-10-06,2026-10-07,P,357.5,685,981,0.3457
2026-10-06,2026-10-07,P,360.0,1053,3141,0.3247
2026-10-06,2026-10-07,P,362.5,784,1994,0.3159
2026-10-06,2026-10-07,P,365.0,135,4350,0.3076
2026-10-06,2026-10-07,P,367.5,108,4924,0.3003
2026-10-06,2026-10-07,P,370.0,80,10401,0.2966
2026-10-06,2026-10-07,P,372.5,39,5062,0.2981
2026-10-06,2026-10-07,P,375.0,22,11480,0.304
2026-10-06,2026-10-07,P,380.0,10,2899,0.3149
2026-10-06,2026-10-07,P,382.5,19,549,0.3225
2026-10-06,2026-10-07,P,385.0,0,271,0.3867
2026-10-06,2026-10-07,P,390.0,0,92,0.5598
2026-10-06,2026-10-07,P,392.5,8,29,0.6043
2026-10-06,2026-10-07,P,405.0,0,2,0.814
2026-10-06,2026-10-09,C,320.0,27,7,0.8247
2026-10-06,2026-10-09,C,322.5,28,70,0.8345
2026-10-06,2026-10-09,C,325.0,26,93,0.7754
2026-10-06,2026-10-09,C,327.5,8,70,0.8311
2026-10-06,2026-10-09,C,330.0,489,57,0.6631
2026-10-06,2026-10-09,C,332.5,9,128,0.6104
2026-10-06,2026-10-09,C,335.0,78,3,0.6314
2026-10-06,2026-10-09,C,337.5,27,4,0.6318
2026-10-06,2026-10-09,C,340.0,410,48,0.5566
2026-10-06,2026-10-09,C,342.5,120,13,0.5161
2026-10-06,2026-10-09,C,345.0,408,42,0.5981
2026-10-06,2026-10-09,C,347.5,497,19,0.5674
2026-10-06,2026-10-09,C,350.0,2993,179,0.5283
2026-10-06,2026-10-09,C,352.5,672,109,0.5544
2026-10-06,2026-10-09,C,355.0,3520,361,0.5396
2026-10-06,2026-10-09,C,357.5,2524,156,0.4998
2026-10-06,2026-10-09,C,360.0,2172,1233,0.4236
2026-10-06,2026-10-09,C,362.5,2443,517,0.407
2026-10-06,2026-10-09,C,365.0,5719,3339,0.3887
2026-10-06,2026-10-09,C,367.5,977,1150,0.3829
2026-10-06,2026-10-09,C,370.0,4693,5722,0.3716
2026-10-06,2026-10-09,C,372.5,1975,1216,0.3676
2026-10-06,2026-10-09,C,375.0,5286,6050,0.3627
2026-10-06,2026-10-09,C,377.5,2527,1667,0.3627
2026-10-06,2026-10-09,C,380.0,4452,11149,0.3613
2026-10-06,2026-10-09,C,382.5,738,2197,0.3693
2026-10-06,2026-10-09,C,385.0,1605,7092,0.3677
2026-10-06,2026-10-09,C,387.5,355,7550,0.3889
2026-10-06,2026-10-09,C,390.0,2581,5954,0.3798
2026-10-06,2026-10-09,C,392.5,322,1294,0.3884
2026-10-06,2026-10-09,C,395.0,1741,3119,0.3943
2026-10-06,2026-10-09,C,397.5,128,1207,0.4021
2026-10-06,2026-10-09,C,400.0,2694,10612,0.4063
2026-10-06,2026-10-09,C,402.5,114,808,0.419
2026-10-06,2026-10-09,C,405.0,495,2183,0.4341
2026-10-06,2026-10-09,C,410.0,1048,6026,0.4556
2026-10-06,2026-10-09,C,415.0,430,351,0.4795
2026-10-06,2026-10-09,C,420.0,355,294,0.4961
2026-10-06,2026-10-09,C,425.0,343,168,0.5205
2026-10-06,2026-10-09,C,430.0,358,393,0.5098
2026-10-06,2026-10-09,P,320.0,3220,621,0.5
2026-10-06,2026-10-09,P,322.5,181,21,0.5508
2026-10-06,2026-10-09,P,325.0,2230,211,0.5156
2026-10-06,2026-10-09,P,327.5,429,38,0.5273
2026-10-06,2026-10-09,P,330.0,1727,727,0.502
2026-10-06,2026-10-09,P,332.5,2914,453,0.4883
2026-10-06,2026-10-09,P,335.0,3161,461,0.5195
2026-10-06,2026-10-09,P,337.5,961,567,0.502
2026-10-06,2026-10-09,P,340.0,3030,654,0.4356
2026-10-06,2026-10-09,P,342.5,1825,232,0.4268
2026-10-06,2026-10-09,P,345.0,2257,768,0.3975
2026-10-06,2026-10-09,P,347.5,1156,761,0.3877
2026-10-06,2026-10-09,P,350.0,2055,2184,0.3691
2026-10-06,2026-10-09,P,352.5,2865,772,0.3677
2026-10-06,2026-10-09,P,355.0,1644,1904,0.3594
2026-10-06,2026-10-09,P,357.5,1078,771,0.3787
2026-10-06,2026-10-09,P,360.0,861,1722,0.3423
2026-10-06,2026-10-09,P,362.5,240,1024,0.3381
2026-10-06,2026-10-09,P,365.0,392,1280,0.3364
2026-10-06,2026-10-09,P,367.5,186,1167,0.3361
2026-10-06,2026-10-09,P,370.0,494,3344,0.3414
2026-10-06,2026-10-09,P,372.5,126,2331,0.3452
2026-10-06,2026-10-09,P,375.0,408,3027,0.3378
2026-10-06,2026-10-09,P,377.5,70,1813,0.3378
2026-10-06,2026-10-09,P,380.0,107,1754,0.4081
2026-10-06,2026-10-09,P,382.5,59,187,0.3629
2026-10-06,2026-10-09,P,385.0,35,247,0.3561
2026-10-06,2026-10-09,P,387.5,5,84,0.3873
2026-10-06,2026-10-09,P,390.0,50,261,0.4143
2026-10-06,2026-10-09,P,392.5,0,43,0.4657
2026-10-06,2026-10-09,P,395.0,5,26,0.4718
2026-10-06,2026-10-09,P,400.0,0,16,0.481
2026-10-06,2026-10-09,P,405.0,0,2,0.6135
2026-10-06,2026-10-09,P,410.0,0,16,0.6624
2026-10-06,2026-10-09,P,415.0,0,3,0.7273
2026-10-06,2026-10-09,P,420.0,0,12,0.7749
2026-10-06,2026-10-09,P,425.0,0,72,0.8013
2026-10-06,2026-10-09,P,430.0,0,10,0.5039
2026-10-06,2026-10-12,C,320.0,20,2,0.6572
2026-10-06,2026-10-12,C,322.5,7,4,0.6792
2026-10-06,2026-10-12,C,325.0,9,90,0.656
2026-10-06,2026-10-12,C,327.5,3,60,0.5835
2026-10-06,2026-10-12,C,335.0,9,1,0.6572
2026-10-06,2026-10-12,C,337.5,30,62,0.6823
2026-10-06,2026-10-12,C,340.0,26,1,0.6245
2026-10-06,2026-10-12,C,342.5,27,3,0.6241
2026-10-06,2026-10-12,C,345.0,22,21,0.5944
2026-10-06,2026-10-12,C,347.5,10,1,0.5641
2026-10-06,2026-10-12,C,350.0,93,18,0.5171
2026-10-06,2026-10-12,C,352.5,135,66,0.4744
2026-10-06,2026-10-12,C,355.0,302,44,0.4547
2026-10-06,2026-10-12,C,357.5,83,39,0.3777
2026-10-06,2026-10-12,C,360.0,154,89,0.3753
2026-10-06,2026-10-12,C,362.5,133,88,0.3544
2026-10-06,2026-10-12,C,365.0,300,214,0.3513
2026-10-06,2026-10-12,C,367.5,159,284,0.345
2026-10-06,2026-10-12,C,370.0,482,768,0.3328
2026-10-06,2026-10-12,C,372.5,87,556,0.3274
2026-10-06,2026-10-12,C,375.0,173,469,0.3248
2026-10-06,2026-10-12,C,377.5,216,348,0.325
2026-10-06,2026-10-12,C,380.0,363,2556,0.3252
2026-10-06,2026-10-12,C,382.5,111,364,0.3261
2026-10-06,2026-10-12,C,385.0,198,526,0.328
2026-10-06,2026-10-12,C,387.5,42,289,0.3552
2026-10-06,2026-10-12,C,390.0,130,893,0.3364
2026-10-06,2026-10-12,C,392.5,16,690,0.3699
2026-10-06,2026-10-12,C,395.0,16,320,0.3567
2026-10-06,2026-10-12,C,397.5,27,77,0.3611
2026-10-06,2026-10-12,C,400.0,71,22703,0.3584
2026-10-06,2026-10-12,C,402.5,4,165,0.4053
2026-10-06,2026-10-12,C,405.0,117,172,0.3777
2026-10-06,2026-10-12,C,407.5,12,41,0.4236
2026-10-06,2026-10-12,C,410.0,47,121,0.4092
2026-10-06,2026-10-12,C,415.0,4,217,0.4739
2026-10-06,2026-10-12,C,420.0,121,152,0.5188
2026-10-06,2026-10-12,C,425.0,5,27,0.4937
2026-10-06,2026-10-12,C,430.0,7,48,0.4688
2026-10-06,2026-10-12,P,320.0,76,6,0.5059
2026-10-06,2026-10-12,P,322.5,90,9,0.4375
2026-10-06,2026-10-12,P,325.0,2319,30,0.5405
2026-10-06,2026-10-12,P,327.5,14,21,0.4531
2026-10-06,2026-10-12,P,330.0,376,49,0.4316
2026-10-06,2026-10-12,P,332.5,27,7,0.4043
2026-10-06,2026-10-12,P,335.0,162,53,0.4492
2026-10-06,2026-10-12,P,337.5,34,4,0.4331
2026-10-06,2026-10-12,P,340.0,56,48,0.4155
2026-10-06,2026-10-12,P,342.5,68,13,0.3545
2026-10-06,2026-10-12,P,345.0,58,69,0.3447
2026-10-06,2026-10-12,P,347.5,57,41,0.4077
2026-10-06,2026-10-12,P,350.0,219,67,0.3552
2026-10-06,2026-10-12,P,352.5,38,62,0.3728
2026-10-06,2026-10-12,P,355.0,79,203,0.3594
2026-10-06,2026-10-12,P,357.5,24,78,0.3232
2026-10-06,2026-10-12,P,360.0,334,1035,0.3123
2026-10-06,2026-10-12,P,365.0,9,644,0.3229
2026-10-06,2026-10-12,P,367.5,3,703,0.3098
2026-10-06,2026-10-12,P,370.0,7,1029,0.3206
2026-10-06,2026-10-12,P,375.0,6,372,0.3495
2026-10-06,2026-10-12,P,377.5,8,857,0.3037
2026-10-06,2026-10-12,P,380.0,1,576,0.306
2026-10-06,2026-10-12,P,385.0,5,119,0.377
2026-10-06,2026-10-12,P,390.0,2,2,0.3982
2026-10-06,2026-10-12,P,392.5,0,16,0.4053
2026-10-06,2026-10-12,P,395.0,0,14,0.401
2026-10-06,2026-10-12,P,405.0,3,3,0.4817
2026-10-06,2026-10-14,C,320.0,3,16,0.6001
2026-10-06,2026-10-14,C,322.5,8,16,0.5811
2026-10-06,2026-10-14,C,325.0,4,92,0.5571
2026-10-06,2026-10-14,C,327.5,5,60,0.5374
2026-10-06,2026-10-14,C,330.0,4,54,0.5046
2026-10-06,2026-10-14,C,332.5,6,54,0.6696
2026-10-06,2026-10-14,C,335.0,8,53,0.6039
2026-10-06,2026-10-14,C,337.5,2,52,0.5842
2026-10-06,2026-10-14,C,340.0,24,56,0.5552
2026-10-06,2026-10-14,C,342.5,52,54,0.5698
2026-10-06,2026-10-14,C,345.0,8,48,0.5502
2026-10-06,2026-10-14,C,347.5,13,46,0.5083
2026-10-06,2026-10-14,C,350.0,29,55,0.4772
2026-10-06,2026-10-14,C,352.5,15,55,0.459
2026-10-06,2026-10-14,C,355.0,67,1,0.4452
2026-10-06,2026-10-14,C,357.5,69,3,0.4235
2026-10-06,2026-10-14,C,360.0,146,117,0.4244
2026-10-06,2026-10-14,C,362.5,113,21,0.4159
2026-10-06,2026-10-14,C,365.0,230,168,0.3966
2026-10-06,2026-10-14,C,367.5,79,42,0.3885
2026-10-06,2026-10-14,C,370.0,120,382,0.3697
2026-10-06,2026-10-14,C,372.5,29,71,0.3537
2026-10-06,2026-10-14,C,375.0,70,88,0.3823
2026-10-06,2026-10-14,C,377.5,54,53,0.3547
2026-10-06,2026-10-14,C,380.0,380,114,0.3539
2026-10-06,2026-10-14,C,382.5,2121,38,0.357
2026-10-06,2026-10-14,C,385.0,52,72,0.3575
2026-10-06,2026-10-14,C,387.5,21,10,0.3748
2026-10-06,2026-10-14,C,390.0,31,133,0.3712
2026-10-06,2026-10-14,C,392.5,2,58,0.3685
2026-10-06,2026-10-14,C,395.0,11,26,0.3871
2026-10-06,2026-10-14,C,400.0,35,308,0.3789
2026-10-06,2026-10-14,C,405.0,1,30,0.4308
2026-10-06,2026-10-14,C,410.0,3,42,0.4451
2026-10-06,2026-10-14,C,415.0,1,32,0.4407
2026-10-06,2026-10-14,C,420.0,1,42,0.468
2026-10-06,2026-10-14,C,425.0,2,11,0.5068
2026-10-06,2026-10-14,C,430.0,5,202,0.4502
2026-10-06,2026-10-14,P,320.0,19,11,0.4785
2026-10-06,2026-10-14,P,322.5,4,2,0.5337
2026-10-06,2026-10-14,P,325.0,61,7,0.4424
2026-10-06,2026-10-14,P,327.5,23,110,0.4839
2026-10-06,2026-10-14,P,330.0,46,8,0.416
2026-10-06,2026-10-14,P,332.5,21,1,0.4014
2026-10-06,2026-10-14,P,335.0,44,26,0.3774
2026-10-06,2026-10-14,P,337.5,194,19,0.4004
2026-10-06,2026-10-14,P,340.0,62,15,0.4019
2026-10-06,2026-10-14,P,342.5,17,15,0.406
2026-10-06,2026-10-14,P,345.0,29,40,0.3723
2026-10-06,2026-10-14,P,347.5,49,11,0.3643
2026-10-06,2026-10-14,P,350.0,66,31,0.3462
2026-10-06,2026-10-14,P,352.5,18,15,0.3623
2026-10-06,2026-10-14,P,355.0,53,44,0.344
2026-10-06,2026-10-14,P,357.5,15,27,0.3781
2026-10-06,2026-10-14,P,365.0,1,43,0.3557
2026-10-06,2026-10-14,P,370.0,18,256,0.3635
2026-10-06,2026-10-14,P,382.5,2,2,0.3839
2026-10-06,2026-10-14,P,392.5,2,2,0.4009
2026-10-06,2026-10-14,P,405.0,0,6,0.4648
2026-10-06,2026-10-16,C,320.0,222,59,0.5139
2026-10-06,2026-10-16,C,325.0,57,1,0.6353
2026-10-06,2026-10-16,C,330.0,1453,217,0.5842
2026-10-06,2026-10-16,C,332.5,17,53,0.5203
2026-10-06,2026-10-16,C,335.0,59,57,0.575
2026-10-06,2026-10-16,C,337.5,199,1,0.5885
2026-10-06,2026-10-16,C,340.0,2437,184,0.4902
2026-10-06,2026-10-16,C,342.5,342,36,0.4758
2026-10-06,2026-10-16,C,345.0,358,16,0.4565
2026-10-06,2026-10-16,C,347.5,378,22,0.4434
2026-10-06,2026-10-16,C,350.0,3809,439,0.4285
2026-10-06,2026-10-16,C,352.5,528,76,0.424
2026-10-06,2026-10-16,C,355.0,632,530,0.4218
2026-10-06,2026-10-16,C,357.5,797,238,0.3986
2026-10-06,2026-10-16,C,360.0,7039,2063,0.3959
2026-10-06,2026-10-16,C,362.5,2181,1669,0.3829
2026-10-06,2026-10-16,C,365.0,1524,978,0.3761
2026-10-06,2026-10-16,C,367.5,361,616,0.3742
2026-10-06,2026-10-16,C,370.0,11053,4029,0.3724
2026-10-06,2026-10-16,C,372.5,718,570,0.3707
2026-10-06,2026-10-16,C,375.0,2235,1922,0.3689
2026-10-06,2026-10-16,C,377.5,328,813,0.3689
2026-10-06,2026-10-16,C,380.0,11085,10591,0.3688
2026-10-06,2026-10-16,C,382.5,338,471,0.3706
2026-10-06,2026-10-16,C,385.0,1113,1947,0.3707
2026-10-06,2026-10-16,C,390.0,5679,4060,0.3765
2026-10-06,2026-10-16,C,395.0,1049,1597,0.3872
2026-10-06,2026-10-16,C,400.0,17254,14974,0.3892
2026-10-06,2026-10-16,C,405.0,719,1151,0.4031
2026-10-06,2026-10-16,C,410.0,19708,3096,0.4066
2026-10-06,2026-10-16,C,415.0,208,4931,0.4153
2026-10-06,2026-10-16,C,420.0,4771,3235,0.4233
2026-10-06,2026-10-16,C,425.0,1289,346,0.437
2026-10-06,2026-10-16,C,430.0,5872,1123,0.4451
2026-10-06,2026-10-16,P,320.0,9851,634,0.4238
2026-10-06,2026-10-16,P,325.0,1203,419,0.4102
2026-10-06,2026-10-16,P,330.0,8991,1492,0.3926
2026-10-06,2026-10-16,P,332.5,829,186,0.387
2026-10-06,2026-10-16,P,335.0,1744,531,0.3809
2026-10-06,2026-10-16,P,337.5,838,454,0.3755
2026-10-06,2026-10-16,P,340.0,9616,3178,0.3691
2026-10-06,2026-10-16,P,342.5,316,87,0.3638
2026-10-06,2026-10-16,P,345.0,1103,1339,0.3586
2026-10-06,2026-10-16,P,347.5,856,429,0.3716
2026-10-06,2026-10-16,P,350.0,8343,2804,0.3569
2026-10-06,2026-10-16,P,352.5,559,443,0.3492
2026-10-06,2026-10-16,P,355.0,2409,573,0.3471
2026-10-06,2026-10-16,P,357.5,308,210,0.3448
2026-10-06,2026-10-16,P,360.0,3732,1439,0.3423
2026-10-06,2026-10-16,P,362.5,376,155,0.3443
2026-10-06,2026-10-16,P,365.0,736,700,0.3418
2026-10-06,2026-10-16,P,367.5,263,215,0.3414
2026-10-06,2026-10-16,P,370.0,4833,2392,0.3409
2026-10-06,2026-10-16,P,372.5,178,218,0.3633
2026-10-06,2026-10-16,P,375.0,97,959,0.3424
2026-10-06,2026-10-16,P,377.5,61,382,0.3443
2026-10-06,2026-10-16,P,380.0,4931,827,0.3459
2026-10-06,2026-10-16,P,382.5,29,55,0.3533
2026-10-06,2026-10-16,P,385.0,22,125,0.3486
2026-10-06,2026-10-16,P,390.0,2295,392,0.3637
2026-10-06,2026-10-16,P,395.0,35,69,0.4168
2026-10-06,2026-10-16,P,400.0,3082,128,0.4298
2026-10-06,2026-10-16,P,405.0,4,1,0.4507
2026-10-06,2026-10-16,P,410.0,689,11,0.4646
2026-10-06,2026-10-16,P,415.0,7,3,0.5106
2026-10-06,2026-10-16,P,420.0,490,12,0.5064
2026-10-06,2026-10-16,P,430.0,62,1,0.5631
2026-10-07,2026-10-09,C,322.5,28,9,1.458
2026-10-07,2026-10-09,C,325.0,27,8,1.3784
2026-10-07,2026-10-09,C,327.5,9,9,1.2402
2026-10-07,2026-10-09,C,330.0,495,28,1.2363
2026-10-07,2026-10-09,C,332.5,10,8,1.1548
2026-10-07,2026-10-09,C,335.0,76,4,1.2031
2026-10-07,2026-10-09,C,337.5,27,4,0.9268
2026-10-07,2026-10-09,C,340.0,406,10,0.9351
2026-10-07,2026-10-09,C,342.5,113,1,0.9346
2026-10-07,2026-10-09,C,345.0,360,84,0.7114
2026-10-07,2026-10-09,C,347.5,492,17,0.6006
2026-10-07,2026-10-09,C,350.0,2967,220,0.5147
2026-10-07,2026-10-09,C,352.5,615,265,0.5327
2026-10-07,2026-10-09,C,355.0,3333,1001,0.4917
2026-10-07,2026-10-09,C,357.5,2471,4035,0.4773
2026-10-07,2026-10-09,C,360.0,1709,5194,0.4629
2026-10-07,2026-10-09,C,362.5,2302,4305,0.4631
2026-10-07,2026-10-09,C,365.0,4214,9487,0.4492
2026-10-07,2026-10-09,C,367.5,1029,6019,0.4487
2026-10-07,2026-10-09,C,370.0,2957,12877,0.4507
2026-10-07,2026-10-09,C,372.5,1939,11067,0.459
2026-10-07,2026-10-09,C,375.0,5646,15673,0.4707
2026-10-07,2026-10-09,C,377.5,3487,4367,0.4883
2026-10-07,2026-10-09,C,380.0,4310,9330,0.4981
2026-10-07,2026-10-09,C,382.5,1200,2202,0.5
2026-10-07,2026-10-09,C,385.0,3212,6886,0.5352
2026-10-07,2026-10-09,C,387.5,2652,2855,0.5391
2026-10-07,2026-10-09,C,390.0,4123,3262,0.5938
2026-10-07,2026-10-09,C,392.5,834,737,0.6563
2026-10-07,2026-10-09,C,395.0,3054,1183,0.6563
2026-10-07,2026-10-09,C,397.5,530,182,0.7656
2026-10-07,2026-10-09,C,400.0,5541,2664,0.6563
2026-10-07,2026-10-09,C,402.5,469,36,0.7031
2026-10-07,2026-10-09,C,405.0,774,109,0.75
2026-10-07,2026-10-09,C,410.0,3192,237,0.8594
2026-10-07,2026-10-09,C,415.0,907,34,0.875
2026-10-07,2026-10-09,C,420.0,442,37,1.1641
2026-10-07,2026-10-09,C,425.0,473,27,1.0
2026-10-07,2026-10-09,C,430.0,463,6,1.4609
2026-10-07,2026-10-09,P,322.5,172,28,0.9063
2026-10-07,2026-10-09,P,325.0,2135,392,0.8281
2026-10-07,2026-10-09,P,327.5,421,85,0.8047
2026-10-07,2026-10-09,P,330.0,1654,672,0.7559
2026-10-07,2026-10-09,P,332.5,2509,449,0.7188
2026-10-07,2026-10-09,P,335.0,3130,628,0.6738
2026-10-07,2026-10-09,P,337.5,896,85,0.6387
2026-10-07,2026-10-09,P,340.0,2767,2944,0.6035
2026-10-07,2026-10-09,P,342.5,1662,965,0.5674
2026-10-07,2026-10-09,P,345.0,2035,1287,0.5381
2026-10-07,2026-10-09,P,347.5,1420,1220,0.5127
2026-10-07,2026-10-09,P,350.0,1913,4335,0.4981
2026-10-07,2026-10-09,P,352.5,2705,4539,0.4824
2026-10-07,2026-10-09,P,355.0,1714,4753,0.4683
2026-10-07,2026-10-09,P,357.5,1239,4914,0.4592
2026-10-07,2026-10-09,P,360.0,1786,8199,0.4548
2026-10-07,2026-10-09,P,362.5,697,5792,0.4563
2026-10-07,2026-10-09,P,365.0,1512,7100,0.4617
2026-10-07,2026-10-09,P,367.5,1085,7047,0.4893
2026-10-07,2026-10-09,P,370.0,1367,4695,0.4868
2026-10-07,2026-10-09,P,372.5,907,2028,0.5786
2026-10-07,2026-10-09,P,375.0,1243,705,0.6289
2026-10-07,2026-10-09,P,377.5,561,303,0.646
2026-10-07,2026-10-09,P,380.0,236,104,0.5742
2026-10-07,2026-10-09,P,382.5,115,64,0.6904
2026-10-07,2026-10-09,P,385.0,112,41,0.5547
2026-10-07,2026-10-09,P,387.5,45,9,0.9814
2026-10-07,2026-10-09,P,390.0,116,214,1.0547
2026-10-07,2026-10-09,P,392.5,26,39,1.0894
2026-10-07,2026-10-09,P,395.0,21,32,1.1504
2026-10-07,2026-10-09,P,400.0,14,18,1.1729
2026-10-07,2026-10-09,P,405.0,1,2,1.3857
2026-10-07,2026-10-09,P,410.0,0,16,1.498
2026-10-07,2026-10-09,P,415.0,0,3,1.6064
2026-10-07,2026-10-09,P,420.0,0,1,1.7646
2026-10-07,2026-10-09,P,425.0,0,72,1.8174
2026-10-07,2026-10-09,P,430.0,0,10,1.7109
2026-10-07,2026-10-12,C,322.5,7,4,0.7578
2026-10-07,2026-10-12,C,325.0,9,90,0.7168
2026-10-07,2026-10-12,C,327.5,3,60,0.6846
2026-10-07,2026-10-12,C,335.0,8,2,0.574
2026-10-07,2026-10-12,C,337.5,29,2,0.5442
2026-10-07,2026-10-12,C,340.0,37,5,0.4675
2026-10-07,2026-10-12,C,342.5,27,20,0.4373
2026-10-07,2026-10-12,C,345.0,22,21,0.4158
2026-10-07,2026-10-12,C,347.5,10,56,0.4323
2026-10-07,2026-10-12,C,350.0,83,85,0.4227
2026-10-07,2026-10-12,C,352.5,163,128,0.4126
2026-10-07,2026-10-12,C,355.0,301,185,0.3756
2026-10-07,2026-10-12,C,357.5,74,361,0.335
2026-10-07,2026-10-12,C,360.0,183,854,0.3245
2026-10-07,2026-10-12,C,362.5,130,1723,0.3207
2026-10-07,2026-10-12,C,365.0,296,1382,0.3151
2026-10-07,2026-10-12,C,367.5,160,1246,0.311
2026-10-07,2026-10-12,C,370.0,461,3244,0.3123
2026-10-07,2026-10-12,C,372.5,160,1302,0.3137
2026-10-07,2026-10-12,C,375.0,368,4688,0.3159
2026-10-07,2026-10-12,C,377.5,484,978,0.3203
2026-10-07,2026-10-12,C,380.0,1998,2718,0.3276
2026-10-07,2026-10-12,C,382.5,280,345,0.3355
2026-10-07,2026-10-12,C,385.0,454,720,0.3521
2026-10-07,2026-10-12,C,387.5,214,129,0.4282
2026-10-07,2026-10-12,C,390.0,1432,437,0.4102
2026-10-07,2026-10-12,C,392.5,398,63,0.4697
2026-10-07,2026-10-12,C,395.0,275,410,0.4512
2026-10-07,2026-10-12,C,397.5,59,16,0.522
2026-10-07,2026-10-12,C,400.0,11963,8333,0.4336
2026-10-07,2026-10-12,C,402.5,208,232,0.4941
2026-10-07,2026-10-12,C,405.0,202,126,0.5166
2026-10-07,2026-10-12,C,407.5,48,6,0.5898
2026-10-07,2026-10-12,C,410.0,129,48,0.625
2026-10-07,2026-10-12,C,415.0,167,3,0.5273
2026-10-07,2026-10-12,C,420.0,225,4,0.7158
2026-10-07,2026-10-12,C,425.0,26,1,0.6211
2026-10-07,2026-10-12,C,430.0,53,7,1.0249
2026-10-07,2026-10-12,P,322.5,92,4,0.5791
2026-10-07,2026-10-12,P,325.0,2312,225,0.5098
2026-10-07,2026-10-12,P,327.5,34,31,0.5117
2026-10-07,2026-10-12,P,330.0,379,145,0.52
2026-10-07,2026-10-12,P,332.5,30,27,0.4883
2026-10-07,2026-10-12,P,335.0,118,101,0.4429
2026-10-07,2026-10-12,P,337.5,39,137,0.48
2026-10-07,2026-10-12,P,340.0,145,343,0.4089
2026-10-07,2026-10-12,P,342.5,69,416,0.3711
2026-10-07,2026-10-12,P,345.0,108,409,0.3545
2026-10-07,2026-10-12,P,347.5,53,720,0.3772
2026-10-07,2026-10-12,P,350.0,196,626,0.3785
2026-10-07,2026-10-12,P,352.5,117,1144,0.3591
2026-10-07,2026-10-12,P,355.0,254,836,0.3228
2026-10-07,2026-10-12,P,357.5,128,1013,0.3378
2026-10-07,2026-10-12,P,360.0,855,1307,0.3171
2026-10-07,2026-10-12,P,365.0,549,1054,0.3159
2026-10-07,2026-10-12,P,367.5,523,1391,0.3394
2026-10-07,2026-10-12,P,370.0,335,563,0.3455
2026-10-07,2026-10-12,P,375.0,148,159,0.4419
2026-10-07,2026-10-12,P,377.5,371,171,0.5193
2026-10-07,2026-10-12,P,380.0,164,37,0.5476
2026-10-07,2026-10-12,P,385.0,44,2,0.6182
2026-10-07,2026-10-12,P,390.0,17,24,0.6834
2026-10-07,2026-10-12,P,392.5,36,36,0.5544
2026-10-07,2026-10-12,P,395.0,2,14,0.5752
2026-10-07,2026-10-12,P,405.0,3,3,0.6929
2026-10-07,2026-10-14,C,322.5,10,16,0.6545
2026-10-07,2026-10-14,C,325.0,4,92,0.6265
2026-10-07,2026-10-14,C,327.5,5,60,0.6038
2026-10-07,2026-10-14,C,330.0,5,2,0.574
2026-10-07,2026-10-14,C,332.5,10,34,0.5542
2026-10-07,2026-10-14,C,335.0,11,3,0.5225
2026-10-07,2026-10-14,C,337.5,11,32,0.5486
2026-10-07,2026-10-14,C,340.0,22,52,0.5204
2026-10-07,2026-10-14,C,342.5,55,50,0.4631
2026-10-07,2026-10-14,C,345.0,13,4,0.4327
2026-10-07,2026-10-14,C,347.5,14,46,0.4211
2026-10-07,2026-10-14,C,350.0,36,42,0.4139
2026-10-07,2026-10-14,C,352.5,26,81,0.4157
2026-10-07,2026-10-14,C,355.0,64,149,0.4273
2026-10-07,2026-10-14,C,357.5,72,352,0.4255
2026-10-07,2026-10-14,C,360.0,155,435,0.379
2026-10-07,2026-10-14,C,362.5,113,669,0.3743
2026-10-07,2026-10-14,C,365.0,223,556,0.3698
2026-10-07,2026-10-14,C,367.5,86,469,0.3717
2026-10-07,2026-10-14,C,370.0,317,1173,0.3656
2026-10-07,2026-10-14,C,372.5,70,527,0.3704
2026-10-07,2026-10-14,C,375.0,139,570,0.3693
2026-10-07,2026-10-14,C,377.5,89,308,0.4169
2026-10-07,2026-10-14,C,380.0,438,502,0.3759
2026-10-07,2026-10-14,C,382.5,2111,361,0.3943
2026-10-07,2026-10-14,C,385.0,92,328,0.438
2026-10-07,2026-10-14,C,387.5,40,173,0.3911
2026-10-07,2026-10-14,C,390.0,136,184,0.4597
2026-10-07,2026-10-14,C,392.5,253,28,0.47
2026-10-07,2026-10-14,C,395.0,32,41,0.4883
2026-10-07,2026-10-14,C,400.0,226,185,0.4204
2026-10-07,2026-10-14,C,405.0,29,62,0.522
2026-10-07,2026-10-14,C,410.0,47,35,0.4697
2026-10-07,2026-10-14,C,415.0,30,22,0.5625
2026-10-07,2026-10-14,C,420.0,89,83,0.5098
2026-10-07,2026-10-14,C,425.0,29,56,0.5986
2026-10-07,2026-10-14,C,430.0,273,295,0.5625
2026-10-07,2026-10-14,P,322.5,5,8,0.5293
2026-10-07,2026-10-14,P,325.0,63,74,0.5115
2026-10-07,2026-10-14,P,327.5,23,15,0.4473
2026-10-07,2026-10-14,P,330.0,44,77,0.4512
2026-10-07,2026-10-14,P,332.5,22,28,0.4351
2026-10-07,2026-10-14,P,335.0,41,131,0.4675
2026-10-07,2026-10-14,P,337.5,197,20,0.5571
2026-10-07,2026-10-14,P,340.0,65,88,0.4054
2026-10-07,2026-10-14,P,342.5,20,421,0.4354
2026-10-07,2026-10-14,P,345.0,71,350,0.4131
2026-10-07,2026-10-14,P,347.5,56,241,0.3917
2026-10-07,2026-10-14,P,350.0,98,604,0.3876
2026-10-07,2026-10-14,P,352.5,45,268,0.3731
2026-10-07,2026-10-14,P,355.0,66,373,0.4069
2026-10-07,2026-10-14,P,357.5,26,207,0.3672
2026-10-07,2026-10-14,P,365.0,58,363,0.4584
2026-10-07,2026-10-14,P,370.0,140,154,0.4628
2026-10-07,2026-10-14,P,382.5,2,8,0.4591
2026-10-07,2026-10-14,P,392.5,3,5,0.6075
2026-10-07,2026-10-14,P,405.0,3,6,0.5112
2026-10-07,2026-10-16,C,325.0,71,49,0.5898
2026-10-07,2026-10-16,C,330.0,1439,75,0.5259
2026-10-07,2026-10-16,C,332.5,15,53,0.536
2026-10-07,2026-10-16,C,335.0,56,45,0.4941
2026-10-07,2026-10-16,C,337.5,203,4,0.4751
2026-10-07,2026-10-16,C,340.0,2445,91,0.4981
2026-10-07,2026-10-16,C,342.5,325,49,0.4666
2026-10-07,2026-10-16,C,345.0,355,3,0.4338
2026-10-07,2026-10-16,C,347.5,371,10,0.4504
2026-10-07,2026-10-16,C,350.0,3657,382,0.4126
2026-10-07,2026-10-16,C,352.5,506,61,0.4587
2026-10-07,2026-10-16,C,355.0,724,404,0.4115
2026-10-07,2026-10-16,C,357.5,716,238,0.3994
2026-10-07,2026-10-16,C,360.0,6334,1657,0.3988
2026-10-07,2026-10-16,C,362.5,1676,1148,0.4185
2026-10-07,2026-10-16,C,365.0,1281,2108,0.395
2026-10-07,2026-10-16,C,367.5,554,560,0.397
2026-10-07,2026-10-16,C,370.0,10158,3013,0.391
2026-10-07,2026-10-16,C,372.5,1014,810,0.395
2026-10-07,2026-10-16,C,375.0,1824,3280,0.3942
2026-10-07,2026-10-16,C,377.5,689,893,0.3951
2026-10-07,2026-10-16,C,380.0,11157,4029,0.3955
2026-10-07,2026-10-16,C,382.5,492,345,0.3983
2026-10-07,2026-10-16,C,385.0,2110,2741,0.3989
2026-10-07,2026-10-16,C,390.0,10434,1909,0.4026
2026-10-07,2026-10-16,C,395.0,1315,792,0.4131
2026-10-07,2026-10-16,C,400.0,17755,4143,0.4192
2026-10-07,2026-10-16,C,405.0,6670,346,0.4297
2026-10-07,2026-10-16,C,410.0,19693,638,0.4404
2026-10-07,2026-10-16,C,415.0,5660,206,0.4605
2026-10-07,2026-10-16,C,420.0,4378,625,0.4707
2026-10-07,2026-10-16,C,425.0,1442,223,0.4844
2026-10-07,2026-10-16,C,430.0,6069,219,0.5
2026-10-07,2026-10-16,P,325.0,1202,562,0.469
2026-10-07,2026-10-16,P,330.0,8531,2002,0.4478
2026-10-07,2026-10-16,P,332.5,986,204,0.4338
2026-10-07,2026-10-16,P,335.0,1554,3898,0.4207
2026-10-07,2026-10-16,P,337.5,995,496,0.4185
2026-10-07,2026-10-16,P,340.0,10391,1987,0.4107
2026-10-07,2026-10-16,P,342.5,392,414,0.4011
2026-10-07,2026-10-16,P,345.0,1319,659,0.3971
2026-10-07,2026-10-16,P,347.5,1130,616,0.3992
2026-10-07,2026-10-16,P,350.0,7354,2636,0.3906
2026-10-07,2026-10-16,P,352.5,925,498,0.3877
2026-10-07,2026-10-16,P,355.0,2749,3262,0.3866
2026-10-07,2026-10-16,P,357.5,298,214,0.3895
2026-10-07,2026-10-16,P,360.0,4819,1903,0.3842
2026-10-07,2026-10-16,P,362.5,462,774,0.3827
2026-10-07,2026-10-16,P,365.0,1026,2014,0.3826
2026-10-07,2026-10-16,P,367.5,226,798,0.3842
2026-10-07,2026-10-16,P,370.0,5398,800,0.3827
2026-10-07,2026-10-16,P,372.5,243,248,0.3864
2026-10-07,2026-10-16,P,375.0,717,275,0.4053
2026-10-07,2026-10-16,P,377.5,299,166,0.486
2026-10-07,2026-10-16,P,380.0,5074,254,0.4181
2026-10-07,2026-10-16,P,382.5,81,38,0.4981
2026-10-07,2026-10-16,P,385.0,136,38,0.4744
2026-10-07,2026-10-16,P,390.0,2588,14,0.5421
2026-10-07,2026-10-16,P,395.0,65,3,0.573
2026-10-07,2026-10-16,P,400.0,3029,17,0.6113
2026-10-07,2026-10-16,P,405.0,4,4,0.6465
2026-10-07,2026-10-16,P,410.0,688,2,0.6935
2026-10-07,2026-10-16,P,415.0,7,3,0.5098
2026-10-07,2026-10-16,P,420.0,496,6,0.5696
2026-10-07,2026-10-16,P,430.0,63,40,0.6196
2026-10-08,2026-10-12,C,310.0,8,2,0.9727
2026-10-08,2026-10-12,C,312.5,1,16,0.7539
2026-10-08,2026-10-12,C,315.0,8,1,1.0615
2026-10-08,2026-10-12,C,317.5,19,4,1.0142
2026-10-08,2026-10-12,C,320.0,30,2,0.9668
2026-10-08,2026-10-12,C,322.5,7,2,0.9189
2026-10-08,2026-10-12,C,325.0,9,3,0.6611
2026-10-08,2026-10-12,C,327.5,3,60,0.5391
2026-10-08,2026-10-12,C,335.0,9,2,0.6875
2026-10-08,2026-10-12,C,337.5,30,2,0.6382
2026-10-08,2026-10-12,C,340.0,39,11,0.5732
2026-10-08,2026-10-12,C,342.5,47,3,0.5313
2026-10-08,2026-10-12,C,345.0,22,2,0.4944
2026-10-08,2026-10-12,C,347.5,13,4,0.4482
2026-10-08,2026-10-12,C,350.0,134,46,0.3943
2026-10-08,2026-10-12,C,352.5,160,5,0.3754
2026-10-08,2026-10-12,C,355.0,397,203,0.2803
2026-10-08,2026-10-12,C,357.5,206,213,0.2875
2026-10-08,2026-10-12,C,360.0,490,1105,0.3207
2026-10-08,2026-10-12,C,362.5,381,2537,0.2503
2026-10-08,2026-10-12,C,365.0,550,3904,0.2466
2026-10-08,2026-10-12,C,367.5,289,1750,0.2372
2026-10-08,2026-10-12,C,370.0,1196,3037,0.2405
2026-10-08,2026-10-12,C,372.5,481,806,0.2473
2026-10-08,2026-10-12,C,375.0,1283,1505,0.2725
2026-10-08,2026-10-12,C,377.5,495,558,0.2656
2026-10-08,2026-10-12,C,380.0,1302,894,0.2813
2026-10-08,2026-10-12,C,382.5,296,167,0.293
2026-10-08,2026-10-12,C,385.0,722,435,0.3213
2026-10-08,2026-10-12,C,387.5,230,253,0.3203
2026-10-08,2026-10-12,C,390.0,1516,159,0.377
2026-10-08,2026-10-12,C,392.5,424,17,0.3711
2026-10-08,2026-10-12,C,395.0,633,467,0.3789
2026-10-08,2026-10-12,C,397.5,57,2,0.457
2026-10-08,2026-10-12,C,400.0,9967,1464,0.3984
2026-10-08,2026-10-12,C,402.5,268,4,0.4219
2026-10-08,2026-10-12,C,405.0,247,6,0.5078
2026-10-08,2026-10-12,C,407.5,45,7,0.5469
2026-10-08,2026-10-12,C,410.0,138,19,0.5
2026-10-08,2026-10-12,P,310.0,3,4,0.7578
2026-10-08,2026-10-12,P,312.5,5,26,0.7168
2026-10-08,2026-10-12,P,315.0,6,5,0.6289
2026-10-08,2026-10-12,P,317.5,11,5,0.6172
2026-10-08,2026-10-12,P,320.0,122,2,0.5898
2026-10-08,2026-10-12,P,322.5,92,4,0.5332
2026-10-08,2026-10-12,P,325.0,2466,7,0.5195
2026-10-08,2026-10-12,P,327.5,49,13,0.5303
2026-10-08,2026-10-12,P,330.0,487,479,0.457
2026-10-08,2026-10-12,P,332.5,31,2,0.4473
2026-10-08,2026-10-12,P,335.0,199,136,0.4063
2026-10-08,2026-10-12,P,337.5,81,24,0.417
2026-10-08,2026-10-12,P,340.0,314,865,0.3438
2026-10-08,2026-10-12,P,342.5,278,409,0.3623
2026-10-08,2026-10-12,P,345.0,369,240,0.3047
2026-10-08,2026-10-12,P,347.5,583,272,0.272
2026-10-08,2026-10-12,P,350.0,284,786,0.2593
2026-10-08,2026-10-12,P,352.5,596,699,0.249
2026-10-08,2026-10-12,P,355.0,377,840,0.2417
2026-10-08,2026-10-12,P,357.5,275,815,0.2393
2026-10-08,2026-10-12,P,360.0,1179,1707,0.2383
2026-10-08,2026-10-12,P,365.0,711,687,0.2459
2026-10-08,2026-10-12,P,367.5,872,148,0.2551
2026-10-08,2026-10-12,P,370.0,353,176,0.2942
2026-10-08,2026-10-12,P,375.0,168,17,0.3867
2026-10-08,2026-10-12,P,377.5,426,2,0.502
2026-10-08,2026-10-12,P,380.0,159,60,0.5855
2026-10-08,2026-10-12,P,385.0,43,2,0.6604
2026-10-08,2026-10-12,P,390.0,0,24,0.7129
2026-10-08,2026-10-12,P,392.5,2,36,0.5107
2026-10-08,2026-10-12,P,395.0,0,14,0.8467
2026-10-08,2026-10-12,P,405.0,0,3,0.6646
2026-10-08,2026-10-14,C,310.0,5,26,0.6113
2026-10-08,2026-10-14,C,315.0,11,26,0.8481
2026-10-08,2026-10-14,C,317.5,14,1,0.8105
2026-10-08,2026-10-14,C,320.0,6,2,0.7808
2026-10-08,2026-10-14,C,322.5,10,16,0.7427
2026-10-08,2026-10-14,C,325.0,4,92,0.7048
2026-10-08,2026-10-14,C,327.5,5,60,0.6736
2026-10-08,2026-10-14,C,330.0,6,2,0.6416
2026-10-08,2026-10-14,C,332.5,14,34,0.6028
2026-10-08,2026-10-14,C,335.0,11,3,0.5756
2026-10-08,2026-10-14,C,337.5,15,2,0.5413
2026-10-08,2026-10-14,C,340.0,23,2,0.5111
2026-10-08,2026-10-14,C,342.5,55,50,0.4841
2026-10-08,2026-10-14,C,345.0,14,6,0.4275
2026-10-08,2026-10-14,C,347.5,14,46,0.4354
2026-10-08,2026-10-14,C,350.0,58,45,0.4077
2026-10-08,2026-10-14,C,352.5,73,43,0.4006
2026-10-08,2026-10-14,C,355.0,141,290,0.3469
2026-10-08,2026-10-14,C,357.5,201,168,0.3861
2026-10-08,2026-10-14,C,360.0,330,320,0.38
2026-10-08,2026-10-14,C,362.5,249,609,0.3798
2026-10-08,2026-10-14,C,365.0,337,681,0.3369
2026-10-08,2026-10-14,C,367.5,171,634,0.3312
2026-10-08,2026-10-14,C,370.0,505,2458,0.3196
2026-10-08,2026-10-14,C,372.5,202,1457,0.3381
2026-10-08,2026-10-14,C,375.0,257,559,0.3281
2026-10-08,2026-10-14,C,377.5,118,128,0.3413
2026-10-08,2026-10-14,C,380.0,630,388,0.3469
2026-10-08,2026-10-14,C,382.5,2100,94,0.3657
2026-10-08,2026-10-14,C,385.0,252,150,0.3474
2026-10-08,2026-10-14,C,387.5,132,69,0.3809
2026-10-08,2026-10-14,C,390.0,176,95,0.3638
2026-10-08,2026-10-14,C,392.5,233,13,0.4468
2026-10-08,2026-10-14,C,395.0,50,20,0.3857
2026-10-08,2026-10-14,C,400.0,256,419,0.4072
2026-10-08,2026-10-14,C,405.0,20,6,0.4492
2026-10-08,2026-10-14,C,410.0,42,21,0.4697
2026-10-08,2026-10-14,P,310.0,26,1,0.627
2026-10-08,2026-10-14,P,315.0,58,14,0.583
2026-10-08,2026-10-14,P,317.5,19,15,0.5361
2026-10-08,2026-10-14,P,320.0,90,8,0.5342
2026-10-08,2026-10-14,P,322.5,10,8,0.5649
2026-10-08,2026-10-14,P,325.0,53,10,0.5376
2026-10-08,2026-10-14,P,327.5,25,3,0.4492
2026-10-08,2026-10-14,P,330.0,79,648,0.4365
2026-10-08,2026-10-14,P,332.5,43,121,0.5127
2026-10-08,2026-10-14,P,335.0,127,16,0.4248
2026-10-08,2026-10-14,P,337.5,202,95,0.4048
2026-10-08,2026-10-14,P,340.0,101,38,0.387
2026-10-08,2026-10-14,P,342.5,325,78,0.3672
2026-10-08,2026-10-14,P,345.0,213,113,0.3464
2026-10-08,2026-10-14,P,347.5,140,332,0.3335
2026-10-08,2026-10-14,P,350.0,427,250,0.3232
2026-10-08,2026-10-14,P,352.5,184,298,0.338
2026-10-08,2026-10-14,P,355.0,161,466,0.3223
2026-10-08,2026-10-14,P,357.5,124,278,0.3143
2026-10-08,2026-10-14,P,365.0,98,736,0.3151
2026-10-08,2026-10-14,P,370.0,163,179,0.3782
2026-10-08,2026-10-14,P,382.5,8,8,0.4951
2026-10-08,2026-10-14,P,392.5,6,5,0.6072
2026-10-08,2026-10-14,P,405.0,0,6,0.523
2026-10-08,2026-10-16,C,310.0,270,1,0.6104
2026-10-08,2026-10-16,C,315.0,24,60,0.593
2026-10-08,2026-10-16,C,320.0,203,6,0.697
2026-10-08,2026-10-16,C,325.0,69,49,0.636
2026-10-08,2026-10-16,C,330.0,1442,7,0.579
2026-10-08,2026-10-16,C,332.5,20,28,0.5544
2026-10-08,2026-10-16,C,335.0,62,4,0.5286
2026-10-08,2026-10-16,C,337.5,199,2,0.506
2026-10-08,2026-10-16,C,340.0,2420,43,0.4856
2026-10-08,2026-10-16,C,342.5,325,5,0.4407
2026-10-08,2026-10-16,C,345.0,356,16,0.4102
2026-10-08,2026-10-16,C,347.5,370,4,0.4371
2026-10-08,2026-10-16,C,350.0,3650,220,0.4034
2026-10-08,2026-10-16,C,352.5,544,12,0.4213
2026-10-08,2026-10-16,C,355.0,654,248,0.4126
2026-10-08,2026-10-16,C,357.5,702,188,0.36
2026-10-08,2026-10-16,C,360.0,6512,1013,0.3589
2026-10-08,2026-10-16,C,362.5,2132,813,0.4036
2026-10-08,2026-10-16,C,365.0,1926,1383,0.3536
2026-10-08,2026-10-16,C,367.5,650,1084,0.3597
2026-10-08,2026-10-16,C,370.0,10933,2068,0.3784
2026-10-08,2026-10-16,C,372.5,919,740,0.3606
2026-10-08,2026-10-16,C,375.0,3794,1268,0.3627
2026-10-08,2026-10-16,C,377.5,779,764,0.3582
2026-10-08,2026-10-16,C,380.0,11779,2525,0.3669
2026-10-08,2026-10-16,C,382.5,565,259,0.3667
2026-10-08,2026-10-16,C,385.0,3468,1122,0.3685
2026-10-08,2026-10-16,C,390.0,10853,2287,0.3782
2026-10-08,2026-10-16,C,395.0,1166,289,0.4019
2026-10-08,2026-10-16,C,400.0,17904,2075,0.4092
2026-10-08,2026-10-16,C,405.0,6582,895,0.4365
2026-10-08,2026-10-16,C,410.0,19436,530,0.4448
2026-10-08,2026-10-16,P,310.0,8566,84,0.5342
2026-10-08,2026-10-16,P,315.0,591,77,0.522
2026-10-08,2026-10-16,P,320.0,9217,400,0.4951
2026-10-08,2026-10-16,P,325.0,1596,102,0.4522
2026-10-08,2026-10-16,P,330.0,9241,365,0.4285
2026-10-08,2026-10-16,P,332.5,973,159,0.3987
2026-10-08,2026-10-16,P,335.0,3429,1315,0.3926
2026-10-08,2026-10-16,P,337.5,1158,159,0.3821
2026-10-08,2026-10-16,P,340.0,11168,525,0.3689
2026-10-08,2026-10-16,P,342.5,514,301,0.3611
2026-10-08,2026-10-16,P,345.0,1501,586,0.3573
2026-10-08,2026-10-16,P,347.5,1289,454,0.3499
2026-10-08,2026-10-16,P,350.0,7583,1319,0.3466
2026-10-08,2026-10-16,P,352.5,842,249,0.344
2026-10-08,2026-10-16,P,355.0,2703,1125,0.3423
2026-10-08,2026-10-16,P,357.5,376,281,0.3413
2026-10-08,2026-10-16,P,360.0,5502,937,0.3408
2026-10-08,2026-10-16,P,362.5,744,675,0.3405
2026-10-08,2026-10-16,P,365.0,1868,798,0.3506
2026-10-08,2026-10-16,P,367.5,455,523,0.3434
2026-10-08,2026-10-16,P,370.0,5516,594,0.3643
2026-10-08,2026-10-16,P,372.5,301,51,0.3717
2026-10-08,2026-10-16,P,375.0,716,345,0.364
2026-10-08,2026-10-16,P,377.5,284,3,0.4094
2026-10-08,2026-10-16,P,380.0,5021,30,0.4055
2026-10-08,2026-10-16,P,382.5,79,38,0.4631
2026-10-08,2026-10-16,P,385.0,160,10,0.4324
2026-10-08,2026-10-16,P,390.0,2577,40,0.4854
2026-10-08,2026-10-16,P,395.0,66,5,0.5636
2026-10-08,2026-10-16,P,400.0,3028,49,0.5928
2026-10-08,2026-10-16,P,405.0,2,3,0.6382
2026-10-08,2026-10-16,P,410.0,563,3,0.6814
