fecha,exp,tipo,strike,oi,vol,iv
2026-09-24,2026-09-25,C,102.0,1204,94,1.5625
2026-09-24,2026-09-25,C,103.0,8529,110,1.5
2026-09-24,2026-09-25,C,104.0,3574,52,1.9688
2026-09-24,2026-09-25,C,105.0,2571,151,1.375
2026-09-24,2026-09-25,C,106.0,1000,52,1.3125
2026-09-24,2026-09-25,C,107.0,1617,237,1.4688
2026-09-24,2026-09-25,C,108.0,1006,117,1.3906
2026-09-24,2026-09-25,C,109.0,2930,82,1.1406
2026-09-24,2026-09-25,C,110.0,7016,853,1.0781
2026-09-24,2026-09-25,C,111.0,735,49,1.0313
2026-09-24,2026-09-25,C,112.0,1670,334,1.125
2026-09-24,2026-09-25,C,113.0,2498,176,1.0547
2026-09-24,2026-09-25,C,114.0,7367,105,0.9844
2026-09-24,2026-09-25,C,115.0,6758,658,0.7813
2026-09-24,2026-09-25,C,116.0,1102,216,0.8516
2026-09-24,2026-09-25,C,117.0,1690,266,0.8555
2026-09-24,2026-09-25,C,118.0,6668,329,0.832
2026-09-24,2026-09-25,C,119.0,1049,921,0.7969
2026-09-24,2026-09-25,C,120.0,9687,8019,0.8066
2026-09-24,2026-09-25,C,121.0,2530,2992,0.7656
2026-09-24,2026-09-25,C,122.0,3636,11874,0.75
2026-09-24,2026-09-25,C,123.0,3935,15177,0.7422
2026-09-24,2026-09-25,C,124.0,3351,22872,0.7324
2026-09-24,2026-09-25,C,125.0,10033,86356,0.73
2026-09-24,2026-09-25,C,126.0,3097,35951,0.7275
2026-09-24,2026-09-25,C,127.0,2258,30464,0.7334
2026-09-24,2026-09-25,C,128.0,2489,17825,0.7407
2026-09-24,2026-09-25,C,129.0,1157,11919,0.75
2026-09-24,2026-09-25,C,130.0,13012,51613,0.7568
2026-09-24,2026-09-25,C,131.0,1086,7906,0.7715
2026-09-24,2026-09-25,C,132.0,19916,10474,0.7822
2026-09-24,2026-09-25,C,133.0,1143,2813,0.7969
2026-09-24,2026-09-25,C,134.0,1758,2532,0.8105
2026-09-24,2026-09-25,C,135.0,10998,10052,0.8252
2026-09-24,2026-09-25,C,136.0,899,1250,0.8398
2026-09-24,2026-09-25,C,137.0,2429,1485,0.8477
2026-09-24,2026-09-25,C,140.0,5549,4859,0.875
2026-09-24,2026-09-25,C,145.0,2116,2030,0.9922
2026-09-24,2026-09-25,C,150.0,8073,2110,1.0938
2026-09-24,2026-09-25,P,102.0,1255,1049,1.4688
2026-09-24,2026-09-25,P,103.0,1413,155,1.4063
2026-09-24,2026-09-25,P,104.0,1030,126,1.375
2026-09-24,2026-09-25,P,105.0,3369,667,1.3125
2026-09-24,2026-09-25,P,106.0,2038,471,1.25
2026-09-24,2026-09-25,P,107.0,1295,382,1.1875
2026-09-24,2026-09-25,P,108.0,1877,1001,1.125
2026-09-24,2026-09-25,P,109.0,1439,435,1.0625
2026-09-24,2026-09-25,P,110.0,16431,8939,1.0
2026-09-24,2026-09-25,P,111.0,1078,543,0.9375
2026-09-24,2026-09-25,P,112.0,2048,1371,1.0469
2026-09-24,2026-09-25,P,113.0,1596,1289,0.9375
2026-09-24,2026-09-25,P,114.0,2006,3676,0.9375
2026-09-24,2026-09-25,P,115.0,4958,9664,0.875
2026-09-24,2026-09-25,P,116.0,3893,5644,0.8828
2026-09-24,2026-09-25,P,117.0,2058,4753,0.8438
2026-09-24,2026-09-25,P,118.0,4406,9110,0.8047
2026-09-24,2026-09-25,P,119.0,2248,11694,0.7813
2026-09-24,2026-09-25,P,120.0,5770,19227,0.7676
2026-09-24,2026-09-25,P,121.0,2453,10052,0.7529
2026-09-24,2026-09-25,P,122.0,1821,15936,0.7393
2026-09-24,2026-09-25,P,123.0,4734,17949,0.7334
2026-09-24,2026-09-25,P,124.0,672,11244,0.7275
2026-09-24,2026-09-25,P,125.0,935,17543,0.7236
2026-09-24,2026-09-25,P,126.0,127,5861,0.7236
2026-09-24,2026-09-25,P,127.0,190,4309,0.73
2026-09-24,2026-09-25,P,128.0,60,1290,0.7373
2026-09-24,2026-09-25,P,129.0,59,179,0.748
2026-09-24,2026-09-25,P,130.0,120,3226,0.7461
2026-09-24,2026-09-25,P,131.0,27,81,0.7647
2026-09-24,2026-09-25,P,132.0,33,52,0.7822
2026-09-24,2026-09-25,P,133.0,11,77,0.791
2026-09-24,2026-09-25,P,134.0,8,23,0.791
2026-09-24,2026-09-25,P,135.0,21,80,0.8066
2026-09-24,2026-09-25,P,136.0,47,134,0.8008
2026-09-24,2026-09-25,P,137.0,60,21,0.8691
2026-09-24,2026-09-25,P,140.0,18,109,0.8633
2026-09-24,2026-09-25,P,145.0,101,109,1.125
2026-09-24,2026-09-25,P,150.0,1,20,1.375
2026-09-24,2026-09-28,C,102.0,52,1,0.9063
2026-09-24,2026-09-28,C,103.0,88,5,0.8711
2026-09-24,2026-09-28,C,104.0,70,4,0.8359
2026-09-24,2026-09-28,C,105.0,156,28,0.8633
2026-09-24,2026-09-28,C,106.0,135,23,0.8242
2026-09-24,2026-09-28,C,107.0,52,16,0.7891
2026-09-24,2026-09-28,C,108.0,60,18,0.75
2026-09-24,2026-09-28,C,109.0,115,33,0.7539
2026-09-24,2026-09-28,C,110.0,859,46,0.7168
2026-09-24,2026-09-28,C,111.0,90,23,0.709
2026-09-24,2026-09-28,C,112.0,97,33,0.6699
2026-09-24,2026-09-28,C,113.0,148,87,0.6777
2026-09-24,2026-09-28,C,114.0,28,10,0.6367
2026-09-24,2026-09-28,C,115.0,216,66,0.6309
2026-09-24,2026-09-28,C,116.0,84,41,0.6182
2026-09-24,2026-09-28,C,117.0,114,58,0.5996
2026-09-24,2026-09-28,C,118.0,142,45,0.5977
2026-09-24,2026-09-28,C,119.0,159,229,0.5869
2026-09-24,2026-09-28,C,120.0,737,500,0.585
2026-09-24,2026-09-28,C,121.0,485,479,0.5737
2026-09-24,2026-09-28,C,122.0,597,1290,0.5737
2026-09-24,2026-09-28,C,123.0,303,1329,0.5698
2026-09-24,2026-09-28,C,124.0,332,1872,0.5674
2026-09-24,2026-09-28,C,125.0,2295,5746,0.5654
2026-09-24,2026-09-28,C,126.0,381,2947,0.5728
2026-09-24,2026-09-28,C,127.0,1140,2507,0.5745
2026-09-24,2026-09-28,C,130.0,2253,8641,0.5869
2026-09-24,2026-09-28,C,135.0,1060,2069,0.6147
2026-09-24,2026-09-28,C,140.0,476,576,0.6533
2026-09-24,2026-09-28,C,145.0,382,520,0.6963
2026-09-24,2026-09-28,C,150.0,317,1638,0.752
2026-09-24,2026-09-28,P,102.0,175,89,0.9063
2026-09-24,2026-09-28,P,103.0,57,15,0.8867
2026-09-24,2026-09-28,P,104.0,77,21,0.8516
2026-09-24,2026-09-28,P,105.0,812,30,0.7656
2026-09-24,2026-09-28,P,106.0,142,8,0.7656
2026-09-24,2026-09-28,P,107.0,96,26,0.7578
2026-09-24,2026-09-28,P,108.0,142,76,0.7617
2026-09-24,2026-09-28,P,109.0,372,28,0.7227
2026-09-24,2026-09-28,P,110.0,839,203,0.6953
2026-09-24,2026-09-28,P,111.0,106,148,0.6719
2026-09-24,2026-09-28,P,112.0,148,166,0.6602
2026-09-24,2026-09-28,P,113.0,476,116,0.6602
2026-09-24,2026-09-28,P,114.0,881,289,0.625
2026-09-24,2026-09-28,P,115.0,528,1503,0.6279
2026-09-24,2026-09-28,P,116.0,344,264,0.6035
2026-09-24,2026-09-28,P,117.0,493,322,0.5898
2026-09-24,2026-09-28,P,118.0,179,373,0.5811
2026-09-24,2026-09-28,P,119.0,412,1908,0.5762
2026-09-24,2026-09-28,P,120.0,1993,2251,0.5752
2026-09-24,2026-09-28,P,121.0,350,923,0.5654
2026-09-24,2026-09-28,P,122.0,118,3283,0.5615
2026-09-24,2026-09-28,P,123.0,99,1662,0.5576
2026-09-24,2026-09-28,P,124.0,110,1554,0.561
2026-09-24,2026-09-28,P,125.0,658,4075,0.5603
2026-09-24,2026-09-28,P,126.0,4,548,0.563
2026-09-24,2026-09-28,P,127.0,1,302,0.5689
2026-09-24,2026-09-28,P,130.0,54,66,0.5762
2026-09-24,2026-09-28,P,135.0,23,19,0.5996
2026-09-24,2026-09-28,P,140.0,1,2,0.624
2026-09-24,2026-09-28,P,145.0,2,14,0.6641
2026-09-24,2026-09-28,P,150.0,11,6,0.6875
2026-09-24,2026-09-30,C,102.0,114,15,0.8711
2026-09-24,2026-09-30,C,103.0,26,27,0.9736
2026-09-24,2026-09-30,C,104.0,7,23,0.8564
2026-09-24,2026-09-30,C,105.0,142,37,0.8223
2026-09-24,2026-09-30,C,106.0,83,9,0.7891
2026-09-24,2026-09-30,C,107.0,50,4,0.7939
2026-09-24,2026-09-30,C,108.0,107,3,0.7588
2026-09-24,2026-09-30,C,109.0,56,15,0.7559
2026-09-24,2026-09-30,C,110.0,883,95,0.748
2026-09-24,2026-09-30,C,111.0,80,12,0.9185
2026-09-24,2026-09-30,C,112.0,394,2,0.7207
2026-09-24,2026-09-30,C,113.0,93,24,0.7022
2026-09-24,2026-09-30,C,114.0,75,14,0.6992
2026-09-24,2026-09-30,C,115.0,277,61,0.6914
2026-09-24,2026-09-30,C,116.0,140,39,0.6787
2026-09-24,2026-09-30,C,117.0,234,134,0.6753
2026-09-24,2026-09-30,C,118.0,114,168,0.6724
2026-09-24,2026-09-30,C,119.0,117,51,0.6697
2026-09-24,2026-09-30,C,120.0,686,417,0.6611
2026-09-24,2026-09-30,C,121.0,230,178,0.6621
2026-09-24,2026-09-30,C,122.0,389,392,0.6616
2026-09-24,2026-09-30,C,123.0,630,686,0.6597
2026-09-24,2026-09-30,C,124.0,379,986,0.6599
2026-09-24,2026-09-30,C,125.0,2446,6222,0.6624
2026-09-24,2026-09-30,C,126.0,376,810,0.6589
2026-09-24,2026-09-30,C,127.0,453,1119,0.6614
2026-09-24,2026-09-30,C,128.0,262,682,0.666
2026-09-24,2026-09-30,C,129.0,207,555,0.6724
2026-09-24,2026-09-30,C,130.0,833,2161,0.6699
2026-09-24,2026-09-30,C,135.0,514,2534,0.6975
2026-09-24,2026-09-30,C,140.0,865,1032,0.7241
2026-09-24,2026-09-30,C,145.0,297,37,0.751
2026-09-24,2026-09-30,C,150.0,425,309,0.7822
2026-09-24,2026-09-30,P,102.0,103,6,0.8359
2026-09-24,2026-09-30,P,103.0,267,31,0.8184
2026-09-24,2026-09-30,P,104.0,676,2,0.7852
2026-09-24,2026-09-30,P,105.0,248,43,0.7832
2026-09-24,2026-09-30,P,106.0,473,66,0.7695
2026-09-24,2026-09-30,P,107.0,353,32,0.7539
2026-09-24,2026-09-30,P,108.0,236,24,0.7441
2026-09-24,2026-09-30,P,109.0,244,396,0.7275
2026-09-24,2026-09-30,P,110.0,624,366,0.7109
2026-09-24,2026-09-30,P,111.0,154,456,0.7061
2026-09-24,2026-09-30,P,112.0,118,227,0.6982
2026-09-24,2026-09-30,P,113.0,95,51,0.6885
2026-09-24,2026-09-30,P,114.0,398,130,0.6797
2026-09-24,2026-09-30,P,115.0,588,621,0.6738
2026-09-24,2026-09-30,P,116.0,157,335,0.667
2026-09-24,2026-09-30,P,117.0,168,281,0.6621
2026-09-24,2026-09-30,P,118.0,364,287,0.6582
2026-09-24,2026-09-30,P,119.0,646,275,0.6543
2026-09-24,2026-09-30,P,120.0,973,837,0.6514
2026-09-24,2026-09-30,P,121.0,316,292,0.6509
2026-09-24,2026-09-30,P,122.0,1255,356,0.6492
2026-09-24,2026-09-30,P,123.0,286,424,0.6509
2026-09-24,2026-09-30,P,124.0,156,656,0.6519
2026-09-24,2026-09-30,P,125.0,153,938,0.6489
2026-09-24,2026-09-30,P,126.0,14,219,0.6536
2026-09-24,2026-09-30,P,127.0,36,238,0.656
2026-09-24,2026-09-30,P,128.0,14,37,0.6606
2026-09-24,2026-09-30,P,129.0,18,39,0.6594
2026-09-24,2026-09-30,P,130.0,60,87,0.6643
2026-09-24,2026-09-30,P,135.0,4,24,0.6865
2026-09-24,2026-09-30,P,140.0,8,17,0.7095
2026-09-24,2026-09-30,P,145.0,21,12,0.7324
2026-09-24,2026-09-30,P,150.0,19,40,0.748
2026-09-24,2026-10-02,C,102.0,387,17,0.8584
2026-09-24,2026-10-02,C,103.0,432,22,0.8272
2026-09-24,2026-10-02,C,104.0,464,4,0.8262
2026-09-24,2026-10-02,C,105.0,1844,186,0.8086
2026-09-24,2026-10-02,C,106.0,925,84,0.7891
2026-09-24,2026-10-02,C,107.0,609,111,0.791
2026-09-24,2026-10-02,C,108.0,279,111,0.7783
2026-09-24,2026-10-02,C,109.0,410,36,0.7632
2026-09-24,2026-10-02,C,110.0,13625,428,0.7549
2026-09-24,2026-10-02,C,111.0,397,18,0.7437
2026-09-24,2026-10-02,C,112.0,832,133,0.7368
2026-09-24,2026-10-02,C,113.0,724,69,0.7266
2026-09-24,2026-10-02,C,114.0,1165,146,0.7256
2026-09-24,2026-10-02,C,115.0,15035,2158,0.7202
2026-09-24,2026-10-02,C,116.0,410,54,0.7163
2026-09-24,2026-10-02,C,117.0,352,133,0.709
2026-09-24,2026-10-02,C,118.0,911,103,0.7068
2026-09-24,2026-10-02,C,119.0,401,412,0.7048
2026-09-24,2026-10-02,C,120.0,7630,1403,0.6987
2026-09-24,2026-10-02,C,121.0,1100,2459,0.7043
2026-09-24,2026-10-02,C,122.0,1583,1382,0.6978
2026-09-24,2026-10-02,C,123.0,553,2294,0.6982
2026-09-24,2026-10-02,C,124.0,541,1331,0.7014
2026-09-24,2026-10-02,C,125.0,4710,9764,0.7039
2026-09-24,2026-10-02,C,126.0,620,2565,0.6987
2026-09-24,2026-10-02,C,127.0,435,1173,0.6995
2026-09-24,2026-10-02,C,128.0,357,2120,0.7029
2026-09-24,2026-10-02,C,129.0,377,6496,0.6992
2026-09-24,2026-10-02,C,130.0,5792,9899,0.708
2026-09-24,2026-10-02,C,131.0,1568,287,0.71
2026-09-24,2026-10-02,C,132.0,450,1099,0.7151
2026-09-24,2026-10-02,C,133.0,170,6997,0.72
2026-09-24,2026-10-02,C,135.0,2733,2527,0.7236
2026-09-24,2026-10-02,C,140.0,3123,4458,0.7476
2026-09-24,2026-10-02,C,145.0,713,578,0.7681
2026-09-24,2026-10-02,C,150.0,1994,890,0.7959
2026-09-24,2026-10-02,P,102.0,681,135,0.7832
2026-09-24,2026-10-02,P,103.0,1094,2235,0.7793
2026-09-24,2026-10-02,P,104.0,273,168,0.7617
2026-09-24,2026-10-02,P,105.0,1579,618,0.7549
2026-09-24,2026-10-02,P,106.0,722,2126,0.752
2026-09-24,2026-10-02,P,107.0,429,145,0.7441
2026-09-24,2026-10-02,P,108.0,609,579,0.7354
2026-09-24,2026-10-02,P,109.0,544,114,0.7285
2026-09-24,2026-10-02,P,110.0,2162,1821,0.7197
2026-09-24,2026-10-02,P,111.0,435,217,0.7148
2026-09-24,2026-10-02,P,112.0,1009,228,0.709
2026-09-24,2026-10-02,P,113.0,290,701,0.7022
2026-09-24,2026-10-02,P,114.0,811,826,0.6997
2026-09-24,2026-10-02,P,115.0,1513,1646,0.6943
2026-09-24,2026-10-02,P,116.0,1096,1248,0.6924
2026-09-24,2026-10-02,P,117.0,619,418,0.6895
2026-09-24,2026-10-02,P,118.0,494,344,0.6875
2026-09-24,2026-10-02,P,119.0,465,269,0.6851
2026-09-24,2026-10-02,P,120.0,1587,2056,0.6816
2026-09-24,2026-10-02,P,121.0,553,455,0.6819
2026-09-24,2026-10-02,P,122.0,326,866,0.677
2026-09-24,2026-10-02,P,123.0,596,1336,0.6826
2026-09-24,2026-10-02,P,124.0,331,847,0.6792
2026-09-24,2026-10-02,P,125.0,424,2233,0.6821
2026-09-24,2026-10-02,P,126.0,79,725,0.6838
2026-09-24,2026-10-02,P,127.0,28,820,0.6816
2026-09-24,2026-10-02,P,128.0,10,193,0.6851
2026-09-24,2026-10-02,P,129.0,12,121,0.6877
2026-09-24,2026-10-02,P,130.0,101,196,0.6531
2026-09-24,2026-10-02,P,131.0,12,19,0.7222
2026-09-24,2026-10-02,P,132.0,37,46,0.7412
2026-09-24,2026-10-02,P,133.0,77,86,0.7009
2026-09-24,2026-10-02,P,135.0,92,84,0.707
2026-09-24,2026-10-02,P,140.0,26,2,0.7244
2026-09-24,2026-10-02,P,145.0,25,2,0.7461
2026-09-24,2026-10-02,P,150.0,24,7,0.7539
2026-09-24,2026-10-05,C,104.0,15,0,0.7397
2026-09-24,2026-10-05,C,105.0,26,1,0.7319
2026-09-24,2026-10-05,C,108.0,1,16,0.6963
2026-09-24,2026-10-05,C,110.0,89,13,0.6782
2026-09-24,2026-10-05,C,114.0,4,21,0.6585
2026-09-24,2026-10-05,C,115.0,78,15,0.6602
2026-09-24,2026-10-05,C,116.0,9,4,0.6497
2026-09-24,2026-10-05,C,118.0,13,112,0.6519
2026-09-24,2026-10-05,C,119.0,65,66,0.6475
2026-09-24,2026-10-05,C,120.0,245,99,0.647
2026-09-24,2026-10-05,C,121.0,46,31,0.6431
2026-09-24,2026-10-05,C,122.0,120,75,0.6484
2026-09-24,2026-10-05,C,123.0,95,99,0.6443
2026-09-24,2026-10-05,C,124.0,44,53,0.6428
2026-09-24,2026-10-05,C,125.0,378,1020,0.6409
2026-09-24,2026-10-05,C,126.0,27,436,0.6504
2026-09-24,2026-10-05,C,127.0,37,158,0.6533
2026-09-24,2026-10-05,C,130.0,469,366,0.6523
2026-09-24,2026-10-05,C,135.0,135,153,0.6694
2026-09-24,2026-10-05,C,140.0,371,283,0.6831
2026-09-24,2026-10-05,C,145.0,58,54,0.7026
2026-09-24,2026-10-05,C,150.0,88,102,0.729
2026-09-24,2026-10-05,P,102.0,11,1,0.6973
2026-09-24,2026-10-05,P,103.0,34,12,0.6875
2026-09-24,2026-10-05,P,105.0,400,70,0.6797
2026-09-24,2026-10-05,P,107.0,52,11,0.6768
2026-09-24,2026-10-05,P,108.0,58,50,0.6641
2026-09-24,2026-10-05,P,109.0,32,5,0.6621
2026-09-24,2026-10-05,P,110.0,193,159,0.6553
2026-09-24,2026-10-05,P,111.0,43,8,0.6538
2026-09-24,2026-10-05,P,112.0,107,49,0.6499
2026-09-24,2026-10-05,P,113.0,11,63,0.647
2026-09-24,2026-10-05,P,114.0,6,65,0.6431
2026-09-24,2026-10-05,P,115.0,264,190,0.6475
2026-09-24,2026-10-05,P,117.0,12,19,0.6362
2026-09-24,2026-10-05,P,118.0,82,55,0.6362
2026-09-24,2026-10-05,P,119.0,63,71,0.6333
2026-09-24,2026-10-05,P,120.0,201,73,0.6389
2026-09-24,2026-10-05,P,121.0,32,11,0.6301
2026-09-24,2026-10-05,P,122.0,35,14,0.6379
2026-09-24,2026-10-05,P,123.0,39,121,0.64
2026-09-24,2026-10-05,P,124.0,8,125,0.6387
2026-09-24,2026-10-05,P,125.0,47,60,0.6399
2026-09-24,2026-10-05,P,130.0,71,3,0.6456
2026-09-24,2026-10-05,P,135.0,11,18,0.6602
2026-09-24,2026-10-05,P,140.0,2,5,0.6719
2026-09-24,2026-10-05,P,145.0,1,0,0.6865
2026-09-24,2026-10-05,P,150.0,1,1,0.6992
2026-09-24,2026-10-09,C,102.0,3092,98,0.7822
2026-09-24,2026-10-09,C,103.0,427,73,0.7695
2026-09-24,2026-10-09,C,104.0,105,22,0.7554
2026-09-24,2026-10-09,C,105.0,954,23,0.7466
2026-09-24,2026-10-09,C,106.0,313,2,0.7363
2026-09-24,2026-10-09,C,107.0,114,21,0.73
2026-09-24,2026-10-09,C,108.0,143,13,0.8188
2026-09-24,2026-10-09,C,109.0,417,54,0.721
2026-09-24,2026-10-09,C,110.0,1152,137,0.7134
2026-09-24,2026-10-09,C,111.0,292,1,0.7085
2026-09-24,2026-10-09,C,112.0,185,6,0.7051
2026-09-24,2026-10-09,C,113.0,119,207,0.7031
2026-09-24,2026-10-09,C,114.0,180,147,0.699
2026-09-24,2026-10-09,C,115.0,4760,474,0.696
2026-09-24,2026-10-09,C,116.0,102,81,0.6939
2026-09-24,2026-10-09,C,117.0,178,7,0.6926
2026-09-24,2026-10-09,C,118.0,223,49,0.6919
2026-09-24,2026-10-09,C,119.0,232,102,0.6887
2026-09-24,2026-10-09,C,120.0,7396,487,0.6887
2026-09-24,2026-10-09,C,121.0,621,103,0.6892
2026-09-24,2026-10-09,C,125.0,2712,933,0.688
2026-09-24,2026-10-09,C,130.0,1537,1595,0.6953
2026-09-24,2026-10-09,C,135.0,2507,470,0.7075
2026-09-24,2026-10-09,C,140.0,11952,2806,0.721
2026-09-24,2026-10-09,C,145.0,410,456,0.7346
2026-09-24,2026-10-09,C,150.0,1626,1708,0.7502
2026-09-24,2026-10-09,P,102.0,660,9,0.7124
2026-09-24,2026-10-09,P,103.0,1371,63,0.707
2026-09-24,2026-10-09,P,104.0,707,74,0.7017
2026-09-24,2026-10-09,P,105.0,343,599,0.6953
2026-09-24,2026-10-09,P,106.0,95,189,0.6919
2026-09-24,2026-10-09,P,107.0,455,143,0.6899
2026-09-24,2026-10-09,P,108.0,124,54,0.6856
2026-09-24,2026-10-09,P,109.0,985,454,0.6826
2026-09-24,2026-10-09,P,110.0,3849,1418,0.6777
2026-09-24,2026-10-09,P,111.0,191,66,0.6763
2026-09-24,2026-10-09,P,112.0,249,265,0.6743
2026-09-24,2026-10-09,P,113.0,92,192,0.6711
2026-09-24,2026-10-09,P,114.0,201,208,0.6694
2026-09-24,2026-10-09,P,115.0,304,305,0.6665
2026-09-24,2026-10-09,P,116.0,51,39,0.6658
2026-09-24,2026-10-09,P,117.0,196,79,0.665
2026-09-24,2026-10-09,P,118.0,141,184,0.6653
2026-09-24,2026-10-09,P,119.0,108,72,0.6648
2026-09-24,2026-10-09,P,120.0,435,474,0.6628
2026-09-24,2026-10-09,P,121.0,199,82,0.6668
2026-09-24,2026-10-09,P,125.0,142,235,0.6697
2026-09-24,2026-10-09,P,130.0,513,54,0.6724
2026-09-24,2026-10-09,P,135.0,60,92,0.686
2026-09-24,2026-10-09,P,140.0,55,10,0.697
2026-09-24,2026-10-09,P,145.0,1,1,0.7105
2026-09-24,2026-10-09,P,150.0,1,0,0.7217
2026-09-25,2026-09-25,C,105.0,2461,460,0.5
2026-09-25,2026-09-25,C,106.0,989,188,1.5
2026-09-25,2026-09-25,C,107.0,1535,643,0.5
2026-09-25,2026-09-25,C,108.0,968,119,0.5
2026-09-25,2026-09-25,C,109.0,2923,2413,1.7617
2026-09-25,2026-09-25,C,110.0,6589,1331,1.0508
2026-09-25,2026-09-25,C,111.0,716,138,0.9766
2026-09-25,2026-09-25,C,112.0,1457,256,0.9063
2026-09-25,2026-09-25,C,113.0,2485,2889,0.832
2026-09-25,2026-09-25,C,114.0,7319,6398,0.7578
2026-09-25,2026-09-25,C,115.0,6419,638,0.7773
2026-09-25,2026-09-25,C,116.0,1087,183,0.6973
2026-09-25,2026-09-25,C,117.0,1600,702,0.5352
2026-09-25,2026-09-25,C,118.0,6642,6277,0.4609
2026-09-25,2026-09-25,C,119.0,1034,244,0.7188
2026-09-25,2026-09-25,C,120.0,7947,2323,0.3574
2026-09-25,2026-09-25,C,121.0,2327,854,0.334
2026-09-25,2026-09-25,C,122.0,2154,5726,0.1777
2026-09-25,2026-09-25,C,123.0,3753,10735,0.0586
2026-09-25,2026-09-25,C,124.0,4095,58694,0.0899
2026-09-25,2026-09-25,C,125.0,11959,88484,0.1563
2026-09-25,2026-09-25,C,126.0,3716,36414,0.2188
2026-09-25,2026-09-25,C,127.0,4604,23718,0.2813
2026-09-25,2026-09-25,C,128.0,3839,31544,0.3438
2026-09-25,2026-09-25,C,129.0,3530,6358,0.3984
2026-09-25,2026-09-25,C,130.0,16383,25878,0.4531
2026-09-25,2026-09-25,C,131.0,3115,2199,0.5078
2026-09-25,2026-09-25,C,132.0,19876,4230,0.5156
2026-09-25,2026-09-25,C,133.0,2510,446,0.5625
2026-09-25,2026-09-25,C,134.0,1667,1231,0.625
2026-09-25,2026-09-25,C,135.0,10950,3031,0.6563
2026-09-25,2026-09-25,C,136.0,949,359,0.7188
2026-09-25,2026-09-25,C,137.0,2486,1439,0.75
2026-09-25,2026-09-25,C,140.0,6123,507,0.875
2026-09-25,2026-09-25,P,105.0,2954,170,1.0625
2026-09-25,2026-09-25,P,106.0,2097,29,1.0313
2026-09-25,2026-09-25,P,107.0,1430,143,0.9688
2026-09-25,2026-09-25,P,108.0,1452,64,0.9688
2026-09-25,2026-09-25,P,109.0,1301,178,0.8438
2026-09-25,2026-09-25,P,110.0,18007,428,0.7813
2026-09-25,2026-09-25,P,111.0,1207,35,0.7188
2026-09-25,2026-09-25,P,112.0,2485,358,0.6719
2026-09-25,2026-09-25,P,113.0,1387,211,0.625
2026-09-25,2026-09-25,P,114.0,2627,922,0.5625
2026-09-25,2026-09-25,P,115.0,5504,1299,0.5
2026-09-25,2026-09-25,P,116.0,3411,1279,0.5078
2026-09-25,2026-09-25,P,117.0,3035,728,0.4219
2026-09-25,2026-09-25,P,118.0,5020,1650,0.3594
2026-09-25,2026-09-25,P,119.0,4294,7898,0.2891
2026-09-25,2026-09-25,P,120.0,8414,20820,0.2266
2026-09-25,2026-09-25,P,121.0,3420,6687,0.1602
2026-09-25,2026-09-25,P,122.0,4153,18883,0.0899
2026-09-25,2026-09-25,P,123.0,4641,20467,0.0586
2026-09-25,2026-09-25,P,124.0,2405,33637,0.165
2026-09-25,2026-09-25,P,125.0,4159,18795,0.2539
2026-09-25,2026-09-25,P,126.0,1269,5282,0.3496
2026-09-25,2026-09-25,P,127.0,2542,1466,0.4316
2026-09-25,2026-09-25,P,128.0,798,475,0.5098
2026-09-25,2026-09-25,P,129.0,117,133,0.5859
2026-09-25,2026-09-25,P,130.0,1078,2335,0.5156
2026-09-25,2026-09-25,P,131.0,30,44,0.7305
2026-09-25,2026-09-25,P,132.0,54,61,0.7988
2026-09-25,2026-09-25,P,133.0,50,65,0.8672
2026-09-25,2026-09-25,P,134.0,19,23,0.5
2026-09-25,2026-09-25,P,135.0,39,205,0.5
2026-09-25,2026-09-25,P,136.0,78,31,1.0625
2026-09-25,2026-09-25,P,137.0,63,12,1.125
2026-09-25,2026-09-25,P,140.0,28,12,1.3047
2026-09-25,2026-09-28,C,105.0,159,44,0.7891
2026-09-25,2026-09-28,C,106.0,145,77,0.75
2026-09-25,2026-09-28,C,107.0,51,34,0.9941
2026-09-25,2026-09-28,C,108.0,53,26,0.9307
2026-09-25,2026-09-28,C,109.0,119,6,0.6289
2026-09-25,2026-09-28,C,110.0,860,58,0.5898
2026-09-25,2026-09-28,C,111.0,89,24,0.5488
2026-09-25,2026-09-28,C,112.0,86,58,0.5527
2026-09-25,2026-09-28,C,113.0,120,86,0.708
2026-09-25,2026-09-28,C,114.0,29,42,0.4981
2026-09-25,2026-09-28,C,115.0,203,118,0.4795
2026-09-25,2026-09-28,C,116.0,83,37,0.5571
2026-09-25,2026-09-28,C,117.0,130,152,0.5322
2026-09-25,2026-09-28,C,118.0,132,29,0.4072
2026-09-25,2026-09-28,C,119.0,232,62,0.4082
2026-09-25,2026-09-28,C,120.0,586,979,0.3945
2026-09-25,2026-09-28,C,121.0,385,429,0.3911
2026-09-25,2026-09-28,C,122.0,663,817,0.385
2026-09-25,2026-09-28,C,123.0,591,2747,0.3855
2026-09-25,2026-09-28,C,124.0,437,8166,0.3877
2026-09-25,2026-09-28,C,125.0,1579,12933,0.3911
2026-09-25,2026-09-28,C,126.0,562,5469,0.3945
2026-09-25,2026-09-28,C,127.0,1199,10033,0.3999
2026-09-25,2026-09-28,C,130.0,3506,7451,0.4219
2026-09-25,2026-09-28,C,135.0,1817,941,0.4785
2026-09-25,2026-09-28,C,140.0,647,468,0.5156
2026-09-25,2026-09-28,P,105.0,793,41,0.6094
2026-09-25,2026-09-28,P,106.0,139,32,0.5938
2026-09-25,2026-09-28,P,107.0,98,121,0.5391
2026-09-25,2026-09-28,P,108.0,171,30,0.543
2026-09-25,2026-09-28,P,109.0,377,103,0.5234
2026-09-25,2026-09-28,P,110.0,851,105,0.5078
2026-09-25,2026-09-28,P,111.0,224,40,0.4727
2026-09-25,2026-09-28,P,112.0,263,133,0.4375
2026-09-25,2026-09-28,P,113.0,517,197,0.4512
2026-09-25,2026-09-28,P,114.0,994,225,0.4219
2026-09-25,2026-09-28,P,115.0,1290,1618,0.4043
2026-09-25,2026-09-28,P,116.0,358,1162,0.3926
2026-09-25,2026-09-28,P,117.0,568,1874,0.3857
2026-09-25,2026-09-28,P,118.0,377,3183,0.3809
2026-09-25,2026-09-28,P,119.0,536,1004,0.3779
2026-09-25,2026-09-28,P,120.0,2689,5914,0.3779
2026-09-25,2026-09-28,P,121.0,416,3135,0.3784
2026-09-25,2026-09-28,P,122.0,1325,3855,0.3809
2026-09-25,2026-09-28,P,123.0,613,4730,0.3836
2026-09-25,2026-09-28,P,124.0,707,4353,0.3877
2026-09-25,2026-09-28,P,125.0,2764,7257,0.395
2026-09-25,2026-09-28,P,126.0,335,761,0.4082
2026-09-25,2026-09-28,P,127.0,214,432,0.4204
2026-09-25,2026-09-28,P,130.0,62,1066,0.4492
2026-09-25,2026-09-28,P,135.0,27,4,0.5391
2026-09-25,2026-09-28,P,140.0,1,9,0.6523
2026-09-25,2026-09-30,C,105.0,124,30,0.6445
2026-09-25,2026-09-30,C,106.0,80,2,0.8945
2026-09-25,2026-09-30,C,107.0,50,4,0.6231
2026-09-25,2026-09-30,C,108.0,106,1,0.8272
2026-09-25,2026-09-30,C,109.0,58,2,0.8013
2026-09-25,2026-09-30,C,110.0,852,38,0.5654
2026-09-25,2026-09-30,C,111.0,84,35,0.7285
2026-09-25,2026-09-30,C,112.0,393,6,0.5581
2026-09-25,2026-09-30,C,113.0,85,17,0.6729
2026-09-25,2026-09-30,C,114.0,83,19,0.5503
2026-09-25,2026-09-30,C,115.0,299,36,0.54
2026-09-25,2026-09-30,C,116.0,137,2,0.5303
2026-09-25,2026-09-30,C,117.0,254,66,0.5364
2026-09-25,2026-09-30,C,118.0,224,39,0.5337
2026-09-25,2026-09-30,C,119.0,132,24,0.5327
2026-09-25,2026-09-30,C,120.0,632,373,0.5327
2026-09-25,2026-09-30,C,121.0,202,120,0.5337
2026-09-25,2026-09-30,C,122.0,411,95,0.5308
2026-09-25,2026-09-30,C,123.0,644,5769,0.5366
2026-09-25,2026-09-30,C,124.0,427,2918,0.5393
2026-09-25,2026-09-30,C,125.0,4290,5377,0.551
2026-09-25,2026-09-30,C,126.0,560,3144,0.5425
2026-09-25,2026-09-30,C,127.0,677,2195,0.5444
2026-09-25,2026-09-30,C,128.0,463,1961,0.5466
2026-09-25,2026-09-30,C,129.0,349,1007,0.5525
2026-09-25,2026-09-30,C,130.0,1521,7855,0.5562
2026-09-25,2026-09-30,C,135.0,2190,1610,0.5811
2026-09-25,2026-09-30,C,140.0,943,548,0.6104
2026-09-25,2026-09-30,P,105.0,253,57,0.6152
2026-09-25,2026-09-30,P,106.0,521,22,0.6016
2026-09-25,2026-09-30,P,107.0,347,15,0.5938
2026-09-25,2026-09-30,P,108.0,229,13,0.584
2026-09-25,2026-09-30,P,109.0,315,66,0.5713
2026-09-25,2026-09-30,P,110.0,715,452,0.5654
2026-09-25,2026-09-30,P,111.0,543,124,0.5566
2026-09-25,2026-09-30,P,112.0,250,330,0.5503
2026-09-25,2026-09-30,P,113.0,134,147,0.5435
2026-09-25,2026-09-30,P,114.0,480,196,0.5386
2026-09-25,2026-09-30,P,115.0,856,953,0.5376
2026-09-25,2026-09-30,P,116.0,272,465,0.5317
2026-09-25,2026-09-30,P,117.0,309,245,0.5298
2026-09-25,2026-09-30,P,118.0,351,544,0.5288
2026-09-25,2026-09-30,P,119.0,627,260,0.5283
2026-09-25,2026-09-30,P,120.0,1144,869,0.5269
2026-09-25,2026-09-30,P,121.0,399,420,0.5278
2026-09-25,2026-09-30,P,122.0,1339,870,0.5278
2026-09-25,2026-09-30,P,123.0,470,1343,0.5286
2026-09-25,2026-09-30,P,124.0,410,1093,0.5308
2026-09-25,2026-09-30,P,125.0,350,578,0.5332
2026-09-25,2026-09-30,P,126.0,134,192,0.5369
2026-09-25,2026-09-30,P,127.0,209,623,0.542
2026-09-25,2026-09-30,P,128.0,20,32,0.54
2026-09-25,2026-09-30,P,129.0,35,40,0.5457
2026-09-25,2026-09-30,P,130.0,121,82,0.5498
2026-09-25,2026-09-30,P,135.0,27,2,0.5693
2026-09-25,2026-09-30,P,140.0,24,3,0.6582
2026-09-25,2026-10-02,C,105.0,1831,166,0.6621
2026-09-25,2026-10-02,C,106.0,911,80,0.6553
2026-09-25,2026-10-02,C,107.0,600,23,0.6445
2026-09-25,2026-10-02,C,108.0,258,60,0.6397
2026-09-25,2026-10-02,C,109.0,417,23,0.6231
2026-09-25,2026-10-02,C,110.0,13408,454,0.6338
2026-09-25,2026-10-02,C,111.0,391,54,0.6035
2026-09-25,2026-10-02,C,112.0,813,43,0.6231
2026-09-25,2026-10-02,C,113.0,723,26,0.5942
2026-09-25,2026-10-02,C,114.0,1171,58,0.6162
2026-09-25,2026-10-02,C,115.0,14601,675,0.5967
2026-09-25,2026-10-02,C,116.0,438,118,0.5962
2026-09-25,2026-10-02,C,117.0,381,215,0.6357
2026-09-25,2026-10-02,C,118.0,936,75,0.596
2026-09-25,2026-10-02,C,119.0,477,54,0.5654
2026-09-25,2026-10-02,C,120.0,7414,932,0.6333
2026-09-25,2026-10-02,C,121.0,2353,1138,0.6113
2026-09-25,2026-10-02,C,122.0,1567,244,0.5989
2026-09-25,2026-10-02,C,123.0,627,989,0.5955
2026-09-25,2026-10-02,C,124.0,681,1858,0.6008
2026-09-25,2026-10-02,C,125.0,5974,8127,0.5979
2026-09-25,2026-10-02,C,126.0,1559,4750,0.604
2026-09-25,2026-10-02,C,127.0,674,1903,0.6047
2026-09-25,2026-10-02,C,128.0,1008,1284,0.6074
2026-09-25,2026-10-02,C,129.0,6479,1183,0.624
2026-09-25,2026-10-02,C,130.0,6441,9179,0.614
2026-09-25,2026-10-02,C,131.0,1553,2711,0.6172
2026-09-25,2026-10-02,C,132.0,780,918,0.6231
2026-09-25,2026-10-02,C,133.0,6421,496,0.6255
2026-09-25,2026-10-02,C,135.0,3465,3292,0.6421
2026-09-25,2026-10-02,C,140.0,3231,2958,0.6572
2026-09-25,2026-10-02,P,105.0,1895,1192,0.6201
2026-09-25,2026-10-02,P,106.0,2668,125,0.6191
2026-09-25,2026-10-02,P,107.0,449,310,0.6123
2026-09-25,2026-10-02,P,108.0,809,161,0.6021
2026-09-25,2026-10-02,P,109.0,585,818,0.6035
2026-09-25,2026-10-02,P,110.0,2568,2662,0.5938
2026-09-25,2026-10-02,P,111.0,376,448,0.6064
2026-09-25,2026-10-02,P,112.0,1030,1014,0.5933
2026-09-25,2026-10-02,P,113.0,594,304,0.6001
2026-09-25,2026-10-02,P,114.0,1202,922,0.5855
2026-09-25,2026-10-02,P,115.0,2169,4147,0.5898
2026-09-25,2026-10-02,P,116.0,961,1052,0.5898
2026-09-25,2026-10-02,P,117.0,828,361,0.5855
2026-09-25,2026-10-02,P,118.0,653,888,0.5825
2026-09-25,2026-10-02,P,119.0,588,596,0.5813
2026-09-25,2026-10-02,P,120.0,1859,4245,0.5898
2026-09-25,2026-10-02,P,121.0,841,789,0.5864
2026-09-25,2026-10-02,P,122.0,651,530,0.585
2026-09-25,2026-10-02,P,123.0,980,1453,0.5818
2026-09-25,2026-10-02,P,124.0,470,1082,0.5698
2026-09-25,2026-10-02,P,125.0,1682,5420,0.5874
2026-09-25,2026-10-02,P,126.0,294,466,0.5935
2026-09-25,2026-10-02,P,127.0,591,607,0.5947
2026-09-25,2026-10-02,P,128.0,148,49,0.5984
2026-09-25,2026-10-02,P,129.0,85,35,0.5977
2026-09-25,2026-10-02,P,130.0,220,366,0.6003
2026-09-25,2026-10-02,P,131.0,30,41,0.6069
2026-09-25,2026-10-02,P,132.0,76,4,0.6099
2026-09-25,2026-10-02,P,133.0,109,41,0.5425
2026-09-25,2026-10-02,P,135.0,120,73,0.6235
2026-09-25,2026-10-02,P,140.0,26,53,0.6431
2026-09-25,2026-10-05,C,105.0,26,2,0.6074
2026-09-25,2026-10-05,C,108.0,15,16,0.5908
2026-09-25,2026-10-05,C,110.0,97,22,0.6868
2026-09-25,2026-10-05,C,114.0,25,21,0.5635
2026-09-25,2026-10-05,C,115.0,72,10,0.564
2026-09-25,2026-10-05,C,116.0,8,2,0.5566
2026-09-25,2026-10-05,C,118.0,33,4,0.5181
2026-09-25,2026-10-05,C,119.0,38,1,0.5173
2026-09-25,2026-10-05,C,120.0,249,60,0.5554
2026-09-25,2026-10-05,C,121.0,45,23,0.5574
2026-09-25,2026-10-05,C,122.0,108,48,0.5286
2026-09-25,2026-10-05,C,123.0,117,238,0.5608
2026-09-25,2026-10-05,C,124.0,46,87,0.5388
2026-09-25,2026-10-05,C,125.0,613,910,0.5691
2026-09-25,2026-10-05,C,126.0,180,205,0.5691
2026-09-25,2026-10-05,C,127.0,131,193,0.5715
2026-09-25,2026-10-05,C,130.0,547,560,0.5884
2026-09-25,2026-10-05,C,135.0,233,185,0.5996
2026-09-25,2026-10-05,C,140.0,343,153,0.6128
2026-09-25,2026-10-05,P,105.0,419,32,0.5781
2026-09-25,2026-10-05,P,107.0,56,32,0.5654
2026-09-25,2026-10-05,P,108.0,98,1,0.5601
2026-09-25,2026-10-05,P,109.0,36,2,0.5698
2026-09-25,2026-10-05,P,110.0,253,156,0.5532
2026-09-25,2026-10-05,P,111.0,47,9,0.5527
2026-09-25,2026-10-05,P,112.0,143,39,0.5508
2026-09-25,2026-10-05,P,113.0,65,50,0.5501
2026-09-25,2026-10-05,P,114.0,66,66,0.5486
2026-09-25,2026-10-05,P,115.0,352,92,0.5479
2026-09-25,2026-10-05,P,117.0,25,91,0.5471
2026-09-25,2026-10-05,P,118.0,85,144,0.5606
2026-09-25,2026-10-05,P,119.0,72,59,0.5625
2026-09-25,2026-10-05,P,120.0,237,261,0.5493
2026-09-25,2026-10-05,P,121.0,39,60,0.5483
2026-09-25,2026-10-05,P,122.0,48,71,0.5493
2026-09-25,2026-10-05,P,123.0,92,57,0.552
2026-09-25,2026-10-05,P,124.0,37,37,0.5566
2026-09-25,2026-10-05,P,125.0,75,16,0.5543
2026-09-25,2026-10-05,P,130.0,72,3,0.5664
2026-09-25,2026-10-05,P,135.0,27,8,0.5855
2026-09-25,2026-10-05,P,140.0,5,5,0.606
2026-09-25,2026-10-09,C,105.0,950,38,0.6528
2026-09-25,2026-10-09,C,106.0,312,10,0.6399
2026-09-25,2026-10-09,C,107.0,122,32,0.5679
2026-09-25,2026-10-09,C,108.0,148,15,0.6331
2026-09-25,2026-10-09,C,109.0,437,6,0.6279
2026-09-25,2026-10-09,C,110.0,1149,53,0.5923
2026-09-25,2026-10-09,C,111.0,291,16,0.6255
2026-09-25,2026-10-09,C,112.0,186,2,0.6272
2026-09-25,2026-10-09,C,113.0,173,36,0.5991
2026-09-25,2026-10-09,C,114.0,192,14,0.5991
2026-09-25,2026-10-09,C,115.0,4769,93,0.6235
2026-09-25,2026-10-09,C,116.0,107,3,0.6199
2026-09-25,2026-10-09,C,117.0,173,26,0.5967
2026-09-25,2026-10-09,C,118.0,251,10,0.5967
2026-09-25,2026-10-09,C,119.0,222,60,0.615
2026-09-25,2026-10-09,C,120.0,7468,7536,0.6194
2026-09-25,2026-10-09,C,121.0,623,28,0.621
2026-09-25,2026-10-09,C,125.0,2750,1662,0.626
2026-09-25,2026-10-09,C,130.0,1935,1382,0.637
2026-09-25,2026-10-09,C,135.0,2574,510,0.6523
2026-09-25,2026-10-09,C,140.0,12833,1380,0.6692
2026-09-25,2026-10-09,P,105.0,638,126,0.5981
2026-09-25,2026-10-09,P,106.0,243,160,0.6118
2026-09-25,2026-10-09,P,107.0,576,107,0.6086
2026-09-25,2026-10-09,P,108.0,148,216,0.6177
2026-09-25,2026-10-09,P,109.0,985,61,0.6108
2026-09-25,2026-10-09,P,110.0,4468,747,0.6021
2026-09-25,2026-10-09,P,111.0,219,96,0.616
2026-09-25,2026-10-09,P,112.0,318,138,0.6091
2026-09-25,2026-10-09,P,113.0,222,376,0.5991
2026-09-25,2026-10-09,P,114.0,257,302,0.605
2026-09-25,2026-10-09,P,115.0,368,2016,0.5989
2026-09-25,2026-10-09,P,116.0,63,208,0.599
2026-09-25,2026-10-09,P,117.0,224,227,0.5996
2026-09-25,2026-10-09,P,118.0,297,509,0.5994
2026-09-25,2026-10-09,P,119.0,125,178,0.5991
2026-09-25,2026-10-09,P,120.0,554,235,0.6013
2026-09-25,2026-10-09,P,121.0,211,49,0.6006
2026-09-25,2026-10-09,P,125.0,283,133,0.6084
2026-09-25,2026-10-09,P,130.0,562,21,0.6182
2026-09-25,2026-10-09,P,135.0,102,52,0.5872
2026-09-25,2026-10-09,P,140.0,65,31,0.6482
2026-09-29,2026-09-30,C,99.0,41,9,0.9922
2026-09-29,2026-09-30,C,100.0,228,61,1.5273
2026-09-29,2026-09-30,C,101.0,98,66,0.8828
2026-09-29,2026-09-30,C,102.0,117,45,0.8867
2026-09-29,2026-09-30,C,103.0,33,19,0.832
2026-09-29,2026-09-30,C,104.0,51,8,0.7734
2026-09-29,2026-09-30,C,105.0,144,38,0.7148
2026-09-29,2026-09-30,C,106.0,96,21,0.6582
2026-09-29,2026-09-30,C,107.0,78,16,0.6367
2026-09-29,2026-09-30,C,108.0,117,28,0.5742
2026-09-29,2026-09-30,C,109.0,65,76,0.5645
2026-09-29,2026-09-30,C,110.0,855,633,0.5371
2026-09-29,2026-09-30,C,111.0,128,227,0.54
2026-09-29,2026-09-30,C,112.0,386,259,0.5098
2026-09-29,2026-09-30,C,113.0,152,590,0.502
2026-09-29,2026-09-30,C,114.0,292,969,0.4824
2026-09-29,2026-09-30,C,115.0,2304,6382,0.4697
2026-09-29,2026-09-30,C,116.0,3189,10722,0.4629
2026-09-29,2026-09-30,C,117.0,1386,31236,0.4619
2026-09-29,2026-09-30,C,118.0,2471,20022,0.4619
2026-09-29,2026-09-30,C,119.0,1947,17345,0.4644
2026-09-29,2026-09-30,C,120.0,4105,23954,0.4717
2026-09-29,2026-09-30,C,121.0,5854,9463,0.4775
2026-09-29,2026-09-30,C,122.0,1052,5879,0.4932
2026-09-29,2026-09-30,C,123.0,6368,5176,0.5078
2026-09-29,2026-09-30,C,124.0,2387,4653,0.5078
2026-09-29,2026-09-30,C,125.0,4848,6403,0.5391
2026-09-29,2026-09-30,C,126.0,1159,1559,0.5469
2026-09-29,2026-09-30,C,127.0,4986,1076,0.5898
2026-09-29,2026-09-30,C,128.0,1954,1180,0.6016
2026-09-29,2026-09-30,C,129.0,494,305,0.6016
2026-09-29,2026-09-30,C,130.0,3951,3452,0.6406
2026-09-29,2026-09-30,C,131.0,1014,34,0.6719
2026-09-29,2026-09-30,C,132.0,363,235,0.7188
2026-09-29,2026-09-30,C,133.0,652,178,0.6563
2026-09-29,2026-09-30,P,99.0,302,5,0.8906
2026-09-29,2026-09-30,P,100.0,602,74,0.7188
2026-09-29,2026-09-30,P,101.0,56,15,0.7344
2026-09-29,2026-09-30,P,102.0,244,195,0.625
2026-09-29,2026-09-30,P,103.0,325,76,0.6406
2026-09-29,2026-09-30,P,104.0,784,379,0.5938
2026-09-29,2026-09-30,P,105.0,557,672,0.5
2026-09-29,2026-09-30,P,106.0,897,435,0.5234
2026-09-29,2026-09-30,P,107.0,612,1130,0.5078
2026-09-29,2026-09-30,P,108.0,723,610,0.5117
2026-09-29,2026-09-30,P,109.0,414,854,0.4844
2026-09-29,2026-09-30,P,110.0,1476,3825,0.4766
2026-09-29,2026-09-30,P,111.0,1260,2151,0.4766
2026-09-29,2026-09-30,P,112.0,1270,2598,0.4668
2026-09-29,2026-09-30,P,113.0,1994,5714,0.46
2026-09-29,2026-09-30,P,114.0,1997,6628,0.4561
2026-09-29,2026-09-30,P,115.0,2483,9702,0.4517
2026-09-29,2026-09-30,P,116.0,2889,10607,0.4482
2026-09-29,2026-09-30,P,117.0,1064,8192,0.4468
2026-09-29,2026-09-30,P,118.0,1092,7809,0.4487
2026-09-29,2026-09-30,P,119.0,638,1199,0.4683
2026-09-29,2026-09-30,P,120.0,2756,1407,0.4619
2026-09-29,2026-09-30,P,121.0,641,162,0.4775
2026-09-29,2026-09-30,P,122.0,1277,122,0.5078
2026-09-29,2026-09-30,P,123.0,1003,214,0.5254
2026-09-29,2026-09-30,P,124.0,772,141,0.5273
2026-09-29,2026-09-30,P,125.0,400,107,0.5762
2026-09-29,2026-09-30,P,126.0,191,44,0.5313
2026-09-29,2026-09-30,P,127.0,486,2,0.5781
2026-09-29,2026-09-30,P,128.0,32,8,0.6172
2026-09-29,2026-09-30,P,129.0,39,9,0.6563
2026-09-29,2026-09-30,P,130.0,123,266,0.6992
2026-09-29,2026-09-30,P,131.0,36,20,0.7422
2026-09-29,2026-09-30,P,132.0,31,11,0.7813
2026-09-29,2026-09-30,P,133.0,38,7,0.8203
2026-09-29,2026-10-02,C,99.0,365,18,0.8496
2026-09-29,2026-10-02,C,100.0,4673,44,0.8047
2026-09-29,2026-10-02,C,101.0,817,12,0.7832
2026-09-29,2026-10-02,C,102.0,409,12,0.7578
2026-09-29,2026-10-02,C,103.0,423,22,0.7109
2026-09-29,2026-10-02,C,104.0,460,3,0.6992
2026-09-29,2026-10-02,C,105.0,1804,215,0.6807
2026-09-29,2026-10-02,C,106.0,996,234,0.6812
2026-09-29,2026-10-02,C,107.0,605,148,0.6709
2026-09-29,2026-10-02,C,108.0,260,224,0.6533
2026-09-29,2026-10-02,C,109.0,431,300,0.6455
2026-09-29,2026-10-02,C,110.0,12813,614,0.6357
2026-09-29,2026-10-02,C,111.0,1170,367,0.6299
2026-09-29,2026-10-02,C,112.0,874,203,0.6265
2026-09-29,2026-10-02,C,113.0,692,914,0.6187
2026-09-29,2026-10-02,C,114.0,1307,501,0.6221
2026-09-29,2026-10-02,C,115.0,14903,3054,0.6143
2026-09-29,2026-10-02,C,116.0,2578,2617,0.6113
2026-09-29,2026-10-02,C,117.0,1656,3848,0.6106
2026-09-29,2026-10-02,C,118.0,1283,7768,0.6104
2026-09-29,2026-10-02,C,119.0,1553,2598,0.6113
2026-09-29,2026-10-02,C,120.0,9987,23071,0.6118
2026-09-29,2026-10-02,C,121.0,1869,2296,0.6147
2026-09-29,2026-10-02,C,122.0,1905,3943,0.6187
2026-09-29,2026-10-02,C,123.0,1051,2561,0.6226
2026-09-29,2026-10-02,C,124.0,1535,1845,0.6255
2026-09-29,2026-10-02,C,125.0,7860,18142,0.6318
2026-09-29,2026-10-02,C,126.0,4690,2072,0.6397
2026-09-29,2026-10-02,C,127.0,1495,1035,0.6475
2026-09-29,2026-10-02,C,128.0,2769,23941,0.6563
2026-09-29,2026-10-02,C,129.0,6947,629,0.665
2026-09-29,2026-10-02,C,130.0,8872,5014,0.6777
2026-09-29,2026-10-02,C,131.0,4585,734,0.6895
2026-09-29,2026-10-02,C,132.0,1533,239,0.6875
2026-09-29,2026-10-02,C,133.0,6460,724,0.6973
2026-09-29,2026-10-02,P,99.0,2288,286,0.6797
2026-09-29,2026-10-02,P,100.0,2927,1273,0.6641
2026-09-29,2026-10-02,P,101.0,434,560,0.6445
2026-09-29,2026-10-02,P,102.0,907,71,0.6426
2026-09-29,2026-10-02,P,103.0,1223,92,0.6367
2026-09-29,2026-10-02,P,104.0,588,159,0.6338
2026-09-29,2026-10-02,P,105.0,3399,3607,0.6289
2026-09-29,2026-10-02,P,106.0,3406,1323,0.6191
2026-09-29,2026-10-02,P,107.0,1175,886,0.6167
2026-09-29,2026-10-02,P,108.0,1732,1983,0.6094
2026-09-29,2026-10-02,P,109.0,2091,1365,0.6074
2026-09-29,2026-10-02,P,110.0,5657,5991,0.6016
2026-09-29,2026-10-02,P,111.0,1012,2952,0.5996
2026-09-29,2026-10-02,P,112.0,3142,1967,0.5962
2026-09-29,2026-10-02,P,113.0,1564,2173,0.5938
2026-09-29,2026-10-02,P,114.0,1832,2689,0.5918
2026-09-29,2026-10-02,P,115.0,5115,3565,0.5903
2026-09-29,2026-10-02,P,116.0,2262,2607,0.5884
2026-09-29,2026-10-02,P,117.0,1406,1104,0.5879
2026-09-29,2026-10-02,P,118.0,1649,711,0.5879
2026-09-29,2026-10-02,P,119.0,1006,590,0.5879
2026-09-29,2026-10-02,P,120.0,3833,882,0.582
2026-09-29,2026-10-02,P,121.0,907,85,0.5894
2026-09-29,2026-10-02,P,122.0,805,342,0.5864
2026-09-29,2026-10-02,P,123.0,1401,65,0.5869
2026-09-29,2026-10-02,P,124.0,780,145,0.585
2026-09-29,2026-10-02,P,125.0,6347,137,0.5918
2026-09-29,2026-10-02,P,126.0,564,117,0.5898
2026-09-29,2026-10-02,P,127.0,618,5,0.6035
2026-09-29,2026-10-02,P,128.0,179,10,0.5947
2026-09-29,2026-10-02,P,129.0,104,36,0.5918
2026-09-29,2026-10-02,P,130.0,284,103,0.6016
2026-09-29,2026-10-02,P,131.0,54,8,0.5703
2026-09-29,2026-10-02,P,132.0,80,5,0.6016
2026-09-29,2026-10-02,P,133.0,143,1,0.668
2026-09-29,2026-10-05,C,99.0,1,1,0.6797
2026-09-29,2026-10-05,C,100.0,8,1,0.6602
2026-09-29,2026-10-05,C,103.0,2,2,0.6128
2026-09-29,2026-10-05,C,104.0,16,6,0.5947
2026-09-29,2026-10-05,C,105.0,38,2,0.5908
2026-09-29,2026-10-05,C,106.0,1,1,0.5806
2026-09-29,2026-10-05,C,107.0,11,7,0.5723
2026-09-29,2026-10-05,C,108.0,36,4,0.5649
2026-09-29,2026-10-05,C,109.0,8,6,0.563
2026-09-29,2026-10-05,C,110.0,66,13,0.5537
2026-09-29,2026-10-05,C,111.0,11,6,0.5483
2026-09-29,2026-10-05,C,113.0,48,19,0.5479
2026-09-29,2026-10-05,C,114.0,61,114,0.5474
2026-09-29,2026-10-05,C,115.0,377,1378,0.5474
2026-09-29,2026-10-05,C,116.0,278,657,0.5439
2026-09-29,2026-10-05,C,117.0,186,921,0.5439
2026-09-29,2026-10-05,C,118.0,314,1001,0.5454
2026-09-29,2026-10-05,C,119.0,100,389,0.5432
2026-09-29,2026-10-05,C,120.0,895,3145,0.5474
2026-09-29,2026-10-05,C,121.0,249,121,0.5488
2026-09-29,2026-10-05,C,122.0,154,269,0.5498
2026-09-29,2026-10-05,C,123.0,272,255,0.5537
2026-09-29,2026-10-05,C,124.0,175,135,0.5566
2026-09-29,2026-10-05,C,125.0,775,330,0.5635
2026-09-29,2026-10-05,C,126.0,297,288,0.5649
2026-09-29,2026-10-05,C,127.0,213,74,0.5703
2026-09-29,2026-10-05,C,128.0,85,48,0.5762
2026-09-29,2026-10-05,C,129.0,95,24,0.584
2026-09-29,2026-10-05,C,130.0,1376,187,0.5918
2026-09-29,2026-10-05,C,131.0,64,167,0.5977
2026-09-29,2026-10-05,C,132.0,79,48,0.6045
2026-09-29,2026-10-05,C,133.0,23,22,0.6104
2026-09-29,2026-10-05,P,99.0,6,2,0.5801
2026-09-29,2026-10-05,P,100.0,329,13,0.584
2026-09-29,2026-10-05,P,101.0,47,1,0.5586
2026-09-29,2026-10-05,P,102.0,43,9,0.5576
2026-09-29,2026-10-05,P,103.0,37,7,0.5576
2026-09-29,2026-10-05,P,104.0,63,16,0.5479
2026-09-29,2026-10-05,P,105.0,569,89,0.5508
2026-09-29,2026-10-05,P,106.0,193,35,0.5439
2026-09-29,2026-10-05,P,107.0,158,319,0.543
2026-09-29,2026-10-05,P,108.0,127,160,0.5391
2026-09-29,2026-10-05,P,109.0,54,164,0.5371
2026-09-29,2026-10-05,P,110.0,1480,648,0.5347
2026-09-29,2026-10-05,P,111.0,162,161,0.5325
2026-09-29,2026-10-05,P,112.0,1136,65,0.5313
2026-09-29,2026-10-05,P,113.0,109,42,0.5271
2026-09-29,2026-10-05,P,114.0,109,471,0.5288
2026-09-29,2026-10-05,P,115.0,342,2584,0.5283
2026-09-29,2026-10-05,P,116.0,143,617,0.5254
2026-09-29,2026-10-05,P,117.0,160,181,0.5227
2026-09-29,2026-10-05,P,118.0,127,99,0.5247
2026-09-29,2026-10-05,P,119.0,70,48,0.5234
2026-09-29,2026-10-05,P,120.0,312,85,0.5278
2026-09-29,2026-10-05,P,121.0,77,9,0.5254
2026-09-29,2026-10-05,P,122.0,93,12,0.5249
2026-09-29,2026-10-05,P,123.0,118,25,0.5278
2026-09-29,2026-10-05,P,124.0,34,1,0.5298
2026-09-29,2026-10-05,P,125.0,64,6,0.5313
2026-09-29,2026-10-05,P,126.0,153,33,0.5337
2026-09-29,2026-10-05,P,127.0,1,0,0.5371
2026-09-29,2026-10-05,P,128.0,11,2,0.5352
2026-09-29,2026-10-05,P,129.0,13,20,0.5361
2026-09-29,2026-10-05,P,130.0,70,3,0.5303
2026-09-29,2026-10-05,P,131.0,10,1,0.5303
2026-09-29,2026-10-05,P,132.0,6,1,0.54
2026-09-29,2026-10-05,P,133.0,0,1,0.5273
2026-09-29,2026-10-07,C,100.0,10,22,0.6533
2026-09-29,2026-10-07,C,102.0,3,1,0.6382
2026-09-29,2026-10-07,C,106.0,1,4,0.6035
2026-09-29,2026-10-07,C,108.0,1,1,0.5938
2026-09-29,2026-10-07,C,109.0,2,2,0.5889
2026-09-29,2026-10-07,C,110.0,79,4,0.5874
2026-09-29,2026-10-07,C,111.0,5,7,0.5845
2026-09-29,2026-10-07,C,112.0,10,2,0.584
2026-09-29,2026-10-07,C,113.0,2,4,0.582
2026-09-29,2026-10-07,C,115.0,283,268,0.5835
2026-09-29,2026-10-07,C,116.0,71,315,0.583
2026-09-29,2026-10-07,C,118.0,92,175,0.5811
2026-09-29,2026-10-07,C,119.0,22,101,0.5862
2026-09-29,2026-10-07,C,120.0,157,413,0.5855
2026-09-29,2026-10-07,C,121.0,25,37,0.5847
2026-09-29,2026-10-07,C,122.0,35,38,0.5869
2026-09-29,2026-10-07,C,123.0,32,36,0.5933
2026-09-29,2026-10-07,C,124.0,45,19,0.5923
2026-09-29,2026-10-07,C,125.0,313,183,0.5994
2026-09-29,2026-10-07,C,126.0,116,33,0.6055
2026-09-29,2026-10-07,C,127.0,28,42,0.603
2026-09-29,2026-10-07,C,128.0,21,73,0.6064
2026-09-29,2026-10-07,C,129.0,1168,22,0.6152
2026-09-29,2026-10-07,C,130.0,220,1244,0.6167
2026-09-29,2026-10-07,C,131.0,4,37,0.6231
2026-09-29,2026-10-07,C,132.0,13,6,0.626
2026-09-29,2026-10-07,C,133.0,128,5,0.6328
2026-09-29,2026-10-07,P,100.0,59,164,0.6006
2026-09-29,2026-10-07,P,103.0,23,16,0.5869
2026-09-29,2026-10-07,P,104.0,12,2,0.5815
2026-09-29,2026-10-07,P,105.0,238,27,0.5796
2026-09-29,2026-10-07,P,106.0,221,284,0.5772
2026-09-29,2026-10-07,P,108.0,53,12,0.5718
2026-09-29,2026-10-07,P,109.0,40,77,0.571
2026-09-29,2026-10-07,P,110.0,132,69,0.5681
2026-09-29,2026-10-07,P,111.0,25,11,0.5671
2026-09-29,2026-10-07,P,112.0,65,16,0.5637
2026-09-29,2026-10-07,P,113.0,32,78,0.5647
2026-09-29,2026-10-07,P,114.0,13,12,0.5615
2026-09-29,2026-10-07,P,115.0,570,625,0.5632
2026-09-29,2026-10-07,P,116.0,71,111,0.5632
2026-09-29,2026-10-07,P,117.0,93,218,0.5647
2026-09-29,2026-10-07,P,118.0,41,33,0.5642
2026-09-29,2026-10-07,P,119.0,153,28,0.5623
2026-09-29,2026-10-07,P,120.0,125,5,0.5657
2026-09-29,2026-10-07,P,121.0,31,2,0.5642
2026-09-29,2026-10-07,P,122.0,11,1,0.5696
2026-09-29,2026-10-07,P,123.0,7,2,0.5703
2026-09-29,2026-10-07,P,124.0,12,1,0.5706
2026-09-29,2026-10-07,P,125.0,157,12,0.5706
2026-09-29,2026-10-07,P,126.0,2,1,0.5708
2026-09-29,2026-10-07,P,127.0,4,6,0.5718
2026-09-29,2026-10-07,P,130.0,3,2,0.5796
2026-09-29,2026-10-07,P,132.0,1,1,0.5762
2026-09-29,2026-10-09,C,99.0,454,5,0.6846
2026-09-29,2026-10-09,C,100.0,734,13,0.6665
2026-09-29,2026-10-09,C,101.0,159,52,0.6611
2026-09-29,2026-10-09,C,102.0,1701,20,0.6523
2026-09-29,2026-10-09,C,103.0,409,1,0.6465
2026-09-29,2026-10-09,C,104.0,116,24,0.6367
2026-09-29,2026-10-09,C,105.0,919,97,0.6294
2026-09-29,2026-10-09,C,106.0,419,4,0.6274
2026-09-29,2026-10-09,C,107.0,230,14,0.6216
2026-09-29,2026-10-09,C,108.0,147,35,0.6201
2026-09-29,2026-10-09,C,109.0,426,52,0.6145
2026-09-29,2026-10-09,C,110.0,1197,141,0.6123
2026-09-29,2026-10-09,C,111.0,309,53,0.6128
2026-09-29,2026-10-09,C,112.0,211,17,0.6094
2026-09-29,2026-10-09,C,113.0,222,99,0.6082
2026-09-29,2026-10-09,C,114.0,230,73,0.6094
2026-09-29,2026-10-09,C,115.0,5335,1354,0.6094
2026-09-29,2026-10-09,C,116.0,448,537,0.6084
2026-09-29,2026-10-09,C,117.0,317,614,0.6099
2026-09-29,2026-10-09,C,118.0,466,1410,0.6133
2026-09-29,2026-10-09,C,119.0,324,446,0.613
2026-09-29,2026-10-09,C,120.0,5221,3282,0.6155
2026-09-29,2026-10-09,C,121.0,602,92,0.616
2026-09-29,2026-10-09,C,122.0,305,8598,0.6182
2026-09-29,2026-10-09,C,123.0,256,555,0.6204
2026-09-29,2026-10-09,C,124.0,461,536,0.6226
2026-09-29,2026-10-09,C,125.0,3498,2559,0.6252
2026-09-29,2026-10-09,C,126.0,531,278,0.6279
2026-09-29,2026-10-09,C,127.0,253,182,0.6323
2026-09-29,2026-10-09,C,128.0,4819,512,0.6357
2026-09-29,2026-10-09,C,129.0,99,129,0.6387
2026-09-29,2026-10-09,C,130.0,10876,2079,0.6431
2026-09-29,2026-10-09,C,131.0,80,134,0.6455
2026-09-29,2026-10-09,C,132.0,119,62,0.6509
2026-09-29,2026-10-09,C,133.0,160,29,0.6553
2026-09-29,2026-10-09,P,99.0,376,10,0.6162
2026-09-29,2026-10-09,P,100.0,1327,215,0.6113
2026-09-29,2026-10-09,P,101.0,275,17,0.6055
2026-09-29,2026-10-09,P,102.0,694,44,0.6021
2026-09-29,2026-10-09,P,103.0,1432,285,0.5996
2026-09-29,2026-10-09,P,104.0,775,70,0.5947
2026-09-29,2026-10-09,P,105.0,1760,762,0.5918
2026-09-29,2026-10-09,P,106.0,651,71,0.5903
2026-09-29,2026-10-09,P,107.0,870,84,0.5879
2026-09-29,2026-10-09,P,108.0,348,75,0.5859
2026-09-29,2026-10-09,P,109.0,1182,276,0.583
2026-09-29,2026-10-09,P,110.0,3384,636,0.584
2026-09-29,2026-10-09,P,111.0,296,188,0.583
2026-09-29,2026-10-09,P,112.0,595,119,0.5825
2026-09-29,2026-10-09,P,113.0,492,139,0.5828
2026-09-29,2026-10-09,P,114.0,496,227,0.5813
2026-09-29,2026-10-09,P,115.0,1674,493,0.5818
2026-09-29,2026-10-09,P,116.0,182,78,0.5811
2026-09-29,2026-10-09,P,117.0,437,180,0.5825
2026-09-29,2026-10-09,P,118.0,345,1342,0.5859
2026-09-29,2026-10-09,P,119.0,243,52,0.5852
2026-09-29,2026-10-09,P,120.0,1196,95,0.5869
2026-09-29,2026-10-09,P,121.0,216,33,0.5881
2026-09-29,2026-10-09,P,122.0,225,86,0.5889
2026-09-29,2026-10-09,P,123.0,89,2,0.5928
2026-09-29,2026-10-09,P,124.0,516,14,0.593
2026-09-29,2026-10-09,P,125.0,306,8,0.5977
2026-09-29,2026-10-09,P,126.0,65,2,0.5986
2026-09-29,2026-10-09,P,127.0,89,15,0.5962
2026-09-29,2026-10-09,P,128.0,50,6,0.5994
2026-09-29,2026-10-09,P,129.0,14,2,0.5991
2026-09-29,2026-10-09,P,130.0,557,6,0.606
2026-09-29,2026-10-09,P,131.0,5,3,0.6104
2026-09-29,2026-10-09,P,132.0,6,5,0.6123
2026-09-29,2026-10-09,P,133.0,21,1,0.6108
2026-09-30,2026-10-02,C,103.0,411,41,2.1992
2026-09-30,2026-10-02,C,104.0,486,15,2.4492
2026-09-30,2026-10-02,C,105.0,1801,255,1.375
2026-09-30,2026-10-02,C,106.0,992,44,1.293
2026-09-30,2026-10-02,C,107.0,638,73,1.7969
2026-09-30,2026-10-02,C,108.0,231,66,1.1289
2026-09-30,2026-10-02,C,109.0,576,170,1.0469
2026-09-30,2026-10-02,C,110.0,12776,421,1.0469
2026-09-30,2026-10-02,C,111.0,1260,1086,0.959
2026-09-30,2026-10-02,C,112.0,867,185,0.8711
2026-09-30,2026-10-02,C,113.0,771,247,0.8379
2026-09-30,2026-10-02,C,114.0,1300,86,0.791
2026-09-30,2026-10-02,C,115.0,14555,962,0.749
2026-09-30,2026-10-02,C,116.0,2553,1648,0.7373
2026-09-30,2026-10-02,C,117.0,4871,1830,0.7227
2026-09-30,2026-10-02,C,118.0,2229,4009,0.7158
2026-09-30,2026-10-02,C,119.0,2248,12854,0.7119
2026-09-30,2026-10-02,C,120.0,10496,30997,0.7105
2026-09-30,2026-10-02,C,121.0,3496,16993,0.7139
2026-09-30,2026-10-02,C,122.0,3333,19470,0.7217
2026-09-30,2026-10-02,C,123.0,2155,8235,0.7178
2026-09-30,2026-10-02,C,124.0,3749,5941,0.7246
2026-09-30,2026-10-02,C,125.0,15473,23804,0.7324
2026-09-30,2026-10-02,C,126.0,6178,4671,0.7344
2026-09-30,2026-10-02,C,127.0,3649,6041,0.7324
2026-09-30,2026-10-02,C,128.0,20467,3472,0.7539
2026-09-30,2026-10-02,C,129.0,7341,8404,0.7461
2026-09-30,2026-10-02,C,130.0,14311,7695,0.7734
2026-09-30,2026-10-02,C,131.0,5845,2577,0.8047
2026-09-30,2026-10-02,C,132.0,2118,861,0.7969
2026-09-30,2026-10-02,C,133.0,6831,6681,0.8203
2026-09-30,2026-10-02,C,134.0,1075,309,0.875
2026-09-30,2026-10-02,C,135.0,4662,2400,0.8125
2026-09-30,2026-10-02,C,136.0,4454,197,0.875
2026-09-30,2026-10-02,C,137.0,947,382,0.9063
2026-09-30,2026-10-02,C,138.0,708,36,0.9375
2026-09-30,2026-10-02,P,103.0,1215,196,1.2188
2026-09-30,2026-10-02,P,104.0,820,149,1.1875
2026-09-30,2026-10-02,P,105.0,5390,2115,1.1172
2026-09-30,2026-10-02,P,106.0,4482,420,1.0703
2026-09-30,2026-10-02,P,107.0,1572,330,0.9766
2026-09-30,2026-10-02,P,108.0,3069,759,0.9531
2026-09-30,2026-10-02,P,109.0,2711,1746,0.8984
2026-09-30,2026-10-02,P,110.0,8569,3502,0.8398
2026-09-30,2026-10-02,P,111.0,2780,1699,0.8047
2026-09-30,2026-10-02,P,112.0,3571,5688,0.7656
2026-09-30,2026-10-02,P,113.0,1882,2434,0.75
2026-09-30,2026-10-02,P,114.0,2432,4444,0.7246
2026-09-30,2026-10-02,P,115.0,8058,9186,0.707
2026-09-30,2026-10-02,P,116.0,3670,4286,0.6943
2026-09-30,2026-10-02,P,117.0,2515,6913,0.6875
2026-09-30,2026-10-02,P,118.0,3122,17534,0.6802
2026-09-30,2026-10-02,P,119.0,2908,18442,0.6807
2026-09-30,2026-10-02,P,120.0,4879,15022,0.6826
2026-09-30,2026-10-02,P,121.0,985,13044,0.6812
2026-09-30,2026-10-02,P,122.0,1031,1376,0.6846
2026-09-30,2026-10-02,P,123.0,1384,546,0.6807
2026-09-30,2026-10-02,P,124.0,908,274,0.6836
2026-09-30,2026-10-02,P,125.0,5957,341,0.6621
2026-09-30,2026-10-02,P,126.0,672,154,0.6582
2026-09-30,2026-10-02,P,127.0,645,126,0.5898
2026-09-30,2026-10-02,P,128.0,157,261,0.7461
2026-09-30,2026-10-02,P,129.0,137,117,0.8184
2026-09-30,2026-10-02,P,130.0,353,299,0.8867
2026-09-30,2026-10-02,P,131.0,66,44,0.9531
2026-09-30,2026-10-02,P,132.0,78,115,0.9063
2026-09-30,2026-10-02,P,133.0,142,238,0.9688
2026-09-30,2026-10-02,P,134.0,99,198,1.0234
2026-09-30,2026-10-02,P,135.0,132,220,1.2109
2026-09-30,2026-10-02,P,136.0,76,166,1.1406
2026-09-30,2026-10-02,P,137.0,31,44,1.3359
2026-09-30,2026-10-02,P,138.0,20,45,1.25
2026-09-30,2026-10-05,C,103.0,4,1,1.1133
2026-09-30,2026-10-05,C,104.0,20,15,0.9199
2026-09-30,2026-10-05,C,105.0,38,68,0.7402
2026-09-30,2026-10-05,C,106.0,30,2,0.7188
2026-09-30,2026-10-05,C,107.0,20,6,0.6738
2026-09-30,2026-10-05,C,108.0,35,13,0.6484
2026-09-30,2026-10-05,C,109.0,11,1,0.6191
2026-09-30,2026-10-05,C,110.0,91,5,0.5869
2026-09-30,2026-10-05,C,111.0,21,8,0.5654
2026-09-30,2026-10-05,C,113.0,60,81,0.5449
2026-09-30,2026-10-05,C,114.0,52,1021,0.5386
2026-09-30,2026-10-05,C,115.0,443,50,0.5288
2026-09-30,2026-10-05,C,116.0,340,68,0.5215
2026-09-30,2026-10-05,C,117.0,294,195,0.521
2026-09-30,2026-10-05,C,118.0,452,1048,0.5239
2026-09-30,2026-10-05,C,119.0,215,1004,0.52
2026-09-30,2026-10-05,C,120.0,2618,4036,0.5239
2026-09-30,2026-10-05,C,121.0,495,2209,0.5288
2026-09-30,2026-10-05,C,122.0,389,1401,0.5308
2026-09-30,2026-10-05,C,123.0,351,1990,0.5352
2026-09-30,2026-10-05,C,124.0,249,275,0.5376
2026-09-30,2026-10-05,C,125.0,989,2005,0.5469
2026-09-30,2026-10-05,C,126.0,396,448,0.5479
2026-09-30,2026-10-05,C,127.0,301,369,0.5532
2026-09-30,2026-10-05,C,128.0,365,734,0.5591
2026-09-30,2026-10-05,C,129.0,94,94,0.5635
2026-09-30,2026-10-05,C,130.0,6685,3041,0.5693
2026-09-30,2026-10-05,C,131.0,271,77,0.5781
2026-09-30,2026-10-05,C,132.0,312,68,0.5859
2026-09-30,2026-10-05,C,133.0,578,225,0.5938
2026-09-30,2026-10-05,C,134.0,412,64,0.5986
2026-09-30,2026-10-05,C,135.0,534,161,0.6055
2026-09-30,2026-10-05,C,136.0,292,111,0.6211
2026-09-30,2026-10-05,C,137.0,566,19,0.6289
2026-09-30,2026-10-05,C,138.0,286,9,0.6367
2026-09-30,2026-10-05,P,103.0,79,25,0.668
2026-09-30,2026-10-05,P,104.0,76,12,0.6602
2026-09-30,2026-10-05,P,105.0,657,114,0.6328
2026-09-30,2026-10-05,P,106.0,260,15,0.6094
2026-09-30,2026-10-05,P,107.0,395,466,0.582
2026-09-30,2026-10-05,P,108.0,236,68,0.5703
2026-09-30,2026-10-05,P,109.0,265,61,0.5469
2026-09-30,2026-10-05,P,110.0,2351,615,0.5303
2026-09-30,2026-10-05,P,111.0,295,370,0.5234
2026-09-30,2026-10-05,P,112.0,1174,413,0.5137
2026-09-30,2026-10-05,P,113.0,189,228,0.5098
2026-09-30,2026-10-05,P,114.0,367,285,0.5049
2026-09-30,2026-10-05,P,115.0,2165,1119,0.5039
2026-09-30,2026-10-05,P,116.0,602,266,0.5029
2026-09-30,2026-10-05,P,117.0,258,744,0.5029
2026-09-30,2026-10-05,P,118.0,305,2330,0.5007
2026-09-30,2026-10-05,P,119.0,252,394,0.5037
2026-09-30,2026-10-05,P,120.0,2204,4254,0.5049
2026-09-30,2026-10-05,P,121.0,100,165,0.5054
2026-09-30,2026-10-05,P,122.0,95,126,0.5103
2026-09-30,2026-10-05,P,123.0,137,178,0.5134
2026-09-30,2026-10-05,P,124.0,33,25,0.5164
2026-09-30,2026-10-05,P,125.0,763,36,0.52
2026-09-30,2026-10-05,P,126.0,153,92,0.5195
2026-09-30,2026-10-05,P,127.0,12,13,0.5225
2026-09-30,2026-10-05,P,128.0,11,1,0.5244
2026-09-30,2026-10-05,P,129.0,13,1,0.5244
2026-09-30,2026-10-05,P,130.0,70,24,0.5127
2026-09-30,2026-10-05,P,131.0,26,1,0.5176
2026-09-30,2026-10-05,P,132.0,7,5,0.5098
2026-09-30,2026-10-05,P,133.0,1,2,0.5859
2026-09-30,2026-10-05,P,134.0,3,7,0.6191
2026-09-30,2026-10-05,P,135.0,24,27,0.6055
2026-09-30,2026-10-07,C,106.0,2,1,0.6719
2026-09-30,2026-10-07,C,108.0,8,16,0.6338
2026-09-30,2026-10-07,C,109.0,6,22,0.6201
2026-09-30,2026-10-07,C,110.0,77,4,0.6094
2026-09-30,2026-10-07,C,111.0,10,5,0.6084
2026-09-30,2026-10-07,C,112.0,11,2,0.5996
2026-09-30,2026-10-07,C,113.0,11,25,0.5972
2026-09-30,2026-10-07,C,115.0,401,25,0.5918
2026-09-30,2026-10-07,C,116.0,171,10,0.5879
2026-09-30,2026-10-07,C,118.0,2867,1782,0.5852
2026-09-30,2026-10-07,C,119.0,210,314,0.5855
2026-09-30,2026-10-07,C,120.0,1516,1675,0.5908
2026-09-30,2026-10-07,C,121.0,54,231,0.5928
2026-09-30,2026-10-07,C,122.0,60,251,0.5996
2026-09-30,2026-10-07,C,123.0,191,649,0.5996
2026-09-30,2026-10-07,C,124.0,61,552,0.603
2026-09-30,2026-10-07,C,125.0,696,613,0.6074
2026-09-30,2026-10-07,C,126.0,152,278,0.6091
2026-09-30,2026-10-07,C,127.0,1311,136,0.6138
2026-09-30,2026-10-07,C,128.0,967,132,0.6191
2026-09-30,2026-10-07,C,129.0,1650,767,0.626
2026-09-30,2026-10-07,C,130.0,1478,282,0.6314
2026-09-30,2026-10-07,C,131.0,474,55,0.6372
2026-09-30,2026-10-07,C,132.0,54,22,0.6426
2026-09-30,2026-10-07,C,133.0,438,319,0.6484
2026-09-30,2026-10-07,C,134.0,64,34,0.6533
2026-09-30,2026-10-07,C,135.0,506,42,0.6611
2026-09-30,2026-10-07,C,136.0,8,100,0.666
2026-09-30,2026-10-07,C,137.0,137,30,0.6738
2026-09-30,2026-10-07,C,138.0,104,22,0.6777
2026-09-30,2026-10-07,P,103.0,63,44,0.6445
2026-09-30,2026-10-07,P,104.0,26,4,0.627
2026-09-30,2026-10-07,P,105.0,324,302,0.626
2026-09-30,2026-10-07,P,106.0,134,93,0.5996
2026-09-30,2026-10-07,P,108.0,70,43,0.583
2026-09-30,2026-10-07,P,109.0,56,48,0.5811
2026-09-30,2026-10-07,P,110.0,201,273,0.5752
2026-09-30,2026-10-07,P,111.0,45,57,0.5708
2026-09-30,2026-10-07,P,112.0,76,72,0.5689
2026-09-30,2026-10-07,P,113.0,108,160,0.5669
2026-09-30,2026-10-07,P,114.0,23,93,0.5654
2026-09-30,2026-10-07,P,115.0,545,222,0.5652
2026-09-30,2026-10-07,P,116.0,201,68,0.5659
2026-09-30,2026-10-07,P,117.0,330,1059,0.5659
2026-09-30,2026-10-07,P,118.0,131,133,0.5659
2026-09-30,2026-10-07,P,119.0,273,195,0.5732
2026-09-30,2026-10-07,P,120.0,450,288,0.5745
2026-09-30,2026-10-07,P,121.0,50,45,0.5767
2026-09-30,2026-10-07,P,122.0,13,15,0.5757
2026-09-30,2026-10-07,P,123.0,8,6,0.5801
2026-09-30,2026-10-07,P,124.0,22,2,0.582
2026-09-30,2026-10-07,P,125.0,150,22,0.5862
2026-09-30,2026-10-07,P,126.0,3,1,0.5889
2026-09-30,2026-10-07,P,127.0,4,6,0.5898
2026-09-30,2026-10-07,P,130.0,4,2,0.6025
2026-09-30,2026-10-07,P,132.0,1,1,0.6079
2026-09-30,2026-10-09,C,103.0,388,76,0.7188
2026-09-30,2026-10-09,C,104.0,121,34,0.7031
2026-09-30,2026-10-09,C,105.0,953,161,0.6851
2026-09-30,2026-10-09,C,106.0,419,27,0.6816
2026-09-30,2026-10-09,C,107.0,229,57,0.666
2026-09-30,2026-10-09,C,108.0,144,60,0.6611
2026-09-30,2026-10-09,C,109.0,423,26,0.6455
2026-09-30,2026-10-09,C,110.0,1199,137,0.644
2026-09-30,2026-10-09,C,111.0,338,5,0.6377
2026-09-30,2026-10-09,C,112.0,213,71,0.6314
2026-09-30,2026-10-09,C,113.0,260,40,0.6294
2026-09-30,2026-10-09,C,114.0,222,88,0.627
2026-09-30,2026-10-09,C,115.0,5185,152,0.6231
2026-09-30,2026-10-09,C,116.0,520,1453,0.6221
2026-09-30,2026-10-09,C,117.0,397,576,0.6235
2026-09-30,2026-10-09,C,118.0,768,1184,0.6231
2026-09-30,2026-10-09,C,119.0,545,2572,0.6245
2026-09-30,2026-10-09,C,120.0,6060,5371,0.6211
2026-09-30,2026-10-09,C,121.0,652,736,0.6265
2026-09-30,2026-10-09,C,122.0,3595,1597,0.627
2026-09-30,2026-10-09,C,123.0,442,7066,0.6299
2026-09-30,2026-10-09,C,124.0,535,904,0.6306
2026-09-30,2026-10-09,C,125.0,4246,5608,0.6406
2026-09-30,2026-10-09,C,126.0,573,714,0.6345
2026-09-30,2026-10-09,C,127.0,476,7049,0.6379
2026-09-30,2026-10-09,C,128.0,4871,339,0.644
2026-09-30,2026-10-09,C,129.0,2126,2310,0.6465
2026-09-30,2026-10-09,C,130.0,11917,3133,0.6472
2026-09-30,2026-10-09,C,131.0,239,232,0.6519
2026-09-30,2026-10-09,C,132.0,234,211,0.6563
2026-09-30,2026-10-09,C,133.0,233,60,0.6616
2026-09-30,2026-10-09,C,134.0,385,55,0.667
2026-09-30,2026-10-09,C,135.0,4195,1126,0.6685
2026-09-30,2026-10-09,C,136.0,250,50,0.6729
2026-09-30,2026-10-09,C,137.0,233,28,0.6777
2026-09-30,2026-10-09,C,138.0,118,14,0.6826
2026-09-30,2026-10-09,P,103.0,1419,503,0.6357
2026-09-30,2026-10-09,P,104.0,811,185,0.627
2026-09-30,2026-10-09,P,105.0,1912,1764,0.6201
2026-09-30,2026-10-09,P,106.0,692,442,0.6138
2026-09-30,2026-10-09,P,107.0,899,247,0.6113
2026-09-30,2026-10-09,P,108.0,483,305,0.6064
2026-09-30,2026-10-09,P,109.0,1382,768,0.6025
2026-09-30,2026-10-09,P,110.0,3435,2165,0.6025
2026-09-30,2026-10-09,P,111.0,377,565,0.6006
2026-09-30,2026-10-09,P,112.0,626,412,0.5981
2026-09-30,2026-10-09,P,113.0,589,331,0.5979
2026-09-30,2026-10-09,P,114.0,680,487,0.5962
2026-09-30,2026-10-09,P,115.0,1857,1437,0.5957
2026-09-30,2026-10-09,P,116.0,282,619,0.596
2026-09-30,2026-10-09,P,117.0,531,365,0.5967
2026-09-30,2026-10-09,P,118.0,1527,1146,0.5977
2026-09-30,2026-10-09,P,119.0,446,1029,0.5962
2026-09-30,2026-10-09,P,120.0,1190,1056,0.5962
2026-09-30,2026-10-09,P,121.0,249,1046,0.5981
2026-09-30,2026-10-09,P,122.0,246,32,0.6021
2026-09-30,2026-10-09,P,123.0,141,630,0.6008
2026-09-30,2026-10-09,P,124.0,554,61,0.6055
2026-09-30,2026-10-09,P,125.0,348,132,0.6055
2026-09-30,2026-10-09,P,126.0,69,79,0.6084
2026-09-30,2026-10-09,P,127.0,111,11,0.6108
2026-09-30,2026-10-09,P,128.0,58,1,0.6128
2026-09-30,2026-10-09,P,129.0,89,63,0.6104
2026-09-30,2026-10-09,P,130.0,626,7,0.6179
2026-09-30,2026-10-09,P,131.0,4,2,0.6216
2026-09-30,2026-10-09,P,132.0,5,18,0.6216
2026-09-30,2026-10-09,P,133.0,25,4,0.6167
2026-09-30,2026-10-09,P,134.0,2,1,0.6201
2026-09-30,2026-10-09,P,135.0,157,5,0.6201
2026-09-30,2026-10-09,P,136.0,7,5,0.6231
2026-09-30,2026-10-09,P,137.0,8,1,0.6231
2026-10-02,2026-10-02,C,102.0,398,29,1.4844
2026-10-02,2026-10-02,C,103.0,393,45,1.4063
2026-10-02,2026-10-02,C,104.0,486,68,1.3281
2026-10-02,2026-10-02,C,105.0,1669,299,1.25
2026-10-02,2026-10-02,C,106.0,990,208,1.1719
2026-10-02,2026-10-02,C,107.0,612,106,1.0938
2026-10-02,2026-10-02,C,108.0,204,81,1.0156
2026-10-02,2026-10-02,C,109.0,620,96,0.9336
2026-10-02,2026-10-02,C,110.0,12706,871,0.8555
2026-10-02,2026-10-02,C,111.0,971,43,0.7773
2026-10-02,2026-10-02,C,112.0,852,128,0.6953
2026-10-02,2026-10-02,C,113.0,669,47,0.6172
2026-10-02,2026-10-02,C,114.0,1279,101,0.5352
2026-10-02,2026-10-02,C,115.0,14396,1328,0.4512
2026-10-02,2026-10-02,C,116.0,1918,560,0.3672
2026-10-02,2026-10-02,C,117.0,4705,513,0.2676
2026-10-02,2026-10-02,C,118.0,2382,1725,0.2783
2026-10-02,2026-10-02,C,119.0,3475,5360,0.0664
2026-10-02,2026-10-02,C,120.0,12489,28180,0.0664
2026-10-02,2026-10-02,C,121.0,4148,24763,0.1406
2026-10-02,2026-10-02,C,122.0,5519,31569,0.207
2026-10-02,2026-10-02,C,123.0,3176,24176,0.2734
2026-10-02,2026-10-02,C,124.0,3908,29768,0.3281
2026-10-02,2026-10-02,C,125.0,18895,46599,0.3906
2026-10-02,2026-10-02,C,126.0,6081,16621,0.4531
2026-10-02,2026-10-02,C,127.0,4005,9057,0.5
2026-10-02,2026-10-02,C,128.0,20746,5460,0.5156
2026-10-02,2026-10-02,C,129.0,2585,2315,0.5625
2026-10-02,2026-10-02,C,130.0,14557,8686,0.625
2026-10-02,2026-10-02,C,131.0,6937,4583,0.6563
2026-10-02,2026-10-02,C,132.0,2043,690,0.7188
2026-10-02,2026-10-02,C,133.0,1503,204,0.75
2026-10-02,2026-10-02,C,134.0,1049,139,0.8125
2026-10-02,2026-10-02,C,135.0,5139,1025,0.8438
2026-10-02,2026-10-02,C,136.0,4410,17,0.9063
2026-10-02,2026-10-02,C,137.0,1064,67,0.9375
2026-10-02,2026-10-02,P,102.0,974,28,1.0625
2026-10-02,2026-10-02,P,103.0,1147,120,1.0
2026-10-02,2026-10-02,P,104.0,843,23,1.0313
2026-10-02,2026-10-02,P,105.0,4786,211,0.9063
2026-10-02,2026-10-02,P,106.0,4481,129,0.8438
2026-10-02,2026-10-02,P,107.0,1632,146,0.7813
2026-10-02,2026-10-02,P,108.0,3278,1466,0.7188
2026-10-02,2026-10-02,P,109.0,2525,550,0.6563
2026-10-02,2026-10-02,P,110.0,7936,2220,0.5938
2026-10-02,2026-10-02,P,111.0,2810,689,0.5313
2026-10-02,2026-10-02,P,112.0,5755,832,0.5156
2026-10-02,2026-10-02,P,113.0,1982,501,0.4531
2026-10-02,2026-10-02,P,114.0,3036,1123,0.3906
2026-10-02,2026-10-02,P,115.0,7731,3679,0.3203
2026-10-02,2026-10-02,P,116.0,3948,2535,0.2578
2026-10-02,2026-10-02,P,117.0,2692,2312,0.1875
2026-10-02,2026-10-02,P,118.0,7653,14993,0.1172
2026-10-02,2026-10-02,P,119.0,3885,49784,0.0547
2026-10-02,2026-10-02,P,120.0,9422,40418,0.1787
2026-10-02,2026-10-02,P,121.0,2291,20265,0.2383
2026-10-02,2026-10-02,P,122.0,916,21072,0.3311
2026-10-02,2026-10-02,P,123.0,1144,12626,0.4473
2026-10-02,2026-10-02,P,124.0,868,15737,0.5313
2026-10-02,2026-10-02,P,125.0,5920,13545,0.6133
2026-10-02,2026-10-02,P,126.0,596,2773,0.5234
2026-10-02,2026-10-02,P,127.0,652,576,0.5859
2026-10-02,2026-10-02,P,128.0,148,247,0.6484
2026-10-02,2026-10-02,P,129.0,142,81,0.7109
2026-10-02,2026-10-02,P,130.0,262,999,0.7656
2026-10-02,2026-10-02,P,131.0,0,7,0.8281
2026-10-02,2026-10-02,P,132.0,6,39,1.125
2026-10-02,2026-10-02,P,133.0,0,17,1.1914
2026-10-02,2026-10-02,P,134.0,1,12,0.9922
2026-10-02,2026-10-02,P,135.0,4,23,1.0469
2026-10-02,2026-10-02,P,136.0,0,7,1.3828
2026-10-02,2026-10-02,P,137.0,0,1,0.9375
2026-10-02,2026-10-05,C,103.0,4,2,1.042
2026-10-02,2026-10-05,C,104.0,20,32,0.5547
2026-10-02,2026-10-05,C,105.0,85,27,0.9492
2026-10-02,2026-10-05,C,106.0,30,13,0.8848
2026-10-02,2026-10-05,C,107.0,25,33,0.6016
2026-10-02,2026-10-05,C,108.0,38,1,0.5586
2026-10-02,2026-10-05,C,109.0,11,3,0.5156
2026-10-02,2026-10-05,C,110.0,93,49,0.5098
2026-10-02,2026-10-05,C,111.0,15,55,0.4648
2026-10-02,2026-10-05,C,113.0,74,8,0.4229
2026-10-02,2026-10-05,C,114.0,346,84,0.4107
2026-10-02,2026-10-05,C,115.0,438,136,0.3882
2026-10-02,2026-10-05,C,116.0,357,236,0.3838
2026-10-02,2026-10-05,C,117.0,297,551,0.3765
2026-10-02,2026-10-05,C,118.0,472,1515,0.4004
2026-10-02,2026-10-05,C,119.0,347,2809,0.3677
2026-10-02,2026-10-05,C,120.0,4100,8494,0.3633
2026-10-02,2026-10-05,C,121.0,1179,4056,0.3638
2026-10-02,2026-10-05,C,122.0,860,5169,0.3687
2026-10-02,2026-10-05,C,123.0,1113,7369,0.3696
2026-10-02,2026-10-05,C,124.0,275,5516,0.3701
2026-10-02,2026-10-05,C,125.0,1458,11544,0.3755
2026-10-02,2026-10-05,C,126.0,507,9878,0.3789
2026-10-02,2026-10-05,C,127.0,305,4930,0.3848
2026-10-02,2026-10-05,C,128.0,768,2088,0.3994
2026-10-02,2026-10-05,C,129.0,123,1300,0.4063
2026-10-02,2026-10-05,C,130.0,5988,6595,0.416
2026-10-02,2026-10-05,C,131.0,319,480,0.4297
2026-10-02,2026-10-05,C,132.0,352,495,0.4609
2026-10-02,2026-10-05,C,133.0,776,538,0.4688
2026-10-02,2026-10-05,C,134.0,415,815,0.5
2026-10-02,2026-10-05,C,135.0,479,844,0.5
2026-10-02,2026-10-05,C,136.0,303,49,0.5234
2026-10-02,2026-10-05,C,137.0,583,49,0.5469
2026-10-02,2026-10-05,P,102.0,47,3,0.6406
2026-10-02,2026-10-05,P,103.0,102,59,0.6094
2026-10-02,2026-10-05,P,104.0,86,12,0.5703
2026-10-02,2026-10-05,P,105.0,639,18,0.5391
2026-10-02,2026-10-05,P,106.0,261,22,0.5156
2026-10-02,2026-10-05,P,107.0,420,34,0.5
2026-10-02,2026-10-05,P,108.0,259,183,0.4805
2026-10-02,2026-10-05,P,109.0,261,32,0.4668
2026-10-02,2026-10-05,P,110.0,2379,856,0.4375
2026-10-02,2026-10-05,P,111.0,363,164,0.4316
2026-10-02,2026-10-05,P,112.0,1036,398,0.4014
2026-10-02,2026-10-05,P,113.0,223,494,0.3897
2026-10-02,2026-10-05,P,114.0,569,1844,0.3804
2026-10-02,2026-10-05,P,115.0,2704,2865,0.376
2026-10-02,2026-10-05,P,116.0,654,1877,0.3706
2026-10-02,2026-10-05,P,117.0,586,3945,0.3672
2026-10-02,2026-10-05,P,118.0,1746,3268,0.3879
2026-10-02,2026-10-05,P,119.0,369,2850,0.3657
2026-10-02,2026-10-05,P,120.0,4666,6392,0.3652
2026-10-02,2026-10-05,P,121.0,145,3696,0.3679
2026-10-02,2026-10-05,P,122.0,140,3525,0.3828
2026-10-02,2026-10-05,P,123.0,195,1787,0.3828
2026-10-02,2026-10-05,P,124.0,43,7900,0.3955
2026-10-02,2026-10-05,P,125.0,771,1321,0.4126
2026-10-02,2026-10-05,P,126.0,139,642,0.4199
2026-10-02,2026-10-05,P,127.0,20,38,0.4395
2026-10-02,2026-10-05,P,128.0,10,24,0.4531
2026-10-02,2026-10-05,P,129.0,12,18,0.4912
2026-10-02,2026-10-05,P,130.0,89,16,0.4932
2026-10-02,2026-10-05,P,131.0,27,72,0.5273
2026-10-02,2026-10-05,P,132.0,10,6,0.5625
2026-10-02,2026-10-05,P,133.0,1,8,0.5957
2026-10-02,2026-10-05,P,134.0,7,2,0.6289
2026-10-02,2026-10-05,P,135.0,43,1,0.5234
2026-10-02,2026-10-07,C,102.0,4,3,0.6074
2026-10-02,2026-10-07,C,106.0,2,11,0.5254
2026-10-02,2026-10-07,C,108.0,16,12,0.5176
2026-10-02,2026-10-07,C,109.0,26,3,0.5039
2026-10-02,2026-10-07,C,110.0,75,120,0.541
2026-10-02,2026-10-07,C,111.0,12,50,0.5283
2026-10-02,2026-10-07,C,112.0,11,10,0.5107
2026-10-02,2026-10-07,C,113.0,24,124,0.5122
2026-10-02,2026-10-07,C,115.0,409,36,0.5107
2026-10-02,2026-10-07,C,116.0,177,81,0.4976
2026-10-02,2026-10-07,C,118.0,2689,102,0.4922
2026-10-02,2026-10-07,C,119.0,235,318,0.4893
2026-10-02,2026-10-07,C,120.0,1184,1872,0.4922
2026-10-02,2026-10-07,C,121.0,206,370,0.49
2026-10-02,2026-10-07,C,122.0,157,916,0.491
2026-10-02,2026-10-07,C,123.0,244,689,0.4922
2026-10-02,2026-10-07,C,124.0,285,645,0.4966
2026-10-02,2026-10-07,C,125.0,913,3292,0.4971
2026-10-02,2026-10-07,C,126.0,348,595,0.5054
2026-10-02,2026-10-07,C,127.0,1346,811,0.5068
2026-10-02,2026-10-07,C,128.0,1069,612,0.5
2026-10-02,2026-10-07,C,129.0,1970,784,0.5073
2026-10-02,2026-10-07,C,130.0,1582,781,0.5161
2026-10-02,2026-10-07,C,131.0,504,165,0.5195
2026-10-02,2026-10-07,C,132.0,71,128,0.5303
2026-10-02,2026-10-07,C,133.0,145,66,0.5381
2026-10-02,2026-10-07,C,134.0,69,66,0.543
2026-10-02,2026-10-07,C,135.0,510,296,0.543
2026-10-02,2026-10-07,C,136.0,101,44,0.5645
2026-10-02,2026-10-07,C,137.0,167,9,0.5742
2026-10-02,2026-10-07,P,103.0,63,41,0.5742
2026-10-02,2026-10-07,P,104.0,26,11,0.5801
2026-10-02,2026-10-07,P,105.0,264,30,0.5469
2026-10-02,2026-10-07,P,106.0,153,10,0.5215
2026-10-02,2026-10-07,P,108.0,81,34,0.5176
2026-10-02,2026-10-07,P,109.0,72,29,0.5039
2026-10-02,2026-10-07,P,110.0,338,495,0.5049
2026-10-02,2026-10-07,P,111.0,67,49,0.501
2026-10-02,2026-10-07,P,112.0,97,193,0.4941
2026-10-02,2026-10-07,P,113.0,184,411,0.5005
2026-10-02,2026-10-07,P,114.0,101,516,0.4946
2026-10-02,2026-10-07,P,115.0,579,1197,0.4829
2026-10-02,2026-10-07,P,116.0,222,704,0.4905
2026-10-02,2026-10-07,P,117.0,1352,360,0.4898
2026-10-02,2026-10-07,P,118.0,191,628,0.489
2026-10-02,2026-10-07,P,119.0,323,336,0.4893
2026-10-02,2026-10-07,P,120.0,567,6279,0.4907
2026-10-02,2026-10-07,P,121.0,60,1546,0.4951
2026-10-02,2026-10-07,P,122.0,14,281,0.4995
2026-10-02,2026-10-07,P,123.0,9,423,0.5049
2026-10-02,2026-10-07,P,124.0,23,899,0.512
2026-10-02,2026-10-07,P,125.0,144,289,0.5117
2026-10-02,2026-10-07,P,126.0,4,347,0.5254
2026-10-02,2026-10-07,P,127.0,4,20,0.5215
2026-10-02,2026-10-07,P,130.0,6,42,0.5166
2026-10-02,2026-10-07,P,132.0,1,21,0.5283
2026-10-02,2026-10-09,C,102.0,1722,14,0.6445
2026-10-02,2026-10-09,C,103.0,384,27,0.626
2026-10-02,2026-10-09,C,104.0,148,32,0.6055
2026-10-02,2026-10-09,C,105.0,996,42,0.5942
2026-10-02,2026-10-09,C,106.0,411,115,0.5894
2026-10-02,2026-10-09,C,107.0,235,100,0.5713
2026-10-02,2026-10-09,C,108.0,159,75,0.5664
2026-10-02,2026-10-09,C,109.0,430,46,0.563
2026-10-02,2026-10-09,C,110.0,1240,113,0.5542
2026-10-02,2026-10-09,C,111.0,339,21,0.5464
2026-10-02,2026-10-09,C,112.0,268,103,0.5439
2026-10-02,2026-10-09,C,113.0,260,68,0.5359
2026-10-02,2026-10-09,C,114.0,224,60,0.5398
2026-10-02,2026-10-09,C,115.0,5171,270,0.5371
2026-10-02,2026-10-09,C,116.0,1074,614,0.5361
2026-10-02,2026-10-09,C,117.0,401,171,0.5332
2026-10-02,2026-10-09,C,118.0,1283,576,0.5349
2026-10-02,2026-10-09,C,119.0,1159,474,0.5339
2026-10-02,2026-10-09,C,120.0,7051,4085,0.5342
2026-10-02,2026-10-09,C,121.0,871,2010,0.5386
2026-10-02,2026-10-09,C,122.0,4529,3910,0.5503
2026-10-02,2026-10-09,C,123.0,6735,4390,0.5381
2026-10-02,2026-10-09,C,124.0,893,1396,0.5552
2026-10-02,2026-10-09,C,125.0,5412,10067,0.5427
2026-10-02,2026-10-09,C,126.0,740,1748,0.5449
2026-10-02,2026-10-09,C,127.0,6816,2099,0.5471
2026-10-02,2026-10-09,C,128.0,4904,3978,0.5503
2026-10-02,2026-10-09,C,129.0,1331,1300,0.5537
2026-10-02,2026-10-09,C,130.0,12694,6404,0.5571
2026-10-02,2026-10-09,C,131.0,356,722,0.561
2026-10-02,2026-10-09,C,132.0,340,2212,0.5659
2026-10-02,2026-10-09,C,133.0,268,854,0.5884
2026-10-02,2026-10-09,C,134.0,404,912,0.5752
2026-10-02,2026-10-09,C,135.0,4113,1911,0.5811
2026-10-02,2026-10-09,C,136.0,264,732,0.5869
2026-10-02,2026-10-09,C,137.0,252,1347,0.5918
2026-10-02,2026-10-09,P,102.0,900,578,0.5947
2026-10-02,2026-10-09,P,103.0,1818,170,0.5811
2026-10-02,2026-10-09,P,104.0,887,186,0.5684
2026-10-02,2026-10-09,P,105.0,2762,1212,0.5615
2026-10-02,2026-10-09,P,106.0,827,453,0.5537
2026-10-02,2026-10-09,P,107.0,977,290,0.5483
2026-10-02,2026-10-09,P,108.0,650,381,0.543
2026-10-02,2026-10-09,P,109.0,1729,1066,0.5356
2026-10-02,2026-10-09,P,110.0,4377,5927,0.5332
2026-10-02,2026-10-09,P,111.0,577,689,0.5435
2026-10-02,2026-10-09,P,112.0,816,1146,0.5259
2026-10-02,2026-10-09,P,113.0,877,1396,0.5425
2026-10-02,2026-10-09,P,114.0,847,1363,0.5234
2026-10-02,2026-10-09,P,115.0,2054,4394,0.5225
2026-10-02,2026-10-09,P,116.0,661,959,0.5217
2026-10-02,2026-10-09,P,117.0,725,708,0.522
2026-10-02,2026-10-09,P,118.0,1635,1552,0.522
2026-10-02,2026-10-09,P,119.0,395,936,0.5205
2026-10-02,2026-10-09,P,120.0,1713,3337,0.5244
2026-10-02,2026-10-09,P,121.0,540,586,0.5259
2026-10-02,2026-10-09,P,122.0,257,344,0.5249
2026-10-02,2026-10-09,P,123.0,125,3680,0.5254
2026-10-02,2026-10-09,P,124.0,556,459,0.5278
2026-10-02,2026-10-09,P,125.0,386,1496,0.5288
2026-10-02,2026-10-09,P,126.0,108,102,0.5327
2026-10-02,2026-10-09,P,127.0,110,103,0.5313
2026-10-02,2026-10-09,P,128.0,58,30,0.5393
2026-10-02,2026-10-09,P,129.0,121,10,0.543
2026-10-02,2026-10-09,P,130.0,628,77,0.542
2026-10-02,2026-10-09,P,131.0,6,31,0.5483
2026-10-02,2026-10-09,P,132.0,13,15,0.5508
2026-10-02,2026-10-09,P,133.0,25,62,0.5479
2026-10-02,2026-10-09,P,134.0,2,24,0.5581
2026-10-02,2026-10-09,P,135.0,152,69,0.5654
2026-10-02,2026-10-09,P,136.0,11,18,0.5693
2026-10-02,2026-10-09,P,137.0,8,13,0.5703
2026-10-02,2026-10-16,C,102.0,69,8,0.7173
2026-10-02,2026-10-16,C,103.0,402,27,0.6069
2026-10-02,2026-10-16,C,104.0,75,11,0.5991
2026-10-02,2026-10-16,C,105.0,15651,244,0.5989
2026-10-02,2026-10-16,C,106.0,45,101,0.6172
2026-10-02,2026-10-16,C,107.0,130,27,0.5847
2026-10-02,2026-10-16,C,108.0,355,64,0.5798
2026-10-02,2026-10-16,C,109.0,184,58,0.6084
2026-10-02,2026-10-16,C,110.0,41147,1492,0.5728
2026-10-02,2026-10-16,C,111.0,105,11,0.573
2026-10-02,2026-10-16,C,112.0,113,28,0.5698
2026-10-02,2026-10-16,C,113.0,139,5,0.5669
2026-10-02,2026-10-16,C,114.0,179,23,0.5667
2026-10-02,2026-10-16,C,115.0,19167,1198,0.5686
2026-10-02,2026-10-16,C,116.0,296,136,0.5675
2026-10-02,2026-10-16,C,117.0,531,107,0.5686
2026-10-02,2026-10-16,C,118.0,455,87,0.5691
2026-10-02,2026-10-16,C,119.0,698,151,0.5693
2026-10-02,2026-10-16,C,120.0,37185,4420,0.5715
2026-10-02,2026-10-16,C,121.0,1301,395,0.5708
2026-10-02,2026-10-16,C,122.0,439,373,0.5725
2026-10-02,2026-10-16,C,123.0,1505,1052,0.574
2026-10-02,2026-10-16,C,124.0,2147,268,0.5752
2026-10-02,2026-10-16,C,125.0,12309,5126,0.5764
2026-10-02,2026-10-16,C,126.0,1202,966,0.5796
2026-10-02,2026-10-16,C,127.0,501,252,0.5818
2026-10-02,2026-10-16,C,128.0,606,1141,0.5945
2026-10-02,2026-10-16,C,129.0,466,271,0.5981
2026-10-02,2026-10-16,C,130.0,96360,8858,0.5889
2026-10-02,2026-10-16,C,131.0,7101,1441,0.5913
2026-10-02,2026-10-16,C,132.0,1409,562,0.5938
2026-10-02,2026-10-16,C,133.0,914,1075,0.5962
2026-10-02,2026-10-16,C,134.0,703,392,0.5996
2026-10-02,2026-10-16,C,135.0,15243,6371,0.6033
2026-10-02,2026-10-16,C,136.0,897,334,0.605
2026-10-02,2026-10-16,C,137.0,342,124,0.6084
2026-10-02,2026-10-16,P,102.0,1272,308,0.582
2026-10-02,2026-10-16,P,103.0,1180,160,0.5762
2026-10-02,2026-10-16,P,104.0,2455,291,0.5708
2026-10-02,2026-10-16,P,105.0,13653,3361,0.5671
2026-10-02,2026-10-16,P,106.0,951,419,0.5625
2026-10-02,2026-10-16,P,107.0,456,901,0.5432
2026-10-02,2026-10-16,P,108.0,793,408,0.5576
2026-10-02,2026-10-16,P,109.0,1268,751,0.5493
2026-10-02,2026-10-16,P,110.0,15801,3965,0.5405
2026-10-02,2026-10-16,P,111.0,1557,347,0.552
2026-10-02,2026-10-16,P,112.0,483,303,0.5525
2026-10-02,2026-10-16,P,113.0,734,742,0.5405
2026-10-02,2026-10-16,P,114.0,359,225,0.5518
2026-10-02,2026-10-16,P,115.0,6773,1646,0.5525
2026-10-02,2026-10-16,P,116.0,1425,360,0.5518
2026-10-02,2026-10-16,P,117.0,1170,685,0.5505
2026-10-02,2026-10-16,P,118.0,1520,473,0.554
2026-10-02,2026-10-16,P,119.0,634,185,0.5542
2026-10-02,2026-10-16,P,120.0,7164,1885,0.554
2026-10-02,2026-10-16,P,121.0,2145,306,0.5559
2026-10-02,2026-10-16,P,122.0,154,321,0.5574
2026-10-02,2026-10-16,P,123.0,392,260,0.5586
2026-10-02,2026-10-16,P,124.0,660,232,0.5596
2026-10-02,2026-10-16,P,125.0,3532,864,0.5606
2026-10-02,2026-10-16,P,126.0,106,15,0.5615
2026-10-02,2026-10-16,P,127.0,60,20,0.5656
2026-10-02,2026-10-16,P,128.0,78,30,0.5671
2026-10-02,2026-10-16,P,129.0,42,3,0.5691
2026-10-02,2026-10-16,P,130.0,3253,150,0.572
2026-10-02,2026-10-16,P,131.0,20,28,0.5725
2026-10-02,2026-10-16,P,132.0,94,35,0.5178
2026-10-02,2026-10-16,P,133.0,106,1,0.5732
2026-10-02,2026-10-16,P,134.0,85,13,0.5776
2026-10-02,2026-10-16,P,135.0,680,3,0.5801
2026-10-02,2026-10-16,P,136.0,10,2,0.585
2026-10-02,2026-10-16,P,137.0,14,5,0.6069
2026-10-05,2026-10-07,C,99.0,7,9,0.5
2026-10-05,2026-10-07,C,100.0,26,14,0.5
2026-10-05,2026-10-07,C,101.0,2,21,0.5
2026-10-05,2026-10-07,C,102.0,5,8,0.8594
2026-10-05,2026-10-07,C,103.0,10,12,0.5
2026-10-05,2026-10-07,C,104.0,70,26,0.7109
2026-10-05,2026-10-07,C,105.0,36,162,0.7109
2026-10-05,2026-10-07,C,106.0,14,19,0.6797
2026-10-05,2026-10-07,C,107.0,35,50,0.6602
2026-10-05,2026-10-07,C,108.0,125,40,0.6172
2026-10-05,2026-10-07,C,109.0,31,74,0.627
2026-10-05,2026-10-07,C,110.0,147,479,0.624
2026-10-05,2026-10-07,C,111.0,86,259,0.6113
2026-10-05,2026-10-07,C,112.0,60,3042,0.6064
2026-10-05,2026-10-07,C,113.0,130,10636,0.6104
2026-10-05,2026-10-07,C,114.0,191,21221,0.6074
2026-10-05,2026-10-07,C,115.0,698,43377,0.6162
2026-10-05,2026-10-07,C,116.0,797,21258,0.6182
2026-10-05,2026-10-07,C,117.0,1795,16119,0.624
2026-10-05,2026-10-07,C,118.0,5159,18538,0.6465
2026-10-05,2026-10-07,C,119.0,3203,8342,0.6641
2026-10-05,2026-10-07,C,120.0,4747,20461,0.6953
2026-10-05,2026-10-07,C,121.0,4769,4096,0.707
2026-10-05,2026-10-07,C,122.0,2434,2740,0.7578
2026-10-05,2026-10-07,C,123.0,2607,1908,0.7813
2026-10-05,2026-10-07,C,124.0,503,931,0.8438
2026-10-05,2026-10-07,C,125.0,6038,4962,0.9063
2026-10-05,2026-10-07,C,126.0,822,1646,0.9063
2026-10-05,2026-10-07,C,127.0,1609,171,0.9531
2026-10-05,2026-10-07,C,128.0,1355,866,1.0156
2026-10-05,2026-10-07,C,129.0,1870,56,1.0625
2026-10-05,2026-10-07,C,130.0,2127,572,0.9844
2026-10-05,2026-10-07,C,131.0,621,18,1.0313
2026-10-05,2026-10-07,C,132.0,115,54,1.0625
2026-10-05,2026-10-07,C,133.0,176,56,1.125
2026-10-05,2026-10-07,P,99.0,24,160,0.9063
2026-10-05,2026-10-07,P,100.0,365,218,0.9375
2026-10-05,2026-10-07,P,101.0,37,41,0.875
2026-10-05,2026-10-07,P,102.0,23,11,0.8281
2026-10-05,2026-10-07,P,103.0,67,12,0.7656
2026-10-05,2026-10-07,P,104.0,94,576,0.7266
2026-10-05,2026-10-07,P,105.0,541,543,0.7109
2026-10-05,2026-10-07,P,106.0,278,493,0.6875
2026-10-05,2026-10-07,P,107.0,927,1247,0.6484
2026-10-05,2026-10-07,P,108.0,507,1302,0.6309
2026-10-05,2026-10-07,P,109.0,275,2519,0.624
2026-10-05,2026-10-07,P,110.0,1907,5048,0.6133
2026-10-05,2026-10-07,P,111.0,540,3330,0.6089
2026-10-05,2026-10-07,P,112.0,954,6275,0.6016
2026-10-05,2026-10-07,P,113.0,1677,14442,0.6035
2026-10-05,2026-10-07,P,114.0,1345,26175,0.6104
2026-10-05,2026-10-07,P,115.0,1775,20114,0.6182
2026-10-05,2026-10-07,P,116.0,2403,11726,0.6074
2026-10-05,2026-10-07,P,117.0,2633,3975,0.6367
2026-10-05,2026-10-07,P,118.0,817,1107,0.6289
2026-10-05,2026-10-07,P,119.0,465,340,0.6406
2026-10-05,2026-10-07,P,120.0,5507,332,0.6641
2026-10-05,2026-10-07,P,121.0,1313,60,0.7344
2026-10-05,2026-10-07,P,122.0,167,97,0.7188
2026-10-05,2026-10-07,P,123.0,364,30,0.7813
2026-10-05,2026-10-07,P,124.0,554,72,0.8438
2026-10-05,2026-10-07,P,125.0,316,33,0.9063
2026-10-05,2026-10-07,P,126.0,203,27,0.9609
2026-10-05,2026-10-07,P,127.0,31,26,1.0156
2026-10-05,2026-10-07,P,128.0,44,8,1.0781
2026-10-05,2026-10-07,P,129.0,14,5,0.5
2026-10-05,2026-10-07,P,130.0,41,13,1.1875
2026-10-05,2026-10-07,P,131.0,3,3,1.2344
2026-10-05,2026-10-07,P,132.0,13,31,1.2969
2026-10-05,2026-10-07,P,133.0,1,9,0.5
2026-10-05,2026-10-09,C,99.0,452,4,0.7734
2026-10-05,2026-10-09,C,100.0,670,180,0.7539
2026-10-05,2026-10-09,C,101.0,251,24,0.7266
2026-10-05,2026-10-09,C,102.0,1698,45,0.6953
2026-10-05,2026-10-09,C,103.0,353,59,0.6777
2026-10-05,2026-10-09,C,104.0,109,158,0.668
2026-10-05,2026-10-09,C,105.0,1042,873,0.6465
2026-10-05,2026-10-09,C,106.0,423,54,0.6279
2026-10-05,2026-10-09,C,107.0,286,179,0.6372
2026-10-05,2026-10-09,C,108.0,204,179,0.6294
2026-10-05,2026-10-09,C,109.0,424,136,0.6226
2026-10-05,2026-10-09,C,110.0,1254,732,0.6226
2026-10-05,2026-10-09,C,111.0,1363,1168,0.6196
2026-10-05,2026-10-09,C,112.0,403,188,0.6177
2026-10-05,2026-10-09,C,113.0,1243,4393,0.6187
2026-10-05,2026-10-09,C,114.0,287,4842,0.6201
2026-10-05,2026-10-09,C,115.0,5650,41760,0.626
2026-10-05,2026-10-09,C,116.0,1393,12047,0.625
2026-10-05,2026-10-09,C,117.0,1402,5687,0.6309
2026-10-05,2026-10-09,C,118.0,6461,12527,0.6377
2026-10-05,2026-10-09,C,119.0,2474,4161,0.6426
2026-10-05,2026-10-09,C,120.0,9891,22947,0.6504
2026-10-05,2026-10-09,C,121.0,2142,1505,0.6582
2026-10-05,2026-10-09,C,122.0,4472,3833,0.667
2026-10-05,2026-10-09,C,123.0,9196,2166,0.6738
2026-10-05,2026-10-09,C,124.0,1359,1751,0.6856
2026-10-05,2026-10-09,C,125.0,4797,8369,0.6992
2026-10-05,2026-10-09,C,126.0,1742,742,0.7207
2026-10-05,2026-10-09,C,127.0,7080,2710,0.7305
2026-10-05,2026-10-09,C,128.0,5431,316,0.7422
2026-10-05,2026-10-09,C,129.0,1804,198,0.7617
2026-10-05,2026-10-09,C,130.0,14214,2936,0.7734
2026-10-05,2026-10-09,C,131.0,500,59,0.7969
2026-10-05,2026-10-09,C,132.0,1027,344,0.8164
2026-10-05,2026-10-09,C,133.0,661,74,0.8242
2026-10-05,2026-10-09,P,99.0,830,41,0.6797
2026-10-05,2026-10-09,P,100.0,1666,459,0.6719
2026-10-05,2026-10-09,P,101.0,854,176,0.6602
2026-10-05,2026-10-09,P,102.0,1865,274,0.6387
2026-10-05,2026-10-09,P,103.0,2185,367,0.6279
2026-10-05,2026-10-09,P,104.0,1784,179,0.627
2026-10-05,2026-10-09,P,105.0,2737,1743,0.6152
2026-10-05,2026-10-09,P,106.0,1255,1219,0.6123
2026-10-05,2026-10-09,P,107.0,1383,670,0.6094
2026-10-05,2026-10-09,P,108.0,1434,1523,0.6064
2026-10-05,2026-10-09,P,109.0,2411,1667,0.6035
2026-10-05,2026-10-09,P,110.0,7096,6743,0.6021
2026-10-05,2026-10-09,P,111.0,1541,3011,0.6016
2026-10-05,2026-10-09,P,112.0,2468,2828,0.6016
2026-10-05,2026-10-09,P,113.0,2196,5374,0.604
2026-10-05,2026-10-09,P,114.0,2046,2311,0.605
2026-10-05,2026-10-09,P,115.0,6209,4852,0.6089
2026-10-05,2026-10-09,P,116.0,1902,6325,0.6177
2026-10-05,2026-10-09,P,117.0,2233,1857,0.6201
2026-10-05,2026-10-09,P,118.0,2336,1046,0.624
2026-10-05,2026-10-09,P,119.0,849,654,0.6328
2026-10-05,2026-10-09,P,120.0,3594,943,0.6279
2026-10-05,2026-10-09,P,121.0,731,113,0.6328
2026-10-05,2026-10-09,P,122.0,375,40,0.6397
2026-10-05,2026-10-09,P,123.0,1758,35,0.6523
2026-10-05,2026-10-09,P,124.0,692,44,0.6563
2026-10-05,2026-10-09,P,125.0,974,76,0.6738
2026-10-05,2026-10-09,P,126.0,164,27,0.6856
2026-10-05,2026-10-09,P,127.0,151,23,0.6914
2026-10-05,2026-10-09,P,128.0,84,3,0.8203
2026-10-05,2026-10-09,P,129.0,124,4,0.7188
2026-10-05,2026-10-09,P,130.0,643,37,0.75
2026-10-05,2026-10-09,P,131.0,15,4,0.7852
2026-10-05,2026-10-09,P,132.0,28,1,0.8203
2026-10-05,2026-10-09,P,133.0,84,5,0.7734
2026-10-05,2026-10-12,C,99.0,8,5,0.5898
2026-10-05,2026-10-12,C,100.0,17,3,0.5703
2026-10-05,2026-10-12,C,101.0,6,7,0.5469
2026-10-05,2026-10-12,C,102.0,1,5,0.5332
2026-10-05,2026-10-12,C,103.0,6,35,0.5366
2026-10-05,2026-10-12,C,104.0,41,7,0.5386
2026-10-05,2026-10-12,C,105.0,18,40,0.5234
2026-10-05,2026-10-12,C,106.0,9,2,0.5225
2026-10-05,2026-10-12,C,107.0,7,42,0.5186
2026-10-05,2026-10-12,C,108.0,3,40,0.5115
2026-10-05,2026-10-12,C,109.0,7,32,0.5061
2026-10-05,2026-10-12,C,110.0,139,61,0.5107
2026-10-05,2026-10-12,C,111.0,9,36,0.5098
2026-10-05,2026-10-12,C,112.0,60,154,0.5127
2026-10-05,2026-10-12,C,113.0,25,159,0.5139
2026-10-05,2026-10-12,C,114.0,49,525,0.5154
2026-10-05,2026-10-12,C,115.0,189,1177,0.5186
2026-10-05,2026-10-12,C,116.0,102,877,0.5222
2026-10-05,2026-10-12,C,117.0,193,959,0.5261
2026-10-05,2026-10-12,C,118.0,150,850,0.5303
2026-10-05,2026-10-12,C,119.0,386,2633,0.5381
2026-10-05,2026-10-12,C,120.0,546,1304,0.5464
2026-10-05,2026-10-12,C,121.0,248,755,0.5532
2026-10-05,2026-10-12,C,122.0,120,336,0.5586
2026-10-05,2026-10-12,C,123.0,207,215,0.5693
2026-10-05,2026-10-12,C,124.0,266,180,0.5752
2026-10-05,2026-10-12,C,125.0,687,754,0.582
2026-10-05,2026-10-12,C,126.0,407,276,0.5947
2026-10-05,2026-10-12,C,127.0,87,227,0.6055
2026-10-05,2026-10-12,C,128.0,58,19,0.6231
2026-10-05,2026-10-12,C,129.0,21,26,0.6231
2026-10-05,2026-10-12,C,130.0,395,242,0.6426
2026-10-05,2026-10-12,C,131.0,103,9,0.6465
2026-10-05,2026-10-12,C,132.0,21,12,0.6621
2026-10-05,2026-10-12,C,133.0,20,5,0.6738
2026-10-05,2026-10-12,P,99.0,0,8,0.5371
2026-10-05,2026-10-12,P,100.0,192,183,0.5293
2026-10-05,2026-10-12,P,101.0,53,2,0.5342
2026-10-05,2026-10-12,P,102.0,51,56,0.5234
2026-10-05,2026-10-12,P,103.0,12,14,0.5195
2026-10-05,2026-10-12,P,104.0,37,11,0.5137
2026-10-05,2026-10-12,P,105.0,124,78,0.5093
2026-10-05,2026-10-12,P,106.0,65,53,0.5103
2026-10-05,2026-10-12,P,107.0,150,132,0.5088
2026-10-05,2026-10-12,P,108.0,645,109,0.5083
2026-10-05,2026-10-12,P,109.0,78,86,0.5064
2026-10-05,2026-10-12,P,110.0,740,466,0.5024
2026-10-05,2026-10-12,P,111.0,227,130,0.5064
2026-10-05,2026-10-12,P,112.0,229,203,0.5066
2026-10-05,2026-10-12,P,113.0,125,194,0.5105
2026-10-05,2026-10-12,P,114.0,67,420,0.512
2026-10-05,2026-10-12,P,115.0,253,179,0.5132
2026-10-05,2026-10-12,P,116.0,724,140,0.5195
2026-10-05,2026-10-12,P,117.0,147,137,0.522
2026-10-05,2026-10-12,P,118.0,84,65,0.5269
2026-10-05,2026-10-12,P,119.0,155,31,0.5298
2026-10-05,2026-10-12,P,120.0,272,123,0.5371
2026-10-05,2026-10-12,P,121.0,85,50,0.5376
2026-10-05,2026-10-12,P,122.0,33,6,0.5459
2026-10-05,2026-10-12,P,123.0,18,8,0.5479
2026-10-05,2026-10-12,P,124.0,6,1,0.5635
2026-10-05,2026-10-12,P,125.0,23,1,0.5752
2026-10-05,2026-10-12,P,130.0,2,1,0.5918
2026-10-05,2026-10-12,P,133.0,3,10,0.6387
2026-10-05,2026-10-14,C,104.0,28,20,0.5601
2026-10-05,2026-10-14,C,105.0,6,12,0.5552
2026-10-05,2026-10-14,C,106.0,5,15,0.5542
2026-10-05,2026-10-14,C,107.0,5,39,0.5513
2026-10-05,2026-10-14,C,108.0,6,1,0.5508
2026-10-05,2026-10-14,C,109.0,6,35,0.5518
2026-10-05,2026-10-14,C,111.0,3,7,0.5571
2026-10-05,2026-10-14,C,112.0,16,12,0.5574
2026-10-05,2026-10-14,C,113.0,51,57,0.5586
2026-10-05,2026-10-14,C,114.0,37,171,0.561
2026-10-05,2026-10-14,C,115.0,81,331,0.5681
2026-10-05,2026-10-14,C,116.0,475,640,0.5811
2026-10-05,2026-10-14,C,117.0,237,192,0.5698
2026-10-05,2026-10-14,C,118.0,304,824,0.5747
2026-10-05,2026-10-14,C,119.0,68,69,0.5806
2026-10-05,2026-10-14,C,120.0,249,478,0.5869
2026-10-05,2026-10-14,C,121.0,58,88,0.5935
2026-10-05,2026-10-14,C,122.0,38,153,0.5933
2026-10-05,2026-10-14,C,123.0,28,144,0.6055
2026-10-05,2026-10-14,C,124.0,95,61,0.6128
2026-10-05,2026-10-14,C,125.0,249,217,0.6147
2026-10-05,2026-10-14,C,126.0,175,18,0.6201
2026-10-05,2026-10-14,C,127.0,42,87,0.6328
2026-10-05,2026-10-14,C,128.0,97,57,0.6392
2026-10-05,2026-10-14,C,129.0,41,10,0.6484
2026-10-05,2026-10-14,C,130.0,247,173,0.6572
2026-10-05,2026-10-14,C,131.0,75,8,0.665
2026-10-05,2026-10-14,C,132.0,35,7,0.6709
2026-10-05,2026-10-14,C,133.0,56,9,0.6768
2026-10-05,2026-10-14,P,99.0,8,18,0.5762
2026-10-05,2026-10-14,P,100.0,28,52,0.5762
2026-10-05,2026-10-14,P,101.0,3,11,0.5576
2026-10-05,2026-10-14,P,102.0,8,35,0.5547
2026-10-05,2026-10-14,P,103.0,3,11,0.5537
2026-10-05,2026-10-14,P,104.0,124,131,0.5488
2026-10-05,2026-10-14,P,105.0,62,101,0.5459
2026-10-05,2026-10-14,P,106.0,10,61,0.5491
2026-10-05,2026-10-14,P,107.0,203,98,0.5483
2026-10-05,2026-10-14,P,108.0,163,75,0.541
2026-10-05,2026-10-14,P,109.0,136,67,0.5486
2026-10-05,2026-10-14,P,110.0,145,257,0.5479
2026-10-05,2026-10-14,P,111.0,40,135,0.5488
2026-10-05,2026-10-14,P,112.0,30,319,0.5498
2026-10-05,2026-10-14,P,113.0,24,422,0.5549
2026-10-05,2026-10-14,P,114.0,17,29,0.5537
2026-10-05,2026-10-14,P,115.0,381,109,0.5574
2026-10-05,2026-10-14,P,116.0,125,153,0.5627
2026-10-05,2026-10-14,P,117.0,64,133,0.5625
2026-10-05,2026-10-14,P,118.0,40,47,0.5689
2026-10-05,2026-10-14,P,119.0,59,16,0.5696
2026-10-05,2026-10-14,P,120.0,171,67,0.5742
2026-10-05,2026-10-14,P,121.0,4,24,0.5791
2026-10-05,2026-10-14,P,122.0,12,42,0.5845
2026-10-05,2026-10-14,P,123.0,4,1,0.5908
2026-10-05,2026-10-14,P,124.0,11,23,0.5933
2026-10-05,2026-10-14,P,125.0,112,115,0.5977
2026-10-05,2026-10-14,P,126.0,3,4,0.606
2026-10-05,2026-10-14,P,129.0,4,3,0.6182
2026-10-05,2026-10-14,P,130.0,4,15,0.6328
2026-10-05,2026-10-14,P,132.0,12,12,0.6299
2026-10-05,2026-10-14,P,133.0,12,12,0.6533
2026-10-05,2026-10-16,C,99.0,40,5,0.6191
2026-10-05,2026-10-16,C,100.0,16302,461,0.6118
2026-10-05,2026-10-16,C,101.0,473,4,0.6074
2026-10-05,2026-10-16,C,102.0,82,20,0.5981
2026-10-05,2026-10-16,C,103.0,425,15,0.5957
2026-10-05,2026-10-16,C,104.0,77,132,0.5884
2026-10-05,2026-10-16,C,105.0,15600,222,0.5857
2026-10-05,2026-10-16,C,106.0,149,107,0.5825
2026-10-05,2026-10-16,C,107.0,136,36,0.582
2026-10-05,2026-10-16,C,108.0,386,33,0.5767
2026-10-05,2026-10-16,C,109.0,242,34,0.5811
2026-10-05,2026-10-16,C,110.0,40851,1110,0.5801
2026-10-05,2026-10-16,C,111.0,98,62,0.5806
2026-10-05,2026-10-16,C,112.0,111,757,0.583
2026-10-05,2026-10-16,C,113.0,209,1307,0.584
2026-10-05,2026-10-16,C,114.0,150,2894,0.5864
2026-10-05,2026-10-16,C,115.0,18819,8086,0.5911
2026-10-05,2026-10-16,C,116.0,614,2806,0.5857
2026-10-05,2026-10-16,C,117.0,866,972,0.5967
2026-10-05,2026-10-16,C,118.0,624,1214,0.5962
2026-10-05,2026-10-16,C,119.0,795,332,0.605
2026-10-05,2026-10-16,C,120.0,36863,19784,0.6094
2026-10-05,2026-10-16,C,121.0,1268,386,0.6096
2026-10-05,2026-10-16,C,122.0,665,1574,0.6191
2026-10-05,2026-10-16,C,123.0,1966,727,0.6123
2026-10-05,2026-10-16,C,124.0,2476,590,0.6294
2026-10-05,2026-10-16,C,125.0,13186,17455,0.6343
2026-10-05,2026-10-16,C,126.0,1360,589,0.6382
2026-10-05,2026-10-16,C,127.0,692,359,0.645
2026-10-05,2026-10-16,C,128.0,1061,281,0.6489
2026-10-05,2026-10-16,C,129.0,753,119,0.6567
2026-10-05,2026-10-16,C,130.0,96170,24063,0.6641
2026-10-05,2026-10-16,C,131.0,7603,840,0.6689
2026-10-05,2026-10-16,C,132.0,1714,795,0.6729
2026-10-05,2026-10-16,C,133.0,1268,169,0.6816
2026-10-05,2026-10-16,P,99.0,748,627,0.583
2026-10-05,2026-10-16,P,100.0,20236,3020,0.5786
2026-10-05,2026-10-16,P,101.0,568,193,0.5732
2026-10-05,2026-10-16,P,102.0,1570,251,0.5698
2026-10-05,2026-10-16,P,103.0,1314,339,0.5667
2026-10-05,2026-10-16,P,104.0,2591,1021,0.5625
2026-10-05,2026-10-16,P,105.0,13797,2632,0.562
2026-10-05,2026-10-16,P,106.0,1257,658,0.562
2026-10-05,2026-10-16,P,107.0,959,600,0.5601
2026-10-05,2026-10-16,P,108.0,946,672,0.5593
2026-10-05,2026-10-16,P,109.0,1098,713,0.5608
2026-10-05,2026-10-16,P,110.0,16813,4371,0.5632
2026-10-05,2026-10-16,P,111.0,1624,1370,0.5635
2026-10-05,2026-10-16,P,112.0,696,308,0.5662
2026-10-05,2026-10-16,P,113.0,1179,3350,0.5671
2026-10-05,2026-10-16,P,114.0,456,923,0.5696
2026-10-05,2026-10-16,P,115.0,7983,1695,0.574
2026-10-05,2026-10-16,P,116.0,1940,172,0.5772
2026-10-05,2026-10-16,P,117.0,1622,171,0.5757
2026-10-05,2026-10-16,P,118.0,2527,399,0.5842
2026-10-05,2026-10-16,P,119.0,686,206,0.585
2026-10-05,2026-10-16,P,120.0,8133,1186,0.5891
2026-10-05,2026-10-16,P,121.0,2322,491,0.5938
2026-10-05,2026-10-16,P,122.0,269,50,0.5986
2026-10-05,2026-10-16,P,123.0,393,40,0.6001
2026-10-05,2026-10-16,P,124.0,685,50,0.6074
2026-10-05,2026-10-16,P,125.0,3751,53,0.6064
2026-10-05,2026-10-16,P,126.0,156,3,0.6128
2026-10-05,2026-10-16,P,127.0,78,5,0.6162
2026-10-05,2026-10-16,P,128.0,109,4,0.6167
2026-10-05,2026-10-16,P,129.0,43,9,0.6279
2026-10-05,2026-10-16,P,130.0,3287,67,0.6216
2026-10-05,2026-10-16,P,131.0,25,4,0.6279
2026-10-05,2026-10-16,P,132.0,114,1,0.6318
2026-10-05,2026-10-16,P,133.0,107,1,0.6338
2026-10-06,2026-10-09,C,96.0,1534,30,0.9766
2026-10-06,2026-10-09,C,97.0,123,9,0.9219
2026-10-06,2026-10-09,C,98.0,145,23,0.8672
2026-10-06,2026-10-09,C,99.0,453,9,1.0273
2026-10-06,2026-10-09,C,100.0,713,130,0.7578
2026-10-06,2026-10-09,C,101.0,259,31,0.7031
2026-10-06,2026-10-09,C,102.0,1684,17,0.7617
2026-10-06,2026-10-09,C,103.0,344,37,0.7031
2026-10-06,2026-10-09,C,104.0,126,58,0.707
2026-10-06,2026-10-09,C,105.0,1070,181,0.668
2026-10-06,2026-10-09,C,106.0,427,34,0.9219
2026-10-06,2026-10-09,C,107.0,278,65,0.6377
2026-10-06,2026-10-09,C,108.0,219,161,0.6397
2026-10-06,2026-10-09,C,109.0,505,136,0.6416
2026-10-06,2026-10-09,C,110.0,1214,6216,0.6221
2026-10-06,2026-10-09,C,111.0,1393,469,0.6255
2026-10-06,2026-10-09,C,112.0,407,3458,0.6235
2026-10-06,2026-10-09,C,113.0,2154,14371,0.626
2026-10-06,2026-10-09,C,114.0,1493,19701,0.6279
2026-10-06,2026-10-09,C,115.0,32039,22974,0.6323
2026-10-06,2026-10-09,C,116.0,3567,7456,0.6357
2026-10-06,2026-10-09,C,117.0,2705,3837,0.6406
2026-10-06,2026-10-09,C,118.0,9023,7183,0.6494
2026-10-06,2026-10-09,C,119.0,2985,3868,0.6553
2026-10-06,2026-10-09,C,120.0,14399,19102,0.6641
2026-10-06,2026-10-09,C,121.0,2499,1715,0.6748
2026-10-06,2026-10-09,C,122.0,5788,1763,0.6856
2026-10-06,2026-10-09,C,123.0,9571,7436,0.6934
2026-10-06,2026-10-09,C,124.0,1607,910,0.707
2026-10-06,2026-10-09,C,125.0,7735,2320,0.7266
2026-10-06,2026-10-09,C,126.0,1699,373,0.7383
2026-10-06,2026-10-09,C,127.0,8610,6510,0.7383
2026-10-06,2026-10-09,C,128.0,5442,605,0.7656
2026-10-06,2026-10-09,C,129.0,1822,55,0.7891
2026-10-06,2026-10-09,P,96.0,1649,32,0.9531
2026-10-06,2026-10-09,P,97.0,424,4,0.875
2026-10-06,2026-10-09,P,98.0,453,53,0.8438
2026-10-06,2026-10-09,P,99.0,810,261,0.8125
2026-10-06,2026-10-09,P,100.0,1834,374,0.7773
2026-10-06,2026-10-09,P,101.0,915,368,0.75
2026-10-06,2026-10-09,P,102.0,2031,716,0.7148
2026-10-06,2026-10-09,P,103.0,2245,447,0.6875
2026-10-06,2026-10-09,P,104.0,1918,639,0.6836
2026-10-06,2026-10-09,P,105.0,3542,4395,0.6523
2026-10-06,2026-10-09,P,106.0,1904,663,0.6426
2026-10-06,2026-10-09,P,107.0,1463,419,0.6318
2026-10-06,2026-10-09,P,108.0,2055,2842,0.625
2026-10-06,2026-10-09,P,109.0,3143,1257,0.6206
2026-10-06,2026-10-09,P,110.0,8569,5166,0.6162
2026-10-06,2026-10-09,P,111.0,2817,2813,0.6157
2026-10-06,2026-10-09,P,112.0,3093,5469,0.6157
2026-10-06,2026-10-09,P,113.0,3954,11973,0.6152
2026-10-06,2026-10-09,P,114.0,2452,2987,0.6172
2026-10-06,2026-10-09,P,115.0,5485,2064,0.6162
2026-10-06,2026-10-09,P,116.0,5657,592,0.6309
2026-10-06,2026-10-09,P,117.0,2731,552,0.6328
2026-10-06,2026-10-09,P,118.0,2018,368,0.6343
2026-10-06,2026-10-09,P,119.0,756,1210,0.6377
2026-10-06,2026-10-09,P,120.0,3466,328,0.6484
2026-10-06,2026-10-09,P,121.0,693,67,0.6602
2026-10-06,2026-10-09,P,122.0,355,35,0.6777
2026-10-06,2026-10-09,P,123.0,1736,24,0.6816
2026-10-06,2026-10-09,P,124.0,663,63,0.7012
2026-10-06,2026-10-09,P,125.0,921,99,0.7109
2026-10-06,2026-10-09,P,126.0,161,18,0.7578
2026-10-06,2026-10-09,P,127.0,152,9,0.75
2026-10-06,2026-10-09,P,128.0,85,23,0.793
2026-10-06,2026-10-09,P,129.0,125,5,1.3242
2026-10-06,2026-10-12,C,99.0,12,8,0.5977
2026-10-06,2026-10-12,C,100.0,14,8,0.6094
2026-10-06,2026-10-12,C,101.0,6,5,0.5693
2026-10-06,2026-10-12,C,102.0,4,6,0.5479
2026-10-06,2026-10-12,C,103.0,41,32,0.5381
2026-10-06,2026-10-12,C,104.0,46,5,0.5342
2026-10-06,2026-10-12,C,105.0,53,93,0.5205
2026-10-06,2026-10-12,C,106.0,9,12,0.5176
2026-10-06,2026-10-12,C,107.0,45,102,0.5127
2026-10-06,2026-10-12,C,108.0,33,116,0.5044
2026-10-06,2026-10-12,C,109.0,39,14,0.5103
2026-10-06,2026-10-12,C,110.0,134,65,0.52
2026-10-06,2026-10-12,C,111.0,43,32,0.5178
2026-10-06,2026-10-12,C,112.0,188,406,0.5144
2026-10-06,2026-10-12,C,113.0,89,1100,0.5078
2026-10-06,2026-10-12,C,114.0,248,2008,0.5068
2026-10-06,2026-10-12,C,115.0,690,2132,0.5064
2026-10-06,2026-10-12,C,116.0,604,1114,0.5046
2026-10-06,2026-10-12,C,117.0,548,942,0.5054
2026-10-06,2026-10-12,C,118.0,547,689,0.5093
2026-10-06,2026-10-12,C,119.0,2449,1877,0.5171
2026-10-06,2026-10-12,C,120.0,970,2212,0.52
2026-10-06,2026-10-12,C,121.0,307,347,0.5259
2026-10-06,2026-10-12,C,122.0,335,214,0.5322
2026-10-06,2026-10-12,C,123.0,369,279,0.5439
2026-10-06,2026-10-12,C,124.0,322,15,0.5479
2026-10-06,2026-10-12,C,125.0,860,465,0.5596
2026-10-06,2026-10-12,C,126.0,410,114,0.5713
2026-10-06,2026-10-12,C,127.0,152,25,0.5938
2026-10-06,2026-10-12,C,128.0,59,12,0.5879
2026-10-06,2026-10-12,C,129.0,20,123,0.5996
2026-10-06,2026-10-12,P,98.0,44,8,0.6133
2026-10-06,2026-10-12,P,99.0,8,1,0.5898
2026-10-06,2026-10-12,P,100.0,221,120,0.582
2026-10-06,2026-10-12,P,101.0,54,220,0.5469
2026-10-06,2026-10-12,P,102.0,54,167,0.5332
2026-10-06,2026-10-12,P,103.0,23,31,0.5254
2026-10-06,2026-10-12,P,104.0,41,31,0.5137
2026-10-06,2026-10-12,P,105.0,187,124,0.5078
2026-10-06,2026-10-12,P,106.0,76,234,0.502
2026-10-06,2026-10-12,P,107.0,235,185,0.5034
2026-10-06,2026-10-12,P,108.0,727,86,0.5
2026-10-06,2026-10-12,P,109.0,141,144,0.4961
2026-10-06,2026-10-12,P,110.0,876,1134,0.4946
2026-10-06,2026-10-12,P,111.0,282,356,0.4937
2026-10-06,2026-10-12,P,112.0,348,169,0.4971
2026-10-06,2026-10-12,P,113.0,214,287,0.4981
2026-10-06,2026-10-12,P,114.0,222,291,0.5068
2026-10-06,2026-10-12,P,115.0,268,222,0.5083
2026-10-06,2026-10-12,P,116.0,714,32,0.5088
2026-10-06,2026-10-12,P,117.0,240,40,0.5195
2026-10-06,2026-10-12,P,118.0,51,5,0.5034
2026-10-06,2026-10-12,P,119.0,150,67,0.5054
2026-10-06,2026-10-12,P,120.0,286,47,0.5034
2026-10-06,2026-10-12,P,121.0,86,12,0.5156
2026-10-06,2026-10-12,P,122.0,33,1,0.5205
2026-10-06,2026-10-12,P,123.0,18,8,0.5283
2026-10-06,2026-10-12,P,124.0,6,1,0.541
2026-10-06,2026-10-12,P,125.0,23,3,0.5479
2026-10-06,2026-10-14,C,97.0,1,1,0.6582
2026-10-06,2026-10-14,C,104.0,48,10,0.5776
2026-10-06,2026-10-14,C,105.0,15,5,0.5723
2026-10-06,2026-10-14,C,106.0,9,36,0.5664
2026-10-06,2026-10-14,C,107.0,39,39,0.5591
2026-10-06,2026-10-14,C,108.0,6,1,0.5606
2026-10-06,2026-10-14,C,109.0,38,8,0.5591
2026-10-06,2026-10-14,C,111.0,9,11,0.5593
2026-10-06,2026-10-14,C,112.0,20,118,0.5566
2026-10-06,2026-10-14,C,113.0,77,269,0.5588
2026-10-06,2026-10-14,C,114.0,83,2763,0.5654
2026-10-06,2026-10-14,C,115.0,211,735,0.5686
2026-10-06,2026-10-14,C,116.0,511,1186,0.572
2026-10-06,2026-10-14,C,117.0,330,421,0.5757
2026-10-06,2026-10-14,C,118.0,709,329,0.5806
2026-10-06,2026-10-14,C,119.0,80,89,0.585
2026-10-06,2026-10-14,C,120.0,463,576,0.5894
2026-10-06,2026-10-14,C,121.0,97,289,0.5923
2026-10-06,2026-10-14,C,122.0,152,365,0.5957
2026-10-06,2026-10-14,C,123.0,109,581,0.604
2026-10-06,2026-10-14,C,124.0,133,264,0.6089
2026-10-06,2026-10-14,C,125.0,333,122,0.6118
2026-10-06,2026-10-14,C,126.0,185,9,0.6226
2026-10-06,2026-10-14,C,127.0,61,58,0.6299
2026-10-06,2026-10-14,C,128.0,106,5,0.6255
2026-10-06,2026-10-14,C,129.0,40,51,0.6397
2026-10-06,2026-10-14,P,98.0,21,15,0.6152
2026-10-06,2026-10-14,P,99.0,24,3,0.5918
2026-10-06,2026-10-14,P,100.0,53,88,0.5977
2026-10-06,2026-10-14,P,101.0,10,2,0.5723
2026-10-06,2026-10-14,P,102.0,40,28,0.5674
2026-10-06,2026-10-14,P,103.0,11,13,0.5664
2026-10-06,2026-10-14,P,104.0,35,70,0.5596
2026-10-06,2026-10-14,P,105.0,108,115,0.5552
2026-10-06,2026-10-14,P,106.0,49,40,0.5483
2026-10-06,2026-10-14,P,107.0,263,89,0.5464
2026-10-06,2026-10-14,P,108.0,227,66,0.5488
2026-10-06,2026-10-14,P,109.0,188,51,0.5435
2026-10-06,2026-10-14,P,110.0,347,300,0.5422
2026-10-06,2026-10-14,P,111.0,152,62,0.5459
2026-10-06,2026-10-14,P,112.0,289,139,0.5479
2026-10-06,2026-10-14,P,113.0,156,95,0.5459
2026-10-06,2026-10-14,P,114.0,33,106,0.5488
2026-10-06,2026-10-14,P,115.0,397,306,0.5564
2026-10-06,2026-10-14,P,116.0,226,83,0.5571
2026-10-06,2026-10-14,P,117.0,180,43,0.5547
2026-10-06,2026-10-14,P,118.0,55,55,0.5635
2026-10-06,2026-10-14,P,119.0,57,29,0.5659
2026-10-06,2026-10-14,P,120.0,161,68,0.5723
2026-10-06,2026-10-14,P,121.0,21,90,0.5781
2026-10-06,2026-10-14,P,122.0,42,63,0.5781
2026-10-06,2026-10-14,P,123.0,4,7,0.585
2026-10-06,2026-10-14,P,124.0,11,10,0.5864
2026-10-06,2026-10-14,P,125.0,112,115,0.5898
2026-10-06,2026-10-14,P,126.0,7,4,0.5972
2026-10-06,2026-10-14,P,129.0,2,2,0.6133
2026-10-06,2026-10-16,C,96.0,32,10,0.6826
2026-10-06,2026-10-16,C,97.0,18,12,0.6602
2026-10-06,2026-10-16,C,97.5,3475,3,0.8193
2026-10-06,2026-10-16,C,98.0,44,96,0.6357
2026-10-06,2026-10-16,C,99.0,37,194,0.6299
2026-10-06,2026-10-16,C,100.0,16250,652,0.6279
2026-10-06,2026-10-16,C,101.0,475,482,0.6206
2026-10-06,2026-10-16,C,102.0,92,139,0.6089
2026-10-06,2026-10-16,C,103.0,425,49,0.6001
2026-10-06,2026-10-16,C,104.0,100,192,0.5977
2026-10-06,2026-10-16,C,105.0,15600,386,0.5901
2026-10-06,2026-10-16,C,106.0,155,41,0.5825
2026-10-06,2026-10-16,C,107.0,140,75,0.5835
2026-10-06,2026-10-16,C,108.0,399,256,0.5786
2026-10-06,2026-10-16,C,109.0,238,43,0.5801
2026-10-06,2026-10-16,C,110.0,40646,5587,0.5835
2026-10-06,2026-10-16,C,111.0,129,569,0.5737
2026-10-06,2026-10-16,C,112.0,287,1246,0.5874
2026-10-06,2026-10-16,C,113.0,779,1483,0.5881
2026-10-06,2026-10-16,C,114.0,1050,3164,0.5906
2026-10-06,2026-10-16,C,115.0,17870,8367,0.5913
2026-10-06,2026-10-16,C,116.0,2120,7287,0.5984
2026-10-06,2026-10-16,C,117.0,1041,2823,0.6011
2026-10-06,2026-10-16,C,118.0,831,1157,0.6052
2026-10-06,2026-10-16,C,119.0,896,474,0.5981
2026-10-06,2026-10-16,C,120.0,42618,30936,0.6138
2026-10-06,2026-10-16,C,121.0,1348,540,0.6201
2026-10-06,2026-10-16,C,122.0,1092,1205,0.625
2026-10-06,2026-10-16,C,123.0,1944,1633,0.6299
2026-10-06,2026-10-16,C,124.0,2599,858,0.6348
2026-10-06,2026-10-16,C,125.0,20915,3417,0.6416
2026-10-06,2026-10-16,C,126.0,1547,258,0.6489
2026-10-06,2026-10-16,C,127.0,558,294,0.6553
2026-10-06,2026-10-16,C,128.0,1047,963,0.6611
2026-10-06,2026-10-16,C,129.0,720,59,0.666
2026-10-06,2026-10-16,P,96.0,453,64,0.6309
2026-10-06,2026-10-16,P,97.0,381,238,0.6211
2026-10-06,2026-10-16,P,97.5,5799,1198,0.6143
2026-10-06,2026-10-16,P,98.0,495,68,0.6113
2026-10-06,2026-10-16,P,99.0,947,66,0.6025
2026-10-06,2026-10-16,P,100.0,20718,1517,0.5938
2026-10-06,2026-10-16,P,101.0,633,534,0.5869
2026-10-06,2026-10-16,P,102.0,1686,318,0.5815
2026-10-06,2026-10-16,P,103.0,1366,331,0.5791
2026-10-06,2026-10-16,P,104.0,2708,536,0.5718
2026-10-06,2026-10-16,P,105.0,14330,2675,0.5811
2026-10-06,2026-10-16,P,106.0,1484,317,0.5674
2026-10-06,2026-10-16,P,107.0,1151,436,0.5801
2026-10-06,2026-10-16,P,108.0,1355,223,0.5662
2026-10-06,2026-10-16,P,109.0,1312,327,0.5662
2026-10-06,2026-10-16,P,110.0,17636,5337,0.5784
2026-10-06,2026-10-16,P,111.0,2092,1017,0.5723
2026-10-06,2026-10-16,P,112.0,823,393,0.5725
2026-10-06,2026-10-16,P,113.0,3318,1008,0.5735
2026-10-06,2026-10-16,P,114.0,706,374,0.5759
2026-10-06,2026-10-16,P,115.0,8198,1583,0.5801
2026-10-06,2026-10-16,P,116.0,1997,82,0.5825
2026-10-06,2026-10-16,P,117.0,1658,215,0.5835
2026-10-06,2026-10-16,P,118.0,2435,131,0.5869
2026-10-06,2026-10-16,P,119.0,655,82,0.5935
2026-10-06,2026-10-16,P,120.0,7349,163,0.5957
2026-10-06,2026-10-16,P,121.0,2155,26,0.6018
2026-10-06,2026-10-16,P,122.0,261,3,0.604
2026-10-06,2026-10-16,P,123.0,377,324,0.6113
2026-10-06,2026-10-16,P,124.0,683,26,0.6152
2026-10-06,2026-10-16,P,125.0,3731,269,0.6206
2026-10-06,2026-10-16,P,126.0,156,1,0.6284
2026-10-06,2026-10-16,P,127.0,80,5,0.6338
2026-10-06,2026-10-16,P,128.0,108,10,0.6353
2026-10-06,2026-10-16,P,129.0,43,9,0.6631
2026-10-07,2026-10-09,C,97.0,123,26,1.1797
2026-10-07,2026-10-09,C,98.0,145,24,1.0781
2026-10-07,2026-10-09,C,99.0,453,18,0.9805
2026-10-07,2026-10-09,C,100.0,709,324,0.9141
2026-10-07,2026-10-09,C,101.0,243,77,0.8672
2026-10-07,2026-10-09,C,102.0,1679,78,0.8027
2026-10-07,2026-10-09,C,103.0,337,238,0.7647
2026-10-07,2026-10-09,C,104.0,145,395,0.7324
2026-10-07,2026-10-09,C,105.0,1080,5837,0.709
2026-10-07,2026-10-09,C,106.0,422,6279,0.6943
2026-10-07,2026-10-09,C,107.0,292,21302,0.6914
2026-10-07,2026-10-09,C,108.0,233,15210,0.6914
2026-10-07,2026-10-09,C,109.0,527,47590,0.6943
2026-10-07,2026-10-09,C,110.0,4516,59208,0.6963
2026-10-07,2026-10-09,C,111.0,1391,29732,0.707
2026-10-07,2026-10-09,C,112.0,1013,20923,0.7148
2026-10-07,2026-10-09,C,113.0,4170,17404,0.7344
2026-10-07,2026-10-09,C,114.0,7697,16173,0.7539
2026-10-07,2026-10-09,C,115.0,32408,20806,0.7813
2026-10-07,2026-10-09,C,116.0,5151,12023,0.8125
2026-10-07,2026-10-09,C,117.0,3531,46587,0.8555
2026-10-07,2026-10-09,C,118.0,11210,18557,0.8438
2026-10-07,2026-10-09,C,119.0,4976,4619,0.9297
2026-10-07,2026-10-09,C,120.0,19664,12899,0.9375
2026-10-07,2026-10-09,C,121.0,3223,2781,0.9688
2026-10-07,2026-10-09,C,122.0,5320,781,1.0313
2026-10-07,2026-10-09,C,123.0,9073,2400,1.0781
2026-10-07,2026-10-09,C,124.0,1816,752,1.0
2026-10-07,2026-10-09,C,125.0,8606,3007,1.0625
2026-10-07,2026-10-09,C,126.0,1776,984,1.1875
2026-10-07,2026-10-09,C,127.0,8394,616,1.1563
2026-10-07,2026-10-09,C,128.0,5428,1403,1.1875
2026-10-07,2026-10-09,C,129.0,1828,25,1.3438
2026-10-07,2026-10-09,C,130.0,13427,392,1.3125
2026-10-07,2026-10-09,P,97.0,426,1522,0.875
2026-10-07,2026-10-09,P,98.0,445,1415,0.8359
2026-10-07,2026-10-09,P,99.0,970,6481,0.7969
2026-10-07,2026-10-09,P,100.0,1789,6000,0.7656
2026-10-07,2026-10-09,P,101.0,1082,2895,0.7305
2026-10-07,2026-10-09,P,102.0,2585,2461,0.6992
2026-10-07,2026-10-09,P,103.0,2468,3533,0.6797
2026-10-07,2026-10-09,P,104.0,2355,10283,0.6641
2026-10-07,2026-10-09,P,105.0,4715,24725,0.6572
2026-10-07,2026-10-09,P,106.0,2132,17693,0.6475
2026-10-07,2026-10-09,P,107.0,1539,12704,0.6445
2026-10-07,2026-10-09,P,108.0,2379,13844,0.6406
2026-10-07,2026-10-09,P,109.0,3310,24150,0.6309
2026-10-07,2026-10-09,P,110.0,9449,16275,0.6367
2026-10-07,2026-10-09,P,111.0,2784,6193,0.6328
2026-10-07,2026-10-09,P,112.0,4002,5454,0.6133
2026-10-07,2026-10-09,P,113.0,4505,1046,0.5898
2026-10-07,2026-10-09,P,114.0,2928,923,0.7148
2026-10-07,2026-10-09,P,115.0,5287,2364,0.6719
2026-10-07,2026-10-09,P,116.0,5694,364,0.7344
2026-10-07,2026-10-09,P,117.0,2788,152,0.8047
2026-10-07,2026-10-09,P,118.0,2035,390,0.8672
2026-10-07,2026-10-09,P,119.0,731,1033,0.9297
2026-10-07,2026-10-09,P,120.0,3334,5628,0.9922
2026-10-07,2026-10-09,P,121.0,676,884,1.0547
2026-10-07,2026-10-09,P,122.0,355,598,1.1172
2026-10-07,2026-10-09,P,123.0,1729,2673,1.1797
2026-10-07,2026-10-09,P,124.0,632,696,1.2344
2026-10-07,2026-10-09,P,125.0,867,1360,1.2969
2026-10-07,2026-10-09,P,126.0,171,77,1.3516
2026-10-07,2026-10-09,P,127.0,150,243,1.4063
2026-10-07,2026-10-09,P,128.0,61,3,1.4688
2026-10-07,2026-10-09,P,129.0,123,260,1.5156
2026-10-07,2026-10-09,P,130.0,523,797,1.5781
2026-10-07,2026-10-12,C,99.0,16,10,0.583
2026-10-07,2026-10-12,C,100.0,21,41,0.5742
2026-10-07,2026-10-12,C,101.0,7,10,0.5537
2026-10-07,2026-10-12,C,102.0,8,8,0.5342
2026-10-07,2026-10-12,C,103.0,65,145,0.519
2026-10-07,2026-10-12,C,104.0,49,724,0.5127
2026-10-07,2026-10-12,C,105.0,70,867,0.5044
2026-10-07,2026-10-12,C,106.0,18,912,0.5054
2026-10-07,2026-10-12,C,107.0,47,1545,0.501
2026-10-07,2026-10-12,C,108.0,134,3628,0.501
2026-10-07,2026-10-12,C,109.0,45,2230,0.499
2026-10-07,2026-10-12,C,110.0,142,7878,0.4951
2026-10-07,2026-10-12,C,111.0,50,3904,0.499
2026-10-07,2026-10-12,C,112.0,286,3297,0.5
2026-10-07,2026-10-12,C,113.0,671,3366,0.5059
2026-10-07,2026-10-12,C,114.0,1121,2244,0.5078
2026-10-07,2026-10-12,C,115.0,1225,2775,0.5156
2026-10-07,2026-10-12,C,116.0,1016,10125,0.5264
2026-10-07,2026-10-12,C,117.0,955,1342,0.5332
2026-10-07,2026-10-12,C,118.0,654,1417,0.5527
2026-10-07,2026-10-12,C,119.0,3586,3748,0.5664
2026-10-07,2026-10-12,C,120.0,1862,2613,0.5898
2026-10-07,2026-10-12,C,121.0,360,281,0.5996
2026-10-07,2026-10-12,C,122.0,399,139,0.6094
2026-10-07,2026-10-12,C,123.0,574,751,0.6133
2026-10-07,2026-10-12,C,124.0,328,12,0.6523
2026-10-07,2026-10-12,C,125.0,909,274,0.6602
2026-10-07,2026-10-12,C,126.0,424,32,0.6758
2026-10-07,2026-10-12,C,127.0,155,15,0.7188
2026-10-07,2026-10-12,C,128.0,57,2,0.7344
2026-10-07,2026-10-12,C,129.0,141,1,0.7422
2026-10-07,2026-10-12,C,130.0,402,135,0.7891
2026-10-07,2026-10-12,P,98.0,52,479,0.5508
2026-10-07,2026-10-12,P,99.0,9,77,0.5342
2026-10-07,2026-10-12,P,100.0,300,531,0.5195
2026-10-07,2026-10-12,P,101.0,223,287,0.5078
2026-10-07,2026-10-12,P,102.0,210,320,0.5029
2026-10-07,2026-10-12,P,103.0,46,554,0.4937
2026-10-07,2026-10-12,P,104.0,47,489,0.4873
2026-10-07,2026-10-12,P,105.0,208,1361,0.481
2026-10-07,2026-10-12,P,106.0,197,1085,0.4756
2026-10-07,2026-10-12,P,107.0,357,563,0.4741
2026-10-07,2026-10-12,P,108.0,757,791,0.4741
2026-10-07,2026-10-12,P,109.0,181,1694,0.4775
2026-10-07,2026-10-12,P,110.0,1229,2148,0.4824
2026-10-07,2026-10-12,P,111.0,465,279,0.4849
2026-10-07,2026-10-12,P,112.0,371,287,0.4868
2026-10-07,2026-10-12,P,113.0,304,211,0.4912
2026-10-07,2026-10-12,P,114.0,334,109,0.5015
2026-10-07,2026-10-12,P,115.0,410,84,0.5
2026-10-07,2026-10-12,P,116.0,700,111,0.5137
2026-10-07,2026-10-12,P,117.0,246,42,0.5176
2026-10-07,2026-10-12,P,118.0,54,19,0.5078
2026-10-07,2026-10-12,P,119.0,190,35,0.543
2026-10-07,2026-10-12,P,120.0,299,23,0.5781
2026-10-07,2026-10-12,P,121.0,84,9,0.5273
2026-10-07,2026-10-12,P,122.0,34,8,0.5586
2026-10-07,2026-10-12,P,123.0,22,2,0.5898
2026-10-07,2026-10-12,P,124.0,6,2,0.6172
2026-10-07,2026-10-12,P,125.0,23,5,0.6484
2026-10-07,2026-10-12,P,130.0,8,3,0.7891
2026-10-07,2026-10-14,C,97.0,1,8,0.6616
2026-10-07,2026-10-14,C,104.0,48,42,0.5981
2026-10-07,2026-10-14,C,105.0,15,115,0.5908
2026-10-07,2026-10-14,C,106.0,32,130,0.5884
2026-10-07,2026-10-14,C,107.0,39,115,0.5818
2026-10-07,2026-10-14,C,108.0,6,427,0.5808
2026-10-07,2026-10-14,C,109.0,41,803,0.5781
2026-10-07,2026-10-14,C,111.0,12,373,0.5869
2026-10-07,2026-10-14,C,112.0,55,543,0.5898
2026-10-07,2026-10-14,C,113.0,141,1659,0.5898
2026-10-07,2026-10-14,C,114.0,1035,532,0.5884
2026-10-07,2026-10-14,C,115.0,606,1532,0.5933
2026-10-07,2026-10-14,C,116.0,853,369,0.5981
2026-10-07,2026-10-14,C,117.0,400,659,0.6045
2026-10-07,2026-10-14,C,118.0,791,603,0.6055
2026-10-07,2026-10-14,C,119.0,118,119,0.6113
2026-10-07,2026-10-14,C,120.0,609,1495,0.6211
2026-10-07,2026-10-14,C,121.0,246,318,0.6289
2026-10-07,2026-10-14,C,122.0,468,77,0.6377
2026-10-07,2026-10-14,C,123.0,550,80,0.6465
2026-10-07,2026-10-14,C,124.0,257,146,0.6602
2026-10-07,2026-10-14,C,125.0,331,122,0.6738
2026-10-07,2026-10-14,C,126.0,187,19,0.6777
2026-10-07,2026-10-14,C,127.0,70,7,0.6836
2026-10-07,2026-10-14,C,128.0,107,10,0.6856
2026-10-07,2026-10-14,C,129.0,75,1,0.7031
2026-10-07,2026-10-14,C,130.0,324,93,0.7188
2026-10-07,2026-10-14,P,98.0,27,47,0.6025
2026-10-07,2026-10-14,P,99.0,25,386,0.5938
2026-10-07,2026-10-14,P,100.0,115,1088,0.5874
2026-10-07,2026-10-14,P,101.0,10,114,0.5767
2026-10-07,2026-10-14,P,102.0,53,93,0.5742
2026-10-07,2026-10-14,P,103.0,16,705,0.5679
2026-10-07,2026-10-14,P,104.0,52,241,0.5635
2026-10-07,2026-10-14,P,105.0,178,773,0.562
2026-10-07,2026-10-14,P,106.0,59,508,0.5579
2026-10-07,2026-10-14,P,107.0,303,814,0.5518
2026-10-07,2026-10-14,P,108.0,256,475,0.5579
2026-10-07,2026-10-14,P,109.0,208,381,0.5557
2026-10-07,2026-10-14,P,110.0,420,671,0.5535
2026-10-07,2026-10-14,P,111.0,184,167,0.5464
2026-10-07,2026-10-14,P,112.0,319,53,0.5566
2026-10-07,2026-10-14,P,113.0,186,133,0.5527
2026-10-07,2026-10-14,P,114.0,78,73,0.5513
2026-10-07,2026-10-14,P,115.0,511,80,0.5479
2026-10-07,2026-10-14,P,116.0,207,13,0.5508
2026-10-07,2026-10-14,P,117.0,183,14,0.5449
2026-10-07,2026-10-14,P,118.0,97,31,0.5381
2026-10-07,2026-10-14,P,119.0,62,13,0.5479
2026-10-07,2026-10-14,P,120.0,208,43,0.5508
2026-10-07,2026-10-14,P,121.0,93,6,0.5459
2026-10-07,2026-10-14,P,122.0,97,46,0.5293
2026-10-07,2026-10-14,P,123.0,7,54,0.6035
2026-10-07,2026-10-14,P,124.0,18,7,0.5039
2026-10-07,2026-10-14,P,125.0,112,4,0.6094
2026-10-07,2026-10-14,P,126.0,7,5,0.6348
2026-10-07,2026-10-14,P,129.0,2,2,0.6211
2026-10-07,2026-10-14,P,130.0,14,1,0.6406
2026-10-07,2026-10-16,C,97.0,23,20,0.6558
2026-10-07,2026-10-16,C,97.5,3475,13,0.646
2026-10-07,2026-10-16,C,98.0,42,16,0.6416
2026-10-07,2026-10-16,C,99.0,46,8,0.6353
2026-10-07,2026-10-16,C,100.0,16246,897,0.6284
2026-10-07,2026-10-16,C,101.0,486,16,0.6211
2026-10-07,2026-10-16,C,102.0,89,11,0.6123
2026-10-07,2026-10-16,C,103.0,426,169,0.6113
2026-10-07,2026-10-16,C,104.0,122,449,0.6035
2026-10-07,2026-10-16,C,105.0,15620,1710,0.6021
2026-10-07,2026-10-16,C,106.0,177,840,0.6018
2026-10-07,2026-10-16,C,107.0,133,1405,0.6028
2026-10-07,2026-10-16,C,108.0,533,6101,0.6011
2026-10-07,2026-10-16,C,109.0,243,1852,0.6011
2026-10-07,2026-10-16,C,110.0,40840,15996,0.605
2026-10-07,2026-10-16,C,111.0,380,2604,0.6077
2026-10-07,2026-10-16,C,112.0,762,5551,0.606
2026-10-07,2026-10-16,C,113.0,1126,2223,0.6099
2026-10-07,2026-10-16,C,114.0,1897,3469,0.6128
2026-10-07,2026-10-16,C,115.0,19651,13785,0.6162
2026-10-07,2026-10-16,C,116.0,8034,2960,0.6187
2026-10-07,2026-10-16,C,117.0,1440,1570,0.6333
2026-10-07,2026-10-16,C,118.0,1156,3514,0.6284
2026-10-07,2026-10-16,C,119.0,1011,537,0.6318
2026-10-07,2026-10-16,C,120.0,61148,39662,0.6357
2026-10-07,2026-10-16,C,121.0,1495,663,0.6411
2026-10-07,2026-10-16,C,122.0,1159,593,0.6465
2026-10-07,2026-10-16,C,123.0,2461,1461,0.6523
2026-10-07,2026-10-16,C,124.0,2831,636,0.6606
2026-10-07,2026-10-16,C,125.0,21194,10232,0.6689
2026-10-07,2026-10-16,C,126.0,1597,118,0.6738
2026-10-07,2026-10-16,C,127.0,703,359,0.6787
2026-10-07,2026-10-16,C,128.0,609,295,0.6836
2026-10-07,2026-10-16,C,129.0,713,579,0.6934
2026-10-07,2026-10-16,C,130.0,95692,7792,0.6992
2026-10-07,2026-10-16,P,97.0,317,307,0.6016
2026-10-07,2026-10-16,P,97.5,5341,1162,0.6001
2026-10-07,2026-10-16,P,98.0,466,426,0.5981
2026-10-07,2026-10-16,P,99.0,903,2140,0.5938
2026-10-07,2026-10-16,P,100.0,20882,9258,0.5879
2026-10-07,2026-10-16,P,101.0,589,1293,0.5845
2026-10-07,2026-10-16,P,102.0,1549,1636,0.5823
2026-10-07,2026-10-16,P,103.0,1233,881,0.5793
2026-10-07,2026-10-16,P,104.0,2617,1102,0.5791
2026-10-07,2026-10-16,P,105.0,14519,6102,0.5767
2026-10-07,2026-10-16,P,106.0,1599,3261,0.5747
2026-10-07,2026-10-16,P,107.0,1115,1171,0.5759
2026-10-07,2026-10-16,P,108.0,1363,1098,0.5742
2026-10-07,2026-10-16,P,109.0,1387,1186,0.5737
2026-10-07,2026-10-16,P,110.0,15729,6887,0.5706
2026-10-07,2026-10-16,P,111.0,2303,1485,0.5772
2026-10-07,2026-10-16,P,112.0,966,673,0.5776
2026-10-07,2026-10-16,P,113.0,3524,687,0.5764
2026-10-07,2026-10-16,P,114.0,837,439,0.5781
2026-10-07,2026-10-16,P,115.0,8113,2996,0.5791
2026-10-07,2026-10-16,P,116.0,2004,47,0.5801
2026-10-07,2026-10-16,P,117.0,1676,33,0.5806
2026-10-07,2026-10-16,P,118.0,2416,98,0.5894
2026-10-07,2026-10-16,P,119.0,709,89,0.5781
2026-10-07,2026-10-16,P,120.0,7360,317,0.584
2026-10-07,2026-10-16,P,121.0,2163,52,0.5859
2026-10-07,2026-10-16,P,122.0,261,30,0.582
2026-10-07,2026-10-16,P,123.0,680,48,0.5713
2026-10-07,2026-10-16,P,124.0,691,26,0.5654
2026-10-07,2026-10-16,P,125.0,3671,106,0.5723
2026-10-07,2026-10-16,P,126.0,157,43,0.5488
2026-10-07,2026-10-16,P,127.0,80,4,0.541
2026-10-07,2026-10-16,P,128.0,116,6,0.5625
2026-10-07,2026-10-16,P,129.0,43,23,0.6152
2026-10-07,2026-10-16,P,130.0,3277,47,0.6367
2026-10-08,2026-10-12,C,92.0,40,42,0.6406
2026-10-08,2026-10-12,C,93.0,5,7,0.5938
2026-10-08,2026-10-12,C,94.0,6,1,0.5469
2026-10-08,2026-10-12,C,95.0,7,4,0.5
2026-10-08,2026-10-12,C,99.0,20,19,0.5332
2026-10-08,2026-10-12,C,100.0,35,665,0.4873
2026-10-08,2026-10-12,C,101.0,7,147,0.4356
2026-10-08,2026-10-12,C,102.0,6,162,0.4282
2026-10-08,2026-10-12,C,103.0,69,334,0.4053
2026-10-08,2026-10-12,C,104.0,297,764,0.3823
2026-10-08,2026-10-12,C,105.0,679,4492,0.376
2026-10-08,2026-10-12,C,106.0,394,13909,0.3716
2026-10-08,2026-10-12,C,107.0,567,6854,0.3721
2026-10-08,2026-10-12,C,108.0,1995,7945,0.3731
2026-10-08,2026-10-12,C,109.0,745,3574,0.3799
2026-10-08,2026-10-12,C,110.0,2291,9864,0.3828
2026-10-08,2026-10-12,C,111.0,1116,2075,0.4023
2026-10-08,2026-10-12,C,112.0,1166,2221,0.416
2026-10-08,2026-10-12,C,113.0,2354,1143,0.4297
2026-10-08,2026-10-12,C,114.0,1530,502,0.4688
2026-10-08,2026-10-12,C,115.0,2148,2146,0.4883
2026-10-08,2026-10-12,C,116.0,4614,810,0.5
2026-10-08,2026-10-12,C,117.0,890,460,0.5156
2026-10-08,2026-10-12,C,118.0,818,316,0.5469
2026-10-08,2026-10-12,C,119.0,2663,41,0.5156
2026-10-08,2026-10-12,C,120.0,2230,568,0.5469
2026-10-08,2026-10-12,C,121.0,512,147,0.6719
2026-10-08,2026-10-12,C,122.0,452,7,0.7031
2026-10-08,2026-10-12,C,123.0,507,201,0.7344
2026-10-08,2026-10-12,P,95.0,71,67,0.5234
2026-10-08,2026-10-12,P,98.0,501,329,0.4492
2026-10-08,2026-10-12,P,99.0,46,1267,0.418
2026-10-08,2026-10-12,P,100.0,494,2496,0.4111
2026-10-08,2026-10-12,P,101.0,301,633,0.4023
2026-10-08,2026-10-12,P,102.0,278,3134,0.394
2026-10-08,2026-10-12,P,103.0,342,2218,0.3901
2026-10-08,2026-10-12,P,104.0,242,2329,0.377
2026-10-08,2026-10-12,P,105.0,987,12663,0.3784
2026-10-08,2026-10-12,P,106.0,573,5491,0.3857
2026-10-08,2026-10-12,P,107.0,527,1934,0.3848
2026-10-08,2026-10-12,P,108.0,968,935,0.4111
2026-10-08,2026-10-12,P,109.0,522,215,0.4404
2026-10-08,2026-10-12,P,110.0,1279,362,0.4805
2026-10-08,2026-10-12,P,111.0,449,72,0.4834
2026-10-08,2026-10-12,P,112.0,427,140,0.5684
2026-10-08,2026-10-12,P,113.0,422,50,0.5898
2026-10-08,2026-10-12,P,114.0,328,81,0.6397
2026-10-08,2026-10-12,P,115.0,413,43,0.6465
2026-10-08,2026-10-12,P,116.0,734,74,0.5156
2026-10-08,2026-10-12,P,117.0,263,13,0.5508
2026-10-08,2026-10-12,P,118.0,63,51,0.7832
2026-10-08,2026-10-12,P,119.0,183,24,0.8262
2026-10-08,2026-10-12,P,120.0,297,7,0.8691
2026-10-08,2026-10-12,P,121.0,79,9,0.6875
2026-10-08,2026-10-12,P,122.0,29,44,0.7266
2026-10-08,2026-10-12,P,123.0,8,2,0.7578
2026-10-08,2026-10-14,C,92.0,1,0,0.6387
2026-10-08,2026-10-14,C,93.0,13,2,0.6172
2026-10-08,2026-10-14,C,95.0,3,2,0.5762
2026-10-08,2026-10-14,C,97.0,9,5,0.561
2026-10-08,2026-10-14,C,104.0,68,82,0.5059
2026-10-08,2026-10-14,C,105.0,75,792,0.5059
2026-10-08,2026-10-14,C,106.0,101,1742,0.5044
2026-10-08,2026-10-14,C,107.0,90,1910,0.5078
2026-10-08,2026-10-14,C,108.0,160,1342,0.5049
2026-10-08,2026-10-14,C,109.0,345,340,0.5083
2026-10-08,2026-10-14,C,111.0,159,517,0.5156
2026-10-08,2026-10-14,C,112.0,226,588,0.5195
2026-10-08,2026-10-14,C,113.0,1288,1239,0.5234
2026-10-08,2026-10-14,C,114.0,1223,363,0.5303
2026-10-08,2026-10-14,C,115.0,1559,2227,0.543
2026-10-08,2026-10-14,C,116.0,981,1127,0.5449
2026-10-08,2026-10-14,C,117.0,539,233,0.5566
2026-10-08,2026-10-14,C,118.0,855,247,0.582
2026-10-08,2026-10-14,C,119.0,185,239,0.584
2026-10-08,2026-10-14,C,120.0,1080,807,0.5957
2026-10-08,2026-10-14,C,121.0,226,38,0.6191
2026-10-08,2026-10-14,C,122.0,454,33,0.6484
2026-10-08,2026-10-14,C,123.0,614,131,0.6699
2026-10-08,2026-10-14,P,95.0,86,184,0.5732
2026-10-08,2026-10-14,P,98.0,51,726,0.5352
2026-10-08,2026-10-14,P,99.0,271,238,0.52
2026-10-08,2026-10-14,P,100.0,937,924,0.5132
2026-10-08,2026-10-14,P,101.0,98,107,0.5137
2026-10-08,2026-10-14,P,102.0,69,132,0.5107
2026-10-08,2026-10-14,P,103.0,562,2080,0.5078
2026-10-08,2026-10-14,P,104.0,187,2832,0.5068
2026-10-08,2026-10-14,P,105.0,690,1695,0.5029
2026-10-08,2026-10-14,P,106.0,404,521,0.5076
2026-10-08,2026-10-14,P,107.0,958,781,0.5239
2026-10-08,2026-10-14,P,108.0,333,294,0.5005
2026-10-08,2026-10-14,P,109.0,338,241,0.5034
2026-10-08,2026-10-14,P,110.0,698,207,0.5078
2026-10-08,2026-10-14,P,111.0,201,82,0.5078
2026-10-08,2026-10-14,P,112.0,308,172,0.5396
2026-10-08,2026-10-14,P,113.0,256,62,0.5166
2026-10-08,2026-10-14,P,114.0,63,14,0.5225
2026-10-08,2026-10-14,P,115.0,556,48,0.5625
2026-10-08,2026-10-14,P,116.0,206,15,0.5371
2026-10-08,2026-10-14,P,117.0,182,11,0.5293
2026-10-08,2026-10-14,P,118.0,124,33,0.5625
2026-10-08,2026-10-14,P,119.0,55,26,0.5938
2026-10-08,2026-10-14,P,120.0,192,8,0.5586
2026-10-08,2026-10-14,P,121.0,89,5,0.5352
2026-10-08,2026-10-14,P,122.0,138,4,0.5625
2026-10-08,2026-10-14,P,123.0,53,2,0.8496
2026-10-08,2026-10-16,C,92.5,3346,15,0.6162
2026-10-08,2026-10-16,C,94.0,20,1,0.5986
2026-10-08,2026-10-16,C,95.0,5842,94,0.584
2026-10-08,2026-10-16,C,96.0,51,7,0.5723
2026-10-08,2026-10-16,C,97.0,39,15,0.5689
2026-10-08,2026-10-16,C,97.5,3477,38,0.5571
2026-10-08,2026-10-16,C,98.0,47,9,0.5576
2026-10-08,2026-10-16,C,99.0,49,19,0.5513
2026-10-08,2026-10-16,C,100.0,16434,697,0.5483
2026-10-08,2026-10-16,C,101.0,495,109,0.5418
2026-10-08,2026-10-16,C,102.0,92,80,0.541
2026-10-08,2026-10-16,C,103.0,553,178,0.5405
2026-10-08,2026-10-16,C,104.0,260,763,0.54
2026-10-08,2026-10-16,C,105.0,15568,8306,0.5435
2026-10-08,2026-10-16,C,106.0,487,4289,0.5391
2026-10-08,2026-10-16,C,107.0,724,5312,0.5552
2026-10-08,2026-10-16,C,108.0,3033,6690,0.5481
2026-10-08,2026-10-16,C,109.0,786,2019,0.5474
2026-10-08,2026-10-16,C,110.0,42942,11528,0.5503
2026-10-08,2026-10-16,C,111.0,1107,1463,0.5576
2026-10-08,2026-10-16,C,112.0,2181,2738,0.5581
2026-10-08,2026-10-16,C,113.0,1770,1279,0.5786
2026-10-08,2026-10-16,C,114.0,1849,1412,0.584
2026-10-08,2026-10-16,C,115.0,21739,13449,0.5693
2026-10-08,2026-10-16,C,116.0,8704,1043,0.5786
2026-10-08,2026-10-16,C,117.0,1902,1172,0.585
2026-10-08,2026-10-16,C,118.0,2562,1026,0.5928
2026-10-08,2026-10-16,C,119.0,1046,192,0.6016
2026-10-08,2026-10-16,C,120.0,73203,19736,0.5996
2026-10-08,2026-10-16,C,121.0,1385,610,0.6113
2026-10-08,2026-10-16,C,122.0,1280,247,0.6191
2026-10-08,2026-10-16,C,123.0,2582,290,0.6289
2026-10-08,2026-10-16,P,92.5,3937,357,0.583
2026-10-08,2026-10-16,P,94.0,766,3287,0.5654
2026-10-08,2026-10-16,P,95.0,7854,4161,0.5566
2026-10-08,2026-10-16,P,96.0,1503,577,0.5498
2026-10-08,2026-10-16,P,97.0,454,293,0.5469
2026-10-08,2026-10-16,P,97.5,5564,636,0.5405
2026-10-08,2026-10-16,P,98.0,698,289,0.5474
2026-10-08,2026-10-16,P,99.0,1429,652,0.5339
2026-10-08,2026-10-16,P,100.0,22562,5962,0.5335
2026-10-08,2026-10-16,P,101.0,1506,1067,0.5288
2026-10-08,2026-10-16,P,102.0,2107,618,0.5308
2026-10-08,2026-10-16,P,103.0,1331,1269,0.5308
2026-10-08,2026-10-16,P,104.0,3106,1480,0.5339
2026-10-08,2026-10-16,P,105.0,14893,4781,0.5305
2026-10-08,2026-10-16,P,106.0,2936,2040,0.5295
2026-10-08,2026-10-16,P,107.0,1603,1528,0.533
2026-10-08,2026-10-16,P,108.0,1738,543,0.5371
2026-10-08,2026-10-16,P,109.0,2088,889,0.5376
2026-10-08,2026-10-16,P,110.0,15839,1901,0.54
2026-10-08,2026-10-16,P,111.0,1924,291,0.54
2026-10-08,2026-10-16,P,112.0,1102,542,0.5435
2026-10-08,2026-10-16,P,113.0,3539,409,0.5464
2026-10-08,2026-10-16,P,114.0,1057,172,0.5498
2026-10-08,2026-10-16,P,115.0,6576,925,0.5537
2026-10-08,2026-10-16,P,116.0,1981,50,0.5615
2026-10-08,2026-10-16,P,117.0,1673,74,0.5635
2026-10-08,2026-10-16,P,118.0,2428,49,0.5713
2026-10-08,2026-10-16,P,119.0,672,23,0.5732
2026-10-08,2026-10-16,P,120.0,7256,685,0.5508
2026-10-08,2026-10-16,P,121.0,2151,11,0.6152
2026-10-08,2026-10-16,P,122.0,276,1,0.5801
2026-10-08,2026-10-16,P,123.0,706,36,0.6055
