fecha,exp,tipo,strike,oi,vol,iv
2026-09-24,2026-09-25,C,622.5,28,4,2.2813
2026-09-24,2026-09-25,C,625.0,1136,10,1.4688
2026-09-24,2026-09-25,C,627.5,100,2,2.0488
2026-09-24,2026-09-25,C,630.0,280,17,1.8701
2026-09-24,2026-09-25,C,632.5,108,29,1.9023
2026-09-24,2026-09-25,C,635.0,798,4,1.9746
2026-09-24,2026-09-25,C,637.5,36,2,2.1343
2026-09-24,2026-09-25,C,640.0,707,79,1.8486
2026-09-24,2026-09-25,C,642.5,30,3,2.0957
2026-09-24,2026-09-25,C,645.0,646,27,1.6533
2026-09-24,2026-09-25,C,647.5,2534,12,1.6865
2026-09-24,2026-09-25,C,650.0,4046,43,1.6563
2026-09-24,2026-09-25,C,652.5,85,9,1.9473
2026-09-24,2026-09-25,C,655.0,784,35,1.7998
2026-09-24,2026-09-25,C,657.5,157,53,1.5498
2026-09-24,2026-09-25,C,660.0,2330,37,1.2383
2026-09-24,2026-09-25,C,662.5,64,4,1.8608
2026-09-24,2026-09-25,C,665.0,610,13,1.4727
2026-09-24,2026-09-25,C,667.5,279,14,1.4902
2026-09-24,2026-09-25,C,670.0,1370,35,1.291
2026-09-24,2026-09-25,C,672.5,348,32,1.3418
2026-09-24,2026-09-25,C,675.0,1928,63,1.4282
2026-09-24,2026-09-25,C,677.5,460,84,1.333
2026-09-24,2026-09-25,C,680.0,1862,131,1.2539
2026-09-24,2026-09-25,C,682.5,177,14,1.4897
2026-09-24,2026-09-25,C,685.0,1589,124,0.9453
2026-09-24,2026-09-25,C,687.5,2220,18,1.5886
2026-09-24,2026-09-25,C,690.0,2523,111,1.2568
2026-09-24,2026-09-25,C,692.5,1009,35,1.208
2026-09-24,2026-09-25,C,695.0,500,150,1.2813
2026-09-24,2026-09-25,C,697.5,365,94,1.1367
2026-09-24,2026-09-25,C,700.0,4507,717,1.1299
2026-09-24,2026-09-25,C,702.5,2531,273,1.106
2026-09-24,2026-09-25,C,705.0,3359,249,1.0742
2026-09-24,2026-09-25,C,707.5,210,108,0.9873
2026-09-24,2026-09-25,C,710.0,1997,188,0.8281
2026-09-24,2026-09-25,C,712.5,469,35,0.9419
2026-09-24,2026-09-25,C,715.0,906,198,0.9395
2026-09-24,2026-09-25,C,717.5,1640,79,0.9517
2026-09-24,2026-09-25,C,720.0,2879,628,0.8623
2026-09-24,2026-09-25,C,722.5,878,66,0.7139
2026-09-24,2026-09-25,C,725.0,1559,385,0.7783
2026-09-24,2026-09-25,C,727.5,1126,449,0.8494
2026-09-24,2026-09-25,C,730.0,2170,1361,0.7524
2026-09-24,2026-09-25,C,732.5,421,181,0.7202
2026-09-24,2026-09-25,C,735.0,1303,537,0.6978
2026-09-24,2026-09-25,C,737.5,417,261,0.6025
2026-09-24,2026-09-25,C,740.0,3459,1594,0.6545
2026-09-24,2026-09-25,C,742.5,1307,340,0.5513
2026-09-24,2026-09-25,C,745.0,3054,1547,0.5195
2026-09-24,2026-09-25,C,747.5,1753,1230,0.6089
2026-09-24,2026-09-25,C,750.0,10801,10335,0.6025
2026-09-24,2026-09-25,C,755.0,2768,8328,0.5887
2026-09-24,2026-09-25,C,760.0,3385,25227,0.5897
2026-09-24,2026-09-25,C,765.0,6137,25092,0.5796
2026-09-24,2026-09-25,C,770.0,3281,41641,0.5831
2026-09-24,2026-09-25,C,775.0,5796,25445,0.5813
2026-09-24,2026-09-25,C,780.0,3714,43712,0.583
2026-09-24,2026-09-25,C,785.0,2702,13670,0.587
2026-09-24,2026-09-25,C,790.0,2060,20891,0.5905
2026-09-24,2026-09-25,C,795.0,881,12369,0.6001
2026-09-24,2026-09-25,C,800.0,12984,95509,0.6013
2026-09-24,2026-09-25,C,805.0,1512,18619,0.6089
2026-09-24,2026-09-25,C,810.0,1988,18670,0.6152
2026-09-24,2026-09-25,C,815.0,1465,11811,0.6206
2026-09-24,2026-09-25,C,820.0,2944,15385,0.6284
2026-09-24,2026-09-25,C,825.0,2363,9613,0.6323
2026-09-24,2026-09-25,C,830.0,1625,7750,0.6445
2026-09-24,2026-09-25,C,835.0,1672,4054,0.6553
2026-09-24,2026-09-25,C,840.0,775,4865,0.6748
2026-09-24,2026-09-25,C,845.0,1063,7792,0.6797
2026-09-24,2026-09-25,C,850.0,3648,5720,0.7012
2026-09-24,2026-09-25,C,855.0,1339,977,0.7285
2026-09-24,2026-09-25,C,860.0,1091,1871,0.7539
2026-09-24,2026-09-25,C,865.0,693,962,0.8145
2026-09-24,2026-09-25,C,870.0,824,502,0.7813
2026-09-24,2026-09-25,C,875.0,2367,798,0.8281
2026-09-24,2026-09-25,C,880.0,3179,1009,0.8359
2026-09-24,2026-09-25,C,885.0,438,173,0.9336
2026-09-24,2026-09-25,C,890.0,615,114,0.9063
2026-09-24,2026-09-25,C,895.0,251,151,0.9219
2026-09-24,2026-09-25,C,900.0,3665,1466,0.8906
2026-09-24,2026-09-25,C,905.0,333,58,0.9219
2026-09-24,2026-09-25,C,910.0,295,97,0.9063
2026-09-24,2026-09-25,C,915.0,220,46,0.9375
2026-09-24,2026-09-25,C,920.0,649,130,0.9688
2026-09-24,2026-09-25,C,925.0,250,131,0.9844
2026-09-24,2026-09-25,C,930.0,632,9,1.0313
2026-09-24,2026-09-25,P,622.5,190,56,1.4922
2026-09-24,2026-09-25,P,625.0,1233,153,1.4844
2026-09-24,2026-09-25,P,627.5,235,28,1.4766
2026-09-24,2026-09-25,P,630.0,1130,47,1.375
2026-09-24,2026-09-25,P,632.5,405,11,1.375
2026-09-24,2026-09-25,P,635.0,1018,97,1.3867
2026-09-24,2026-09-25,P,637.5,391,45,1.3281
2026-09-24,2026-09-25,P,640.0,5883,90,1.2813
2026-09-24,2026-09-25,P,642.5,209,14,1.2813
2026-09-24,2026-09-25,P,645.0,769,75,1.25
2026-09-24,2026-09-25,P,647.5,351,15,1.3164
2026-09-24,2026-09-25,P,650.0,6239,1028,1.1875
2026-09-24,2026-09-25,P,652.5,271,70,1.2031
2026-09-24,2026-09-25,P,655.0,764,156,1.1914
2026-09-24,2026-09-25,P,657.5,364,195,1.3672
2026-09-24,2026-09-25,P,660.0,1286,608,1.1289
2026-09-24,2026-09-25,P,662.5,561,215,1.1758
2026-09-24,2026-09-25,P,665.0,994,125,1.082
2026-09-24,2026-09-25,P,667.5,518,26,1.1289
2026-09-24,2026-09-25,P,670.0,2893,450,1.0352
2026-09-24,2026-09-25,P,672.5,1998,250,1.0781
2026-09-24,2026-09-25,P,675.0,1850,724,1.125
2026-09-24,2026-09-25,P,677.5,762,353,0.9648
2026-09-24,2026-09-25,P,680.0,1771,1023,0.9414
2026-09-24,2026-09-25,P,682.5,955,777,0.9414
2026-09-24,2026-09-25,P,685.0,1467,416,0.9258
2026-09-24,2026-09-25,P,687.5,683,339,0.8828
2026-09-24,2026-09-25,P,690.0,1376,1609,0.8594
2026-09-24,2026-09-25,P,692.5,572,130,0.8945
2026-09-24,2026-09-25,P,695.0,1987,1146,0.8125
2026-09-24,2026-09-25,P,697.5,510,317,0.8242
2026-09-24,2026-09-25,P,700.0,5803,9620,0.8008
2026-09-24,2026-09-25,P,702.5,2620,595,0.7695
2026-09-24,2026-09-25,P,705.0,1584,5174,0.752
2026-09-24,2026-09-25,P,707.5,435,757,0.752
2026-09-24,2026-09-25,P,710.0,3386,3796,0.7168
2026-09-24,2026-09-25,P,712.5,493,1283,0.6719
2026-09-24,2026-09-25,P,715.0,3277,5368,0.6934
2026-09-24,2026-09-25,P,717.5,596,1366,0.668
2026-09-24,2026-09-25,P,720.0,2054,6523,0.6699
2026-09-24,2026-09-25,P,722.5,1048,2611,0.6563
2026-09-24,2026-09-25,P,725.0,3241,10146,0.6357
2026-09-24,2026-09-25,P,727.5,808,9001,0.625
2026-09-24,2026-09-25,P,730.0,3323,17589,0.6162
2026-09-24,2026-09-25,P,732.5,381,5658,0.6147
2026-09-24,2026-09-25,P,735.0,2202,8240,0.5986
2026-09-24,2026-09-25,P,737.5,622,3196,0.5947
2026-09-24,2026-09-25,P,740.0,2804,17432,0.5879
2026-09-24,2026-09-25,P,742.5,532,4041,0.5869
2026-09-24,2026-09-25,P,745.0,947,12593,0.5811
2026-09-24,2026-09-25,P,747.5,3269,6315,0.5781
2026-09-24,2026-09-25,P,750.0,3370,36659,0.5759
2026-09-24,2026-09-25,P,755.0,1725,16758,0.5723
2026-09-24,2026-09-25,P,760.0,862,24223,0.5724
2026-09-24,2026-09-25,P,765.0,369,17021,0.5718
2026-09-24,2026-09-25,P,770.0,216,16219,0.5712
2026-09-24,2026-09-25,P,775.0,140,9733,0.5698
2026-09-24,2026-09-25,P,780.0,69,3332,0.5747
2026-09-24,2026-09-25,P,785.0,79,568,0.5768
2026-09-24,2026-09-25,P,790.0,110,436,0.5758
2026-09-24,2026-09-25,P,795.0,27,68,0.5837
2026-09-24,2026-09-25,P,800.0,165,328,0.5999
2026-09-24,2026-09-25,P,805.0,5,73,0.6575
2026-09-24,2026-09-25,P,810.0,11,79,0.6802
2026-09-24,2026-09-25,P,815.0,1,40,0.5186
2026-09-24,2026-09-25,P,820.0,105,575,0.5313
2026-09-24,2026-09-25,P,830.0,16,1,0.8604
2026-09-24,2026-09-25,P,840.0,20,12,0.853
2026-09-24,2026-09-25,P,850.0,7,12,0.8838
2026-09-24,2026-09-25,P,865.0,1,3,1.292
2026-09-24,2026-09-25,P,880.0,0,2,1.7852
2026-09-24,2026-09-28,C,622.5,2,0,1.0293
2026-09-24,2026-09-28,C,625.0,7,1,0.9824
2026-09-24,2026-09-28,C,627.5,1,0,1.0112
2026-09-24,2026-09-28,C,630.0,2,2,0.9512
2026-09-24,2026-09-28,C,635.0,3,16,0.9277
2026-09-24,2026-09-28,C,637.5,0,1,1.0544
2026-09-24,2026-09-28,C,640.0,8,5,0.8965
2026-09-24,2026-09-28,C,645.0,7,2,0.8726
2026-09-24,2026-09-28,C,647.5,5,50,0.8569
2026-09-24,2026-09-28,C,650.0,83,3,0.8047
2026-09-24,2026-09-28,C,652.5,5,64,0.9543
2026-09-24,2026-09-28,C,655.0,26,1,0.8105
2026-09-24,2026-09-28,C,657.5,8,4,0.8076
2026-09-24,2026-09-28,C,660.0,30,2,0.9026
2026-09-24,2026-09-28,C,662.5,36,26,0.7061
2026-09-24,2026-09-28,C,665.0,65,21,0.8682
2026-09-24,2026-09-28,C,667.5,184,14,0.8545
2026-09-24,2026-09-28,C,670.0,148,9,0.7554
2026-09-24,2026-09-28,C,672.5,142,42,0.7666
2026-09-24,2026-09-28,C,675.0,116,26,0.5859
2026-09-24,2026-09-28,C,677.5,42,19,0.7686
2026-09-24,2026-09-28,C,680.0,200,36,0.5693
2026-09-24,2026-09-28,C,682.5,45,5,0.761
2026-09-24,2026-09-28,C,685.0,119,36,0.6602
2026-09-24,2026-09-28,C,687.5,26,31,0.7383
2026-09-24,2026-09-28,C,690.0,171,36,0.6196
2026-09-24,2026-09-28,C,692.5,31,37,0.6248
2026-09-24,2026-09-28,C,695.0,102,20,0.6006
2026-09-24,2026-09-28,C,697.5,65,10,0.585
2026-09-24,2026-09-28,C,700.0,347,38,0.6482
2026-09-24,2026-09-28,C,702.5,47,11,0.5603
2026-09-24,2026-09-28,C,705.0,170,24,0.5798
2026-09-24,2026-09-28,C,707.5,49,11,0.521
2026-09-24,2026-09-28,C,710.0,131,33,0.5461
2026-09-24,2026-09-28,C,712.5,58,9,0.7593
2026-09-24,2026-09-28,C,715.0,68,21,0.6959
2026-09-24,2026-09-28,C,717.5,55,8,0.5602
2026-09-24,2026-09-28,C,720.0,147,14,0.5209
2026-09-24,2026-09-28,C,722.5,44,9,0.6952
2026-09-24,2026-09-28,C,725.0,362,326,0.5476
2026-09-24,2026-09-28,C,727.5,82,59,0.5111
2026-09-24,2026-09-28,C,730.0,143,69,0.5271
2026-09-24,2026-09-28,C,732.5,35,19,0.6235
2026-09-24,2026-09-28,C,735.0,98,33,0.6077
2026-09-24,2026-09-28,C,737.5,376,332,0.4882
2026-09-24,2026-09-28,C,740.0,246,242,0.5291
2026-09-24,2026-09-28,C,742.5,133,317,0.4899
2026-09-24,2026-09-28,C,745.0,202,149,0.4508
2026-09-24,2026-09-28,C,747.5,219,805,0.4554
2026-09-24,2026-09-28,C,750.0,1032,1767,0.4427
2026-09-24,2026-09-28,C,755.0,634,1310,0.4337
2026-09-24,2026-09-28,C,760.0,715,1858,0.4372
2026-09-24,2026-09-28,C,765.0,752,2560,0.4301
2026-09-24,2026-09-28,C,770.0,1041,3704,0.4278
2026-09-24,2026-09-28,C,775.0,707,2340,0.4277
2026-09-24,2026-09-28,C,780.0,683,3901,0.4234
2026-09-24,2026-09-28,C,785.0,522,1736,0.4258
2026-09-24,2026-09-28,C,790.0,578,1341,0.4323
2026-09-24,2026-09-28,C,795.0,351,758,0.4321
2026-09-24,2026-09-28,C,800.0,3050,10513,0.4323
2026-09-24,2026-09-28,C,805.0,236,658,0.4335
2026-09-24,2026-09-28,C,810.0,140,756,0.4395
2026-09-24,2026-09-28,C,815.0,269,1719,0.4481
2026-09-24,2026-09-28,C,820.0,266,3158,0.4412
2026-09-24,2026-09-28,C,825.0,93,1579,0.4498
2026-09-24,2026-09-28,C,830.0,222,1370,0.4504
2026-09-24,2026-09-28,C,835.0,89,1374,0.4553
2026-09-24,2026-09-28,C,840.0,320,1156,0.4592
2026-09-24,2026-09-28,C,845.0,140,726,0.4641
2026-09-24,2026-09-28,C,850.0,410,1661,0.4673
2026-09-24,2026-09-28,C,855.0,69,263,0.479
2026-09-24,2026-09-28,C,860.0,97,112,0.4834
2026-09-24,2026-09-28,C,865.0,392,215,0.4976
2026-09-24,2026-09-28,C,870.0,56,31,0.5098
2026-09-24,2026-09-28,C,875.0,48,47,0.5
2026-09-24,2026-09-28,C,880.0,298,162,0.5127
2026-09-24,2026-09-28,C,885.0,109,196,0.5166
2026-09-24,2026-09-28,C,890.0,85,25,0.5283
2026-09-24,2026-09-28,C,895.0,52,105,0.5469
2026-09-24,2026-09-28,C,900.0,348,197,0.5498
2026-09-24,2026-09-28,C,905.0,9,23,0.6162
2026-09-24,2026-09-28,C,910.0,4,36,0.626
2026-09-24,2026-09-28,C,920.0,1,11,0.5762
2026-09-24,2026-09-28,C,925.0,3,3,0.6113
2026-09-24,2026-09-28,C,930.0,1,6,0.6152
2026-09-24,2026-09-28,P,622.5,25,12,0.9277
2026-09-24,2026-09-28,P,625.0,24,1,0.9082
2026-09-24,2026-09-28,P,627.5,75,52,0.8867
2026-09-24,2026-09-28,P,630.0,104,25,0.8672
2026-09-24,2026-09-28,P,632.5,11,3,0.7148
2026-09-24,2026-09-28,P,635.0,165,2,0.709
2026-09-24,2026-09-28,P,637.5,23,3,0.7266
2026-09-24,2026-09-28,P,640.0,70,11,0.7715
2026-09-24,2026-09-28,P,642.5,147,21,0.6777
2026-09-24,2026-09-28,P,645.0,56,25,0.6777
2026-09-24,2026-09-28,P,647.5,15,3,0.6641
2026-09-24,2026-09-28,P,650.0,221,54,0.6406
2026-09-24,2026-09-28,P,652.5,14,18,0.6289
2026-09-24,2026-09-28,P,655.0,267,31,0.6563
2026-09-24,2026-09-28,P,657.5,59,7,0.6133
2026-09-24,2026-09-28,P,660.0,270,115,0.6055
2026-09-24,2026-09-28,P,662.5,96,13,0.6172
2026-09-24,2026-09-28,P,665.0,225,24,0.5898
2026-09-24,2026-09-28,P,667.5,73,19,0.5723
2026-09-24,2026-09-28,P,670.0,257,113,0.5723
2026-09-24,2026-09-28,P,672.5,124,9,0.5781
2026-09-24,2026-09-28,P,675.0,244,80,0.5791
2026-09-24,2026-09-28,P,677.5,434,29,0.543
2026-09-24,2026-09-28,P,680.0,412,132,0.5566
2026-09-24,2026-09-28,P,682.5,263,11,0.5498
2026-09-24,2026-09-28,P,685.0,414,79,0.541
2026-09-24,2026-09-28,P,687.5,48,23,0.5234
2026-09-24,2026-09-28,P,690.0,266,181,0.501
2026-09-24,2026-09-28,P,692.5,366,43,0.5088
2026-09-24,2026-09-28,P,695.0,234,111,0.5137
2026-09-24,2026-09-28,P,697.5,264,29,0.5215
2026-09-24,2026-09-28,P,700.0,1141,1512,0.5024
2026-09-24,2026-09-28,P,702.5,151,240,0.4829
2026-09-24,2026-09-28,P,705.0,159,775,0.48
2026-09-24,2026-09-28,P,707.5,138,82,0.4692
2026-09-24,2026-09-28,P,710.0,1153,2417,0.4697
2026-09-24,2026-09-28,P,712.5,78,188,0.4692
2026-09-24,2026-09-28,P,715.0,301,734,0.4583
2026-09-24,2026-09-28,P,717.5,202,146,0.4629
2026-09-24,2026-09-28,P,720.0,249,775,0.4456
2026-09-24,2026-09-28,P,722.5,77,963,0.4399
2026-09-24,2026-09-28,P,725.0,264,1704,0.4363
2026-09-24,2026-09-28,P,727.5,105,565,0.4338
2026-09-24,2026-09-28,P,730.0,271,1561,0.4304
2026-09-24,2026-09-28,P,732.5,156,138,0.4262
2026-09-24,2026-09-28,P,735.0,253,573,0.4275
2026-09-24,2026-09-28,P,737.5,174,434,0.4338
2026-09-24,2026-09-28,P,740.0,338,1079,0.4188
2026-09-24,2026-09-28,P,742.5,241,320,0.4229
2026-09-24,2026-09-28,P,745.0,274,1295,0.42
2026-09-24,2026-09-28,P,747.5,304,1045,0.4209
2026-09-24,2026-09-28,P,750.0,653,2265,0.4163
2026-09-24,2026-09-28,P,755.0,382,1195,0.4255
2026-09-24,2026-09-28,P,760.0,92,3245,0.4245
2026-09-24,2026-09-28,P,765.0,126,2603,0.4149
2026-09-24,2026-09-28,P,770.0,90,4302,0.426
2026-09-24,2026-09-28,P,775.0,127,947,0.415
2026-09-24,2026-09-28,P,780.0,52,514,0.4293
2026-09-24,2026-09-28,P,785.0,32,52,0.4208
2026-09-24,2026-09-28,P,790.0,19,30,0.4222
2026-09-24,2026-09-28,P,795.0,69,9,0.4591
2026-09-24,2026-09-28,P,800.0,12,30,0.4773
2026-09-24,2026-09-28,P,810.0,2,4,0.4947
2026-09-24,2026-09-28,P,820.0,15,32,0.5319
2026-09-24,2026-09-28,P,830.0,1,13,0.5837
2026-09-24,2026-09-28,P,840.0,28,1,0.6339
2026-09-24,2026-09-28,P,850.0,2,0,0.6845
2026-09-24,2026-09-30,C,622.5,3,2,0.8682
2026-09-24,2026-09-30,C,625.0,5,2,0.8833
2026-09-24,2026-09-30,C,627.5,1,2,0.9429
2026-09-24,2026-09-30,C,630.0,12,5,0.856
2026-09-24,2026-09-30,C,632.5,5,11,0.8193
2026-09-24,2026-09-30,C,635.0,14,1,0.8411
2026-09-24,2026-09-30,C,637.5,5,1,0.8232
2026-09-24,2026-09-30,C,640.0,12,73,0.8052
2026-09-24,2026-09-30,C,642.5,25,28,0.7705
2026-09-24,2026-09-30,C,645.0,33,20,0.7778
2026-09-24,2026-09-30,C,647.5,1,1,0.748
2026-09-24,2026-09-30,C,650.0,33,8,0.773
2026-09-24,2026-09-30,C,652.5,3,2,0.7253
2026-09-24,2026-09-30,C,655.0,47,1,0.7979
2026-09-24,2026-09-30,C,660.0,6,31,0.7109
2026-09-24,2026-09-30,C,662.5,3,10,0.6902
2026-09-24,2026-09-30,C,665.0,24,44,0.6902
2026-09-24,2026-09-30,C,667.5,3,14,0.6699
2026-09-24,2026-09-30,C,670.0,154,17,0.6921
2026-09-24,2026-09-30,C,672.5,78,6,0.6489
2026-09-24,2026-09-30,C,675.0,102,21,0.6638
2026-09-24,2026-09-30,C,677.5,48,2,0.6245
2026-09-24,2026-09-30,C,680.0,151,28,0.6432
2026-09-24,2026-09-30,C,682.5,29,13,0.668
2026-09-24,2026-09-30,C,685.0,91,43,0.5315
2026-09-24,2026-09-30,C,687.5,11,15,0.6052
2026-09-24,2026-09-30,C,690.0,137,31,0.5931
2026-09-24,2026-09-30,C,692.5,14,1,0.6299
2026-09-24,2026-09-30,C,695.0,70,6,0.5689
2026-09-24,2026-09-30,C,697.5,9,1,0.5709
2026-09-24,2026-09-30,C,700.0,218,109,0.5601
2026-09-24,2026-09-30,C,702.5,23,50,0.549
2026-09-24,2026-09-30,C,705.0,94,2,0.6215
2026-09-24,2026-09-30,C,707.5,27,2,0.5546
2026-09-24,2026-09-30,C,710.0,67,6,0.5498
2026-09-24,2026-09-30,C,712.5,17,1,0.5398
2026-09-24,2026-09-30,C,715.0,59,6,0.6002
2026-09-24,2026-09-30,C,717.5,19,1,0.5308
2026-09-24,2026-09-30,C,720.0,159,29,0.5129
2026-09-24,2026-09-30,C,722.5,66,19,0.5804
2026-09-24,2026-09-30,C,725.0,125,5,0.5685
2026-09-24,2026-09-30,C,727.5,26,21,0.5112
2026-09-24,2026-09-30,C,730.0,165,66,0.5093
2026-09-24,2026-09-30,C,732.5,72,8,0.5061
2026-09-24,2026-09-30,C,735.0,97,74,0.5038
2026-09-24,2026-09-30,C,737.5,34,15,0.5725
2026-09-24,2026-09-30,C,740.0,227,52,0.5234
2026-09-24,2026-09-30,C,742.5,51,60,0.5596
2026-09-24,2026-09-30,C,745.0,215,181,0.5223
2026-09-24,2026-09-30,C,747.5,175,76,0.533
2026-09-24,2026-09-30,C,750.0,1862,843,0.4956
2026-09-24,2026-09-30,C,755.0,168,579,0.5049
2026-09-24,2026-09-30,C,760.0,314,1185,0.4975
2026-09-24,2026-09-30,C,765.0,306,782,0.4907
2026-09-24,2026-09-30,C,770.0,637,1949,0.4894
2026-09-24,2026-09-30,C,775.0,206,754,0.4881
2026-09-24,2026-09-30,C,780.0,280,1040,0.4816
2026-09-24,2026-09-30,C,785.0,201,621,0.4876
2026-09-24,2026-09-30,C,790.0,240,397,0.4898
2026-09-24,2026-09-30,C,795.0,91,280,0.4924
2026-09-24,2026-09-30,C,800.0,2470,12122,0.4832
2026-09-24,2026-09-30,C,805.0,300,321,0.4939
2026-09-24,2026-09-30,C,810.0,286,334,0.4916
2026-09-24,2026-09-30,C,815.0,58,166,0.4906
2026-09-24,2026-09-30,C,820.0,184,1709,0.4913
2026-09-24,2026-09-30,C,825.0,74,898,0.4966
2026-09-24,2026-09-30,C,830.0,230,291,0.5001
2026-09-24,2026-09-30,C,835.0,71,523,0.5015
2026-09-24,2026-09-30,C,840.0,160,453,0.5059
2026-09-24,2026-09-30,C,845.0,38,110,0.5016
2026-09-24,2026-09-30,C,850.0,736,1797,0.51
2026-09-24,2026-09-30,C,855.0,128,140,0.5038
2026-09-24,2026-09-30,C,860.0,51,170,0.5062
2026-09-24,2026-09-30,C,865.0,36,96,0.5043
2026-09-24,2026-09-30,C,870.0,61,138,0.5061
2026-09-24,2026-09-30,C,875.0,48,104,0.5171
2026-09-24,2026-09-30,C,880.0,34,199,0.5127
2026-09-24,2026-09-30,C,885.0,6,55,0.5247
2026-09-24,2026-09-30,C,890.0,16,62,0.5095
2026-09-24,2026-09-30,C,895.0,8,10,0.5332
2026-09-24,2026-09-30,C,900.0,188,101,0.5327
2026-09-24,2026-09-30,C,905.0,27,6,0.5347
2026-09-24,2026-09-30,C,910.0,51,8,0.5469
2026-09-24,2026-09-30,C,915.0,10,3,0.5508
2026-09-24,2026-09-30,C,920.0,71,3,0.5557
2026-09-24,2026-09-30,C,925.0,7,13,0.584
2026-09-24,2026-09-30,C,930.0,37,4,0.5742
2026-09-24,2026-09-30,P,622.5,23,8,0.6846
2026-09-24,2026-09-30,P,625.0,265,9,0.6738
2026-09-24,2026-09-30,P,627.5,14,6,0.6484
2026-09-24,2026-09-30,P,630.0,42,10,0.6484
2026-09-24,2026-09-30,P,632.5,19,12,0.6504
2026-09-24,2026-09-30,P,635.0,31,8,0.6416
2026-09-24,2026-09-30,P,637.5,56,15,0.6387
2026-09-24,2026-09-30,P,640.0,109,12,0.6016
2026-09-24,2026-09-30,P,642.5,9,1,0.6279
2026-09-24,2026-09-30,P,645.0,166,23,0.6279
2026-09-24,2026-09-30,P,647.5,42,17,0.6143
2026-09-24,2026-09-30,P,650.0,639,39,0.583
2026-09-24,2026-09-30,P,652.5,10,2,0.6079
2026-09-24,2026-09-30,P,655.0,94,11,0.5996
2026-09-24,2026-09-30,P,657.5,239,257,0.5864
2026-09-24,2026-09-30,P,660.0,49,10,0.5732
2026-09-24,2026-09-30,P,662.5,18,4,0.585
2026-09-24,2026-09-30,P,665.0,70,12,0.5674
2026-09-24,2026-09-30,P,667.5,54,11,0.5557
2026-09-24,2026-09-30,P,670.0,304,381,0.5313
2026-09-24,2026-09-30,P,672.5,56,7,0.5469
2026-09-24,2026-09-30,P,675.0,749,162,0.5337
2026-09-24,2026-09-30,P,677.5,283,24,0.5303
2026-09-24,2026-09-30,P,680.0,622,97,0.5317
2026-09-24,2026-09-30,P,682.5,49,7,0.5444
2026-09-24,2026-09-30,P,685.0,166,714,0.542
2026-09-24,2026-09-30,P,687.5,51,71,0.5188
2026-09-24,2026-09-30,P,690.0,122,129,0.5232
2026-09-24,2026-09-30,P,692.5,109,37,0.5237
2026-09-24,2026-09-30,P,695.0,134,74,0.512
2026-09-24,2026-09-30,P,697.5,39,98,0.5127
2026-09-24,2026-09-30,P,700.0,1391,3365,0.5031
2026-09-24,2026-09-30,P,702.5,23,82,0.5071
2026-09-24,2026-09-30,P,705.0,2695,698,0.5032
2026-09-24,2026-09-30,P,707.5,126,138,0.5032
2026-09-24,2026-09-30,P,710.0,153,113,0.5017
2026-09-24,2026-09-30,P,712.5,82,40,0.5004
2026-09-24,2026-09-30,P,715.0,119,265,0.4916
2026-09-24,2026-09-30,P,717.5,75,43,0.4919
2026-09-24,2026-09-30,P,720.0,834,1865,0.4952
2026-09-24,2026-09-30,P,722.5,39,90,0.4858
2026-09-24,2026-09-30,P,725.0,177,239,0.4879
2026-09-24,2026-09-30,P,727.5,25,92,0.4874
2026-09-24,2026-09-30,P,730.0,159,886,0.4834
2026-09-24,2026-09-30,P,732.5,78,208,0.4805
2026-09-24,2026-09-30,P,735.0,122,395,0.4843
2026-09-24,2026-09-30,P,737.5,142,302,0.4732
2026-09-24,2026-09-30,P,740.0,2439,2245,0.4725
2026-09-24,2026-09-30,P,742.5,105,664,0.4705
2026-09-24,2026-09-30,P,745.0,349,467,0.4804
2026-09-24,2026-09-30,P,747.5,173,172,0.4786
2026-09-24,2026-09-30,P,750.0,307,1510,0.468
2026-09-24,2026-09-30,P,755.0,104,746,0.469
2026-09-24,2026-09-30,P,760.0,78,973,0.4782
2026-09-24,2026-09-30,P,765.0,60,1320,0.4774
2026-09-24,2026-09-30,P,770.0,262,1334,0.47
2026-09-24,2026-09-30,P,775.0,39,568,0.4727
2026-09-24,2026-09-30,P,780.0,58,306,0.4713
2026-09-24,2026-09-30,P,785.0,15,34,0.4785
2026-09-24,2026-09-30,P,790.0,44,258,0.4806
2026-09-24,2026-09-30,P,800.0,17,10,0.4843
2026-09-24,2026-09-30,P,810.0,0,4,0.5347
2026-09-24,2026-09-30,P,845.0,15,2,0.5978
2026-09-24,2026-10-02,C,622.5,8,10,0.8232
2026-09-24,2026-10-02,C,625.0,213,4,0.7976
2026-09-24,2026-10-02,C,627.5,5,11,0.71
2026-09-24,2026-10-02,C,630.0,499,29,0.8152
2026-09-24,2026-10-02,C,632.5,4,10,0.7671
2026-09-24,2026-10-02,C,635.0,205,3,0.7949
2026-09-24,2026-10-02,C,637.5,18,1,0.7687
2026-09-24,2026-10-02,C,640.0,521,36,0.7693
2026-09-24,2026-10-02,C,642.5,6,1,0.7434
2026-09-24,2026-10-02,C,645.0,450,40,0.6436
2026-09-24,2026-10-02,C,647.5,43,23,0.7158
2026-09-24,2026-10-02,C,650.0,1662,354,0.6467
2026-09-24,2026-10-02,C,652.5,13,35,0.6934
2026-09-24,2026-10-02,C,655.0,854,78,0.6541
2026-09-24,2026-10-02,C,657.5,17,22,0.5942
2026-09-24,2026-10-02,C,660.0,1078,44,0.6155
2026-09-24,2026-10-02,C,662.5,67,1,0.7169
2026-09-24,2026-10-02,C,665.0,336,38,0.6866
2026-09-24,2026-10-02,C,667.5,182,1,0.7041
2026-09-24,2026-10-02,C,670.0,4657,10,0.6547
2026-09-24,2026-10-02,C,672.5,67,4,0.632
2026-09-24,2026-10-02,C,675.0,526,7,0.6072
2026-09-24,2026-10-02,C,677.5,36,2,0.6155
2026-09-24,2026-10-02,C,680.0,1018,49,0.6199
2026-09-24,2026-10-02,C,682.5,53,3,0.5803
2026-09-24,2026-10-02,C,685.0,332,25,0.5798
2026-09-24,2026-10-02,C,687.5,16,1,0.6251
2026-09-24,2026-10-02,C,690.0,569,86,0.5586
2026-09-24,2026-10-02,C,692.5,1007,2,0.5874
2026-09-24,2026-10-02,C,695.0,410,28,0.558
2026-09-24,2026-10-02,C,697.5,67,1,0.6116
2026-09-24,2026-10-02,C,700.0,1207,107,0.5294
2026-09-24,2026-10-02,C,702.5,29,2,0.5573
2026-09-24,2026-10-02,C,705.0,227,130,0.5606
2026-09-24,2026-10-02,C,707.5,27,2,0.5527
2026-09-24,2026-10-02,C,710.0,373,78,0.5498
2026-09-24,2026-10-02,C,712.5,144,13,0.5461
2026-09-24,2026-10-02,C,715.0,947,186,0.5399
2026-09-24,2026-10-02,C,717.5,74,4,0.5378
2026-09-24,2026-10-02,C,720.0,2143,76,0.5023
2026-09-24,2026-10-02,C,722.5,72,5,0.5279
2026-09-24,2026-10-02,C,725.0,448,70,0.5228
2026-09-24,2026-10-02,C,727.5,57,8,0.5196
2026-09-24,2026-10-02,C,730.0,658,244,0.5101
2026-09-24,2026-10-02,C,732.5,1064,41,0.5186
2026-09-24,2026-10-02,C,735.0,591,754,0.5384
2026-09-24,2026-10-02,C,737.5,168,24,0.5073
2026-09-24,2026-10-02,C,740.0,3738,404,0.5267
2026-09-24,2026-10-02,C,742.5,135,100,0.5091
2026-09-24,2026-10-02,C,745.0,2056,635,0.5228
2026-09-24,2026-10-02,C,747.5,215,108,0.5106
2026-09-24,2026-10-02,C,750.0,2908,1508,0.5192
2026-09-24,2026-10-02,C,755.0,799,805,0.5122
2026-09-24,2026-10-02,C,760.0,1008,1686,0.5019
2026-09-24,2026-10-02,C,765.0,445,1368,0.5052
2026-09-24,2026-10-02,C,770.0,1458,2875,0.5013
2026-09-24,2026-10-02,C,775.0,617,968,0.4981
2026-09-24,2026-10-02,C,780.0,785,1523,0.4965
2026-09-24,2026-10-02,C,785.0,288,648,0.4967
2026-09-24,2026-10-02,C,790.0,558,1542,0.4997
2026-09-24,2026-10-02,C,795.0,225,463,0.4979
2026-09-24,2026-10-02,C,800.0,6312,14180,0.4936
2026-09-24,2026-10-02,C,805.0,698,1042,0.4995
2026-09-24,2026-10-02,C,810.0,1351,1304,0.4985
2026-09-24,2026-10-02,C,815.0,123,318,0.5017
2026-09-24,2026-10-02,C,820.0,1795,1787,0.5028
2026-09-24,2026-10-02,C,825.0,773,734,0.5013
2026-09-24,2026-10-02,C,830.0,614,822,0.5022
2026-09-24,2026-10-02,C,835.0,202,165,0.5046
2026-09-24,2026-10-02,C,840.0,264,525,0.5076
2026-09-24,2026-10-02,C,845.0,73,273,0.5095
2026-09-24,2026-10-02,C,850.0,1105,3684,0.5082
2026-09-24,2026-10-02,C,855.0,170,323,0.5115
2026-09-24,2026-10-02,C,860.0,437,490,0.5099
2026-09-24,2026-10-02,C,865.0,91,612,0.5169
2026-09-24,2026-10-02,C,870.0,637,470,0.5201
2026-09-24,2026-10-02,C,875.0,102,112,0.5231
2026-09-24,2026-10-02,C,880.0,258,287,0.5219
2026-09-24,2026-10-02,C,885.0,64,94,0.5276
2026-09-24,2026-10-02,C,890.0,156,287,0.526
2026-09-24,2026-10-02,C,895.0,15,120,0.5342
2026-09-24,2026-10-02,C,900.0,1432,3881,0.5298
2026-09-24,2026-10-02,C,905.0,62,257,0.5325
2026-09-24,2026-10-02,C,910.0,79,50,0.5396
2026-09-24,2026-10-02,C,915.0,57,130,0.5408
2026-09-24,2026-10-02,C,920.0,197,947,0.5405
2026-09-24,2026-10-02,C,925.0,32,99,0.5435
2026-09-24,2026-10-02,C,930.0,115,23,0.5532
2026-09-24,2026-10-02,P,622.5,9,1,0.626
2026-09-24,2026-10-02,P,625.0,474,103,0.6221
2026-09-24,2026-10-02,P,627.5,50,8,0.6123
2026-09-24,2026-10-02,P,630.0,1993,313,0.6152
2026-09-24,2026-10-02,P,632.5,132,18,0.6011
2026-09-24,2026-10-02,P,635.0,610,92,0.606
2026-09-24,2026-10-02,P,637.5,89,15,0.6001
2026-09-24,2026-10-02,P,640.0,323,418,0.5923
2026-09-24,2026-10-02,P,642.5,106,70,0.585
2026-09-24,2026-10-02,P,645.0,391,85,0.5781
2026-09-24,2026-10-02,P,647.5,84,5,0.5811
2026-09-24,2026-10-02,P,650.0,1329,514,0.5772
2026-09-24,2026-10-02,P,652.5,2003,164,0.5654
2026-09-24,2026-10-02,P,655.0,2086,162,0.5598
2026-09-24,2026-10-02,P,657.5,64,51,0.5623
2026-09-24,2026-10-02,P,660.0,755,120,0.5513
2026-09-24,2026-10-02,P,662.5,90,64,0.5464
2026-09-24,2026-10-02,P,665.0,219,100,0.5396
2026-09-24,2026-10-02,P,667.5,54,24,0.5369
2026-09-24,2026-10-02,P,670.0,664,421,0.5337
2026-09-24,2026-10-02,P,672.5,276,109,0.5291
2026-09-24,2026-10-02,P,675.0,636,551,0.5239
2026-09-24,2026-10-02,P,677.5,58,22,0.522
2026-09-24,2026-10-02,P,680.0,809,666,0.5176
2026-09-24,2026-10-02,P,682.5,19,62,0.5166
2026-09-24,2026-10-02,P,685.0,434,168,0.5143
2026-09-24,2026-10-02,P,687.5,52,462,0.5112
2026-09-24,2026-10-02,P,690.0,577,390,0.5078
2026-09-24,2026-10-02,P,692.5,116,92,0.501
2026-09-24,2026-10-02,P,695.0,184,229,0.5023
2026-09-24,2026-10-02,P,697.5,219,128,0.5
2026-09-24,2026-10-02,P,700.0,2675,2380,0.4984
2026-09-24,2026-10-02,P,702.5,124,57,0.501
2026-09-24,2026-10-02,P,705.0,194,206,0.5
2026-09-24,2026-10-02,P,707.5,176,98,0.4976
2026-09-24,2026-10-02,P,710.0,532,395,0.4947
2026-09-24,2026-10-02,P,712.5,171,73,0.4949
2026-09-24,2026-10-02,P,715.0,518,272,0.4917
2026-09-24,2026-10-02,P,717.5,69,70,0.4919
2026-09-24,2026-10-02,P,720.0,695,1392,0.4891
2026-09-24,2026-10-02,P,722.5,73,298,0.4893
2026-09-24,2026-10-02,P,725.0,650,1183,0.4884
2026-09-24,2026-10-02,P,727.5,106,175,0.4866
2026-09-24,2026-10-02,P,730.0,2033,2771,0.4821
2026-09-24,2026-10-02,P,732.5,53,178,0.4833
2026-09-24,2026-10-02,P,735.0,268,203,0.4849
2026-09-24,2026-10-02,P,737.5,82,111,0.4839
2026-09-24,2026-10-02,P,740.0,1113,1437,0.4776
2026-09-24,2026-10-02,P,742.5,99,88,0.4803
2026-09-24,2026-10-02,P,745.0,321,683,0.4778
2026-09-24,2026-10-02,P,747.5,404,194,0.4809
2026-09-24,2026-10-02,P,750.0,491,2356,0.4802
2026-09-24,2026-10-02,P,755.0,133,1118,0.4808
2026-09-24,2026-10-02,P,760.0,314,2795,0.4785
2026-09-24,2026-10-02,P,765.0,31,1020,0.4768
2026-09-24,2026-10-02,P,770.0,61,1165,0.4779
2026-09-24,2026-10-02,P,775.0,19,299,0.4782
2026-09-24,2026-10-02,P,780.0,15,252,0.48
2026-09-24,2026-10-02,P,785.0,5,26,0.4801
2026-09-24,2026-10-02,P,790.0,96,88,0.4829
2026-09-24,2026-10-02,P,795.0,6,64,0.4831
2026-09-24,2026-10-02,P,800.0,14,142,0.498
2026-09-24,2026-10-02,P,805.0,17,3,0.5101
2026-09-24,2026-10-02,P,810.0,1,13,0.5132
2026-09-24,2026-10-02,P,820.0,4,32,0.5162
2026-09-24,2026-10-02,P,825.0,5,4,0.5457
2026-09-24,2026-10-02,P,830.0,18,13,0.5112
2026-09-24,2026-10-02,P,835.0,5,0,0.5621
2026-09-24,2026-10-02,P,850.0,18,8,0.5665
2026-09-24,2026-10-02,P,855.0,15,14,0.5872
2026-09-24,2026-10-05,C,635.0,2,2,0.6638
2026-09-24,2026-10-05,C,645.0,2,2,0.6322
2026-09-24,2026-10-05,C,650.0,3,6,0.627
2026-09-24,2026-10-05,C,660.0,1,1,0.5995
2026-09-24,2026-10-05,C,670.0,5,5,0.5631
2026-09-24,2026-10-05,C,675.0,1,0,0.5483
2026-09-24,2026-10-05,C,680.0,6,5,0.5399
2026-09-24,2026-10-05,C,685.0,5,1,0.5261
2026-09-24,2026-10-05,C,690.0,6,4,0.5223
2026-09-24,2026-10-05,C,695.0,4,1,0.5172
2026-09-24,2026-10-05,C,700.0,34,8,0.505
2026-09-24,2026-10-05,C,705.0,2,1,0.5198
2026-09-24,2026-10-05,C,710.0,21,21,0.5812
2026-09-24,2026-10-05,C,715.0,9,5,0.5706
2026-09-24,2026-10-05,C,720.0,1653,4,0.5571
2026-09-24,2026-10-05,C,725.0,14,2,0.5523
2026-09-24,2026-10-05,C,730.0,336,7,0.5319
2026-09-24,2026-10-05,C,735.0,109,14,0.5211
2026-09-24,2026-10-05,C,737.5,23,5,0.5296
2026-09-24,2026-10-05,C,740.0,2648,10,0.5128
2026-09-24,2026-10-05,C,742.5,7,1,0.5057
2026-09-24,2026-10-05,C,745.0,1648,32,0.5013
2026-09-24,2026-10-05,C,747.5,94,15,0.4984
2026-09-24,2026-10-05,C,750.0,191,148,0.4732
2026-09-24,2026-10-05,C,755.0,53,108,0.4892
2026-09-24,2026-10-05,C,760.0,68,156,0.4731
2026-09-24,2026-10-05,C,765.0,43,286,0.473
2026-09-24,2026-10-05,C,770.0,112,97,0.4699
2026-09-24,2026-10-05,C,775.0,40,155,0.4657
2026-09-24,2026-10-05,C,780.0,56,119,0.4643
2026-09-24,2026-10-05,C,785.0,24,47,0.4655
2026-09-24,2026-10-05,C,790.0,10,88,0.4647
2026-09-24,2026-10-05,C,795.0,9,26,0.4648
2026-09-24,2026-10-05,C,800.0,196,406,0.4641
2026-09-24,2026-10-05,C,805.0,12,56,0.4684
2026-09-24,2026-10-05,C,815.0,11,40,0.4692
2026-09-24,2026-10-05,C,825.0,10,17,0.4726
2026-09-24,2026-10-05,C,830.0,11,9,0.479
2026-09-24,2026-10-05,C,835.0,11,18,0.4744
2026-09-24,2026-10-05,C,840.0,14,40,0.483
2026-09-24,2026-10-05,C,845.0,23,33,0.4829
2026-09-24,2026-10-05,C,850.0,18,138,0.4755
2026-09-24,2026-10-05,C,855.0,5,23,0.4863
2026-09-24,2026-10-05,C,860.0,5,15,0.4854
2026-09-24,2026-10-05,C,865.0,17,31,0.4916
2026-09-24,2026-10-05,C,870.0,16,46,0.4921
2026-09-24,2026-10-05,C,880.0,27,21,0.4982
2026-09-24,2026-10-05,C,895.0,6,10,0.5061
2026-09-24,2026-10-05,C,900.0,28,65,0.5029
2026-09-24,2026-10-05,C,910.0,90,23,0.5117
2026-09-24,2026-10-05,C,920.0,2,46,0.5231
2026-09-24,2026-10-05,C,925.0,10,26,0.5012
2026-09-24,2026-10-05,C,930.0,10,27,0.5314
2026-09-24,2026-10-05,P,625.0,2,0,0.5464
2026-09-24,2026-10-05,P,630.0,18,1,0.5371
2026-09-24,2026-10-05,P,635.0,8,8,0.5278
2026-09-24,2026-10-05,P,640.0,14,28,0.5015
2026-09-24,2026-10-05,P,645.0,5,2,0.5205
2026-09-24,2026-10-05,P,650.0,31,55,0.5147
2026-09-24,2026-10-05,P,655.0,7,68,0.5029
2026-09-24,2026-10-05,P,660.0,25,22,0.5237
2026-09-24,2026-10-05,P,665.0,4,9,0.5149
2026-09-24,2026-10-05,P,670.0,14,46,0.5024
2026-09-24,2026-10-05,P,675.0,59,37,0.4939
2026-09-24,2026-10-05,P,680.0,37,20,0.4922
2026-09-24,2026-10-05,P,685.0,34,31,0.4816
2026-09-24,2026-10-05,P,690.0,46,109,0.4771
2026-09-24,2026-10-05,P,692.5,1,21,0.4728
2026-09-24,2026-10-05,P,695.0,45,44,0.4707
2026-09-24,2026-10-05,P,700.0,388,156,0.4619
2026-09-24,2026-10-05,P,702.5,63,35,0.4656
2026-09-24,2026-10-05,P,705.0,46,49,0.4586
2026-09-24,2026-10-05,P,707.5,48,8,0.4624
2026-09-24,2026-10-05,P,710.0,88,32,0.4594
2026-09-24,2026-10-05,P,715.0,43,30,0.4567
2026-09-24,2026-10-05,P,720.0,79,312,0.4529
2026-09-24,2026-10-05,P,725.0,142,18,0.4521
2026-09-24,2026-10-05,P,727.5,11,29,0.4533
2026-09-24,2026-10-05,P,730.0,338,55,0.4482
2026-09-24,2026-10-05,P,732.5,2,10,0.4465
2026-09-24,2026-10-05,P,735.0,154,51,0.4491
2026-09-24,2026-10-05,P,737.5,63,11,0.447
2026-09-24,2026-10-05,P,740.0,52,42,0.4489
2026-09-24,2026-10-05,P,742.5,9,12,0.4477
2026-09-24,2026-10-05,P,745.0,103,21,0.4467
2026-09-24,2026-10-05,P,747.5,203,23,0.4461
2026-09-24,2026-10-05,P,750.0,84,226,0.4394
2026-09-24,2026-10-05,P,755.0,24,102,0.4447
2026-09-24,2026-10-05,P,765.0,15,406,0.4451
2026-09-24,2026-10-05,P,770.0,18,149,0.449
2026-09-24,2026-10-05,P,805.0,11,8,0.4672
2026-09-24,2026-10-09,C,625.0,60,24,0.6534
2026-09-24,2026-10-09,C,630.0,264,1,0.6487
2026-09-24,2026-10-09,C,635.0,64,1,0.6334
2026-09-24,2026-10-09,C,640.0,210,4,0.6281
2026-09-24,2026-10-09,C,645.0,128,3,0.6381
2026-09-24,2026-10-09,C,650.0,249,15,0.5783
2026-09-24,2026-10-09,C,655.0,142,24,0.5869
2026-09-24,2026-10-09,C,657.5,3,1,0.5862
2026-09-24,2026-10-09,C,660.0,351,2,0.5529
2026-09-24,2026-10-09,C,662.5,6,3,0.5723
2026-09-24,2026-10-09,C,665.0,745,24,0.5905
2026-09-24,2026-10-09,C,670.0,455,15,0.5709
2026-09-24,2026-10-09,C,672.5,15,2,0.5533
2026-09-24,2026-10-09,C,675.0,323,70,0.5579
2026-09-24,2026-10-09,C,677.5,8,5,0.548
2026-09-24,2026-10-09,C,680.0,239,49,0.5389
2026-09-24,2026-10-09,C,682.5,2,20,0.5548
2026-09-24,2026-10-09,C,685.0,417,8,0.5284
2026-09-24,2026-10-09,C,687.5,9,8,0.5458
2026-09-24,2026-10-09,C,690.0,217,38,0.5474
2026-09-24,2026-10-09,C,692.5,7,3,0.5358
2026-09-24,2026-10-09,C,695.0,197,20,0.543
2026-09-24,2026-10-09,C,697.5,15,0,0.5212
2026-09-24,2026-10-09,C,700.0,621,90,0.522
2026-09-24,2026-10-09,C,702.5,46,48,0.5182
2026-09-24,2026-10-09,C,705.0,145,10,0.5262
2026-09-24,2026-10-09,C,710.0,264,16,0.5175
2026-09-24,2026-10-09,C,715.0,382,9,0.5178
2026-09-24,2026-10-09,C,720.0,453,51,0.5071
2026-09-24,2026-10-09,C,725.0,328,3,0.5436
2026-09-24,2026-10-09,C,730.0,310,38,0.525
2026-09-24,2026-10-09,C,735.0,170,11,0.5159
2026-09-24,2026-10-09,C,740.0,425,58,0.5008
2026-09-24,2026-10-09,C,745.0,327,191,0.5049
2026-09-24,2026-10-09,C,750.0,927,6285,0.4817
2026-09-24,2026-10-09,C,755.0,792,190,0.4794
2026-09-24,2026-10-09,C,760.0,397,361,0.4783
2026-09-24,2026-10-09,C,765.0,240,489,0.4727
2026-09-24,2026-10-09,C,770.0,488,583,0.4764
2026-09-24,2026-10-09,C,775.0,224,261,0.4754
2026-09-24,2026-10-09,C,780.0,352,981,0.4723
2026-09-24,2026-10-09,C,785.0,141,412,0.4743
2026-09-24,2026-10-09,C,790.0,236,164,0.4734
2026-09-24,2026-10-09,C,795.0,230,106,0.4753
2026-09-24,2026-10-09,C,800.0,656,947,0.4743
2026-09-24,2026-10-09,C,805.0,69,214,0.4771
2026-09-24,2026-10-09,C,810.0,213,133,0.4754
2026-09-24,2026-10-09,C,815.0,87,44,0.4787
2026-09-24,2026-10-09,C,820.0,205,197,0.4756
2026-09-24,2026-10-09,C,825.0,114,125,0.4751
2026-09-24,2026-10-09,C,830.0,77,96,0.4774
2026-09-24,2026-10-09,C,835.0,204,303,0.477
2026-09-24,2026-10-09,C,840.0,727,95,0.4788
2026-09-24,2026-10-09,C,845.0,220,20,0.4789
2026-09-24,2026-10-09,C,850.0,307,168,0.4794
2026-09-24,2026-10-09,C,855.0,78,30,0.4867
2026-09-24,2026-10-09,C,860.0,77,63,0.4866
2026-09-24,2026-10-09,C,865.0,68,53,0.4901
2026-09-24,2026-10-09,C,870.0,83,53,0.4865
2026-09-24,2026-10-09,C,875.0,28,53,0.4898
2026-09-24,2026-10-09,C,880.0,460,92,0.4951
2026-09-24,2026-10-09,C,885.0,31,29,0.4907
2026-09-24,2026-10-09,C,890.0,73,4,0.4934
2026-09-24,2026-10-09,C,895.0,94,19,0.5006
2026-09-24,2026-10-09,C,900.0,521,639,0.4967
2026-09-24,2026-10-09,C,905.0,43,15,0.5024
2026-09-24,2026-10-09,C,910.0,150,81,0.5039
2026-09-24,2026-10-09,C,915.0,107,48,0.5083
2026-09-24,2026-10-09,C,920.0,61,38,0.5015
2026-09-24,2026-10-09,C,925.0,130,1,0.5115
2026-09-24,2026-10-09,C,930.0,31,19,0.5059
2026-09-24,2026-10-09,P,625.0,466,133,0.5339
2026-09-24,2026-10-09,P,630.0,163,105,0.5249
2026-09-24,2026-10-09,P,635.0,247,16,0.5134
2026-09-24,2026-10-09,P,640.0,324,59,0.5078
2026-09-24,2026-10-09,P,645.0,458,378,0.5
2026-09-24,2026-10-09,P,650.0,317,226,0.4998
2026-09-24,2026-10-09,P,655.0,190,8,0.5004
2026-09-24,2026-10-09,P,657.5,12,6,0.4948
2026-09-24,2026-10-09,P,660.0,150,74,0.4963
2026-09-24,2026-10-09,P,662.5,24,25,0.4908
2026-09-24,2026-10-09,P,665.0,187,69,0.4876
2026-09-24,2026-10-09,P,667.5,6,2,0.4846
2026-09-24,2026-10-09,P,670.0,206,41,0.485
2026-09-24,2026-10-09,P,672.5,45,44,0.4817
2026-09-24,2026-10-09,P,675.0,193,44,0.4805
2026-09-24,2026-10-09,P,677.5,12,2,0.4829
2026-09-24,2026-10-09,P,680.0,211,79,0.4747
2026-09-24,2026-10-09,P,682.5,23,31,0.4751
2026-09-24,2026-10-09,P,685.0,143,105,0.4756
2026-09-24,2026-10-09,P,687.5,116,9,0.4731
2026-09-24,2026-10-09,P,690.0,223,168,0.472
2026-09-24,2026-10-09,P,692.5,17,21,0.4703
2026-09-24,2026-10-09,P,695.0,55,63,0.4716
2026-09-24,2026-10-09,P,697.5,21,85,0.4689
2026-09-24,2026-10-09,P,700.0,580,558,0.4657
2026-09-24,2026-10-09,P,702.5,303,19,0.4652
2026-09-24,2026-10-09,P,705.0,183,63,0.464
2026-09-24,2026-10-09,P,710.0,453,296,0.4614
2026-09-24,2026-10-09,P,715.0,153,40,0.463
2026-09-24,2026-10-09,P,720.0,164,368,0.4561
2026-09-24,2026-10-09,P,725.0,116,81,0.4586
2026-09-24,2026-10-09,P,730.0,231,157,0.4533
2026-09-24,2026-10-09,P,735.0,67,95,0.4569
2026-09-24,2026-10-09,P,740.0,286,290,0.4541
2026-09-24,2026-10-09,P,745.0,89,74,0.4528
2026-09-24,2026-10-09,P,750.0,249,589,0.4528
2026-09-24,2026-10-09,P,755.0,1132,455,0.4513
2026-09-24,2026-10-09,P,760.0,57,355,0.45
2026-09-24,2026-10-09,P,765.0,52,359,0.4498
2026-09-24,2026-10-09,P,770.0,24,271,0.4481
2026-09-24,2026-10-09,P,775.0,14,238,0.449
2026-09-24,2026-10-09,P,780.0,13,132,0.45
2026-09-24,2026-10-09,P,785.0,5,12,0.4511
2026-09-24,2026-10-09,P,790.0,1,37,0.4509
2026-09-24,2026-10-09,P,795.0,2,13,0.4517
2026-09-24,2026-10-09,P,800.0,11,8,0.4512
2026-09-24,2026-10-09,P,805.0,2,21,0.4527
2026-09-24,2026-10-09,P,810.0,1,1,0.453
2026-09-24,2026-10-09,P,815.0,1,0,0.4583
2026-09-24,2026-10-09,P,820.0,4,2,0.4546
2026-09-24,2026-10-09,P,830.0,1,1,0.4859
2026-09-24,2026-10-09,P,855.0,1,0,0.5044
2026-09-24,2026-10-09,P,890.0,1,1,0.567
2026-09-25,2026-09-25,C,640.0,634,69,1.709
2026-09-25,2026-09-25,C,642.5,29,14,1.5801
2026-09-25,2026-09-25,C,645.0,634,27,1.6646
2026-09-25,2026-09-25,C,647.5,2522,4,1.4717
2026-09-25,2026-09-25,C,650.0,4028,199,1.5708
2026-09-25,2026-09-25,C,652.5,77,1,2.075
2026-09-25,2026-09-25,C,655.0,761,46,0.9766
2026-09-25,2026-09-25,C,657.5,157,19,1.4097
2026-09-25,2026-09-25,C,660.0,2315,107,1.3936
2026-09-25,2026-09-25,C,662.5,64,8,1.0703
2026-09-25,2026-09-25,C,665.0,602,48,1.5601
2026-09-25,2026-09-25,C,667.5,270,13,1.5425
2026-09-25,2026-09-25,C,670.0,1344,84,1.2813
2026-09-25,2026-09-25,C,672.5,318,15,1.1856
2026-09-25,2026-09-25,C,675.0,1899,74,1.1689
2026-09-25,2026-09-25,C,677.5,388,28,1.2437
2026-09-25,2026-09-25,C,680.0,1774,196,1.0264
2026-09-25,2026-09-25,C,682.5,173,80,1.0542
2026-09-25,2026-09-25,C,685.0,1571,762,1.0215
2026-09-25,2026-09-25,C,687.5,2213,117,1.0366
2026-09-25,2026-09-25,C,690.0,2490,1959,1.0147
2026-09-25,2026-09-25,C,692.5,1003,152,0.9741
2026-09-25,2026-09-25,C,695.0,448,161,0.9629
2026-09-25,2026-09-25,C,697.5,358,10,0.8281
2026-09-25,2026-09-25,C,700.0,4269,1586,0.7813
2026-09-25,2026-09-25,C,702.5,2488,68,0.7632
2026-09-25,2026-09-25,C,705.0,3286,761,0.7168
2026-09-25,2026-09-25,C,707.5,214,30,0.5674
2026-09-25,2026-09-25,C,710.0,1893,1802,0.7363
2026-09-25,2026-09-25,C,712.5,463,43,0.9409
2026-09-25,2026-09-25,C,715.0,808,335,0.4932
2026-09-25,2026-09-25,C,717.5,1626,42,0.4141
2026-09-25,2026-09-25,C,720.0,2605,829,0.3867
2026-09-25,2026-09-25,C,722.5,853,182,0.3857
2026-09-25,2026-09-25,C,725.0,1329,344,0.333
2026-09-25,2026-09-25,C,727.5,904,568,0.0
2026-09-25,2026-09-25,C,730.0,1900,1714,0.2993
2026-09-25,2026-09-25,C,732.5,364,504,0.27
2026-09-25,2026-09-25,C,735.0,1321,780,0.1973
2026-09-25,2026-09-25,C,737.5,406,262,0.1943
2026-09-25,2026-09-25,C,740.0,3049,3572,0.1445
2026-09-25,2026-09-25,C,742.5,1284,2937,0.1353
2026-09-25,2026-09-25,C,745.0,2820,6034,0.0899
2026-09-25,2026-09-25,C,747.5,1575,9447,0.0
2026-09-25,2026-09-25,C,750.0,10460,64296,0.0254
2026-09-25,2026-09-25,C,755.0,1968,90627,0.04
2026-09-25,2026-09-25,C,760.0,3013,69174,0.0879
2026-09-25,2026-09-25,C,765.0,6448,28653,0.1328
2026-09-25,2026-09-25,C,770.0,2898,37162,0.1758
2026-09-25,2026-09-25,C,775.0,6578,16953,0.2188
2026-09-25,2026-09-25,C,780.0,5362,23680,0.2578
2026-09-25,2026-09-25,C,785.0,3109,8735,0.2969
2026-09-25,2026-09-25,C,790.0,3162,8190,0.3359
2026-09-25,2026-09-25,C,795.0,1844,3384,0.375
2026-09-25,2026-09-25,C,800.0,12662,20159,0.4141
2026-09-25,2026-09-25,C,805.0,2490,3081,0.4531
2026-09-25,2026-09-25,C,810.0,3925,2868,0.4844
2026-09-25,2026-09-25,C,815.0,2660,2232,0.5
2026-09-25,2026-09-25,C,820.0,3975,2741,0.5313
2026-09-25,2026-09-25,C,825.0,3067,1371,0.5625
2026-09-25,2026-09-25,C,830.0,2307,1175,0.5938
2026-09-25,2026-09-25,C,835.0,2234,745,0.625
2026-09-25,2026-09-25,C,840.0,1536,388,0.6563
2026-09-25,2026-09-25,C,845.0,2454,428,0.6875
2026-09-25,2026-09-25,C,850.0,3793,268,0.7188
2026-09-25,2026-09-25,C,855.0,1614,121,0.75
2026-09-25,2026-09-25,C,860.0,1243,185,0.7813
2026-09-25,2026-09-25,P,640.0,5871,74,0.9375
2026-09-25,2026-09-25,P,642.5,214,14,0.9063
2026-09-25,2026-09-25,P,645.0,750,6,0.9063
2026-09-25,2026-09-25,P,647.5,353,35,0.875
2026-09-25,2026-09-25,P,650.0,6248,94,0.8438
2026-09-25,2026-09-25,P,652.5,281,39,0.8438
2026-09-25,2026-09-25,P,655.0,770,9,0.8125
2026-09-25,2026-09-25,P,657.5,472,138,0.7813
2026-09-25,2026-09-25,P,660.0,1542,248,0.7813
2026-09-25,2026-09-25,P,662.5,593,184,0.75
2026-09-25,2026-09-25,P,665.0,949,192,0.7344
2026-09-25,2026-09-25,P,667.5,502,488,0.7188
2026-09-25,2026-09-25,P,670.0,2830,849,0.6875
2026-09-25,2026-09-25,P,672.5,1963,296,0.6719
2026-09-25,2026-09-25,P,675.0,1827,262,0.6563
2026-09-25,2026-09-25,P,677.5,717,197,0.625
2026-09-25,2026-09-25,P,680.0,1845,470,0.6094
2026-09-25,2026-09-25,P,682.5,959,430,0.5938
2026-09-25,2026-09-25,P,685.0,1331,397,0.5625
2026-09-25,2026-09-25,P,687.5,588,96,0.5469
2026-09-25,2026-09-25,P,690.0,1794,301,0.5313
2026-09-25,2026-09-25,P,692.5,536,163,0.5
2026-09-25,2026-09-25,P,695.0,1497,549,0.5156
2026-09-25,2026-09-25,P,697.5,468,232,0.4922
2026-09-25,2026-09-25,P,700.0,6558,1467,0.4688
2026-09-25,2026-09-25,P,702.5,2498,489,0.4805
2026-09-25,2026-09-25,P,705.0,2863,1011,0.4297
2026-09-25,2026-09-25,P,707.5,476,346,0.4531
2026-09-25,2026-09-25,P,710.0,4127,2573,0.3828
2026-09-25,2026-09-25,P,712.5,717,278,0.3594
2026-09-25,2026-09-25,P,715.0,3351,878,0.3438
2026-09-25,2026-09-25,P,717.5,802,522,0.3203
2026-09-25,2026-09-25,P,720.0,3385,3223,0.2969
2026-09-25,2026-09-25,P,722.5,1429,1171,0.2734
2026-09-25,2026-09-25,P,725.0,5351,8944,0.2539
2026-09-25,2026-09-25,P,727.5,3259,2565,0.25
2026-09-25,2026-09-25,P,730.0,5182,8662,0.2109
2026-09-25,2026-09-25,P,732.5,2754,6431,0.1875
2026-09-25,2026-09-25,P,735.0,3040,11913,0.1797
2026-09-25,2026-09-25,P,737.5,967,9322,0.1563
2026-09-25,2026-09-25,P,740.0,4698,33302,0.1211
2026-09-25,2026-09-25,P,742.5,1050,16795,0.1065
2026-09-25,2026-09-25,P,745.0,3123,38176,0.0742
2026-09-25,2026-09-25,P,747.5,3894,28900,0.0488
2026-09-25,2026-09-25,P,750.0,9221,66989,0.0435
2026-09-25,2026-09-25,P,755.0,2303,17010,0.1108
2026-09-25,2026-09-25,P,760.0,2774,8788,0.1963
2026-09-25,2026-09-25,P,765.0,1863,3054,0.2847
2026-09-25,2026-09-25,P,770.0,1969,2985,0.3418
2026-09-25,2026-09-25,P,775.0,1388,2064,0.4087
2026-09-25,2026-09-25,P,780.0,807,599,0.4727
2026-09-25,2026-09-25,P,785.0,263,141,0.5347
2026-09-25,2026-09-25,P,790.0,230,130,0.522
2026-09-25,2026-09-25,P,795.0,35,8,0.9094
2026-09-25,2026-09-25,P,800.0,201,67,0.7349
2026-09-25,2026-09-25,P,805.0,54,21,1.0481
2026-09-25,2026-09-25,P,810.0,43,16,0.6348
2026-09-25,2026-09-25,P,815.0,11,3,0.7305
2026-09-25,2026-09-25,P,820.0,355,86,1.3296
2026-09-25,2026-09-25,P,830.0,15,1,0.8691
2026-09-25,2026-09-25,P,840.0,6,7,1.6633
2026-09-25,2026-09-25,P,850.0,7,7,1.7888
2026-09-25,2026-09-28,C,640.0,8,1,0.8364
2026-09-25,2026-09-28,C,645.0,8,3,0.8022
2026-09-25,2026-09-28,C,647.5,5,50,0.7854
2026-09-25,2026-09-28,C,650.0,81,10,0.7727
2026-09-25,2026-09-28,C,652.5,5,64,0.6016
2026-09-25,2026-09-28,C,655.0,25,3,0.6707
2026-09-25,2026-09-28,C,657.5,6,4,0.502
2026-09-25,2026-09-28,C,660.0,28,4,0.7126
2026-09-25,2026-09-28,C,662.5,36,26,0.9639
2026-09-25,2026-09-28,C,665.0,65,2,0.6231
2026-09-25,2026-09-28,C,667.5,184,14,0.6462
2026-09-25,2026-09-28,C,670.0,148,6,0.5908
2026-09-25,2026-09-28,C,672.5,182,5,0.5967
2026-09-25,2026-09-28,C,675.0,120,22,0.5803
2026-09-25,2026-09-28,C,677.5,60,22,0.5676
2026-09-25,2026-09-28,C,680.0,204,2,0.797
2026-09-25,2026-09-28,C,682.5,50,5,0.7723
2026-09-25,2026-09-28,C,685.0,114,8,0.5029
2026-09-25,2026-09-28,C,687.5,35,25,0.7266
2026-09-25,2026-09-28,C,690.0,176,39,0.7118
2026-09-25,2026-09-28,C,692.5,36,38,0.6965
2026-09-25,2026-09-28,C,695.0,100,93,0.6749
2026-09-25,2026-09-28,C,697.5,73,127,0.6501
2026-09-25,2026-09-28,C,700.0,344,145,0.5099
2026-09-25,2026-09-28,C,702.5,49,110,0.6095
2026-09-25,2026-09-28,C,705.0,152,41,0.5903
2026-09-25,2026-09-28,C,707.5,49,7,0.579
2026-09-25,2026-09-28,C,710.0,112,40,0.4699
2026-09-25,2026-09-28,C,712.5,55,9,0.5515
2026-09-25,2026-09-28,C,715.0,62,13,0.364
2026-09-25,2026-09-28,C,717.5,50,12,0.3295
2026-09-25,2026-09-28,C,720.0,154,107,0.3029
2026-09-25,2026-09-28,C,722.5,44,19,0.2921
2026-09-25,2026-09-28,C,725.0,307,132,0.3062
2026-09-25,2026-09-28,C,727.5,87,49,0.2827
2026-09-25,2026-09-28,C,730.0,142,217,0.259
2026-09-25,2026-09-28,C,732.5,44,60,0.2618
2026-09-25,2026-09-28,C,735.0,90,160,0.2648
2026-09-25,2026-09-28,C,737.5,355,119,0.2533
2026-09-25,2026-09-28,C,740.0,222,484,0.2532
2026-09-25,2026-09-28,C,742.5,232,344,0.2474
2026-09-25,2026-09-28,C,745.0,203,1889,0.2452
2026-09-25,2026-09-28,C,747.5,563,2156,0.2441
2026-09-25,2026-09-28,C,750.0,1064,14312,0.2453
2026-09-25,2026-09-28,C,755.0,577,12100,0.2465
2026-09-25,2026-09-28,C,760.0,1065,9644,0.2496
2026-09-25,2026-09-28,C,765.0,1069,4416,0.259
2026-09-25,2026-09-28,C,770.0,1346,7685,0.2584
2026-09-25,2026-09-28,C,775.0,917,3832,0.2629
2026-09-25,2026-09-28,C,780.0,1675,8329,0.2732
2026-09-25,2026-09-28,C,785.0,669,2903,0.2753
2026-09-25,2026-09-28,C,790.0,613,2757,0.2805
2026-09-25,2026-09-28,C,795.0,468,2045,0.2869
2026-09-25,2026-09-28,C,800.0,4489,16363,0.294
2026-09-25,2026-09-28,C,805.0,434,2583,0.3047
2026-09-25,2026-09-28,C,810.0,309,775,0.3135
2026-09-25,2026-09-28,C,815.0,614,1150,0.3262
2026-09-25,2026-09-28,C,820.0,1009,880,0.3525
2026-09-25,2026-09-28,C,825.0,300,261,0.3418
2026-09-25,2026-09-28,C,830.0,357,610,0.377
2026-09-25,2026-09-28,C,835.0,623,353,0.4102
2026-09-25,2026-09-28,C,840.0,561,284,0.3867
2026-09-25,2026-09-28,C,845.0,542,272,0.4063
2026-09-25,2026-09-28,C,850.0,813,749,0.4238
2026-09-25,2026-09-28,C,855.0,173,111,0.3984
2026-09-25,2026-09-28,C,860.0,128,80,0.4141
2026-09-25,2026-09-28,P,640.0,70,10,0.6514
2026-09-25,2026-09-28,P,642.5,149,21,0.73
2026-09-25,2026-09-28,P,645.0,54,85,0.6494
2026-09-25,2026-09-28,P,647.5,14,23,0.6602
2026-09-25,2026-09-28,P,650.0,233,808,0.5273
2026-09-25,2026-09-28,P,652.5,11,25,0.5332
2026-09-25,2026-09-28,P,655.0,269,405,0.502
2026-09-25,2026-09-28,P,657.5,56,30,0.5488
2026-09-25,2026-09-28,P,660.0,290,38,0.502
2026-09-25,2026-09-28,P,662.5,95,19,0.4629
2026-09-25,2026-09-28,P,665.0,216,11,0.5098
2026-09-25,2026-09-28,P,667.5,73,11,0.5068
2026-09-25,2026-09-28,P,670.0,274,61,0.4258
2026-09-25,2026-09-28,P,672.5,128,50,0.5396
2026-09-25,2026-09-28,P,675.0,242,27,0.418
2026-09-25,2026-09-28,P,677.5,441,166,0.4492
2026-09-25,2026-09-28,P,680.0,433,91,0.4141
2026-09-25,2026-09-28,P,682.5,265,16,0.4248
2026-09-25,2026-09-28,P,685.0,413,431,0.3965
2026-09-25,2026-09-28,P,687.5,47,26,0.4033
2026-09-25,2026-09-28,P,690.0,272,84,0.3765
2026-09-25,2026-09-28,P,692.5,387,35,0.3516
2026-09-25,2026-09-28,P,695.0,232,121,0.334
2026-09-25,2026-09-28,P,697.5,248,51,0.3315
2026-09-25,2026-09-28,P,700.0,1628,2334,0.3242
2026-09-25,2026-09-28,P,702.5,217,157,0.3281
2026-09-25,2026-09-28,P,705.0,385,437,0.3066
2026-09-25,2026-09-28,P,707.5,159,79,0.3032
2026-09-25,2026-09-28,P,710.0,2573,740,0.2957
2026-09-25,2026-09-28,P,712.5,158,366,0.2886
2026-09-25,2026-09-28,P,715.0,563,4303,0.2791
2026-09-25,2026-09-28,P,717.5,228,1063,0.2769
2026-09-25,2026-09-28,P,720.0,469,2910,0.2712
2026-09-25,2026-09-28,P,722.5,674,1401,0.2688
2026-09-25,2026-09-28,P,725.0,1117,2662,0.2643
2026-09-25,2026-09-28,P,727.5,550,2727,0.2601
2026-09-25,2026-09-28,P,730.0,945,3345,0.2643
2026-09-25,2026-09-28,P,732.5,182,1445,0.2542
2026-09-25,2026-09-28,P,735.0,397,1970,0.2521
2026-09-25,2026-09-28,P,737.5,245,1212,0.2496
2026-09-25,2026-09-28,P,740.0,636,2992,0.2478
2026-09-25,2026-09-28,P,742.5,289,1553,0.2568
2026-09-25,2026-09-28,P,745.0,498,2877,0.2456
2026-09-25,2026-09-28,P,747.5,620,4569,0.2477
2026-09-25,2026-09-28,P,750.0,1231,10858,0.2472
2026-09-25,2026-09-28,P,755.0,684,8137,0.2533
2026-09-25,2026-09-28,P,760.0,1272,3607,0.2586
2026-09-25,2026-09-28,P,765.0,496,554,0.2671
2026-09-25,2026-09-28,P,770.0,721,444,0.2859
2026-09-25,2026-09-28,P,775.0,352,247,0.3031
2026-09-25,2026-09-28,P,780.0,195,476,0.3001
2026-09-25,2026-09-28,P,785.0,42,67,0.3184
2026-09-25,2026-09-28,P,790.0,22,31,0.4303
2026-09-25,2026-09-28,P,795.0,71,6,0.5507
2026-09-25,2026-09-28,P,800.0,24,16,0.5946
2026-09-25,2026-09-28,P,810.0,4,2,0.6505
2026-09-25,2026-09-28,P,820.0,37,32,0.7092
2026-09-25,2026-09-28,P,830.0,13,13,0.8314
2026-09-25,2026-09-28,P,840.0,29,1,0.8551
2026-09-25,2026-09-28,P,850.0,2,0,0.5967
2026-09-25,2026-09-30,C,640.0,12,2,0.667
2026-09-25,2026-09-30,C,642.5,25,28,0.5049
2026-09-25,2026-09-30,C,645.0,33,20,0.6357
2026-09-25,2026-09-30,C,647.5,1,1,0.5962
2026-09-25,2026-09-30,C,650.0,32,13,0.6201
2026-09-25,2026-09-30,C,652.5,3,2,0.6169
2026-09-25,2026-09-30,C,655.0,46,20,0.6064
2026-09-25,2026-09-30,C,660.0,7,31,0.585
2026-09-25,2026-09-30,C,662.5,3,10,0.802
2026-09-25,2026-09-30,C,665.0,29,1,0.7843
2026-09-25,2026-09-30,C,667.5,3,8,0.521
2026-09-25,2026-09-30,C,670.0,146,8,0.5317
2026-09-25,2026-09-30,C,672.5,78,22,0.7172
2026-09-25,2026-09-30,C,675.0,85,23,0.5195
2026-09-25,2026-09-30,C,677.5,48,39,0.6849
2026-09-25,2026-09-30,C,680.0,136,11,0.6808
2026-09-25,2026-09-30,C,682.5,29,14,0.6758
2026-09-25,2026-09-30,C,685.0,70,43,0.6725
2026-09-25,2026-09-30,C,687.5,11,15,0.6565
2026-09-25,2026-09-30,C,690.0,147,1,0.6497
2026-09-25,2026-09-30,C,692.5,13,1,0.6287
2026-09-25,2026-09-30,C,695.0,72,15,0.6122
2026-09-25,2026-09-30,C,697.5,8,1,0.6
2026-09-25,2026-09-30,C,700.0,247,16,0.5481
2026-09-25,2026-09-30,C,702.5,23,4,0.5701
2026-09-25,2026-09-30,C,705.0,93,12,0.5548
2026-09-25,2026-09-30,C,707.5,28,1,0.5392
2026-09-25,2026-09-30,C,710.0,70,7,0.5252
2026-09-25,2026-09-30,C,712.5,16,4,0.5071
2026-09-25,2026-09-30,C,715.0,54,4,0.3915
2026-09-25,2026-09-30,C,717.5,20,6,0.3921
2026-09-25,2026-09-30,C,720.0,160,18,0.3772
2026-09-25,2026-09-30,C,722.5,66,5,0.3897
2026-09-25,2026-09-30,C,725.0,121,135,0.3641
2026-09-25,2026-09-30,C,727.5,30,31,0.3694
2026-09-25,2026-09-30,C,730.0,173,316,0.3674
2026-09-25,2026-09-30,C,732.5,74,39,0.3591
2026-09-25,2026-09-30,C,735.0,112,126,0.36
2026-09-25,2026-09-30,C,737.5,33,109,0.3546
2026-09-25,2026-09-30,C,740.0,223,264,0.3574
2026-09-25,2026-09-30,C,742.5,71,142,0.3541
2026-09-25,2026-09-30,C,745.0,229,275,0.3543
2026-09-25,2026-09-30,C,747.5,157,597,0.3526
2026-09-25,2026-09-30,C,750.0,1843,3610,0.3529
2026-09-25,2026-09-30,C,755.0,218,4978,0.3544
2026-09-25,2026-09-30,C,760.0,306,2300,0.3562
2026-09-25,2026-09-30,C,765.0,305,938,0.3588
2026-09-25,2026-09-30,C,770.0,838,1177,0.3613
2026-09-25,2026-09-30,C,775.0,270,929,0.3644
2026-09-25,2026-09-30,C,780.0,389,1959,0.3676
2026-09-25,2026-09-30,C,785.0,384,573,0.3715
2026-09-25,2026-09-30,C,790.0,306,855,0.3764
2026-09-25,2026-09-30,C,795.0,196,386,0.3802
2026-09-25,2026-09-30,C,800.0,7495,15364,0.3836
2026-09-25,2026-09-30,C,805.0,368,1151,0.3855
2026-09-25,2026-09-30,C,810.0,336,797,0.3895
2026-09-25,2026-09-30,C,815.0,81,673,0.3953
2026-09-25,2026-09-30,C,820.0,434,1509,0.3998
2026-09-25,2026-09-30,C,825.0,510,690,0.4058
2026-09-25,2026-09-30,C,830.0,262,252,0.4092
2026-09-25,2026-09-30,C,835.0,453,174,0.4182
2026-09-25,2026-09-30,C,840.0,405,924,0.4229
2026-09-25,2026-09-30,C,845.0,78,44,0.4478
2026-09-25,2026-09-30,C,850.0,1314,920,0.4277
2026-09-25,2026-09-30,C,855.0,178,29,0.4512
2026-09-25,2026-09-30,C,860.0,130,98,0.4688
2026-09-25,2026-09-30,P,640.0,109,24,0.5195
2026-09-25,2026-09-30,P,642.5,8,5,0.5078
2026-09-25,2026-09-30,P,645.0,157,44,0.4971
2026-09-25,2026-09-30,P,647.5,54,5,0.5347
2026-09-25,2026-09-30,P,650.0,655,55,0.4883
2026-09-25,2026-09-30,P,652.5,10,11,0.519
2026-09-25,2026-09-30,P,655.0,88,6,0.5093
2026-09-25,2026-09-30,P,657.5,283,14,0.4746
2026-09-25,2026-09-30,P,660.0,53,15,0.4629
2026-09-25,2026-09-30,P,662.5,20,37,0.4512
2026-09-25,2026-09-30,P,665.0,69,6,0.4629
2026-09-25,2026-09-30,P,667.5,59,31,0.4753
2026-09-25,2026-09-30,P,670.0,524,110,0.4531
2026-09-25,2026-09-30,P,672.5,56,13,0.45
2026-09-25,2026-09-30,P,675.0,788,23,0.4282
2026-09-25,2026-09-30,P,677.5,284,53,0.4312
2026-09-25,2026-09-30,P,680.0,602,71,0.4199
2026-09-25,2026-09-30,P,682.5,52,29,0.4099
2026-09-25,2026-09-30,P,685.0,768,195,0.4131
2026-09-25,2026-09-30,P,687.5,85,36,0.4105
2026-09-25,2026-09-30,P,690.0,172,338,0.4107
2026-09-25,2026-09-30,P,692.5,122,207,0.3948
2026-09-25,2026-09-30,P,695.0,126,513,0.3856
2026-09-25,2026-09-30,P,697.5,105,352,0.3823
2026-09-25,2026-09-30,P,700.0,2925,1500,0.3792
2026-09-25,2026-09-30,P,702.5,83,143,0.3763
2026-09-25,2026-09-30,P,705.0,2892,487,0.3734
2026-09-25,2026-09-30,P,707.5,141,276,0.3709
2026-09-25,2026-09-30,P,710.0,171,1157,0.3685
2026-09-25,2026-09-30,P,712.5,93,250,0.3657
2026-09-25,2026-09-30,P,715.0,250,310,0.3662
2026-09-25,2026-09-30,P,717.5,80,213,0.3643
2026-09-25,2026-09-30,P,720.0,1445,827,0.3595
2026-09-25,2026-09-30,P,722.5,73,126,0.3584
2026-09-25,2026-09-30,P,725.0,223,678,0.3555
2026-09-25,2026-09-30,P,727.5,73,176,0.3545
2026-09-25,2026-09-30,P,730.0,354,489,0.3533
2026-09-25,2026-09-30,P,732.5,150,207,0.3518
2026-09-25,2026-09-30,P,735.0,196,283,0.3514
2026-09-25,2026-09-30,P,737.5,265,222,0.3507
2026-09-25,2026-09-30,P,740.0,2252,2230,0.3508
2026-09-25,2026-09-30,P,742.5,547,246,0.3517
2026-09-25,2026-09-30,P,745.0,437,698,0.3519
2026-09-25,2026-09-30,P,747.5,207,576,0.3529
2026-09-25,2026-09-30,P,750.0,348,1432,0.3532
2026-09-25,2026-09-30,P,755.0,316,763,0.3547
2026-09-25,2026-09-30,P,760.0,367,545,0.3579
2026-09-25,2026-09-30,P,765.0,463,410,0.3618
2026-09-25,2026-09-30,P,770.0,1041,669,0.366
2026-09-25,2026-09-30,P,775.0,244,195,0.3743
2026-09-25,2026-09-30,P,780.0,181,106,0.3749
2026-09-25,2026-09-30,P,785.0,34,12,0.389
2026-09-25,2026-09-30,P,790.0,111,7,0.4602
2026-09-25,2026-09-30,P,800.0,20,1,0.4598
2026-09-25,2026-09-30,P,810.0,3,16,0.5728
2026-09-25,2026-09-30,P,845.0,16,2,0.7271
2026-09-25,2026-10-02,C,640.0,513,31,0.6481
2026-09-25,2026-10-02,C,642.5,6,1,0.551
2026-09-25,2026-10-02,C,645.0,435,14,0.6223
2026-09-25,2026-10-02,C,647.5,54,2,0.5703
2026-09-25,2026-10-02,C,650.0,1464,94,0.5523
2026-09-25,2026-10-02,C,652.5,14,24,0.5049
2026-09-25,2026-10-02,C,655.0,851,74,0.5391
2026-09-25,2026-10-02,C,657.5,17,36,0.698
2026-09-25,2026-10-02,C,660.0,1055,156,0.5819
2026-09-25,2026-10-02,C,662.5,67,16,0.5647
2026-09-25,2026-10-02,C,665.0,339,15,0.5658
2026-09-25,2026-10-02,C,667.5,182,4,0.525
2026-09-25,2026-10-02,C,670.0,4653,13,0.6102
2026-09-25,2026-10-02,C,672.5,67,1,0.6545
2026-09-25,2026-10-02,C,675.0,523,16,0.5179
2026-09-25,2026-10-02,C,677.5,36,5,0.6558
2026-09-25,2026-10-02,C,680.0,1006,38,0.6162
2026-09-25,2026-10-02,C,682.5,50,6,0.5786
2026-09-25,2026-10-02,C,685.0,326,28,0.5674
2026-09-25,2026-10-02,C,687.5,16,1,0.6046
2026-09-25,2026-10-02,C,690.0,580,84,0.5607
2026-09-25,2026-10-02,C,692.5,1007,15,0.5465
2026-09-25,2026-10-02,C,695.0,412,5,0.5676
2026-09-25,2026-10-02,C,697.5,66,7,0.5542
2026-09-25,2026-10-02,C,700.0,1176,819,0.4727
2026-09-25,2026-10-02,C,702.5,29,22,0.5131
2026-09-25,2026-10-02,C,705.0,280,51,0.5128
2026-09-25,2026-10-02,C,707.5,28,2,0.4904
2026-09-25,2026-10-02,C,710.0,360,1219,0.4793
2026-09-25,2026-10-02,C,712.5,140,6,0.416
2026-09-25,2026-10-02,C,715.0,911,513,0.3973
2026-09-25,2026-10-02,C,717.5,76,16,0.3961
2026-09-25,2026-10-02,C,720.0,2181,93,0.4013
2026-09-25,2026-10-02,C,722.5,71,74,0.396
2026-09-25,2026-10-02,C,725.0,430,346,0.3968
2026-09-25,2026-10-02,C,727.5,59,84,0.3922
2026-09-25,2026-10-02,C,730.0,753,273,0.3956
2026-09-25,2026-10-02,C,732.5,1069,127,0.3962
2026-09-25,2026-10-02,C,735.0,659,238,0.3906
2026-09-25,2026-10-02,C,737.5,173,211,0.3912
2026-09-25,2026-10-02,C,740.0,3759,935,0.3892
2026-09-25,2026-10-02,C,742.5,112,217,0.3895
2026-09-25,2026-10-02,C,745.0,1922,857,0.3884
2026-09-25,2026-10-02,C,747.5,204,593,0.3883
2026-09-25,2026-10-02,C,750.0,2863,6116,0.3881
2026-09-25,2026-10-02,C,755.0,1059,3247,0.3972
2026-09-25,2026-10-02,C,760.0,641,4222,0.3933
2026-09-25,2026-10-02,C,765.0,761,2444,0.3923
2026-09-25,2026-10-02,C,770.0,1697,6123,0.3947
2026-09-25,2026-10-02,C,775.0,699,2628,0.3972
2026-09-25,2026-10-02,C,780.0,960,3084,0.4056
2026-09-25,2026-10-02,C,785.0,350,3198,0.403
2026-09-25,2026-10-02,C,790.0,1070,1987,0.4044
2026-09-25,2026-10-02,C,795.0,324,522,0.4079
2026-09-25,2026-10-02,C,800.0,7554,28103,0.411
2026-09-25,2026-10-02,C,805.0,959,1055,0.4139
2026-09-25,2026-10-02,C,810.0,1565,1200,0.4178
2026-09-25,2026-10-02,C,815.0,271,2226,0.42
2026-09-25,2026-10-02,C,820.0,1994,1943,0.4233
2026-09-25,2026-10-02,C,825.0,772,844,0.4257
2026-09-25,2026-10-02,C,830.0,711,1323,0.4285
2026-09-25,2026-10-02,C,835.0,229,287,0.432
2026-09-25,2026-10-02,C,840.0,497,351,0.4397
2026-09-25,2026-10-02,C,845.0,224,164,0.4414
2026-09-25,2026-10-02,C,850.0,2655,2936,0.4431
2026-09-25,2026-10-02,C,855.0,237,204,0.4512
2026-09-25,2026-10-02,C,860.0,445,926,0.4502
2026-09-25,2026-10-02,P,640.0,535,794,0.5024
2026-09-25,2026-10-02,P,642.5,114,14,0.499
2026-09-25,2026-10-02,P,645.0,387,32,0.4927
2026-09-25,2026-10-02,P,647.5,86,68,0.4863
2026-09-25,2026-10-02,P,650.0,1591,1035,0.4751
2026-09-25,2026-10-02,P,652.5,1907,84,0.4702
2026-09-25,2026-10-02,P,655.0,2048,143,0.4631
2026-09-25,2026-10-02,P,657.5,67,12,0.459
2026-09-25,2026-10-02,P,660.0,766,243,0.4529
2026-09-25,2026-10-02,P,662.5,120,8,0.4448
2026-09-25,2026-10-02,P,665.0,240,144,0.4407
2026-09-25,2026-10-02,P,667.5,53,87,0.4385
2026-09-25,2026-10-02,P,670.0,618,1279,0.4282
2026-09-25,2026-10-02,P,672.5,332,170,0.426
2026-09-25,2026-10-02,P,675.0,880,747,0.4197
2026-09-25,2026-10-02,P,677.5,64,1035,0.4199
2026-09-25,2026-10-02,P,680.0,954,1099,0.415
2026-09-25,2026-10-02,P,682.5,24,307,0.4114
2026-09-25,2026-10-02,P,685.0,444,348,0.406
2026-09-25,2026-10-02,P,687.5,432,149,0.4044
2026-09-25,2026-10-02,P,690.0,662,483,0.4025
2026-09-25,2026-10-02,P,692.5,136,122,0.3987
2026-09-25,2026-10-02,P,695.0,250,604,0.3976
2026-09-25,2026-10-02,P,697.5,242,376,0.3958
2026-09-25,2026-10-02,P,700.0,3433,3381,0.3928
2026-09-25,2026-10-02,P,702.5,144,174,0.3926
2026-09-25,2026-10-02,P,705.0,276,288,0.3893
2026-09-25,2026-10-02,P,707.5,184,205,0.3882
2026-09-25,2026-10-02,P,710.0,630,1207,0.3863
2026-09-25,2026-10-02,P,712.5,165,292,0.385
2026-09-25,2026-10-02,P,715.0,663,1049,0.3825
2026-09-25,2026-10-02,P,717.5,89,186,0.3821
2026-09-25,2026-10-02,P,720.0,1403,2724,0.3819
2026-09-25,2026-10-02,P,722.5,245,293,0.3818
2026-09-25,2026-10-02,P,725.0,951,826,0.3803
2026-09-25,2026-10-02,P,727.5,216,295,0.3803
2026-09-25,2026-10-02,P,730.0,1686,2970,0.379
2026-09-25,2026-10-02,P,732.5,104,459,0.3789
2026-09-25,2026-10-02,P,735.0,311,949,0.3798
2026-09-25,2026-10-02,P,737.5,107,475,0.3806
2026-09-25,2026-10-02,P,740.0,1614,3007,0.38
2026-09-25,2026-10-02,P,742.5,127,524,0.3781
2026-09-25,2026-10-02,P,745.0,617,895,0.3784
2026-09-25,2026-10-02,P,747.5,436,396,0.3818
2026-09-25,2026-10-02,P,750.0,1408,2467,0.3815
2026-09-25,2026-10-02,P,755.0,586,760,0.3817
2026-09-25,2026-10-02,P,760.0,1882,2238,0.3845
2026-09-25,2026-10-02,P,765.0,398,638,0.3879
2026-09-25,2026-10-02,P,770.0,532,653,0.3913
2026-09-25,2026-10-02,P,775.0,166,293,0.3936
2026-09-25,2026-10-02,P,780.0,134,201,0.3951
2026-09-25,2026-10-02,P,785.0,15,62,0.4005
2026-09-25,2026-10-02,P,790.0,148,64,0.4033
2026-09-25,2026-10-02,P,795.0,51,40,0.4504
2026-09-25,2026-10-02,P,800.0,86,33,0.4518
2026-09-25,2026-10-02,P,805.0,19,2,0.4602
2026-09-25,2026-10-02,P,810.0,11,1,0.4678
2026-09-25,2026-10-02,P,820.0,30,3,0.5442
2026-09-25,2026-10-02,P,825.0,5,4,0.5449
2026-09-25,2026-10-02,P,830.0,27,5,0.5515
2026-09-25,2026-10-02,P,835.0,5,0,0.577
2026-09-25,2026-10-02,P,850.0,20,2,0.673
2026-09-25,2026-10-02,P,855.0,15,14,0.718
2026-09-25,2026-10-05,C,645.0,2,10,0.7067
2026-09-25,2026-10-05,C,650.0,3,30,0.6643
2026-09-25,2026-10-05,C,660.0,1,4,0.6371
2026-09-25,2026-10-05,C,670.0,4,2,0.6005
2026-09-25,2026-10-05,C,675.0,1,0,0.5856
2026-09-25,2026-10-05,C,680.0,6,5,0.5662
2026-09-25,2026-10-05,C,685.0,5,1,0.5445
2026-09-25,2026-10-05,C,690.0,6,1,0.5237
2026-09-25,2026-10-05,C,695.0,4,1,0.5053
2026-09-25,2026-10-05,C,700.0,38,1,0.464
2026-09-25,2026-10-05,C,705.0,2,1,0.4678
2026-09-25,2026-10-05,C,710.0,41,1,0.4524
2026-09-25,2026-10-05,C,715.0,5,2,0.4377
2026-09-25,2026-10-05,C,720.0,1653,18,0.4177
2026-09-25,2026-10-05,C,725.0,13,16,0.3947
2026-09-25,2026-10-05,C,730.0,336,9,0.3991
2026-09-25,2026-10-05,C,735.0,109,66,0.3716
2026-09-25,2026-10-05,C,737.5,23,6,0.3864
2026-09-25,2026-10-05,C,740.0,2647,5,0.3839
2026-09-25,2026-10-05,C,742.5,6,42,0.3795
2026-09-25,2026-10-05,C,745.0,1643,30,0.3712
2026-09-25,2026-10-05,C,747.5,86,121,0.3689
2026-09-25,2026-10-05,C,750.0,215,378,0.3666
2026-09-25,2026-10-05,C,755.0,47,255,0.3685
2026-09-25,2026-10-05,C,760.0,94,186,0.3665
2026-09-25,2026-10-05,C,765.0,130,122,0.3703
2026-09-25,2026-10-05,C,770.0,121,133,0.3714
2026-09-25,2026-10-05,C,775.0,87,204,0.374
2026-09-25,2026-10-05,C,780.0,76,95,0.3762
2026-09-25,2026-10-05,C,785.0,41,69,0.3807
2026-09-25,2026-10-05,C,790.0,32,43,0.3808
2026-09-25,2026-10-05,C,795.0,13,45,0.3825
2026-09-25,2026-10-05,C,800.0,239,352,0.385
2026-09-25,2026-10-05,C,805.0,30,60,0.389
2026-09-25,2026-10-05,C,815.0,24,11,0.3936
2026-09-25,2026-10-05,C,825.0,15,21,0.3981
2026-09-25,2026-10-05,C,830.0,15,33,0.4034
2026-09-25,2026-10-05,C,835.0,18,31,0.4095
2026-09-25,2026-10-05,C,840.0,27,7,0.4094
2026-09-25,2026-10-05,C,845.0,40,65,0.4144
2026-09-25,2026-10-05,C,850.0,70,87,0.4146
2026-09-25,2026-10-05,C,855.0,18,78,0.4203
2026-09-25,2026-10-05,C,860.0,13,95,0.4282
2026-09-25,2026-10-05,P,640.0,36,12,0.4688
2026-09-25,2026-10-05,P,645.0,7,32,0.459
2026-09-25,2026-10-05,P,650.0,40,65,0.4299
2026-09-25,2026-10-05,P,655.0,9,149,0.4268
2026-09-25,2026-10-05,P,660.0,27,38,0.4246
2026-09-25,2026-10-05,P,665.0,10,9,0.415
2026-09-25,2026-10-05,P,670.0,35,8,0.4077
2026-09-25,2026-10-05,P,675.0,72,21,0.3943
2026-09-25,2026-10-05,P,680.0,42,21,0.3927
2026-09-25,2026-10-05,P,685.0,42,14,0.3872
2026-09-25,2026-10-05,P,690.0,128,91,0.3812
2026-09-25,2026-10-05,P,692.5,21,6,0.379
2026-09-25,2026-10-05,P,695.0,82,34,0.3779
2026-09-25,2026-10-05,P,700.0,424,91,0.3648
2026-09-25,2026-10-05,P,702.5,50,39,0.3713
2026-09-25,2026-10-05,P,705.0,57,30,0.3713
2026-09-25,2026-10-05,P,707.5,52,1,0.3701
2026-09-25,2026-10-05,P,710.0,100,46,0.3695
2026-09-25,2026-10-05,P,715.0,47,38,0.3666
2026-09-25,2026-10-05,P,720.0,277,89,0.3564
2026-09-25,2026-10-05,P,725.0,143,19,0.3632
2026-09-25,2026-10-05,P,727.5,30,13,0.3641
2026-09-25,2026-10-05,P,730.0,351,122,0.3639
2026-09-25,2026-10-05,P,732.5,5,34,0.3627
2026-09-25,2026-10-05,P,735.0,182,33,0.3636
2026-09-25,2026-10-05,P,737.5,66,10,0.3624
2026-09-25,2026-10-05,P,740.0,74,50,0.3632
2026-09-25,2026-10-05,P,742.5,18,61,0.362
2026-09-25,2026-10-05,P,745.0,115,95,0.3627
2026-09-25,2026-10-05,P,747.5,192,84,0.3643
2026-09-25,2026-10-05,P,750.0,158,535,0.3581
2026-09-25,2026-10-05,P,755.0,55,167,0.3659
2026-09-25,2026-10-05,P,765.0,276,258,0.3735
2026-09-25,2026-10-05,P,770.0,60,56,0.3828
2026-09-25,2026-10-05,P,805.0,11,8,0.4502
2026-09-25,2026-10-09,C,640.0,210,5,0.5402
2026-09-25,2026-10-09,C,645.0,128,4,0.5271
2026-09-25,2026-10-09,C,650.0,238,8,0.5158
2026-09-25,2026-10-09,C,655.0,137,2,0.6098
2026-09-25,2026-10-09,C,657.5,3,2,0.609
2026-09-25,2026-10-09,C,660.0,349,7,0.5984
2026-09-25,2026-10-09,C,662.5,7,3,0.5908
2026-09-25,2026-10-09,C,665.0,745,6,0.5831
2026-09-25,2026-10-09,C,670.0,446,9,0.5657
2026-09-25,2026-10-09,C,672.5,15,2,0.5562
2026-09-25,2026-10-09,C,675.0,318,8,0.5479
2026-09-25,2026-10-09,C,677.5,8,1,0.5407
2026-09-25,2026-10-09,C,680.0,276,5,0.5321
2026-09-25,2026-10-09,C,682.5,21,6,0.506
2026-09-25,2026-10-09,C,685.0,413,10,0.5169
2026-09-25,2026-10-09,C,687.5,9,6,0.509
2026-09-25,2026-10-09,C,690.0,211,8,0.5021
2026-09-25,2026-10-09,C,692.5,7,7,0.4949
2026-09-25,2026-10-09,C,695.0,192,16,0.4887
2026-09-25,2026-10-09,C,697.5,15,0,0.4822
2026-09-25,2026-10-09,C,700.0,622,112,0.4595
2026-09-25,2026-10-09,C,702.5,46,48,0.4703
2026-09-25,2026-10-09,C,705.0,144,3,0.465
2026-09-25,2026-10-09,C,710.0,263,113,0.4428
2026-09-25,2026-10-09,C,715.0,383,103,0.4359
2026-09-25,2026-10-09,C,720.0,458,81,0.4249
2026-09-25,2026-10-09,C,725.0,328,31,0.4205
2026-09-25,2026-10-09,C,730.0,313,37,0.4075
2026-09-25,2026-10-09,C,735.0,174,13,0.4072
2026-09-25,2026-10-09,C,740.0,442,52,0.4093
2026-09-25,2026-10-09,C,745.0,157,16,0.4012
2026-09-25,2026-10-09,C,750.0,2324,829,0.3947
2026-09-25,2026-10-09,C,755.0,787,483,0.3945
2026-09-25,2026-10-09,C,760.0,453,389,0.395
2026-09-25,2026-10-09,C,765.0,426,252,0.3953
2026-09-25,2026-10-09,C,770.0,531,238,0.3972
2026-09-25,2026-10-09,C,775.0,270,158,0.3965
2026-09-25,2026-10-09,C,780.0,631,287,0.3985
2026-09-25,2026-10-09,C,785.0,389,173,0.4009
2026-09-25,2026-10-09,C,790.0,266,270,0.4028
2026-09-25,2026-10-09,C,795.0,259,98,0.4033
2026-09-25,2026-10-09,C,800.0,775,785,0.4057
2026-09-25,2026-10-09,C,805.0,184,38,0.4081
2026-09-25,2026-10-09,C,810.0,244,175,0.4131
2026-09-25,2026-10-09,C,815.0,100,65,0.4113
2026-09-25,2026-10-09,C,820.0,283,147,0.4136
2026-09-25,2026-10-09,C,825.0,160,92,0.4155
2026-09-25,2026-10-09,C,830.0,88,57,0.4183
2026-09-25,2026-10-09,C,835.0,174,19,0.421
2026-09-25,2026-10-09,C,840.0,708,54,0.4202
2026-09-25,2026-10-09,C,845.0,230,24,0.4256
2026-09-25,2026-10-09,C,850.0,336,690,0.4268
2026-09-25,2026-10-09,C,855.0,82,35,0.4303
2026-09-25,2026-10-09,C,860.0,103,44,0.4349
2026-09-25,2026-10-09,P,640.0,335,137,0.4395
2026-09-25,2026-10-09,P,645.0,332,275,0.4285
2026-09-25,2026-10-09,P,650.0,352,277,0.4192
2026-09-25,2026-10-09,P,655.0,193,93,0.4198
2026-09-25,2026-10-09,P,657.5,18,4,0.4148
2026-09-25,2026-10-09,P,660.0,162,119,0.412
2026-09-25,2026-10-09,P,662.5,25,4,0.4092
2026-09-25,2026-10-09,P,665.0,212,20,0.4065
2026-09-25,2026-10-09,P,667.5,7,3,0.4074
2026-09-25,2026-10-09,P,670.0,224,55,0.4031
2026-09-25,2026-10-09,P,672.5,46,4,0.4007
2026-09-25,2026-10-09,P,675.0,205,94,0.3991
2026-09-25,2026-10-09,P,677.5,11,233,0.398
2026-09-25,2026-10-09,P,680.0,210,335,0.3951
2026-09-25,2026-10-09,P,682.5,25,41,0.3975
2026-09-25,2026-10-09,P,685.0,98,28,0.3934
2026-09-25,2026-10-09,P,687.5,120,10,0.3938
2026-09-25,2026-10-09,P,690.0,269,141,0.3934
2026-09-25,2026-10-09,P,692.5,27,21,0.3892
2026-09-25,2026-10-09,P,695.0,82,88,0.3889
2026-09-25,2026-10-09,P,697.5,100,12,0.3879
2026-09-25,2026-10-09,P,700.0,820,432,0.3875
2026-09-25,2026-10-09,P,702.5,303,73,0.385
2026-09-25,2026-10-09,P,705.0,201,71,0.3844
2026-09-25,2026-10-09,P,710.0,410,142,0.3832
2026-09-25,2026-10-09,P,715.0,161,79,0.3824
2026-09-25,2026-10-09,P,720.0,277,205,0.3817
2026-09-25,2026-10-09,P,725.0,131,116,0.3819
2026-09-25,2026-10-09,P,730.0,319,1835,0.3809
2026-09-25,2026-10-09,P,735.0,89,155,0.3814
2026-09-25,2026-10-09,P,740.0,405,256,0.3808
2026-09-25,2026-10-09,P,745.0,118,74,0.3814
2026-09-25,2026-10-09,P,750.0,472,3662,0.3809
2026-09-25,2026-10-09,P,755.0,1298,110,0.3824
2026-09-25,2026-10-09,P,760.0,209,114,0.3828
2026-09-25,2026-10-09,P,765.0,186,48,0.3863
2026-09-25,2026-10-09,P,770.0,147,133,0.3932
2026-09-25,2026-10-09,P,775.0,140,30,0.3924
2026-09-25,2026-10-09,P,780.0,113,9,0.3969
2026-09-25,2026-10-09,P,785.0,13,3,0.403
2026-09-25,2026-10-09,P,790.0,10,1,0.404
2026-09-25,2026-10-09,P,795.0,10,5,0.4097
2026-09-25,2026-10-09,P,800.0,13,12,0.4102
2026-09-25,2026-10-09,P,805.0,22,2,0.4283
2026-09-25,2026-10-09,P,810.0,2,1,0.4228
2026-09-25,2026-10-09,P,815.0,1,0,0.4254
2026-09-25,2026-10-09,P,820.0,6,2,0.4551
2026-09-25,2026-10-09,P,830.0,2,1,0.4623
2026-09-25,2026-10-09,P,855.0,1,0,0.5163
2026-09-29,2026-09-30,C,630.0,12,4,1.0752
2026-09-29,2026-09-30,C,632.5,5,1,0.8867
2026-09-29,2026-09-30,C,635.0,13,3,1.0469
2026-09-29,2026-09-30,C,637.5,18,16,0.9478
2026-09-29,2026-09-30,C,640.0,14,2,1.001
2026-09-29,2026-09-30,C,642.5,25,4,0.7637
2026-09-29,2026-09-30,C,645.0,34,4,0.9468
2026-09-29,2026-09-30,C,647.5,2,21,0.939
2026-09-29,2026-09-30,C,650.0,43,13,0.8931
2026-09-29,2026-09-30,C,652.5,3,2,0.8174
2026-09-29,2026-09-30,C,655.0,46,87,0.8833
2026-09-29,2026-09-30,C,660.0,8,61,0.8232
2026-09-29,2026-09-30,C,662.5,6,9,0.7402
2026-09-29,2026-09-30,C,665.0,41,183,0.7773
2026-09-29,2026-09-30,C,667.5,4,48,0.5508
2026-09-29,2026-09-30,C,670.0,131,80,0.7051
2026-09-29,2026-09-30,C,672.5,79,105,0.708
2026-09-29,2026-09-30,C,675.0,87,259,0.666
2026-09-29,2026-09-30,C,677.5,52,173,0.6499
2026-09-29,2026-09-30,C,680.0,135,538,0.5234
2026-09-29,2026-09-30,C,682.5,19,29,0.5147
2026-09-29,2026-09-30,C,685.0,77,51,0.5918
2026-09-29,2026-09-30,C,687.5,18,190,0.5347
2026-09-29,2026-09-30,C,690.0,148,151,0.8004
2026-09-29,2026-09-30,C,692.5,9,38,0.5398
2026-09-29,2026-09-30,C,695.0,79,62,0.7783
2026-09-29,2026-09-30,C,697.5,9,569,0.5491
2026-09-29,2026-09-30,C,700.0,307,867,0.6395
2026-09-29,2026-09-30,C,702.5,24,193,0.4873
2026-09-29,2026-09-30,C,705.0,96,189,0.5051
2026-09-29,2026-09-30,C,707.5,35,190,0.4917
2026-09-29,2026-09-30,C,710.0,183,749,0.4077
2026-09-29,2026-09-30,C,712.5,132,457,0.4248
2026-09-29,2026-09-30,C,715.0,221,1434,0.3731
2026-09-29,2026-09-30,C,717.5,418,2995,0.3701
2026-09-29,2026-09-30,C,720.0,815,12931,0.3626
2026-09-29,2026-09-30,C,722.5,644,11016,0.3709
2026-09-29,2026-09-30,C,725.0,781,17901,0.3514
2026-09-29,2026-09-30,C,727.5,349,8990,0.346
2026-09-29,2026-09-30,C,730.0,1050,25727,0.3458
2026-09-29,2026-09-30,C,732.5,228,9167,0.3496
2026-09-29,2026-09-30,C,735.0,1558,18253,0.3401
2026-09-29,2026-09-30,C,737.5,220,10429,0.3412
2026-09-29,2026-09-30,C,740.0,1364,21655,0.3407
2026-09-29,2026-09-30,C,742.5,361,4495,0.341
2026-09-29,2026-09-30,C,745.0,1282,8447,0.3423
2026-09-29,2026-09-30,C,747.5,426,9920,0.345
2026-09-29,2026-09-30,C,750.0,4957,43882,0.3472
2026-09-29,2026-09-30,C,755.0,2001,15327,0.3579
2026-09-29,2026-09-30,C,760.0,1307,16108,0.3682
2026-09-29,2026-09-30,C,765.0,659,8998,0.3816
2026-09-29,2026-09-30,C,770.0,1873,9848,0.3936
2026-09-29,2026-09-30,C,775.0,1059,8659,0.4109
2026-09-29,2026-09-30,C,780.0,1320,5867,0.4326
2026-09-29,2026-09-30,C,785.0,661,2749,0.4648
2026-09-29,2026-09-30,C,790.0,720,1611,0.4629
2026-09-29,2026-09-30,C,795.0,329,417,0.4922
2026-09-29,2026-09-30,C,800.0,6611,9620,0.5044
2026-09-29,2026-09-30,C,805.0,633,104,0.5186
2026-09-29,2026-09-30,C,810.0,727,387,0.5254
2026-09-29,2026-09-30,C,815.0,491,143,0.543
2026-09-29,2026-09-30,C,820.0,960,1094,0.5859
2026-09-29,2026-09-30,C,825.0,509,654,0.6367
2026-09-29,2026-09-30,C,830.0,264,4745,0.6211
2026-09-29,2026-09-30,C,835.0,308,744,0.6367
2026-09-29,2026-09-30,C,840.0,848,75,0.625
2026-09-29,2026-09-30,C,845.0,85,45,0.6836
2026-09-29,2026-09-30,P,630.0,54,28,0.6563
2026-09-29,2026-09-30,P,632.5,28,3,0.6406
2026-09-29,2026-09-30,P,635.0,33,17,0.625
2026-09-29,2026-09-30,P,637.5,89,100,0.6094
2026-09-29,2026-09-30,P,640.0,299,83,0.6875
2026-09-29,2026-09-30,P,642.5,245,8,0.6719
2026-09-29,2026-09-30,P,645.0,190,39,0.7012
2026-09-29,2026-09-30,P,647.5,76,18,0.6602
2026-09-29,2026-09-30,P,650.0,1047,111,0.7402
2026-09-29,2026-09-30,P,652.5,22,17,0.625
2026-09-29,2026-09-30,P,655.0,457,55,0.5977
2026-09-29,2026-09-30,P,657.5,302,24,0.5547
2026-09-29,2026-09-30,P,660.0,364,174,0.627
2026-09-29,2026-09-30,P,662.5,58,34,0.6611
2026-09-29,2026-09-30,P,665.0,326,166,0.5273
2026-09-29,2026-09-30,P,667.5,134,38,0.5508
2026-09-29,2026-09-30,P,670.0,1638,8772,0.584
2026-09-29,2026-09-30,P,672.5,316,208,0.4922
2026-09-29,2026-09-30,P,675.0,1760,1151,0.5059
2026-09-29,2026-09-30,P,677.5,1019,1082,0.5098
2026-09-29,2026-09-30,P,680.0,1227,9847,0.4258
2026-09-29,2026-09-30,P,682.5,290,1140,0.4727
2026-09-29,2026-09-30,P,685.0,1139,2340,0.4043
2026-09-29,2026-09-30,P,687.5,187,1192,0.4141
2026-09-29,2026-09-30,P,690.0,1448,3434,0.3887
2026-09-29,2026-09-30,P,692.5,342,1700,0.3955
2026-09-29,2026-09-30,P,695.0,747,4864,0.3711
2026-09-29,2026-09-30,P,697.5,283,3547,0.3672
2026-09-29,2026-09-30,P,700.0,3365,12714,0.3594
2026-09-29,2026-09-30,P,702.5,208,2889,0.3579
2026-09-29,2026-09-30,P,705.0,3132,6362,0.3496
2026-09-29,2026-09-30,P,707.5,300,3716,0.3503
2026-09-29,2026-09-30,P,710.0,949,10387,0.3425
2026-09-29,2026-09-30,P,712.5,544,4213,0.3408
2026-09-29,2026-09-30,P,715.0,1666,10016,0.3377
2026-09-29,2026-09-30,P,717.5,758,7658,0.3344
2026-09-29,2026-09-30,P,720.0,2583,15874,0.3335
2026-09-29,2026-09-30,P,722.5,346,7208,0.3313
2026-09-29,2026-09-30,P,725.0,905,11044,0.3301
2026-09-29,2026-09-30,P,727.5,205,4263,0.3303
2026-09-29,2026-09-30,P,730.0,1332,7749,0.3298
2026-09-29,2026-09-30,P,732.5,258,4831,0.3296
2026-09-29,2026-09-30,P,735.0,283,4837,0.3279
2026-09-29,2026-09-30,P,737.5,277,669,0.3269
2026-09-29,2026-09-30,P,740.0,2056,1374,0.3265
2026-09-29,2026-09-30,P,742.5,581,141,0.3336
2026-09-29,2026-09-30,P,745.0,407,135,0.3297
2026-09-29,2026-09-30,P,747.5,391,53,0.3395
2026-09-29,2026-09-30,P,750.0,376,85,0.3439
2026-09-29,2026-09-30,P,755.0,363,78,0.351
2026-09-29,2026-09-30,P,760.0,304,449,0.3572
2026-09-29,2026-09-30,P,765.0,401,24,0.3845
2026-09-29,2026-09-30,P,770.0,1017,52,0.377
2026-09-29,2026-09-30,P,775.0,203,34,0.478
2026-09-29,2026-09-30,P,780.0,161,20,0.7484
2026-09-29,2026-09-30,P,785.0,32,36,0.8263
2026-09-29,2026-09-30,P,790.0,97,44,0.8389
2026-09-29,2026-09-30,P,795.0,28,1,0.5313
2026-09-29,2026-09-30,P,800.0,2,1,0.6384
2026-09-29,2026-09-30,P,805.0,0,10,0.9794
2026-09-29,2026-09-30,P,810.0,0,2,0.5908
2026-09-29,2026-09-30,P,820.0,0,112,0.686
2026-09-29,2026-09-30,P,830.0,0,92,0.6641
2026-09-29,2026-09-30,P,840.0,2,2,1.238
2026-09-29,2026-09-30,P,845.0,0,2,0.7705
2026-09-29,2026-10-02,C,630.0,417,19,0.7666
2026-09-29,2026-10-02,C,632.5,64,1,0.8403
2026-09-29,2026-10-02,C,635.0,188,2,0.8225
2026-09-29,2026-10-02,C,637.5,22,1,0.8049
2026-09-29,2026-10-02,C,640.0,504,47,0.7708
2026-09-29,2026-10-02,C,642.5,10,3,0.7695
2026-09-29,2026-10-02,C,645.0,413,5,0.6907
2026-09-29,2026-10-02,C,647.5,54,5,0.7417
2026-09-29,2026-10-02,C,650.0,1462,30,0.709
2026-09-29,2026-10-02,C,652.5,16,4,0.7061
2026-09-29,2026-10-02,C,655.0,841,5,0.6382
2026-09-29,2026-10-02,C,657.5,15,36,0.6636
2026-09-29,2026-10-02,C,660.0,969,6,0.5957
2026-09-29,2026-10-02,C,662.5,68,2,0.6072
2026-09-29,2026-10-02,C,665.0,334,3,0.554
2026-09-29,2026-10-02,C,667.5,181,167,0.6118
2026-09-29,2026-10-02,C,670.0,4608,72,0.5371
2026-09-29,2026-10-02,C,672.5,64,7,0.5869
2026-09-29,2026-10-02,C,675.0,513,36,0.5073
2026-09-29,2026-10-02,C,677.5,33,64,0.5554
2026-09-29,2026-10-02,C,680.0,981,84,0.6976
2026-09-29,2026-10-02,C,682.5,38,8,0.5005
2026-09-29,2026-10-02,C,685.0,331,56,0.5068
2026-09-29,2026-10-02,C,687.5,18,94,0.6698
2026-09-29,2026-10-02,C,690.0,554,195,0.6469
2026-09-29,2026-10-02,C,692.5,1028,52,0.5044
2026-09-29,2026-10-02,C,695.0,457,30,0.6007
2026-09-29,2026-10-02,C,697.5,65,23,0.618
2026-09-29,2026-10-02,C,700.0,1384,407,0.4915
2026-09-29,2026-10-02,C,702.5,73,118,0.455
2026-09-29,2026-10-02,C,705.0,234,111,0.4442
2026-09-29,2026-10-02,C,707.5,27,160,0.4502
2026-09-29,2026-10-02,C,710.0,1432,434,0.4531
2026-09-29,2026-10-02,C,712.5,184,233,0.4466
2026-09-29,2026-10-02,C,715.0,798,722,0.4277
2026-09-29,2026-10-02,C,717.5,388,1004,0.4244
2026-09-29,2026-10-02,C,720.0,2742,4476,0.421
2026-09-29,2026-10-02,C,722.5,337,2926,0.4191
2026-09-29,2026-10-02,C,725.0,1539,5882,0.4166
2026-09-29,2026-10-02,C,727.5,234,1710,0.4153
2026-09-29,2026-10-02,C,730.0,1273,7028,0.4132
2026-09-29,2026-10-02,C,732.5,1146,1597,0.4136
2026-09-29,2026-10-02,C,735.0,987,3231,0.4116
2026-09-29,2026-10-02,C,737.5,243,1204,0.4102
2026-09-29,2026-10-02,C,740.0,4524,6651,0.4111
2026-09-29,2026-10-02,C,742.5,604,903,0.4112
2026-09-29,2026-10-02,C,745.0,2389,2097,0.412
2026-09-29,2026-10-02,C,747.5,358,1233,0.4136
2026-09-29,2026-10-02,C,750.0,4659,16887,0.4128
2026-09-29,2026-10-02,C,752.5,2462,1209,0.4147
2026-09-29,2026-10-02,C,755.0,1771,1544,0.416
2026-09-29,2026-10-02,C,757.5,920,1165,0.4168
2026-09-29,2026-10-02,C,760.0,1831,3881,0.4191
2026-09-29,2026-10-02,C,765.0,2286,7176,0.4233
2026-09-29,2026-10-02,C,770.0,2567,4336,0.428
2026-09-29,2026-10-02,C,775.0,1852,8547,0.4331
2026-09-29,2026-10-02,C,780.0,2141,6806,0.4407
2026-09-29,2026-10-02,C,785.0,2541,3309,0.4467
2026-09-29,2026-10-02,C,790.0,1723,2147,0.4539
2026-09-29,2026-10-02,C,795.0,521,1894,0.4614
2026-09-29,2026-10-02,C,800.0,15426,15893,0.4697
2026-09-29,2026-10-02,C,805.0,837,787,0.4795
2026-09-29,2026-10-02,C,810.0,1680,542,0.4893
2026-09-29,2026-10-02,C,815.0,1700,159,0.4985
2026-09-29,2026-10-02,C,820.0,2611,1627,0.5015
2026-09-29,2026-10-02,C,825.0,718,223,0.5137
2026-09-29,2026-10-02,C,830.0,939,654,0.519
2026-09-29,2026-10-02,C,835.0,333,404,0.5283
2026-09-29,2026-10-02,C,840.0,572,161,0.5303
2026-09-29,2026-10-02,C,845.0,220,136,0.5342
2026-09-29,2026-10-02,P,630.0,2116,202,0.5938
2026-09-29,2026-10-02,P,632.5,142,1,0.5762
2026-09-29,2026-10-02,P,635.0,815,29,0.5586
2026-09-29,2026-10-02,P,637.5,104,15,0.5449
2026-09-29,2026-10-02,P,640.0,958,47,0.5527
2026-09-29,2026-10-02,P,642.5,128,13,0.5391
2026-09-29,2026-10-02,P,645.0,603,145,0.5147
2026-09-29,2026-10-02,P,647.5,140,13,0.5293
2026-09-29,2026-10-02,P,650.0,2606,1056,0.5156
2026-09-29,2026-10-02,P,652.5,1889,68,0.5215
2026-09-29,2026-10-02,P,655.0,2207,1045,0.5078
2026-09-29,2026-10-02,P,657.5,328,89,0.502
2026-09-29,2026-10-02,P,660.0,1029,799,0.4917
2026-09-29,2026-10-02,P,662.5,218,296,0.4878
2026-09-29,2026-10-02,P,665.0,474,284,0.4731
2026-09-29,2026-10-02,P,667.5,154,109,0.4736
2026-09-29,2026-10-02,P,670.0,1801,1933,0.4556
2026-09-29,2026-10-02,P,672.5,617,384,0.4561
2026-09-29,2026-10-02,P,675.0,1119,1790,0.4429
2026-09-29,2026-10-02,P,677.5,822,395,0.4402
2026-09-29,2026-10-02,P,680.0,1781,1974,0.4373
2026-09-29,2026-10-02,P,682.5,244,722,0.4326
2026-09-29,2026-10-02,P,685.0,618,3074,0.4251
2026-09-29,2026-10-02,P,687.5,605,878,0.4216
2026-09-29,2026-10-02,P,690.0,991,1333,0.4141
2026-09-29,2026-10-02,P,692.5,283,441,0.4107
2026-09-29,2026-10-02,P,695.0,711,753,0.4072
2026-09-29,2026-10-02,P,697.5,547,607,0.4053
2026-09-29,2026-10-02,P,700.0,4597,5435,0.4026
2026-09-29,2026-10-02,P,702.5,305,508,0.4019
2026-09-29,2026-10-02,P,705.0,558,1080,0.4013
2026-09-29,2026-10-02,P,707.5,238,664,0.3992
2026-09-29,2026-10-02,P,710.0,1448,1473,0.3984
2026-09-29,2026-10-02,P,712.5,628,722,0.3952
2026-09-29,2026-10-02,P,715.0,1470,2298,0.3943
2026-09-29,2026-10-02,P,717.5,298,1656,0.393
2026-09-29,2026-10-02,P,720.0,2608,3651,0.3931
2026-09-29,2026-10-02,P,722.5,364,1830,0.3925
2026-09-29,2026-10-02,P,725.0,1423,1992,0.391
2026-09-29,2026-10-02,P,727.5,339,1116,0.3923
2026-09-29,2026-10-02,P,730.0,2085,1587,0.3908
2026-09-29,2026-10-02,P,732.5,258,879,0.3901
2026-09-29,2026-10-02,P,735.0,658,743,0.39
2026-09-29,2026-10-02,P,737.5,220,363,0.3904
2026-09-29,2026-10-02,P,740.0,1599,507,0.3914
2026-09-29,2026-10-02,P,742.5,149,182,0.3914
2026-09-29,2026-10-02,P,745.0,571,167,0.3936
2026-09-29,2026-10-02,P,747.5,448,112,0.3916
2026-09-29,2026-10-02,P,750.0,1615,302,0.3954
2026-09-29,2026-10-02,P,752.5,321,256,0.3986
2026-09-29,2026-10-02,P,755.0,535,163,0.4103
2026-09-29,2026-10-02,P,757.5,431,24,0.4089
2026-09-29,2026-10-02,P,760.0,1823,78,0.4069
2026-09-29,2026-10-02,P,765.0,462,17,0.4076
2026-09-29,2026-10-02,P,770.0,459,64,0.4251
2026-09-29,2026-10-02,P,775.0,222,18,0.4174
2026-09-29,2026-10-02,P,780.0,183,6,0.5566
2026-09-29,2026-10-02,P,785.0,62,3,0.5996
2026-09-29,2026-10-02,P,790.0,139,22,0.6206
2026-09-29,2026-10-02,P,795.0,77,1,0.6721
2026-09-29,2026-10-02,P,800.0,90,23,0.6227
2026-09-29,2026-10-02,P,805.0,19,2,0.726
2026-09-29,2026-10-02,P,810.0,11,1,0.7612
2026-09-29,2026-10-02,P,815.0,4,2,0.7739
2026-09-29,2026-10-02,P,820.0,13,2,0.8042
2026-09-29,2026-10-02,P,825.0,0,30,0.8198
2026-09-29,2026-10-02,P,830.0,0,2,0.5098
2026-09-29,2026-10-02,P,835.0,0,5,0.9188
2026-09-29,2026-10-02,P,840.0,0,6,0.5708
2026-09-29,2026-10-05,C,630.0,2,1,0.667
2026-09-29,2026-10-05,C,635.0,4,26,0.6309
2026-09-29,2026-10-05,C,642.5,8,64,0.5347
2026-09-29,2026-10-05,C,645.0,5,34,0.5712
2026-09-29,2026-10-05,C,647.5,6,18,0.5205
2026-09-29,2026-10-05,C,650.0,4,18,0.5359
2026-09-29,2026-10-05,C,652.5,7,6,0.5255
2026-09-29,2026-10-05,C,655.0,2,2,0.5449
2026-09-29,2026-10-05,C,657.5,8,4,0.5144
2026-09-29,2026-10-05,C,660.0,3,2,0.5056
2026-09-29,2026-10-05,C,667.5,1,14,0.6763
2026-09-29,2026-10-05,C,670.0,12,36,0.6497
2026-09-29,2026-10-05,C,675.0,1,0,0.6327
2026-09-29,2026-10-05,C,680.0,17,3,0.6057
2026-09-29,2026-10-05,C,682.5,16,1,0.5939
2026-09-29,2026-10-05,C,685.0,14,32,0.5797
2026-09-29,2026-10-05,C,690.0,6,4,0.5602
2026-09-29,2026-10-05,C,692.5,2,19,0.4633
2026-09-29,2026-10-05,C,695.0,8,15,0.5333
2026-09-29,2026-10-05,C,700.0,290,232,0.4827
2026-09-29,2026-10-05,C,705.0,3,19,0.4045
2026-09-29,2026-10-05,C,707.5,1,50,0.4079
2026-09-29,2026-10-05,C,710.0,42,107,0.3983
2026-09-29,2026-10-05,C,715.0,16,65,0.3826
2026-09-29,2026-10-05,C,717.5,39,73,0.3806
2026-09-29,2026-10-05,C,720.0,1757,797,0.3756
2026-09-29,2026-10-05,C,722.5,133,662,0.3721
2026-09-29,2026-10-05,C,725.0,144,2902,0.3659
2026-09-29,2026-10-05,C,727.5,32,248,0.3699
2026-09-29,2026-10-05,C,730.0,477,585,0.3633
2026-09-29,2026-10-05,C,732.5,17,536,0.364
2026-09-29,2026-10-05,C,735.0,157,396,0.3667
2026-09-29,2026-10-05,C,737.5,84,165,0.3616
2026-09-29,2026-10-05,C,740.0,2680,726,0.3623
2026-09-29,2026-10-05,C,742.5,57,255,0.3674
2026-09-29,2026-10-05,C,745.0,1676,366,0.3635
2026-09-29,2026-10-05,C,747.5,123,107,0.363
2026-09-29,2026-10-05,C,750.0,392,1348,0.3633
2026-09-29,2026-10-05,C,755.0,323,542,0.3644
2026-09-29,2026-10-05,C,760.0,233,420,0.3674
2026-09-29,2026-10-05,C,765.0,156,270,0.3719
2026-09-29,2026-10-05,C,770.0,236,420,0.3722
2026-09-29,2026-10-05,C,775.0,269,534,0.3753
2026-09-29,2026-10-05,C,780.0,186,562,0.3787
2026-09-29,2026-10-05,C,785.0,66,169,0.3812
2026-09-29,2026-10-05,C,790.0,381,334,0.385
2026-09-29,2026-10-05,C,795.0,33,231,0.3991
2026-09-29,2026-10-05,C,800.0,444,1211,0.3933
2026-09-29,2026-10-05,C,805.0,48,177,0.3978
2026-09-29,2026-10-05,C,810.0,42,112,0.4027
2026-09-29,2026-10-05,C,815.0,34,200,0.4248
2026-09-29,2026-10-05,C,820.0,60,187,0.4214
2026-09-29,2026-10-05,C,825.0,25,68,0.4302
2026-09-29,2026-10-05,C,830.0,127,91,0.4307
2026-09-29,2026-10-05,C,835.0,21,19,0.4551
2026-09-29,2026-10-05,C,840.0,42,9,0.4565
2026-09-29,2026-10-05,C,845.0,61,3,0.4688
2026-09-29,2026-10-05,P,630.0,19,1,0.5337
2026-09-29,2026-10-05,P,635.0,22,13,0.4873
2026-09-29,2026-10-05,P,637.5,20,6,0.4731
2026-09-29,2026-10-05,P,640.0,44,4,0.4741
2026-09-29,2026-10-05,P,642.5,9,2,0.4658
2026-09-29,2026-10-05,P,645.0,12,3,0.4546
2026-09-29,2026-10-05,P,647.5,28,3,0.4482
2026-09-29,2026-10-05,P,650.0,66,23,0.4395
2026-09-29,2026-10-05,P,652.5,16,5,0.4414
2026-09-29,2026-10-05,P,655.0,47,68,0.4316
2026-09-29,2026-10-05,P,657.5,26,31,0.4312
2026-09-29,2026-10-05,P,660.0,48,66,0.4224
2026-09-29,2026-10-05,P,662.5,33,55,0.4121
2026-09-29,2026-10-05,P,665.0,31,93,0.4077
2026-09-29,2026-10-05,P,667.5,20,11,0.4023
2026-09-29,2026-10-05,P,670.0,46,367,0.3953
2026-09-29,2026-10-05,P,672.5,34,88,0.3899
2026-09-29,2026-10-05,P,675.0,135,183,0.3872
2026-09-29,2026-10-05,P,677.5,13,115,0.3823
2026-09-29,2026-10-05,P,680.0,102,328,0.3739
2026-09-29,2026-10-05,P,682.5,91,94,0.3701
2026-09-29,2026-10-05,P,685.0,51,76,0.3669
2026-09-29,2026-10-05,P,687.5,81,96,0.364
2026-09-29,2026-10-05,P,690.0,107,285,0.3611
2026-09-29,2026-10-05,P,692.5,37,100,0.3582
2026-09-29,2026-10-05,P,695.0,85,154,0.3584
2026-09-29,2026-10-05,P,697.5,25,77,0.3562
2026-09-29,2026-10-05,P,700.0,715,809,0.3536
2026-09-29,2026-10-05,P,702.5,55,195,0.3539
2026-09-29,2026-10-05,P,705.0,63,168,0.3517
2026-09-29,2026-10-05,P,707.5,62,176,0.3513
2026-09-29,2026-10-05,P,710.0,162,288,0.351
2026-09-29,2026-10-05,P,712.5,18,104,0.349
2026-09-29,2026-10-05,P,715.0,123,312,0.3486
2026-09-29,2026-10-05,P,717.5,127,493,0.3479
2026-09-29,2026-10-05,P,720.0,360,540,0.3456
2026-09-29,2026-10-05,P,722.5,35,315,0.3445
2026-09-29,2026-10-05,P,725.0,153,168,0.3471
2026-09-29,2026-10-05,P,727.5,41,135,0.3451
2026-09-29,2026-10-05,P,730.0,437,288,0.3428
2026-09-29,2026-10-05,P,732.5,25,146,0.3463
2026-09-29,2026-10-05,P,735.0,191,233,0.3467
2026-09-29,2026-10-05,P,737.5,75,52,0.3442
2026-09-29,2026-10-05,P,740.0,68,108,0.3424
2026-09-29,2026-10-05,P,742.5,21,36,0.3488
2026-09-29,2026-10-05,P,745.0,127,43,0.3472
2026-09-29,2026-10-05,P,747.5,224,27,0.3477
2026-09-29,2026-10-05,P,750.0,262,61,0.3503
2026-09-29,2026-10-05,P,755.0,99,11,0.3575
2026-09-29,2026-10-05,P,760.0,48,9,0.3572
2026-09-29,2026-10-05,P,765.0,203,7,0.3671
2026-09-29,2026-10-05,P,770.0,49,4,0.3883
2026-09-29,2026-10-05,P,775.0,81,7,0.4579
2026-09-29,2026-10-05,P,780.0,19,1,0.4442
2026-09-29,2026-10-05,P,785.0,7,5,0.4664
2026-09-29,2026-10-05,P,790.0,7,28,0.4752
2026-09-29,2026-10-05,P,795.0,1,10,0.5142
2026-09-29,2026-10-05,P,800.0,1,1,0.5322
2026-09-29,2026-10-05,P,805.0,11,2,0.5619
2026-09-29,2026-10-05,P,820.0,15,0,0.6079
2026-09-29,2026-10-05,P,835.0,0,1,0.6705
2026-09-29,2026-10-07,C,650.0,1,2,0.5233
2026-09-29,2026-10-07,C,660.0,1,17,0.502
2026-09-29,2026-10-07,C,665.0,1,6,0.6301
2026-09-29,2026-10-07,C,680.0,6,69,0.5433
2026-09-29,2026-10-07,C,690.0,21,1,0.5022
2026-09-29,2026-10-07,C,700.0,17,41,0.482
2026-09-29,2026-10-07,C,705.0,4,6,0.4638
2026-09-29,2026-10-07,C,710.0,6,16,0.4627
2026-09-29,2026-10-07,C,715.0,21,9,0.4514
2026-09-29,2026-10-07,C,720.0,61,162,0.4299
2026-09-29,2026-10-07,C,725.0,26,334,0.4216
2026-09-29,2026-10-07,C,730.0,13,162,0.4104
2026-09-29,2026-10-07,C,732.5,14,94,0.4066
2026-09-29,2026-10-07,C,735.0,23,111,0.4017
2026-09-29,2026-10-07,C,740.0,34,84,0.3994
2026-09-29,2026-10-07,C,745.0,19,12,0.3957
2026-09-29,2026-10-07,C,747.5,8,39,0.3959
2026-09-29,2026-10-07,C,750.0,101,180,0.395
2026-09-29,2026-10-07,C,755.0,88,75,0.4008
2026-09-29,2026-10-07,C,760.0,43,45,0.3989
2026-09-29,2026-10-07,C,765.0,51,23,0.4009
2026-09-29,2026-10-07,C,770.0,56,69,0.4025
2026-09-29,2026-10-07,C,775.0,34,58,0.4055
2026-09-29,2026-10-07,C,780.0,65,57,0.4042
2026-09-29,2026-10-07,C,785.0,25,119,0.4116
2026-09-29,2026-10-07,C,790.0,17,33,0.4176
2026-09-29,2026-10-07,C,795.0,2,18,0.4186
2026-09-29,2026-10-07,C,800.0,226,639,0.4177
2026-09-29,2026-10-07,C,805.0,13,21,0.4244
2026-09-29,2026-10-07,C,810.0,8,11,0.4291
2026-09-29,2026-10-07,C,820.0,9,2,0.4431
2026-09-29,2026-10-07,C,825.0,3,9,0.4492
2026-09-29,2026-10-07,C,830.0,1,4,0.4377
2026-09-29,2026-10-07,C,840.0,216,28,0.457
2026-09-29,2026-10-07,P,650.0,42,42,0.4429
2026-09-29,2026-10-07,P,655.0,10,5,0.4429
2026-09-29,2026-10-07,P,670.0,19,35,0.4083
2026-09-29,2026-10-07,P,680.0,115,54,0.4005
2026-09-29,2026-10-07,P,685.0,10,42,0.3959
2026-09-29,2026-10-07,P,690.0,14,25,0.3914
2026-09-29,2026-10-07,P,695.0,25,13,0.3929
2026-09-29,2026-10-07,P,700.0,448,97,0.3807
2026-09-29,2026-10-07,P,705.0,50,54,0.384
2026-09-29,2026-10-07,P,710.0,19,81,0.3845
2026-09-29,2026-10-07,P,715.0,46,121,0.3827
2026-09-29,2026-10-07,P,720.0,31,49,0.3834
2026-09-29,2026-10-07,P,725.0,10,49,0.3803
2026-09-29,2026-10-07,P,730.0,14,35,0.3837
2026-09-29,2026-10-07,P,735.0,23,9,0.3831
2026-09-29,2026-10-07,P,737.5,21,2,0.3815
2026-09-29,2026-10-07,P,740.0,51,65,0.3852
2026-09-29,2026-10-07,P,742.5,19,3,0.3834
2026-09-29,2026-10-07,P,745.0,7,7,0.3836
2026-09-29,2026-10-07,P,747.5,1,2,0.3848
2026-09-29,2026-10-07,P,750.0,52,20,0.3859
2026-09-29,2026-10-07,P,755.0,14,3,0.3893
2026-09-29,2026-10-07,P,760.0,11,5,0.3952
2026-09-29,2026-10-07,P,765.0,26,5,0.4045
2026-09-29,2026-10-07,P,770.0,16,9,0.4154
2026-09-29,2026-10-07,P,775.0,12,2,0.4094
2026-09-29,2026-10-07,P,780.0,15,8,0.4321
2026-09-29,2026-10-07,P,790.0,2,2,0.4641
2026-09-29,2026-10-07,P,800.0,12,2,0.522
2026-09-29,2026-10-09,C,630.0,285,12,0.5623
2026-09-29,2026-10-09,C,635.0,72,4,0.5754
2026-09-29,2026-10-09,C,640.0,205,2,0.5332
2026-09-29,2026-10-09,C,645.0,133,2,0.531
2026-09-29,2026-10-09,C,650.0,234,5,0.5275
2026-09-29,2026-10-09,C,655.0,134,2,0.6338
2026-09-29,2026-10-09,C,657.5,3,1,0.6398
2026-09-29,2026-10-09,C,660.0,346,2,0.6218
2026-09-29,2026-10-09,C,662.5,8,1,0.6162
2026-09-29,2026-10-09,C,665.0,741,1,0.6102
2026-09-29,2026-10-09,C,670.0,427,7,0.5742
2026-09-29,2026-10-09,C,672.5,16,1,0.5805
2026-09-29,2026-10-09,C,675.0,316,51,0.5513
2026-09-29,2026-10-09,C,677.5,8,2,0.5612
2026-09-29,2026-10-09,C,680.0,279,145,0.5278
2026-09-29,2026-10-09,C,682.5,25,1,0.5203
2026-09-29,2026-10-09,C,685.0,415,7,0.5197
2026-09-29,2026-10-09,C,687.5,15,133,0.5113
2026-09-29,2026-10-09,C,690.0,204,17,0.4998
2026-09-29,2026-10-09,C,692.5,17,10,0.4988
2026-09-29,2026-10-09,C,695.0,186,11,0.4918
2026-09-29,2026-10-09,C,697.5,18,13,0.4793
2026-09-29,2026-10-09,C,700.0,732,170,0.474
2026-09-29,2026-10-09,C,702.5,57,16,0.4621
2026-09-29,2026-10-09,C,705.0,162,46,0.4558
2026-09-29,2026-10-09,C,710.0,203,25,0.4173
2026-09-29,2026-10-09,C,715.0,448,404,0.4281
2026-09-29,2026-10-09,C,720.0,790,891,0.4112
2026-09-29,2026-10-09,C,725.0,668,705,0.41
2026-09-29,2026-10-09,C,730.0,340,518,0.4092
2026-09-29,2026-10-09,C,735.0,200,835,0.4067
2026-09-29,2026-10-09,C,737.5,43,142,0.4099
2026-09-29,2026-10-09,C,740.0,522,613,0.4111
2026-09-29,2026-10-09,C,742.5,50,56,0.4076
2026-09-29,2026-10-09,C,745.0,226,162,0.4099
2026-09-29,2026-10-09,C,747.5,29,64,0.4085
2026-09-29,2026-10-09,C,750.0,6541,7292,0.406
2026-09-29,2026-10-09,C,752.5,87,141,0.4087
2026-09-29,2026-10-09,C,755.0,925,361,0.4044
2026-09-29,2026-10-09,C,757.5,61,25,0.4063
2026-09-29,2026-10-09,C,760.0,620,391,0.4114
2026-09-29,2026-10-09,C,765.0,491,104,0.4111
2026-09-29,2026-10-09,C,770.0,581,451,0.4127
2026-09-29,2026-10-09,C,775.0,338,144,0.4157
2026-09-29,2026-10-09,C,780.0,756,572,0.4155
2026-09-29,2026-10-09,C,785.0,399,125,0.4213
2026-09-29,2026-10-09,C,790.0,418,230,0.42
2026-09-29,2026-10-09,C,795.0,376,141,0.423
2026-09-29,2026-10-09,C,800.0,2156,2608,0.4231
2026-09-29,2026-10-09,C,805.0,878,206,0.4291
2026-09-29,2026-10-09,C,810.0,258,167,0.4329
2026-09-29,2026-10-09,C,815.0,131,187,0.436
2026-09-29,2026-10-09,C,820.0,369,127,0.4376
2026-09-29,2026-10-09,C,825.0,251,52,0.4437
2026-09-29,2026-10-09,C,830.0,131,96,0.4442
2026-09-29,2026-10-09,C,835.0,177,90,0.4487
2026-09-29,2026-10-09,C,840.0,748,129,0.4514
2026-09-29,2026-10-09,C,845.0,245,7,0.4581
2026-09-29,2026-10-09,P,630.0,291,178,0.4634
2026-09-29,2026-10-09,P,635.0,398,26,0.4534
2026-09-29,2026-10-09,P,640.0,342,78,0.4434
2026-09-29,2026-10-09,P,645.0,522,471,0.4373
2026-09-29,2026-10-09,P,650.0,467,226,0.4273
2026-09-29,2026-10-09,P,655.0,393,160,0.4214
2026-09-29,2026-10-09,P,657.5,23,10,0.4219
2026-09-29,2026-10-09,P,660.0,317,168,0.4159
2026-09-29,2026-10-09,P,662.5,26,11,0.4168
2026-09-29,2026-10-09,P,665.0,198,46,0.4139
2026-09-29,2026-10-09,P,667.5,12,50,0.4116
2026-09-29,2026-10-09,P,670.0,394,187,0.4081
2026-09-29,2026-10-09,P,672.5,62,10,0.4064
2026-09-29,2026-10-09,P,675.0,229,105,0.4043
2026-09-29,2026-10-09,P,677.5,251,66,0.4031
2026-09-29,2026-10-09,P,680.0,466,158,0.4007
2026-09-29,2026-10-09,P,682.5,57,18,0.4014
2026-09-29,2026-10-09,P,685.0,139,168,0.3994
2026-09-29,2026-10-09,P,687.5,146,75,0.3984
2026-09-29,2026-10-09,P,690.0,359,353,0.3965
2026-09-29,2026-10-09,P,692.5,48,25,0.3968
2026-09-29,2026-10-09,P,695.0,139,50,0.3931
2026-09-29,2026-10-09,P,697.5,110,509,0.393
2026-09-29,2026-10-09,P,700.0,1166,757,0.3918
2026-09-29,2026-10-09,P,702.5,343,115,0.391
2026-09-29,2026-10-09,P,705.0,247,157,0.3905
2026-09-29,2026-10-09,P,710.0,500,402,0.3878
2026-09-29,2026-10-09,P,715.0,231,85,0.3893
2026-09-29,2026-10-09,P,720.0,485,658,0.3855
2026-09-29,2026-10-09,P,725.0,263,205,0.3863
2026-09-29,2026-10-09,P,730.0,712,607,0.3851
2026-09-29,2026-10-09,P,735.0,141,44,0.3868
2026-09-29,2026-10-09,P,737.5,24,7,0.3872
2026-09-29,2026-10-09,P,740.0,282,51,0.3865
2026-09-29,2026-10-09,P,742.5,11,4,0.3908
2026-09-29,2026-10-09,P,745.0,152,3,0.3931
2026-09-29,2026-10-09,P,747.5,65,4,0.3886
2026-09-29,2026-10-09,P,750.0,2351,13,0.39
2026-09-29,2026-10-09,P,752.5,65,2,0.3925
2026-09-29,2026-10-09,P,755.0,1296,13,0.391
2026-09-29,2026-10-09,P,757.5,41,60,0.403
2026-09-29,2026-10-09,P,760.0,157,9,0.3935
2026-09-29,2026-10-09,P,765.0,189,20,0.4
2026-09-29,2026-10-09,P,770.0,142,6,0.4
2026-09-29,2026-10-09,P,775.0,132,17,0.4084
2026-09-29,2026-10-09,P,780.0,110,4,0.4179
2026-09-29,2026-10-09,P,785.0,10,6,0.4264
2026-09-29,2026-10-09,P,790.0,11,9,0.4341
2026-09-29,2026-10-09,P,795.0,15,7,0.447
2026-09-29,2026-10-09,P,800.0,18,8,0.4394
2026-09-29,2026-10-09,P,805.0,32,16,0.4634
2026-09-29,2026-10-09,P,810.0,2,10,0.4803
2026-09-29,2026-10-09,P,815.0,1,0,0.5035
2026-09-29,2026-10-09,P,820.0,5,14,0.521
2026-09-29,2026-10-09,P,830.0,2,1,0.5525
2026-09-30,2026-10-02,C,617.5,32,1,2.1563
2026-09-30,2026-10-02,C,620.0,444,39,1.3574
2026-09-30,2026-10-02,C,622.5,10,1,1.3652
2026-09-30,2026-10-02,C,625.0,180,9,1.9395
2026-09-30,2026-10-02,C,627.5,10,4,2.1379
2026-09-30,2026-10-02,C,630.0,400,18,1.7939
2026-09-30,2026-10-02,C,632.5,62,5,1.3018
2026-09-30,2026-10-02,C,635.0,186,9,1.7144
2026-09-30,2026-10-02,C,637.5,22,10,1.9849
2026-09-30,2026-10-02,C,640.0,484,51,1.635
2026-09-30,2026-10-02,C,642.5,11,7,1.3862
2026-09-30,2026-10-02,C,645.0,408,14,1.5557
2026-09-30,2026-10-02,C,647.5,52,16,1.0859
2026-09-30,2026-10-02,C,650.0,1455,49,1.4258
2026-09-30,2026-10-02,C,652.5,15,10,1.145
2026-09-30,2026-10-02,C,655.0,841,9,1.3677
2026-09-30,2026-10-02,C,657.5,15,36,0.8906
2026-09-30,2026-10-02,C,660.0,961,20,0.9824
2026-09-30,2026-10-02,C,662.5,68,15,0.832
2026-09-30,2026-10-02,C,665.0,328,21,1.2617
2026-09-30,2026-10-02,C,667.5,226,82,1.3962
2026-09-30,2026-10-02,C,670.0,4612,8,1.1802
2026-09-30,2026-10-02,C,672.5,59,1,0.6641
2026-09-30,2026-10-02,C,675.0,489,21,1.0828
2026-09-30,2026-10-02,C,677.5,64,26,1.23
2026-09-30,2026-10-02,C,680.0,973,54,0.7622
2026-09-30,2026-10-02,C,682.5,37,64,0.9666
2026-09-30,2026-10-02,C,685.0,323,92,0.9248
2026-09-30,2026-10-02,C,687.5,55,75,1.0525
2026-09-30,2026-10-02,C,690.0,527,64,0.6118
2026-09-30,2026-10-02,C,692.5,1031,32,0.614
2026-09-30,2026-10-02,C,695.0,432,28,0.5679
2026-09-30,2026-10-02,C,697.5,68,21,0.5454
2026-09-30,2026-10-02,C,700.0,1307,271,0.5286
2026-09-30,2026-10-02,C,702.5,97,13,0.5083
2026-09-30,2026-10-02,C,705.0,203,62,0.522
2026-09-30,2026-10-02,C,707.5,111,99,0.4951
2026-09-30,2026-10-02,C,710.0,1429,417,0.4802
2026-09-30,2026-10-02,C,712.5,235,78,0.4819
2026-09-30,2026-10-02,C,715.0,760,493,0.4587
2026-09-30,2026-10-02,C,717.5,497,380,0.4526
2026-09-30,2026-10-02,C,720.0,2811,2129,0.4453
2026-09-30,2026-10-02,C,722.5,587,2019,0.4428
2026-09-30,2026-10-02,C,725.0,1576,7014,0.4406
2026-09-30,2026-10-02,C,727.5,565,8493,0.4386
2026-09-30,2026-10-02,C,730.0,2569,25465,0.4401
2026-09-30,2026-10-02,C,732.5,1382,8790,0.4385
2026-09-30,2026-10-02,C,735.0,1525,13336,0.4417
2026-09-30,2026-10-02,C,737.5,783,4636,0.4423
2026-09-30,2026-10-02,C,740.0,6490,16863,0.4453
2026-09-30,2026-10-02,C,742.5,923,3121,0.449
2026-09-30,2026-10-02,C,745.0,2976,4705,0.4529
2026-09-30,2026-10-02,C,747.5,566,3227,0.4583
2026-09-30,2026-10-02,C,750.0,6095,38918,0.4619
2026-09-30,2026-10-02,C,752.5,3578,3435,0.4678
2026-09-30,2026-10-02,C,755.0,1877,4726,0.4731
2026-09-30,2026-10-02,C,757.5,858,1819,0.4863
2026-09-30,2026-10-02,C,760.0,3143,7322,0.4902
2026-09-30,2026-10-02,C,765.0,6622,5679,0.4981
2026-09-30,2026-10-02,C,770.0,4052,4722,0.5098
2026-09-30,2026-10-02,C,775.0,6994,3003,0.5313
2026-09-30,2026-10-02,C,780.0,3994,4030,0.5508
2026-09-30,2026-10-02,C,785.0,4527,2839,0.5469
2026-09-30,2026-10-02,C,790.0,5122,4342,0.5703
2026-09-30,2026-10-02,C,795.0,1520,525,0.625
2026-09-30,2026-10-02,C,800.0,14282,6033,0.6641
2026-09-30,2026-10-02,C,805.0,807,1953,0.7773
2026-09-30,2026-10-02,C,810.0,1716,1176,0.7539
2026-09-30,2026-10-02,C,815.0,1731,736,0.6875
2026-09-30,2026-10-02,C,820.0,3327,458,0.8125
2026-09-30,2026-10-02,C,825.0,677,383,1.0967
2026-09-30,2026-10-02,C,830.0,6184,392,0.7813
2026-09-30,2026-10-02,P,617.5,228,163,1.0391
2026-09-30,2026-10-02,P,620.0,1061,128,1.0391
2026-09-30,2026-10-02,P,622.5,14,54,1.3438
2026-09-30,2026-10-02,P,625.0,559,47,1.0156
2026-09-30,2026-10-02,P,627.5,58,25,1.0234
2026-09-30,2026-10-02,P,630.0,2163,389,0.9453
2026-09-30,2026-10-02,P,632.5,144,19,0.9961
2026-09-30,2026-10-02,P,635.0,814,23,0.9141
2026-09-30,2026-10-02,P,637.5,108,102,0.9063
2026-09-30,2026-10-02,P,640.0,931,151,0.8945
2026-09-30,2026-10-02,P,642.5,111,137,0.8555
2026-09-30,2026-10-02,P,645.0,602,104,1.002
2026-09-30,2026-10-02,P,647.5,134,6,0.8848
2026-09-30,2026-10-02,P,650.0,2454,150,0.7344
2026-09-30,2026-10-02,P,652.5,1936,44,0.8008
2026-09-30,2026-10-02,P,655.0,2769,140,0.7344
2026-09-30,2026-10-02,P,657.5,215,37,0.7109
2026-09-30,2026-10-02,P,660.0,925,187,0.7383
2026-09-30,2026-10-02,P,662.5,254,58,0.6484
2026-09-30,2026-10-02,P,665.0,553,141,0.6934
2026-09-30,2026-10-02,P,667.5,210,31,0.5977
2026-09-30,2026-10-02,P,670.0,2347,226,0.6055
2026-09-30,2026-10-02,P,672.5,853,147,0.6133
2026-09-30,2026-10-02,P,675.0,1274,712,0.5625
2026-09-30,2026-10-02,P,677.5,958,251,0.5606
2026-09-30,2026-10-02,P,680.0,1943,749,0.5293
2026-09-30,2026-10-02,P,682.5,549,319,0.5078
2026-09-30,2026-10-02,P,685.0,1351,1748,0.5068
2026-09-30,2026-10-02,P,687.5,873,440,0.5176
2026-09-30,2026-10-02,P,690.0,1338,2409,0.4834
2026-09-30,2026-10-02,P,692.5,501,640,0.4805
2026-09-30,2026-10-02,P,695.0,856,1295,0.4736
2026-09-30,2026-10-02,P,697.5,823,1279,0.4585
2026-09-30,2026-10-02,P,700.0,4497,9166,0.4443
2026-09-30,2026-10-02,P,702.5,419,1766,0.438
2026-09-30,2026-10-02,P,705.0,968,3648,0.4326
2026-09-30,2026-10-02,P,707.5,423,1892,0.4292
2026-09-30,2026-10-02,P,710.0,2168,5845,0.4253
2026-09-30,2026-10-02,P,712.5,836,1552,0.4219
2026-09-30,2026-10-02,P,715.0,2137,5171,0.4208
2026-09-30,2026-10-02,P,717.5,546,1784,0.4164
2026-09-30,2026-10-02,P,720.0,3249,7215,0.4157
2026-09-30,2026-10-02,P,722.5,540,3800,0.4143
2026-09-30,2026-10-02,P,725.0,1763,8397,0.4128
2026-09-30,2026-10-02,P,727.5,611,6155,0.4141
2026-09-30,2026-10-02,P,730.0,2750,4619,0.4115
2026-09-30,2026-10-02,P,732.5,421,1385,0.4121
2026-09-30,2026-10-02,P,735.0,936,849,0.4133
2026-09-30,2026-10-02,P,737.5,375,330,0.4163
2026-09-30,2026-10-02,P,740.0,1584,518,0.4182
2026-09-30,2026-10-02,P,742.5,162,116,0.4202
2026-09-30,2026-10-02,P,745.0,626,210,0.4114
2026-09-30,2026-10-02,P,747.5,413,31,0.4187
2026-09-30,2026-10-02,P,750.0,1551,197,0.4072
2026-09-30,2026-10-02,P,752.5,607,24,0.45
2026-09-30,2026-10-02,P,755.0,679,68,0.4924
2026-09-30,2026-10-02,P,757.5,442,30,0.564
2026-09-30,2026-10-02,P,760.0,1881,78,0.606
2026-09-30,2026-10-02,P,765.0,475,22,0.7166
2026-09-30,2026-10-02,P,770.0,476,16,0.6426
2026-09-30,2026-10-02,P,775.0,228,359,0.7554
2026-09-30,2026-10-02,P,780.0,181,280,0.6748
2026-09-30,2026-10-02,P,785.0,62,93,0.9102
2026-09-30,2026-10-02,P,790.0,154,534,0.9199
2026-09-30,2026-10-02,P,795.0,77,316,0.9751
2026-09-30,2026-10-02,P,800.0,44,179,1.0449
2026-09-30,2026-10-02,P,805.0,0,2,0.8828
2026-09-30,2026-10-02,P,810.0,1,1,1.0088
2026-09-30,2026-10-02,P,815.0,0,58,1.0566
2026-09-30,2026-10-02,P,820.0,0,2,1.1035
2026-09-30,2026-10-02,P,825.0,0,30,0.75
2026-09-30,2026-10-02,P,830.0,0,2,1.9961
2026-09-30,2026-10-05,C,625.0,1,1,0.5625
2026-09-30,2026-10-05,C,630.0,3,1,0.5703
2026-09-30,2026-10-05,C,635.0,4,26,0.543
2026-09-30,2026-10-05,C,642.5,9,1,0.6211
2026-09-30,2026-10-05,C,645.0,6,34,0.9331
2026-09-30,2026-10-05,C,647.5,11,18,0.9106
2026-09-30,2026-10-05,C,650.0,6,1,0.5613
2026-09-30,2026-10-05,C,652.5,7,6,0.5112
2026-09-30,2026-10-05,C,655.0,15,12,0.8502
2026-09-30,2026-10-05,C,657.5,9,4,0.8276
2026-09-30,2026-10-05,C,660.0,4,14,0.8049
2026-09-30,2026-10-05,C,667.5,20,44,0.7241
2026-09-30,2026-10-05,C,670.0,27,48,0.5476
2026-09-30,2026-10-05,C,675.0,2,78,0.6467
2026-09-30,2026-10-05,C,680.0,17,90,0.6069
2026-09-30,2026-10-05,C,682.5,29,12,0.5867
2026-09-30,2026-10-05,C,685.0,40,1,0.5321
2026-09-30,2026-10-05,C,690.0,9,5,0.4332
2026-09-30,2026-10-05,C,692.5,19,5,0.3958
2026-09-30,2026-10-05,C,695.0,22,2,0.4927
2026-09-30,2026-10-05,C,700.0,357,66,0.3535
2026-09-30,2026-10-05,C,705.0,85,37,0.3412
2026-09-30,2026-10-05,C,707.5,43,18,0.3491
2026-09-30,2026-10-05,C,710.0,93,158,0.3307
2026-09-30,2026-10-05,C,715.0,19,72,0.3231
2026-09-30,2026-10-05,C,717.5,40,20,0.3221
2026-09-30,2026-10-05,C,720.0,1959,481,0.3195
2026-09-30,2026-10-05,C,722.5,144,235,0.3187
2026-09-30,2026-10-05,C,725.0,578,838,0.3178
2026-09-30,2026-10-05,C,727.5,133,610,0.3168
2026-09-30,2026-10-05,C,730.0,768,1703,0.3174
2026-09-30,2026-10-05,C,732.5,184,754,0.3162
2026-09-30,2026-10-05,C,735.0,254,1017,0.3168
2026-09-30,2026-10-05,C,737.5,179,657,0.3195
2026-09-30,2026-10-05,C,740.0,2900,2714,0.319
2026-09-30,2026-10-05,C,742.5,174,446,0.3191
2026-09-30,2026-10-05,C,745.0,1705,354,0.3201
2026-09-30,2026-10-05,C,747.5,147,234,0.3211
2026-09-30,2026-10-05,C,750.0,838,2476,0.3229
2026-09-30,2026-10-05,C,755.0,510,779,0.3262
2026-09-30,2026-10-05,C,760.0,434,950,0.3307
2026-09-30,2026-10-05,C,765.0,227,881,0.3355
2026-09-30,2026-10-05,C,770.0,333,601,0.3518
2026-09-30,2026-10-05,C,775.0,512,391,0.3535
2026-09-30,2026-10-05,C,780.0,255,356,0.3584
2026-09-30,2026-10-05,C,785.0,199,175,0.3779
2026-09-30,2026-10-05,C,790.0,537,359,0.3882
2026-09-30,2026-10-05,C,795.0,210,121,0.3857
2026-09-30,2026-10-05,C,800.0,1146,766,0.4043
2026-09-30,2026-10-05,C,805.0,164,42,0.4605
2026-09-30,2026-10-05,C,810.0,145,28,0.4385
2026-09-30,2026-10-05,C,815.0,210,84,0.5361
2026-09-30,2026-10-05,C,820.0,178,99,0.4688
2026-09-30,2026-10-05,C,825.0,93,2,0.5942
2026-09-30,2026-10-05,C,830.0,186,10,0.5606
2026-09-30,2026-10-05,P,620.0,113,12,0.5859
2026-09-30,2026-10-05,P,625.0,52,85,0.543
2026-09-30,2026-10-05,P,630.0,19,35,0.5039
2026-09-30,2026-10-05,P,635.0,53,21,0.624
2026-09-30,2026-10-05,P,637.5,26,12,0.5
2026-09-30,2026-10-05,P,640.0,55,1,0.541
2026-09-30,2026-10-05,P,642.5,9,5,0.5654
2026-09-30,2026-10-05,P,645.0,19,7,0.4961
2026-09-30,2026-10-05,P,647.5,28,15,0.4863
2026-09-30,2026-10-05,P,650.0,71,215,0.5396
2026-09-30,2026-10-05,P,652.5,20,5,0.5303
2026-09-30,2026-10-05,P,655.0,112,4,0.4907
2026-09-30,2026-10-05,P,657.5,30,1,0.4473
2026-09-30,2026-10-05,P,660.0,80,28,0.4321
2026-09-30,2026-10-05,P,662.5,55,21,0.4077
2026-09-30,2026-10-05,P,665.0,104,11,0.3862
2026-09-30,2026-10-05,P,667.5,23,22,0.3877
2026-09-30,2026-10-05,P,670.0,265,21,0.3838
2026-09-30,2026-10-05,P,672.5,99,7,0.3779
2026-09-30,2026-10-05,P,675.0,205,108,0.3765
2026-09-30,2026-10-05,P,677.5,79,112,0.3709
2026-09-30,2026-10-05,P,680.0,328,714,0.3511
2026-09-30,2026-10-05,P,682.5,110,107,0.3486
2026-09-30,2026-10-05,P,685.0,153,203,0.3423
2026-09-30,2026-10-05,P,687.5,116,113,0.3308
2026-09-30,2026-10-05,P,690.0,283,373,0.3272
2026-09-30,2026-10-05,P,692.5,48,113,0.323
2026-09-30,2026-10-05,P,695.0,110,163,0.3197
2026-09-30,2026-10-05,P,697.5,85,66,0.3174
2026-09-30,2026-10-05,P,700.0,931,823,0.3142
2026-09-30,2026-10-05,P,702.5,298,163,0.3122
2026-09-30,2026-10-05,P,705.0,135,258,0.3098
2026-09-30,2026-10-05,P,707.5,146,116,0.3081
2026-09-30,2026-10-05,P,710.0,201,259,0.307
2026-09-30,2026-10-05,P,712.5,255,178,0.3043
2026-09-30,2026-10-05,P,715.0,143,292,0.304
2026-09-30,2026-10-05,P,717.5,228,1313,0.3019
2026-09-30,2026-10-05,P,720.0,541,581,0.3018
2026-09-30,2026-10-05,P,722.5,178,338,0.3013
2026-09-30,2026-10-05,P,725.0,215,604,0.3006
2026-09-30,2026-10-05,P,727.5,82,783,0.2996
2026-09-30,2026-10-05,P,730.0,640,464,0.3001
2026-09-30,2026-10-05,P,732.5,110,206,0.3002
2026-09-30,2026-10-05,P,735.0,244,88,0.3003
2026-09-30,2026-10-05,P,737.5,92,60,0.3004
2026-09-30,2026-10-05,P,740.0,99,49,0.3066
2026-09-30,2026-10-05,P,742.5,48,57,0.3037
2026-09-30,2026-10-05,P,745.0,140,11,0.3148
2026-09-30,2026-10-05,P,747.5,241,3,0.3263
2026-09-30,2026-10-05,P,750.0,265,64,0.3076
2026-09-30,2026-10-05,P,755.0,102,19,0.314
2026-09-30,2026-10-05,P,760.0,53,42,0.3361
2026-09-30,2026-10-05,P,765.0,204,19,0.5454
2026-09-30,2026-10-05,P,770.0,58,22,0.5843
2026-09-30,2026-10-05,P,775.0,69,2,0.6219
2026-09-30,2026-10-05,P,780.0,19,1,0.6555
2026-09-30,2026-10-05,P,785.0,12,9,0.6851
2026-09-30,2026-10-05,P,790.0,18,28,0.722
2026-09-30,2026-10-05,P,795.0,11,2,0.7643
2026-09-30,2026-10-05,P,800.0,1,1,0.7969
2026-09-30,2026-10-05,P,805.0,11,15,0.5039
2026-09-30,2026-10-07,C,650.0,7,22,0.7076
2026-09-30,2026-10-07,C,660.0,6,24,0.6626
2026-09-30,2026-10-07,C,665.0,2,7,0.6552
2026-09-30,2026-10-07,C,680.0,39,1,0.5621
2026-09-30,2026-10-07,C,690.0,21,1,0.522
2026-09-30,2026-10-07,C,700.0,39,50,0.3886
2026-09-30,2026-10-07,C,705.0,70,31,0.388
2026-09-30,2026-10-07,C,710.0,17,13,0.3666
2026-09-30,2026-10-07,C,715.0,20,18,0.3646
2026-09-30,2026-10-07,C,720.0,112,80,0.3631
2026-09-30,2026-10-07,C,725.0,117,192,0.3606
2026-09-30,2026-10-07,C,730.0,71,563,0.3596
2026-09-30,2026-10-07,C,732.5,63,191,0.3601
2026-09-30,2026-10-07,C,735.0,156,404,0.3601
2026-09-30,2026-10-07,C,740.0,115,316,0.3597
2026-09-30,2026-10-07,C,745.0,27,65,0.3604
2026-09-30,2026-10-07,C,747.5,27,68,0.361
2026-09-30,2026-10-07,C,750.0,152,257,0.363
2026-09-30,2026-10-07,C,755.0,135,2069,0.3655
2026-09-30,2026-10-07,C,760.0,76,134,0.3689
2026-09-30,2026-10-07,C,765.0,150,302,0.3709
2026-09-30,2026-10-07,C,770.0,92,236,0.3743
2026-09-30,2026-10-07,C,775.0,61,194,0.3782
2026-09-30,2026-10-07,C,780.0,119,296,0.3816
2026-09-30,2026-10-07,C,785.0,57,138,0.3861
2026-09-30,2026-10-07,C,790.0,53,334,0.3945
2026-09-30,2026-10-07,C,795.0,33,156,0.3967
2026-09-30,2026-10-07,C,800.0,351,1677,0.4019
2026-09-30,2026-10-07,C,805.0,26,19,0.4097
2026-09-30,2026-10-07,C,810.0,19,8,0.416
2026-09-30,2026-10-07,C,820.0,33,11,0.4321
2026-09-30,2026-10-07,C,825.0,47,18,0.4414
2026-09-30,2026-10-07,C,830.0,30,5,0.4522
2026-09-30,2026-10-07,P,650.0,55,7,0.4304
2026-09-30,2026-10-07,P,655.0,31,100,0.4233
2026-09-30,2026-10-07,P,670.0,199,194,0.3876
2026-09-30,2026-10-07,P,680.0,125,64,0.3691
2026-09-30,2026-10-07,P,685.0,72,74,0.3629
2026-09-30,2026-10-07,P,690.0,48,38,0.3584
2026-09-30,2026-10-07,P,695.0,39,56,0.3536
2026-09-30,2026-10-07,P,700.0,469,398,0.351
2026-09-30,2026-10-07,P,705.0,53,92,0.3476
2026-09-30,2026-10-07,P,710.0,101,121,0.3461
2026-09-30,2026-10-07,P,715.0,80,95,0.3439
2026-09-30,2026-10-07,P,720.0,46,157,0.3433
2026-09-30,2026-10-07,P,725.0,139,331,0.3425
2026-09-30,2026-10-07,P,730.0,180,257,0.3414
2026-09-30,2026-10-07,P,735.0,69,36,0.3428
2026-09-30,2026-10-07,P,737.5,26,101,0.3404
2026-09-30,2026-10-07,P,740.0,111,23,0.346
2026-09-30,2026-10-07,P,742.5,23,83,0.3483
2026-09-30,2026-10-07,P,745.0,14,7,0.3551
2026-09-30,2026-10-07,P,747.5,4,12,0.3473
2026-09-30,2026-10-07,P,750.0,78,60,0.3539
2026-09-30,2026-10-07,P,755.0,17,17,0.3535
2026-09-30,2026-10-07,P,760.0,12,37,0.3464
2026-09-30,2026-10-07,P,765.0,25,29,0.4764
2026-09-30,2026-10-07,P,770.0,16,3,0.5035
2026-09-30,2026-10-07,P,775.0,24,3,0.531
2026-09-30,2026-10-07,P,780.0,16,8,0.5284
2026-09-30,2026-10-07,P,790.0,3,2,0.6062
2026-09-30,2026-10-07,P,800.0,10,2,0.6481
2026-09-30,2026-10-09,C,620.0,119,4,0.5723
2026-09-30,2026-10-09,C,625.0,63,4,0.5764
2026-09-30,2026-10-09,C,630.0,283,26,0.5391
2026-09-30,2026-10-09,C,635.0,73,36,0.5142
2026-09-30,2026-10-09,C,640.0,209,55,0.6466
2026-09-30,2026-10-09,C,645.0,133,13,0.6848
2026-09-30,2026-10-09,C,650.0,219,5,0.6076
2026-09-30,2026-10-09,C,655.0,134,1,0.6767
2026-09-30,2026-10-09,C,657.5,3,1,0.6429
2026-09-30,2026-10-09,C,660.0,345,2,0.6113
2026-09-30,2026-10-09,C,662.5,7,1,0.6232
2026-09-30,2026-10-09,C,665.0,742,11,0.5715
2026-09-30,2026-10-09,C,670.0,429,4,0.5175
2026-09-30,2026-10-09,C,672.5,16,1,0.5152
2026-09-30,2026-10-09,C,675.0,287,1,0.5492
2026-09-30,2026-10-09,C,677.5,12,1,0.5023
2026-09-30,2026-10-09,C,680.0,257,23,0.485
2026-09-30,2026-10-09,C,682.5,27,2,0.5006
2026-09-30,2026-10-09,C,685.0,418,1,0.4807
2026-09-30,2026-10-09,C,687.5,76,5,0.4575
2026-09-30,2026-10-09,C,690.0,206,9,0.444
2026-09-30,2026-10-09,C,692.5,11,10,0.4655
2026-09-30,2026-10-09,C,695.0,192,5,0.4429
2026-09-30,2026-10-09,C,697.5,21,5,0.4548
2026-09-30,2026-10-09,C,700.0,756,89,0.4413
2026-09-30,2026-10-09,C,702.5,72,1,0.4298
2026-09-30,2026-10-09,C,705.0,175,6,0.4256
2026-09-30,2026-10-09,C,710.0,200,66,0.4126
2026-09-30,2026-10-09,C,715.0,472,42,0.4051
2026-09-30,2026-10-09,C,720.0,858,108,0.3963
2026-09-30,2026-10-09,C,725.0,634,735,0.3928
2026-09-30,2026-10-09,C,730.0,537,1217,0.3886
2026-09-30,2026-10-09,C,735.0,477,494,0.3882
2026-09-30,2026-10-09,C,737.5,95,136,0.3877
2026-09-30,2026-10-09,C,740.0,615,2361,0.3883
2026-09-30,2026-10-09,C,742.5,77,59,0.3887
2026-09-30,2026-10-09,C,745.0,208,124,0.3879
2026-09-30,2026-10-09,C,747.5,68,39,0.3882
2026-09-30,2026-10-09,C,750.0,4850,1689,0.3818
2026-09-30,2026-10-09,C,752.5,107,417,0.389
2026-09-30,2026-10-09,C,755.0,919,187,0.3895
2026-09-30,2026-10-09,C,757.5,59,137,0.3903
2026-09-30,2026-10-09,C,760.0,643,253,0.3898
2026-09-30,2026-10-09,C,765.0,493,86,0.3914
2026-09-30,2026-10-09,C,770.0,938,406,0.3936
2026-09-30,2026-10-09,C,775.0,462,303,0.395
2026-09-30,2026-10-09,C,780.0,890,520,0.398
2026-09-30,2026-10-09,C,785.0,457,102,0.4013
2026-09-30,2026-10-09,C,790.0,438,557,0.4047
2026-09-30,2026-10-09,C,795.0,488,429,0.4072
2026-09-30,2026-10-09,C,800.0,2126,2025,0.4082
2026-09-30,2026-10-09,C,805.0,1162,913,0.4126
2026-09-30,2026-10-09,C,810.0,403,404,0.4182
2026-09-30,2026-10-09,C,815.0,231,37,0.4231
2026-09-30,2026-10-09,C,820.0,421,160,0.4253
2026-09-30,2026-10-09,C,825.0,278,162,0.4321
2026-09-30,2026-10-09,C,830.0,152,125,0.4385
2026-09-30,2026-10-09,P,620.0,250,86,0.4937
2026-09-30,2026-10-09,P,625.0,559,17,0.479
2026-09-30,2026-10-09,P,630.0,343,155,0.4678
2026-09-30,2026-10-09,P,635.0,392,145,0.458
2026-09-30,2026-10-09,P,640.0,354,164,0.4495
2026-09-30,2026-10-09,P,645.0,738,1237,0.437
2026-09-30,2026-10-09,P,650.0,591,188,0.4241
2026-09-30,2026-10-09,P,655.0,411,76,0.4203
2026-09-30,2026-10-09,P,657.5,96,60,0.4186
2026-09-30,2026-10-09,P,660.0,345,684,0.4082
2026-09-30,2026-10-09,P,662.5,29,49,0.4088
2026-09-30,2026-10-09,P,665.0,216,560,0.4043
2026-09-30,2026-10-09,P,667.5,47,3,0.4023
2026-09-30,2026-10-09,P,670.0,400,156,0.3961
2026-09-30,2026-10-09,P,672.5,70,122,0.3944
2026-09-30,2026-10-09,P,675.0,300,123,0.3904
2026-09-30,2026-10-09,P,677.5,272,16,0.39
2026-09-30,2026-10-09,P,680.0,571,241,0.3854
2026-09-30,2026-10-09,P,682.5,70,21,0.3846
2026-09-30,2026-10-09,P,685.0,255,107,0.3816
2026-09-30,2026-10-09,P,687.5,200,27,0.381
2026-09-30,2026-10-09,P,690.0,798,228,0.3789
2026-09-30,2026-10-09,P,692.5,73,33,0.3773
2026-09-30,2026-10-09,P,695.0,158,68,0.3759
2026-09-30,2026-10-09,P,697.5,277,27,0.3748
2026-09-30,2026-10-09,P,700.0,1379,836,0.3722
2026-09-30,2026-10-09,P,702.5,372,59,0.3726
2026-09-30,2026-10-09,P,705.0,271,50,0.3715
2026-09-30,2026-10-09,P,710.0,554,67,0.3689
2026-09-30,2026-10-09,P,715.0,270,148,0.3681
2026-09-30,2026-10-09,P,720.0,482,474,0.3663
2026-09-30,2026-10-09,P,725.0,330,284,0.3655
2026-09-30,2026-10-09,P,730.0,859,397,0.366
2026-09-30,2026-10-09,P,735.0,256,34,0.3676
2026-09-30,2026-10-09,P,737.5,88,2,0.3728
2026-09-30,2026-10-09,P,740.0,286,36,0.3756
2026-09-30,2026-10-09,P,742.5,20,1,0.377
2026-09-30,2026-10-09,P,745.0,151,55,0.3887
2026-09-30,2026-10-09,P,747.5,96,36,0.3772
2026-09-30,2026-10-09,P,750.0,2401,49,0.3921
2026-09-30,2026-10-09,P,752.5,67,30,0.4023
2026-09-30,2026-10-09,P,755.0,1301,2,0.4033
2026-09-30,2026-10-09,P,757.5,41,20,0.4105
2026-09-30,2026-10-09,P,760.0,155,4,0.4317
2026-09-30,2026-10-09,P,765.0,190,1,0.4477
2026-09-30,2026-10-09,P,770.0,139,6,0.4462
2026-09-30,2026-10-09,P,775.0,147,11,0.4599
2026-09-30,2026-10-09,P,780.0,111,4,0.4557
2026-09-30,2026-10-09,P,785.0,11,2,0.5215
2026-09-30,2026-10-09,P,790.0,12,6,0.5409
2026-09-30,2026-10-09,P,795.0,15,3,0.5612
2026-09-30,2026-10-09,P,800.0,21,4,0.5456
2026-09-30,2026-10-09,P,805.0,27,2,0.5993
2026-09-30,2026-10-09,P,810.0,26,1,0.6238
2026-09-30,2026-10-09,P,815.0,1,0,0.6434
2026-09-30,2026-10-09,P,820.0,19,2,0.6647
2026-09-30,2026-10-09,P,830.0,2,1,0.7107
2026-10-02,2026-10-02,C,620.0,433,48,1.3994
2026-10-02,2026-10-02,C,622.5,10,5,2.1773
2026-10-02,2026-10-02,C,625.0,178,29,1.3379
2026-10-02,2026-10-02,C,627.5,10,6,1.4541
2026-10-02,2026-10-02,C,630.0,398,40,1.3125
2026-10-02,2026-10-02,C,632.5,63,49,2.0054
2026-10-02,2026-10-02,C,635.0,186,6,1.3193
2026-10-02,2026-10-02,C,637.5,19,13,1.9197
2026-10-02,2026-10-02,C,640.0,479,42,1.6846
2026-10-02,2026-10-02,C,642.5,12,2,1.834
2026-10-02,2026-10-02,C,645.0,407,13,1.5947
2026-10-02,2026-10-02,C,647.5,50,10,1.748
2026-10-02,2026-10-02,C,650.0,1423,136,1.0781
2026-10-02,2026-10-02,C,652.5,15,4,1.6697
2026-10-02,2026-10-02,C,655.0,840,9,1.0156
2026-10-02,2026-10-02,C,657.5,15,1,1.5833
2026-10-02,2026-10-02,C,660.0,944,103,0.9404
2026-10-02,2026-10-02,C,662.5,68,7,0.9102
2026-10-02,2026-10-02,C,665.0,327,22,1.3337
2026-10-02,2026-10-02,C,667.5,226,19,1.3958
2026-10-02,2026-10-02,C,670.0,4607,83,0.918
2026-10-02,2026-10-02,C,672.5,58,1,1.3218
2026-10-02,2026-10-02,C,675.0,475,22,0.8506
2026-10-02,2026-10-02,C,677.5,68,2,1.2336
2026-10-02,2026-10-02,C,680.0,957,83,0.6934
2026-10-02,2026-10-02,C,682.5,44,30,1.1448
2026-10-02,2026-10-02,C,685.0,290,45,0.6309
2026-10-02,2026-10-02,C,687.5,61,42,0.647
2026-10-02,2026-10-02,C,690.0,509,220,0.7188
2026-10-02,2026-10-02,C,692.5,1024,27,0.9354
2026-10-02,2026-10-02,C,695.0,427,54,0.6167
2026-10-02,2026-10-02,C,697.5,66,11,0.6304
2026-10-02,2026-10-02,C,700.0,1318,943,0.6914
2026-10-02,2026-10-02,C,702.5,95,24,0.7708
2026-10-02,2026-10-02,C,705.0,202,76,0.5447
2026-10-02,2026-10-02,C,707.5,121,50,0.616
2026-10-02,2026-10-02,C,710.0,1429,1382,0.6145
2026-10-02,2026-10-02,C,712.5,247,120,0.5505
2026-10-02,2026-10-02,C,715.0,803,364,0.3154
2026-10-02,2026-10-02,C,717.5,550,326,0.3096
2026-10-02,2026-10-02,C,720.0,2977,1093,0.2625
2026-10-02,2026-10-02,C,722.5,856,885,0.2986
2026-10-02,2026-10-02,C,725.0,1757,3805,0.1431
2026-10-02,2026-10-02,C,727.5,1157,7469,0.0435
2026-10-02,2026-10-02,C,730.0,3259,28976,0.0432
2026-10-02,2026-10-02,C,732.5,1881,21838,0.0527
2026-10-02,2026-10-02,C,735.0,2349,32095,0.0781
2026-10-02,2026-10-02,C,737.5,804,12112,0.1016
2026-10-02,2026-10-02,C,740.0,7138,31070,0.125
2026-10-02,2026-10-02,C,742.5,1591,8270,0.1484
2026-10-02,2026-10-02,C,745.0,3223,11713,0.168
2026-10-02,2026-10-02,C,747.5,1301,6566,0.1914
2026-10-02,2026-10-02,C,750.0,13616,30241,0.2109
2026-10-02,2026-10-02,C,752.5,3887,4656,0.2344
2026-10-02,2026-10-02,C,755.0,2620,5325,0.2578
2026-10-02,2026-10-02,C,757.5,934,1932,0.2734
2026-10-02,2026-10-02,C,760.0,3880,3421,0.2969
2026-10-02,2026-10-02,C,765.0,5959,1652,0.3359
2026-10-02,2026-10-02,C,770.0,4449,2703,0.375
2026-10-02,2026-10-02,C,775.0,6960,1080,0.4141
2026-10-02,2026-10-02,C,780.0,4359,1919,0.4531
2026-10-02,2026-10-02,C,785.0,3755,449,0.4922
2026-10-02,2026-10-02,C,790.0,7862,413,0.5
2026-10-02,2026-10-02,C,795.0,1651,168,0.5313
2026-10-02,2026-10-02,C,800.0,15310,988,0.5625
2026-10-02,2026-10-02,C,805.0,2262,33,0.6094
2026-10-02,2026-10-02,C,810.0,2321,14,0.6406
2026-10-02,2026-10-02,C,815.0,2206,46,0.6719
2026-10-02,2026-10-02,C,820.0,3456,19,0.7031
2026-10-02,2026-10-02,C,825.0,942,21,0.75
2026-10-02,2026-10-02,C,830.0,6174,14,0.7813
2026-10-02,2026-10-02,C,835.0,1080,12,0.8125
2026-10-02,2026-10-02,P,620.0,1120,17,0.9375
2026-10-02,2026-10-02,P,622.5,32,3,0.9063
2026-10-02,2026-10-02,P,625.0,552,204,0.9063
2026-10-02,2026-10-02,P,627.5,67,25,0.875
2026-10-02,2026-10-02,P,630.0,2166,85,0.8438
2026-10-02,2026-10-02,P,632.5,152,19,0.8438
2026-10-02,2026-10-02,P,635.0,815,134,0.8125
2026-10-02,2026-10-02,P,637.5,133,9,0.7813
2026-10-02,2026-10-02,P,640.0,1040,4,0.7656
2026-10-02,2026-10-02,P,642.5,202,137,0.75
2026-10-02,2026-10-02,P,645.0,646,27,0.7188
2026-10-02,2026-10-02,P,647.5,134,26,0.7031
2026-10-02,2026-10-02,P,650.0,2419,113,0.6875
2026-10-02,2026-10-02,P,652.5,1938,7,0.6563
2026-10-02,2026-10-02,P,655.0,2773,14,0.6406
2026-10-02,2026-10-02,P,657.5,201,78,0.625
2026-10-02,2026-10-02,P,660.0,974,84,0.5938
2026-10-02,2026-10-02,P,662.5,249,15,0.5781
2026-10-02,2026-10-02,P,665.0,521,322,0.5625
2026-10-02,2026-10-02,P,667.5,210,76,0.5313
2026-10-02,2026-10-02,P,670.0,2288,222,0.5156
2026-10-02,2026-10-02,P,672.5,763,47,0.5234
2026-10-02,2026-10-02,P,675.0,1478,430,0.5
2026-10-02,2026-10-02,P,677.5,888,43,0.6348
2026-10-02,2026-10-02,P,680.0,1925,406,0.4531
2026-10-02,2026-10-02,P,682.5,659,39,0.4844
2026-10-02,2026-10-02,P,685.0,1231,215,0.4063
2026-10-02,2026-10-02,P,687.5,1042,238,0.5215
2026-10-02,2026-10-02,P,690.0,1955,790,0.3672
2026-10-02,2026-10-02,P,692.5,687,122,0.6187
2026-10-02,2026-10-02,P,695.0,1200,489,0.3203
2026-10-02,2026-10-02,P,697.5,825,311,0.2969
2026-10-02,2026-10-02,P,700.0,6334,1655,0.2734
2026-10-02,2026-10-02,P,702.5,551,398,0.2539
2026-10-02,2026-10-02,P,705.0,1355,876,0.2305
2026-10-02,2026-10-02,P,707.5,498,551,0.207
2026-10-02,2026-10-02,P,710.0,2307,3159,0.1836
2026-10-02,2026-10-02,P,712.5,951,1325,0.2349
2026-10-02,2026-10-02,P,715.0,3313,4928,0.1367
2026-10-02,2026-10-02,P,717.5,873,2469,0.1133
2026-10-02,2026-10-02,P,720.0,4045,12562,0.0899
2026-10-02,2026-10-02,P,722.5,1007,5412,0.0918
2026-10-02,2026-10-02,P,725.0,2394,15478,0.0391
2026-10-02,2026-10-02,P,727.5,842,13625,0.0558
2026-10-02,2026-10-02,P,730.0,2645,21171,0.1007
2026-10-02,2026-10-02,P,732.5,442,5888,0.1591
2026-10-02,2026-10-02,P,735.0,1020,5238,0.1865
2026-10-02,2026-10-02,P,737.5,395,769,0.3679
2026-10-02,2026-10-02,P,740.0,1621,1756,0.2681
2026-10-02,2026-10-02,P,742.5,166,467,0.3831
2026-10-02,2026-10-02,P,745.0,547,243,0.3506
2026-10-02,2026-10-02,P,747.5,403,51,0.5552
2026-10-02,2026-10-02,P,750.0,1508,448,0.4143
2026-10-02,2026-10-02,P,752.5,594,111,0.6404
2026-10-02,2026-10-02,P,755.0,655,70,0.6816
2026-10-02,2026-10-02,P,757.5,357,11,0.7219
2026-10-02,2026-10-02,P,760.0,360,144,0.5669
2026-10-02,2026-10-02,P,765.0,112,12,0.8386
2026-10-02,2026-10-02,P,770.0,8,17,0.9197
2026-10-02,2026-10-02,P,775.0,10,13,0.9993
2026-10-02,2026-10-02,P,780.0,4,6,0.7031
2026-10-02,2026-10-02,P,785.0,0,2,0.7256
2026-10-02,2026-10-02,P,790.0,1,3,0.8086
2026-10-02,2026-10-02,P,795.0,0,84,0.8604
2026-10-02,2026-10-02,P,800.0,4,6,0.8623
2026-10-02,2026-10-02,P,805.0,0,35,0.9238
2026-10-02,2026-10-02,P,810.0,0,1,1.0107
2026-10-02,2026-10-02,P,815.0,0,58,1.0039
2026-10-02,2026-10-02,P,820.0,0,8,1.0498
2026-10-02,2026-10-02,P,825.0,0,8,1.1543
2026-10-02,2026-10-02,P,830.0,0,2,1.2012
2026-10-02,2026-10-02,P,835.0,0,5,1.2471
2026-10-02,2026-10-05,C,625.0,1,1,1.0804
2026-10-02,2026-10-05,C,630.0,3,1,1.0371
2026-10-02,2026-10-05,C,635.0,4,26,0.9939
2026-10-02,2026-10-05,C,642.5,9,2,0.9291
2026-10-02,2026-10-05,C,645.0,6,34,0.8356
2026-10-02,2026-10-05,C,647.5,11,18,0.9124
2026-10-02,2026-10-05,C,650.0,7,6,0.8641
2026-10-02,2026-10-05,C,652.5,7,6,0.8424
2026-10-02,2026-10-05,C,655.0,15,12,0.8496
2026-10-02,2026-10-05,C,657.5,9,4,0.8274
2026-10-02,2026-10-05,C,660.0,4,14,0.7771
2026-10-02,2026-10-05,C,667.5,21,44,0.7116
2026-10-02,2026-10-05,C,670.0,24,10,0.6929
2026-10-02,2026-10-05,C,675.0,7,7,0.6486
2026-10-02,2026-10-05,C,680.0,46,22,0.6039
2026-10-02,2026-10-05,C,682.5,29,12,0.5813
2026-10-02,2026-10-05,C,685.0,41,4,0.5703
2026-10-02,2026-10-05,C,690.0,9,50,0.4568
2026-10-02,2026-10-05,C,692.5,20,5,0.5138
2026-10-02,2026-10-05,C,695.0,22,2,0.4924
2026-10-02,2026-10-05,C,700.0,340,29,0.2714
2026-10-02,2026-10-05,C,705.0,78,16,0.3391
2026-10-02,2026-10-05,C,707.5,47,1,0.2823
2026-10-02,2026-10-05,C,710.0,181,97,0.2354
2026-10-02,2026-10-05,C,715.0,57,143,0.2189
2026-10-02,2026-10-05,C,717.5,40,144,0.2127
2026-10-02,2026-10-05,C,720.0,2053,545,0.2047
2026-10-02,2026-10-05,C,722.5,192,192,0.1981
2026-10-02,2026-10-05,C,725.0,704,1452,0.2006
2026-10-02,2026-10-05,C,727.5,237,1913,0.1959
2026-10-02,2026-10-05,C,730.0,1094,4473,0.1941
2026-10-02,2026-10-05,C,732.5,283,3143,0.1968
2026-10-02,2026-10-05,C,735.0,559,4049,0.1959
2026-10-02,2026-10-05,C,737.5,335,1078,0.1989
2026-10-02,2026-10-05,C,740.0,3281,3569,0.2005
2026-10-02,2026-10-05,C,742.5,335,975,0.1978
2026-10-02,2026-10-05,C,745.0,1744,2494,0.1992
2026-10-02,2026-10-05,C,747.5,165,745,0.2022
2026-10-02,2026-10-05,C,750.0,1585,8151,0.2055
2026-10-02,2026-10-05,C,755.0,616,1671,0.2119
2026-10-02,2026-10-05,C,760.0,472,2166,0.2202
2026-10-02,2026-10-05,C,765.0,448,904,0.2295
2026-10-02,2026-10-05,C,770.0,503,1265,0.2422
2026-10-02,2026-10-05,C,775.0,556,607,0.2568
2026-10-02,2026-10-05,C,780.0,316,890,0.2686
2026-10-02,2026-10-05,C,785.0,241,1918,0.291
2026-10-02,2026-10-05,C,790.0,741,3828,0.3184
2026-10-02,2026-10-05,C,795.0,243,32,0.3027
2026-10-02,2026-10-05,C,800.0,1203,2960,0.3457
2026-10-02,2026-10-05,C,805.0,147,137,0.4204
2026-10-02,2026-10-05,C,810.0,150,29,0.3359
2026-10-02,2026-10-05,C,815.0,273,80,0.3555
2026-10-02,2026-10-05,C,820.0,178,27,0.375
2026-10-02,2026-10-05,C,825.0,91,132,0.3906
2026-10-02,2026-10-05,C,830.0,191,353,0.4063
2026-10-02,2026-10-05,C,835.0,29,5,0.4219
2026-10-02,2026-10-05,P,620.0,117,35,0.5508
2026-10-02,2026-10-05,P,625.0,129,85,0.5391
2026-10-02,2026-10-05,P,630.0,32,5,0.5137
2026-10-02,2026-10-05,P,635.0,53,21,0.6523
2026-10-02,2026-10-05,P,637.5,26,12,0.4863
2026-10-02,2026-10-05,P,640.0,56,1,0.5381
2026-10-02,2026-10-05,P,642.5,10,3,0.4219
2026-10-02,2026-10-05,P,645.0,23,4,0.4492
2026-10-02,2026-10-05,P,647.5,38,3,0.3984
2026-10-02,2026-10-05,P,650.0,233,31,0.4316
2026-10-02,2026-10-05,P,652.5,20,5,0.5479
2026-10-02,2026-10-05,P,655.0,112,1,0.5308
2026-10-02,2026-10-05,P,657.5,30,6,0.4219
2026-10-02,2026-10-05,P,660.0,101,3,0.5613
2026-10-02,2026-10-05,P,662.5,54,21,0.4656
2026-10-02,2026-10-05,P,665.0,105,15,0.3379
2026-10-02,2026-10-05,P,667.5,25,22,0.3828
2026-10-02,2026-10-05,P,670.0,282,26,0.479
2026-10-02,2026-10-05,P,672.5,98,12,0.3438
2026-10-02,2026-10-05,P,675.0,197,47,0.3433
2026-10-02,2026-10-05,P,677.5,103,9,0.4126
2026-10-02,2026-10-05,P,680.0,807,218,0.2803
2026-10-02,2026-10-05,P,682.5,139,54,0.3618
2026-10-02,2026-10-05,P,685.0,256,115,0.2539
2026-10-02,2026-10-05,P,687.5,166,120,0.2451
2026-10-02,2026-10-05,P,690.0,482,417,0.2388
2026-10-02,2026-10-05,P,692.5,113,68,0.231
2026-10-02,2026-10-05,P,695.0,153,316,0.2192
2026-10-02,2026-10-05,P,697.5,128,277,0.2183
2026-10-02,2026-10-05,P,700.0,1027,1545,0.2131
2026-10-02,2026-10-05,P,702.5,326,206,0.2083
2026-10-02,2026-10-05,P,705.0,194,686,0.2051
2026-10-02,2026-10-05,P,707.5,154,347,0.2009
2026-10-02,2026-10-05,P,710.0,245,1508,0.1998
2026-10-02,2026-10-05,P,712.5,280,536,0.1984
2026-10-02,2026-10-05,P,715.0,203,798,0.1998
2026-10-02,2026-10-05,P,717.5,1273,775,0.199
2026-10-02,2026-10-05,P,720.0,550,1066,0.199
2026-10-02,2026-10-05,P,722.5,253,293,0.1975
2026-10-02,2026-10-05,P,725.0,227,810,0.1949
2026-10-02,2026-10-05,P,727.5,357,1128,0.1953
2026-10-02,2026-10-05,P,730.0,748,3105,0.2034
2026-10-02,2026-10-05,P,732.5,147,466,0.2013
2026-10-02,2026-10-05,P,735.0,266,352,0.231
2026-10-02,2026-10-05,P,737.5,103,187,0.2402
2026-10-02,2026-10-05,P,740.0,101,257,0.2439
2026-10-02,2026-10-05,P,742.5,81,42,0.265
2026-10-02,2026-10-05,P,745.0,136,57,0.2999
2026-10-02,2026-10-05,P,747.5,241,86,0.3104
2026-10-02,2026-10-05,P,750.0,225,100,0.3261
2026-10-02,2026-10-05,P,755.0,88,73,0.408
2026-10-02,2026-10-05,P,760.0,50,5,0.4659
2026-10-02,2026-10-05,P,765.0,213,6,0.5183
2026-10-02,2026-10-05,P,770.0,53,22,0.5447
2026-10-02,2026-10-05,P,775.0,69,6,0.5872
2026-10-02,2026-10-05,P,780.0,1,1,0.6289
2026-10-02,2026-10-05,P,785.0,0,9,0.6726
2026-10-02,2026-10-05,P,790.0,0,28,0.7013
2026-10-02,2026-10-05,P,795.0,0,2,0.7377
2026-10-02,2026-10-05,P,800.0,0,42,0.7703
2026-10-02,2026-10-05,P,805.0,7,7,0.8114
2026-10-02,2026-10-05,P,835.0,0,1,0.655
2026-10-02,2026-10-07,C,650.0,9,1,0.7056
2026-10-02,2026-10-07,C,660.0,6,24,0.6657
2026-10-02,2026-10-07,C,665.0,3,38,0.6209
2026-10-02,2026-10-07,C,680.0,40,67,0.5077
2026-10-02,2026-10-07,C,690.0,22,5,0.4475
2026-10-02,2026-10-07,C,700.0,50,133,0.3604
2026-10-02,2026-10-07,C,705.0,72,68,0.3104
2026-10-02,2026-10-07,C,710.0,21,170,0.2932
2026-10-02,2026-10-07,C,715.0,23,170,0.2888
2026-10-02,2026-10-07,C,720.0,103,115,0.2812
2026-10-02,2026-10-07,C,725.0,151,76,0.2822
2026-10-02,2026-10-07,C,730.0,148,954,0.2784
2026-10-02,2026-10-07,C,732.5,126,346,0.2774
2026-10-02,2026-10-07,C,735.0,181,641,0.2764
2026-10-02,2026-10-07,C,740.0,185,427,0.2767
2026-10-02,2026-10-07,C,745.0,52,340,0.2775
2026-10-02,2026-10-07,C,747.5,45,87,0.2791
2026-10-02,2026-10-07,C,750.0,222,1218,0.2802
2026-10-02,2026-10-07,C,755.0,743,5604,0.2813
2026-10-02,2026-10-07,C,760.0,127,547,0.2868
2026-10-02,2026-10-07,C,765.0,210,259,0.2922
2026-10-02,2026-10-07,C,770.0,210,636,0.2943
2026-10-02,2026-10-07,C,775.0,132,551,0.2996
2026-10-02,2026-10-07,C,780.0,249,388,0.3106
2026-10-02,2026-10-07,C,785.0,82,123,0.3135
2026-10-02,2026-10-07,C,790.0,129,170,0.3179
2026-10-02,2026-10-07,C,795.0,88,49,0.3252
2026-10-02,2026-10-07,C,800.0,636,832,0.3311
2026-10-02,2026-10-07,C,805.0,34,6,0.3467
2026-10-02,2026-10-07,C,810.0,18,32,0.335
2026-10-02,2026-10-07,C,820.0,30,22,0.4434
2026-10-02,2026-10-07,C,825.0,59,219,0.3789
2026-10-02,2026-10-07,C,830.0,35,15,0.5535
2026-10-02,2026-10-07,P,650.0,59,50,0.3945
2026-10-02,2026-10-07,P,655.0,37,18,0.3833
2026-10-02,2026-10-07,P,670.0,125,31,0.3364
2026-10-02,2026-10-07,P,680.0,173,314,0.3079
2026-10-02,2026-10-07,P,685.0,92,182,0.2979
2026-10-02,2026-10-07,P,690.0,63,193,0.292
2026-10-02,2026-10-07,P,695.0,66,110,0.2866
2026-10-02,2026-10-07,P,700.0,628,300,0.2813
2026-10-02,2026-10-07,P,705.0,115,100,0.2774
2026-10-02,2026-10-07,P,710.0,117,96,0.2753
2026-10-02,2026-10-07,P,715.0,64,306,0.2744
2026-10-02,2026-10-07,P,720.0,87,154,0.2722
2026-10-02,2026-10-07,P,725.0,228,208,0.2736
2026-10-02,2026-10-07,P,730.0,206,350,0.2725
2026-10-02,2026-10-07,P,735.0,69,112,0.2731
2026-10-02,2026-10-07,P,737.5,92,16,0.2737
2026-10-02,2026-10-07,P,740.0,124,47,0.2762
2026-10-02,2026-10-07,P,742.5,80,4,0.3068
2026-10-02,2026-10-07,P,745.0,21,12,0.312
2026-10-02,2026-10-07,P,747.5,11,11,0.3155
2026-10-02,2026-10-07,P,750.0,84,8,0.3223
2026-10-02,2026-10-07,P,755.0,34,3,0.3254
2026-10-02,2026-10-07,P,760.0,44,1,0.4179
2026-10-02,2026-10-07,P,765.0,43,54,0.4446
2026-10-02,2026-10-07,P,770.0,19,7,0.4755
2026-10-02,2026-10-07,P,775.0,24,5,0.486
2026-10-02,2026-10-07,P,780.0,14,8,0.5355
2026-10-02,2026-10-07,P,790.0,3,2,0.575
2026-10-02,2026-10-07,P,800.0,10,2,0.6289
2026-10-02,2026-10-09,C,620.0,119,12,0.5811
2026-10-02,2026-10-09,C,625.0,67,2,0.5667
2026-10-02,2026-10-09,C,630.0,284,5,0.5764
2026-10-02,2026-10-09,C,635.0,69,5,0.5261
2026-10-02,2026-10-09,C,640.0,211,33,0.5435
2026-10-02,2026-10-09,C,645.0,134,7,0.5059
2026-10-02,2026-10-09,C,650.0,224,46,0.6397
2026-10-02,2026-10-09,C,655.0,135,75,0.6105
2026-10-02,2026-10-09,C,657.5,3,41,0.597
2026-10-02,2026-10-09,C,660.0,345,7,0.6017
2026-10-02,2026-10-09,C,662.5,7,5,0.5877
2026-10-02,2026-10-09,C,665.0,742,4,0.5735
2026-10-02,2026-10-09,C,670.0,432,9,0.53
2026-10-02,2026-10-09,C,672.5,17,4,0.5341
2026-10-02,2026-10-09,C,675.0,286,23,0.5231
2026-10-02,2026-10-09,C,677.5,13,1,0.5061
2026-10-02,2026-10-09,C,680.0,277,20,0.5002
2026-10-02,2026-10-09,C,682.5,27,26,0.4901
2026-10-02,2026-10-09,C,685.0,418,8,0.4619
2026-10-02,2026-10-09,C,687.5,71,1,0.47
2026-10-02,2026-10-09,C,690.0,211,44,0.4146
2026-10-02,2026-10-09,C,692.5,11,1,0.4432
2026-10-02,2026-10-09,C,695.0,194,8,0.4277
2026-10-02,2026-10-09,C,697.5,24,5,0.4255
2026-10-02,2026-10-09,C,700.0,762,277,0.3731
2026-10-02,2026-10-09,C,702.5,72,5,0.3806
2026-10-02,2026-10-09,C,705.0,179,83,0.3479
2026-10-02,2026-10-09,C,710.0,212,713,0.3362
2026-10-02,2026-10-09,C,715.0,463,96,0.326
2026-10-02,2026-10-09,C,720.0,849,461,0.3212
2026-10-02,2026-10-09,C,725.0,744,437,0.3206
2026-10-02,2026-10-09,C,730.0,717,2044,0.3144
2026-10-02,2026-10-09,C,735.0,624,1130,0.3155
2026-10-02,2026-10-09,C,737.5,155,2076,0.3153
2026-10-02,2026-10-09,C,740.0,916,2053,0.3146
2026-10-02,2026-10-09,C,742.5,104,309,0.316
2026-10-02,2026-10-09,C,745.0,237,466,0.3157
2026-10-02,2026-10-09,C,747.5,91,91,0.3151
2026-10-02,2026-10-09,C,750.0,4790,5495,0.3142
2026-10-02,2026-10-09,C,752.5,401,473,0.3173
2026-10-02,2026-10-09,C,755.0,921,2663,0.3176
2026-10-02,2026-10-09,C,757.5,104,688,0.3179
2026-10-02,2026-10-09,C,760.0,687,875,0.3182
2026-10-02,2026-10-09,C,765.0,500,330,0.3201
2026-10-02,2026-10-09,C,770.0,1044,765,0.3229
2026-10-02,2026-10-09,C,775.0,537,510,0.3269
2026-10-02,2026-10-09,C,780.0,986,597,0.33
2026-10-02,2026-10-09,C,785.0,478,518,0.334
2026-10-02,2026-10-09,C,790.0,660,260,0.3381
2026-10-02,2026-10-09,C,795.0,715,378,0.3425
2026-10-02,2026-10-09,C,800.0,2579,2919,0.3477
2026-10-02,2026-10-09,C,805.0,1245,175,0.3574
2026-10-02,2026-10-09,C,810.0,660,125,0.3652
2026-10-02,2026-10-09,C,815.0,242,37,0.3709
2026-10-02,2026-10-09,C,820.0,488,125,0.3779
2026-10-02,2026-10-09,C,825.0,340,279,0.3774
2026-10-02,2026-10-09,C,830.0,171,189,0.3984
2026-10-02,2026-10-09,C,835.0,189,58,0.4053
2026-10-02,2026-10-09,P,620.0,273,42,0.4678
2026-10-02,2026-10-09,P,625.0,559,241,0.4502
2026-10-02,2026-10-09,P,630.0,300,214,0.4419
2026-10-02,2026-10-09,P,635.0,335,78,0.4287
2026-10-02,2026-10-09,P,640.0,452,68,0.3999
2026-10-02,2026-10-09,P,645.0,1807,224,0.3931
2026-10-02,2026-10-09,P,650.0,662,232,0.3811
2026-10-02,2026-10-09,P,655.0,451,97,0.3691
2026-10-02,2026-10-09,P,657.5,146,27,0.3711
2026-10-02,2026-10-09,P,660.0,835,342,0.3608
2026-10-02,2026-10-09,P,662.5,76,78,0.3555
2026-10-02,2026-10-09,P,665.0,689,70,0.3495
2026-10-02,2026-10-09,P,667.5,50,79,0.3418
2026-10-02,2026-10-09,P,670.0,433,394,0.3379
2026-10-02,2026-10-09,P,672.5,120,442,0.3337
2026-10-02,2026-10-09,P,675.0,387,582,0.3312
2026-10-02,2026-10-09,P,677.5,277,138,0.3302
2026-10-02,2026-10-09,P,680.0,688,447,0.3317
2026-10-02,2026-10-09,P,682.5,79,124,0.3287
2026-10-02,2026-10-09,P,685.0,291,593,0.3203
2026-10-02,2026-10-09,P,687.5,203,93,0.32
2026-10-02,2026-10-09,P,690.0,852,346,0.3162
2026-10-02,2026-10-09,P,692.5,88,68,0.3129
2026-10-02,2026-10-09,P,695.0,172,295,0.3115
2026-10-02,2026-10-09,P,697.5,285,220,0.3126
2026-10-02,2026-10-09,P,700.0,1340,1091,0.3098
2026-10-02,2026-10-09,P,702.5,397,141,0.3103
2026-10-02,2026-10-09,P,705.0,297,325,0.3106
2026-10-02,2026-10-09,P,710.0,574,1305,0.3073
2026-10-02,2026-10-09,P,715.0,335,283,0.3052
2026-10-02,2026-10-09,P,720.0,564,733,0.3038
2026-10-02,2026-10-09,P,725.0,384,367,0.3026
2026-10-02,2026-10-09,P,730.0,847,817,0.3024
2026-10-02,2026-10-09,P,735.0,264,192,0.3068
2026-10-02,2026-10-09,P,737.5,89,282,0.3052
2026-10-02,2026-10-09,P,740.0,305,153,0.3068
2026-10-02,2026-10-09,P,742.5,21,13,0.3243
2026-10-02,2026-10-09,P,745.0,197,17,0.3256
2026-10-02,2026-10-09,P,747.5,96,15,0.3333
2026-10-02,2026-10-09,P,750.0,2399,82,0.329
2026-10-02,2026-10-09,P,752.5,94,24,0.3399
2026-10-02,2026-10-09,P,755.0,1301,29,0.3427
2026-10-02,2026-10-09,P,757.5,47,20,0.3654
2026-10-02,2026-10-09,P,760.0,159,58,0.3603
2026-10-02,2026-10-09,P,765.0,191,14,0.3768
2026-10-02,2026-10-09,P,770.0,137,18,0.3888
2026-10-02,2026-10-09,P,775.0,147,11,0.4018
2026-10-02,2026-10-09,P,780.0,111,14,0.4408
2026-10-02,2026-10-09,P,785.0,11,6,0.497
2026-10-02,2026-10-09,P,790.0,12,39,0.5161
2026-10-02,2026-10-09,P,795.0,13,5,0.5383
2026-10-02,2026-10-09,P,800.0,21,2,0.5289
2026-10-02,2026-10-09,P,805.0,27,2,0.5826
2026-10-02,2026-10-09,P,810.0,26,1,0.5959
2026-10-02,2026-10-09,P,820.0,0,2,0.636
2026-10-02,2026-10-09,P,830.0,0,1,0.6866
2026-10-02,2026-10-16,C,620.0,3819,104,0.5756
2026-10-02,2026-10-16,C,625.0,1070,35,0.5925
2026-10-02,2026-10-16,C,630.0,3129,10,0.5692
2026-10-02,2026-10-16,C,635.0,730,6,0.5613
2026-10-02,2026-10-16,C,640.0,4142,17,0.5322
2026-10-02,2026-10-16,C,645.0,1039,2,0.5068
2026-10-02,2026-10-16,C,650.0,7319,56,0.4671
2026-10-02,2026-10-16,C,655.0,1560,27,0.4781
2026-10-02,2026-10-16,C,657.5,60,30,0.5043
2026-10-02,2026-10-16,C,660.0,2347,19,0.4395
2026-10-02,2026-10-16,C,662.5,11,5,0.4888
2026-10-02,2026-10-16,C,665.0,1191,7,0.4372
2026-10-02,2026-10-16,C,667.5,44,15,0.4752
2026-10-02,2026-10-16,C,670.0,3205,45,0.4183
2026-10-02,2026-10-16,C,672.5,23,10,0.4072
2026-10-02,2026-10-16,C,675.0,2978,274,0.3946
2026-10-02,2026-10-16,C,677.5,32,1,0.4409
2026-10-02,2026-10-16,C,680.0,4001,53,0.3978
2026-10-02,2026-10-16,C,682.5,101,1,0.4264
2026-10-02,2026-10-16,C,685.0,1172,22,0.3904
2026-10-02,2026-10-16,C,687.5,79,4,0.3949
2026-10-02,2026-10-16,C,690.0,1808,85,0.3707
2026-10-02,2026-10-16,C,692.5,74,18,0.3849
2026-10-02,2026-10-16,C,695.0,949,136,0.3807
2026-10-02,2026-10-16,C,697.5,161,70,0.3759
2026-10-02,2026-10-16,C,700.0,21369,568,0.3646
2026-10-02,2026-10-16,C,702.5,189,188,0.3675
2026-10-02,2026-10-16,C,705.0,1394,39,0.3648
2026-10-02,2026-10-16,C,710.0,6129,79,0.3472
2026-10-02,2026-10-16,C,715.0,1446,129,0.3434
2026-10-02,2026-10-16,C,720.0,5196,248,0.3425
2026-10-02,2026-10-16,C,725.0,3416,496,0.3391
2026-10-02,2026-10-16,C,730.0,4872,820,0.3366
2026-10-02,2026-10-16,C,735.0,2531,566,0.3367
2026-10-02,2026-10-16,C,740.0,4264,463,0.336
2026-10-02,2026-10-16,C,745.0,898,151,0.3346
2026-10-02,2026-10-16,C,750.0,16371,3901,0.3352
2026-10-02,2026-10-16,C,755.0,1662,603,0.3373
2026-10-02,2026-10-16,C,760.0,5173,441,0.3383
2026-10-02,2026-10-16,C,765.0,9051,532,0.3372
2026-10-02,2026-10-16,C,770.0,3875,420,0.3372
2026-10-02,2026-10-16,C,775.0,9346,663,0.339
2026-10-02,2026-10-16,C,780.0,2972,312,0.3405
2026-10-02,2026-10-16,C,785.0,1174,139,0.342
2026-10-02,2026-10-16,C,790.0,2000,523,0.3424
2026-10-02,2026-10-16,C,795.0,1035,161,0.3475
2026-10-02,2026-10-16,C,800.0,20540,2537,0.3471
2026-10-02,2026-10-16,C,805.0,1524,178,0.3541
2026-10-02,2026-10-16,C,810.0,1579,251,0.3584
2026-10-02,2026-10-16,C,815.0,2642,123,0.3582
2026-10-02,2026-10-16,C,820.0,9014,256,0.364
2026-10-02,2026-10-16,C,825.0,20745,162,0.3678
2026-10-02,2026-10-16,C,830.0,3193,332,0.3735
2026-10-02,2026-10-16,C,835.0,2037,171,0.375
2026-10-02,2026-10-16,P,620.0,2562,177,0.4031
2026-10-02,2026-10-16,P,625.0,2362,216,0.3943
2026-10-02,2026-10-16,P,630.0,1707,316,0.3862
2026-10-02,2026-10-16,P,635.0,872,149,0.3787
2026-10-02,2026-10-16,P,640.0,3212,342,0.3721
2026-10-02,2026-10-16,P,645.0,1792,259,0.3638
2026-10-02,2026-10-16,P,650.0,3001,339,0.3583
2026-10-02,2026-10-16,P,655.0,1002,104,0.3529
2026-10-02,2026-10-16,P,657.5,224,25,0.3511
2026-10-02,2026-10-16,P,660.0,2183,158,0.3477
2026-10-02,2026-10-16,P,662.5,221,72,0.346
2026-10-02,2026-10-16,P,665.0,1690,168,0.3431
2026-10-02,2026-10-16,P,667.5,277,9,0.3417
2026-10-02,2026-10-16,P,670.0,3539,305,0.3394
2026-10-02,2026-10-16,P,672.5,181,12,0.3383
2026-10-02,2026-10-16,P,675.0,3717,3030,0.3343
2026-10-02,2026-10-16,P,677.5,313,48,0.3354
2026-10-02,2026-10-16,P,680.0,1937,474,0.3311
2026-10-02,2026-10-16,P,682.5,247,28,0.3318
2026-10-02,2026-10-16,P,685.0,1808,263,0.3289
2026-10-02,2026-10-16,P,687.5,360,26,0.3291
2026-10-02,2026-10-16,P,690.0,1564,137,0.3272
2026-10-02,2026-10-16,P,692.5,383,61,0.3256
2026-10-02,2026-10-16,P,695.0,907,120,0.3255
2026-10-02,2026-10-16,P,697.5,539,119,0.3266
2026-10-02,2026-10-16,P,700.0,6404,1937,0.3236
2026-10-02,2026-10-16,P,702.5,411,26,0.3238
2026-10-02,2026-10-16,P,705.0,653,77,0.3241
2026-10-02,2026-10-16,P,710.0,1264,140,0.322
2026-10-02,2026-10-16,P,715.0,1131,117,0.3208
2026-10-02,2026-10-16,P,720.0,2336,355,0.3196
2026-10-02,2026-10-16,P,725.0,1182,1593,0.3192
2026-10-02,2026-10-16,P,730.0,1132,1026,0.3193
2026-10-02,2026-10-16,P,735.0,624,408,0.3193
2026-10-02,2026-10-16,P,740.0,1802,64,0.3201
2026-10-02,2026-10-16,P,745.0,1027,38,0.32
2026-10-02,2026-10-16,P,750.0,2951,35,0.3201
2026-10-02,2026-10-16,P,755.0,383,8,0.3205
2026-10-02,2026-10-16,P,760.0,2492,35,0.34
2026-10-02,2026-10-16,P,765.0,1988,17,0.3379
2026-10-02,2026-10-16,P,770.0,481,8,0.3572
2026-10-02,2026-10-16,P,775.0,456,2,0.3652
2026-10-02,2026-10-16,P,780.0,495,4,0.3687
2026-10-02,2026-10-16,P,785.0,137,35,0.3844
2026-10-02,2026-10-16,P,790.0,429,8,0.3798
2026-10-02,2026-10-16,P,795.0,172,1,0.4191
2026-10-02,2026-10-16,P,800.0,724,7,0.3946
2026-10-02,2026-10-16,P,805.0,90,2,0.4456
2026-10-02,2026-10-16,P,810.0,86,1,0.4594
2026-10-02,2026-10-16,P,815.0,69,1,0.4757
2026-10-02,2026-10-16,P,820.0,78,2,0.4901
2026-10-02,2026-10-16,P,825.0,138,70,0.504
2026-10-02,2026-10-16,P,830.0,47,10,0.5176
2026-10-02,2026-10-16,P,835.0,104,34,0.5289
2026-10-05,2026-10-07,C,635.0,5,0,1.6963
2026-10-05,2026-10-07,C,640.0,1,0,1.5293
2026-10-05,2026-10-07,C,642.5,19,50,1.6089
2026-10-05,2026-10-07,C,645.0,31,92,1.3965
2026-10-05,2026-10-07,C,647.5,4,80,1.5688
2026-10-05,2026-10-07,C,650.0,6,69,1.3203
2026-10-05,2026-10-07,C,652.5,26,112,1.4502
2026-10-05,2026-10-07,C,655.0,14,130,1.2632
2026-10-05,2026-10-07,C,657.5,24,75,1.397
2026-10-05,2026-10-07,C,660.0,6,38,1.3721
2026-10-05,2026-10-07,C,662.5,6,48,1.2871
2026-10-05,2026-10-07,C,665.0,7,35,1.2188
2026-10-05,2026-10-07,C,667.5,50,14,1.2505
2026-10-05,2026-10-07,C,670.0,30,34,1.1484
2026-10-05,2026-10-07,C,672.5,8,37,1.1548
2026-10-05,2026-10-07,C,675.0,6,25,1.1074
2026-10-05,2026-10-07,C,677.5,6,18,1.0879
2026-10-05,2026-10-07,C,680.0,46,6,1.0405
2026-10-05,2026-10-07,C,682.5,36,21,0.9771
2026-10-05,2026-10-07,C,685.0,18,12,0.9521
2026-10-05,2026-10-07,C,687.5,31,12,0.8149
2026-10-05,2026-10-07,C,690.0,34,18,0.895
2026-10-05,2026-10-07,C,695.0,55,94,0.812
2026-10-05,2026-10-07,C,697.5,17,48,0.7886
2026-10-05,2026-10-07,C,700.0,70,433,0.5693
2026-10-05,2026-10-07,C,702.5,16,31,0.7007
2026-10-05,2026-10-07,C,705.0,71,114,0.6753
2026-10-05,2026-10-07,C,707.5,68,58,0.6372
2026-10-05,2026-10-07,C,710.0,139,109,0.8608
2026-10-05,2026-10-07,C,712.5,55,58,0.8179
2026-10-05,2026-10-07,C,715.0,150,116,0.7271
2026-10-05,2026-10-07,C,717.5,41,95,0.7332
2026-10-05,2026-10-07,C,720.0,118,173,0.5459
2026-10-05,2026-10-07,C,722.5,105,52,0.4993
2026-10-05,2026-10-07,C,725.0,189,134,0.4559
2026-10-05,2026-10-07,C,727.5,159,154,0.4316
2026-10-05,2026-10-07,C,730.0,644,557,0.3829
2026-10-05,2026-10-07,C,732.5,450,444,0.3818
2026-10-05,2026-10-07,C,735.0,615,702,0.3671
2026-10-05,2026-10-07,C,737.5,460,1714,0.3589
2026-10-05,2026-10-07,C,740.0,621,8655,0.3524
2026-10-05,2026-10-07,C,742.5,1001,7760,0.3536
2026-10-05,2026-10-07,C,745.0,724,13539,0.3497
2026-10-05,2026-10-07,C,747.5,355,3284,0.3496
2026-10-05,2026-10-07,C,750.0,4730,13715,0.3549
2026-10-05,2026-10-07,C,755.0,2417,7714,0.3669
2026-10-05,2026-10-07,C,760.0,1005,11895,0.3857
2026-10-05,2026-10-07,C,765.0,709,3893,0.4126
2026-10-05,2026-10-07,C,770.0,1368,4209,0.4419
2026-10-05,2026-10-07,C,775.0,1009,6493,0.4834
2026-10-05,2026-10-07,C,780.0,1692,3848,0.5
2026-10-05,2026-10-07,C,785.0,2478,1274,0.5205
2026-10-05,2026-10-07,C,790.0,1403,1436,0.5449
2026-10-05,2026-10-07,C,795.0,301,435,0.5586
2026-10-05,2026-10-07,C,800.0,2161,1769,0.5938
2026-10-05,2026-10-07,C,805.0,150,367,0.625
2026-10-05,2026-10-07,C,810.0,43,453,0.6289
2026-10-05,2026-10-07,C,815.0,108,62,0.6641
2026-10-05,2026-10-07,C,820.0,81,549,0.625
2026-10-05,2026-10-07,C,825.0,310,17,0.6563
2026-10-05,2026-10-07,C,830.0,78,20,0.832
2026-10-05,2026-10-07,C,835.0,159,134,0.9746
2026-10-05,2026-10-07,C,840.0,294,9,0.75
2026-10-05,2026-10-07,C,845.0,206,215,0.7813
2026-10-05,2026-10-07,C,850.0,179,5,0.8125
2026-10-05,2026-10-07,P,635.0,137,117,0.8906
2026-10-05,2026-10-07,P,640.0,105,69,0.8438
2026-10-05,2026-10-07,P,642.5,28,27,0.9492
2026-10-05,2026-10-07,P,645.0,41,38,0.8125
2026-10-05,2026-10-07,P,647.5,13,13,0.8984
2026-10-05,2026-10-07,P,650.0,93,33,0.7656
2026-10-05,2026-10-07,P,652.5,10,6,0.8516
2026-10-05,2026-10-07,P,655.0,31,1,0.7188
2026-10-05,2026-10-07,P,657.5,13,26,0.7031
2026-10-05,2026-10-07,P,660.0,86,15,0.832
2026-10-05,2026-10-07,P,662.5,661,129,0.6563
2026-10-05,2026-10-07,P,665.0,107,39,0.75
2026-10-05,2026-10-07,P,667.5,55,6,0.7109
2026-10-05,2026-10-07,P,670.0,171,72,0.6875
2026-10-05,2026-10-07,P,672.5,112,4,0.6484
2026-10-05,2026-10-07,P,675.0,91,24,0.6094
2026-10-05,2026-10-07,P,677.5,59,6,0.6367
2026-10-05,2026-10-07,P,680.0,461,65,0.5938
2026-10-05,2026-10-07,P,682.5,59,43,0.5898
2026-10-05,2026-10-07,P,685.0,176,35,0.5664
2026-10-05,2026-10-07,P,687.5,96,27,0.5391
2026-10-05,2026-10-07,P,690.0,188,106,0.5313
2026-10-05,2026-10-07,P,692.5,41,10,0.5
2026-10-05,2026-10-07,P,695.0,113,109,0.4981
2026-10-05,2026-10-07,P,697.5,176,20,0.499
2026-10-05,2026-10-07,P,700.0,958,884,0.4648
2026-10-05,2026-10-07,P,702.5,86,78,0.4512
2026-10-05,2026-10-07,P,705.0,321,692,0.4414
2026-10-05,2026-10-07,P,707.5,156,234,0.4312
2026-10-05,2026-10-07,P,710.0,838,1430,0.4014
2026-10-05,2026-10-07,P,712.5,383,575,0.3897
2026-10-05,2026-10-07,P,715.0,948,1259,0.3755
2026-10-05,2026-10-07,P,717.5,552,1874,0.364
2026-10-05,2026-10-07,P,720.0,442,2612,0.3577
2026-10-05,2026-10-07,P,722.5,266,3115,0.3521
2026-10-05,2026-10-07,P,725.0,496,3608,0.3462
2026-10-05,2026-10-07,P,727.5,588,3023,0.342
2026-10-05,2026-10-07,P,730.0,880,5135,0.3364
2026-10-05,2026-10-07,P,732.5,156,1444,0.3399
2026-10-05,2026-10-07,P,735.0,463,4631,0.3353
2026-10-05,2026-10-07,P,737.5,939,5712,0.3348
2026-10-05,2026-10-07,P,740.0,685,8541,0.3381
2026-10-05,2026-10-07,P,742.5,407,4041,0.339
2026-10-05,2026-10-07,P,745.0,451,1950,0.3484
2026-10-05,2026-10-07,P,747.5,119,621,0.3503
2026-10-05,2026-10-07,P,750.0,162,797,0.375
2026-10-05,2026-10-07,P,755.0,120,158,0.4514
2026-10-05,2026-10-07,P,760.0,54,172,0.6514
2026-10-05,2026-10-07,P,765.0,73,90,0.7197
2026-10-05,2026-10-07,P,770.0,78,2,0.7656
2026-10-05,2026-10-07,P,775.0,33,1,0.8435
2026-10-05,2026-10-07,P,780.0,16,7,0.7944
2026-10-05,2026-10-07,P,785.0,0,200,0.9409
2026-10-05,2026-10-07,P,790.0,3,2,1.051
2026-10-05,2026-10-07,P,800.0,10,20,1.2998
2026-10-05,2026-10-07,P,820.0,0,1,1.4702
2026-10-05,2026-10-09,C,632.5,18,0,1.0791
2026-10-05,2026-10-09,C,635.0,68,4,0.988
2026-10-05,2026-10-09,C,637.5,19,15,1.0281
2026-10-05,2026-10-09,C,640.0,223,33,0.95
2026-10-05,2026-10-09,C,642.5,2,1,0.9944
2026-10-05,2026-10-09,C,645.0,128,22,0.908
2026-10-05,2026-10-09,C,647.5,31,2,0.9753
2026-10-05,2026-10-09,C,650.0,225,7,0.8542
2026-10-05,2026-10-09,C,652.5,4,18,0.906
2026-10-05,2026-10-09,C,655.0,157,3,0.8127
2026-10-05,2026-10-09,C,657.5,55,15,0.792
2026-10-05,2026-10-09,C,660.0,344,3,0.771
2026-10-05,2026-10-09,C,662.5,11,7,0.8235
2026-10-05,2026-10-09,C,665.0,741,1,0.781
2026-10-05,2026-10-09,C,667.5,6,13,0.7708
2026-10-05,2026-10-09,C,670.0,438,13,0.7041
2026-10-05,2026-10-09,C,672.5,18,29,0.7181
2026-10-05,2026-10-09,C,675.0,266,48,0.6675
2026-10-05,2026-10-09,C,677.5,11,14,0.6794
2026-10-05,2026-10-09,C,680.0,295,57,0.6387
2026-10-05,2026-10-09,C,682.5,45,20,0.6709
2026-10-05,2026-10-09,C,685.0,404,43,0.6126
2026-10-05,2026-10-09,C,687.5,117,8,0.573
2026-10-05,2026-10-09,C,690.0,241,25,0.5903
2026-10-05,2026-10-09,C,692.5,14,19,0.5859
2026-10-05,2026-10-09,C,695.0,190,6,0.5701
2026-10-05,2026-10-09,C,697.5,24,31,0.5226
2026-10-05,2026-10-09,C,700.0,898,171,0.531
2026-10-05,2026-10-09,C,702.5,72,24,0.6532
2026-10-05,2026-10-09,C,705.0,188,14,0.6166
2026-10-05,2026-10-09,C,707.5,60,12,0.5986
2026-10-05,2026-10-09,C,710.0,860,98,0.5193
2026-10-05,2026-10-09,C,712.5,83,32,0.5575
2026-10-05,2026-10-09,C,715.0,497,124,0.532
2026-10-05,2026-10-09,C,717.5,160,93,0.5127
2026-10-05,2026-10-09,C,720.0,758,2607,0.4325
2026-10-05,2026-10-09,C,722.5,122,2539,0.4263
2026-10-05,2026-10-09,C,725.0,729,77,0.4003
2026-10-05,2026-10-09,C,727.5,157,81,0.3915
2026-10-05,2026-10-09,C,730.0,1217,165,0.3861
2026-10-05,2026-10-09,C,732.5,327,75,0.3792
2026-10-05,2026-10-09,C,735.0,999,458,0.3767
2026-10-05,2026-10-09,C,737.5,1894,294,0.3744
2026-10-05,2026-10-09,C,740.0,1841,2627,0.3721
2026-10-05,2026-10-09,C,742.5,591,3130,0.3716
2026-10-05,2026-10-09,C,745.0,1094,1974,0.3713
2026-10-05,2026-10-09,C,747.5,548,296,0.369
2026-10-05,2026-10-09,C,750.0,5334,2836,0.369
2026-10-05,2026-10-09,C,752.5,465,2372,0.3716
2026-10-05,2026-10-09,C,755.0,3174,1895,0.3729
2026-10-05,2026-10-09,C,757.5,862,477,0.3731
2026-10-05,2026-10-09,C,760.0,1346,4536,0.372
2026-10-05,2026-10-09,C,765.0,744,1084,0.3785
2026-10-05,2026-10-09,C,770.0,2190,1244,0.3862
2026-10-05,2026-10-09,C,775.0,1492,658,0.394
2026-10-05,2026-10-09,C,780.0,6080,1557,0.4087
2026-10-05,2026-10-09,C,785.0,1301,555,0.4287
2026-10-05,2026-10-09,C,790.0,5513,1350,0.437
2026-10-05,2026-10-09,C,795.0,1132,439,0.4495
2026-10-05,2026-10-09,C,800.0,4898,3177,0.4727
2026-10-05,2026-10-09,C,805.0,2100,365,0.4873
2026-10-05,2026-10-09,C,810.0,1057,173,0.5039
2026-10-05,2026-10-09,C,815.0,850,1079,0.5068
2026-10-05,2026-10-09,C,820.0,963,290,0.5098
2026-10-05,2026-10-09,C,825.0,1401,225,0.5352
2026-10-05,2026-10-09,C,830.0,600,60,0.542
2026-10-05,2026-10-09,C,835.0,257,28,0.5527
2026-10-05,2026-10-09,C,840.0,782,163,0.6094
2026-10-05,2026-10-09,C,845.0,376,141,0.5703
2026-10-05,2026-10-09,C,850.0,799,268,0.6299
2026-10-05,2026-10-09,P,632.5,11,10,0.666
2026-10-05,2026-10-09,P,635.0,379,49,0.6387
2026-10-05,2026-10-09,P,637.5,10,4,0.7568
2026-10-05,2026-10-09,P,640.0,477,53,0.6152
2026-10-05,2026-10-09,P,642.5,66,1,0.6191
2026-10-05,2026-10-09,P,645.0,1829,44,0.6074
2026-10-05,2026-10-09,P,647.5,90,11,0.6006
2026-10-05,2026-10-09,P,650.0,727,163,0.5684
2026-10-05,2026-10-09,P,652.5,373,6,0.6035
2026-10-05,2026-10-09,P,655.0,564,42,0.5606
2026-10-05,2026-10-09,P,657.5,165,20,0.5273
2026-10-05,2026-10-09,P,660.0,986,154,0.5293
2026-10-05,2026-10-09,P,662.5,154,12,0.5078
2026-10-05,2026-10-09,P,665.0,767,37,0.5313
2026-10-05,2026-10-09,P,667.5,81,11,0.5264
2026-10-05,2026-10-09,P,670.0,573,91,0.4844
2026-10-05,2026-10-09,P,672.5,396,26,0.4815
2026-10-05,2026-10-09,P,675.0,622,149,0.4688
2026-10-05,2026-10-09,P,677.5,343,19,0.4595
2026-10-05,2026-10-09,P,680.0,1357,171,0.4492
2026-10-05,2026-10-09,P,682.5,136,13,0.4434
2026-10-05,2026-10-09,P,685.0,562,90,0.4316
2026-10-05,2026-10-09,P,687.5,270,161,0.4185
2026-10-05,2026-10-09,P,690.0,1054,419,0.4097
2026-10-05,2026-10-09,P,692.5,247,54,0.4033
2026-10-05,2026-10-09,P,695.0,377,292,0.3953
2026-10-05,2026-10-09,P,697.5,459,411,0.3887
2026-10-05,2026-10-09,P,700.0,3236,2423,0.384
2026-10-05,2026-10-09,P,702.5,515,367,0.377
2026-10-05,2026-10-09,P,705.0,485,298,0.3731
2026-10-05,2026-10-09,P,707.5,441,198,0.3771
2026-10-05,2026-10-09,P,710.0,1252,588,0.3727
2026-10-05,2026-10-09,P,712.5,260,282,0.3621
2026-10-05,2026-10-09,P,715.0,744,527,0.3593
2026-10-05,2026-10-09,P,717.5,354,128,0.3567
2026-10-05,2026-10-09,P,720.0,1722,1122,0.3545
2026-10-05,2026-10-09,P,722.5,326,233,0.3584
2026-10-05,2026-10-09,P,725.0,604,403,0.3485
2026-10-05,2026-10-09,P,727.5,355,251,0.3572
2026-10-05,2026-10-09,P,730.0,964,762,0.3491
2026-10-05,2026-10-09,P,732.5,373,343,0.3474
2026-10-05,2026-10-09,P,735.0,471,741,0.3475
2026-10-05,2026-10-09,P,737.5,261,471,0.3474
2026-10-05,2026-10-09,P,740.0,596,1363,0.3489
2026-10-05,2026-10-09,P,742.5,236,411,0.3463
2026-10-05,2026-10-09,P,745.0,442,520,0.3667
2026-10-05,2026-10-09,P,747.5,137,110,0.3544
2026-10-05,2026-10-09,P,750.0,2412,188,0.3538
2026-10-05,2026-10-09,P,752.5,149,49,0.4027
2026-10-05,2026-10-09,P,755.0,1329,90,0.356
2026-10-05,2026-10-09,P,757.5,65,15,0.3574
2026-10-05,2026-10-09,P,760.0,207,41,0.3577
2026-10-05,2026-10-09,P,765.0,201,21,0.4509
2026-10-05,2026-10-09,P,770.0,174,38,0.4097
2026-10-05,2026-10-09,P,775.0,165,8,0.4871
2026-10-05,2026-10-09,P,780.0,121,1,0.4948
2026-10-05,2026-10-09,P,785.0,15,2,0.5765
2026-10-05,2026-10-09,P,790.0,45,1,0.6143
2026-10-05,2026-10-09,P,795.0,13,1,0.6428
2026-10-05,2026-10-09,P,800.0,21,6,0.6777
2026-10-05,2026-10-09,P,805.0,27,2,0.7029
2026-10-05,2026-10-09,P,810.0,26,1,0.7352
2026-10-05,2026-10-09,P,820.0,0,2,0.8021
2026-10-05,2026-10-09,P,830.0,1,1,0.8867
2026-10-05,2026-10-09,P,850.0,0,1,1.0039
2026-10-05,2026-10-12,C,635.0,5,1,0.7424
2026-10-05,2026-10-12,C,637.5,4,8,0.7344
2026-10-05,2026-10-12,C,640.0,5,18,0.6746
2026-10-05,2026-10-12,C,642.5,4,16,0.6677
2026-10-05,2026-10-12,C,645.0,2,10,0.6804
2026-10-05,2026-10-12,C,647.5,1,8,0.6763
2026-10-05,2026-10-12,C,650.0,1,1,0.6585
2026-10-05,2026-10-12,C,662.5,3,9,0.5719
2026-10-05,2026-10-12,C,680.0,24,67,0.6416
2026-10-05,2026-10-12,C,682.5,3,20,0.6248
2026-10-05,2026-10-12,C,685.0,7,47,0.6077
2026-10-05,2026-10-12,C,687.5,1,0,0.6012
2026-10-05,2026-10-12,C,690.0,2,1,0.5752
2026-10-05,2026-10-12,C,695.0,7,1,0.5356
2026-10-05,2026-10-12,C,700.0,158,2,0.5015
2026-10-05,2026-10-12,C,702.5,2,2,0.5109
2026-10-05,2026-10-12,C,705.0,23,4,0.4418
2026-10-05,2026-10-12,C,707.5,5,3,0.4525
2026-10-05,2026-10-12,C,710.0,11,2,0.4417
2026-10-05,2026-10-12,C,715.0,48,2,0.4078
2026-10-05,2026-10-12,C,717.5,150,7,0.3964
2026-10-05,2026-10-12,C,720.0,49,4,0.3992
2026-10-05,2026-10-12,C,722.5,10,46,0.3735
2026-10-05,2026-10-12,C,725.0,78,18,0.353
2026-10-05,2026-10-12,C,727.5,35,5,0.3261
2026-10-05,2026-10-12,C,730.0,159,345,0.322
2026-10-05,2026-10-12,C,732.5,145,11,0.3228
2026-10-05,2026-10-12,C,735.0,107,147,0.3213
2026-10-05,2026-10-12,C,737.5,142,51,0.3191
2026-10-05,2026-10-12,C,740.0,87,475,0.3213
2026-10-05,2026-10-12,C,742.5,236,483,0.3174
2026-10-05,2026-10-12,C,745.0,219,393,0.3179
2026-10-05,2026-10-12,C,747.5,215,74,0.3135
2026-10-05,2026-10-12,C,750.0,653,339,0.3095
2026-10-05,2026-10-12,C,755.0,76,160,0.3179
2026-10-05,2026-10-12,C,760.0,201,109,0.3203
2026-10-05,2026-10-12,C,765.0,76,30,0.3232
2026-10-05,2026-10-12,C,770.0,174,248,0.3309
2026-10-05,2026-10-12,C,775.0,190,130,0.3301
2026-10-05,2026-10-12,C,780.0,173,254,0.3433
2026-10-05,2026-10-12,C,785.0,100,31,0.3482
2026-10-05,2026-10-12,C,790.0,111,77,0.3565
2026-10-05,2026-10-12,C,795.0,68,91,0.3729
2026-10-05,2026-10-12,C,800.0,403,176,0.3712
2026-10-05,2026-10-12,C,805.0,71,19,0.3843
2026-10-05,2026-10-12,C,810.0,77,56,0.3965
2026-10-05,2026-10-12,C,815.0,51,8,0.4109
2026-10-05,2026-10-12,C,820.0,125,88,0.4258
2026-10-05,2026-10-12,C,825.0,111,4,0.4326
2026-10-05,2026-10-12,C,830.0,21,28,0.4465
2026-10-05,2026-10-12,C,835.0,15,16,0.4658
2026-10-05,2026-10-12,C,840.0,38,3,0.4414
2026-10-05,2026-10-12,C,845.0,12,12,0.4946
2026-10-05,2026-10-12,C,850.0,15,30,0.4922
2026-10-05,2026-10-12,P,632.5,7,18,0.4883
2026-10-05,2026-10-12,P,635.0,17,2,0.5078
2026-10-05,2026-10-12,P,637.5,1,2,0.5039
2026-10-05,2026-10-12,P,640.0,4,3,0.4658
2026-10-05,2026-10-12,P,642.5,0,16,0.4551
2026-10-05,2026-10-12,P,645.0,2,1,0.479
2026-10-05,2026-10-12,P,647.5,43,40,0.4673
2026-10-05,2026-10-12,P,650.0,38,28,0.4697
2026-10-05,2026-10-12,P,652.5,3,1,0.4463
2026-10-05,2026-10-12,P,655.0,29,2,0.4316
2026-10-05,2026-10-12,P,660.0,39,1,0.4473
2026-10-05,2026-10-12,P,662.5,1,1,0.4473
2026-10-05,2026-10-12,P,665.0,24,1,0.4082
2026-10-05,2026-10-12,P,667.5,3,2,0.4016
2026-10-05,2026-10-12,P,670.0,33,7,0.3872
2026-10-05,2026-10-12,P,672.5,4,2,0.3838
2026-10-05,2026-10-12,P,675.0,10,10,0.3677
2026-10-05,2026-10-12,P,677.5,5,6,0.375
2026-10-05,2026-10-12,P,680.0,45,64,0.3616
2026-10-05,2026-10-12,P,682.5,2,133,0.3623
2026-10-05,2026-10-12,P,685.0,72,80,0.3474
2026-10-05,2026-10-12,P,687.5,18,44,0.3457
2026-10-05,2026-10-12,P,690.0,154,118,0.3394
2026-10-05,2026-10-12,P,692.5,26,73,0.334
2026-10-05,2026-10-12,P,695.0,60,32,0.3298
2026-10-05,2026-10-12,P,697.5,24,7,0.3258
2026-10-05,2026-10-12,P,700.0,73,84,0.3191
2026-10-05,2026-10-12,P,702.5,49,7,0.3167
2026-10-05,2026-10-12,P,705.0,55,29,0.3131
2026-10-05,2026-10-12,P,707.5,73,27,0.3113
2026-10-05,2026-10-12,P,710.0,97,76,0.3085
2026-10-05,2026-10-12,P,712.5,126,31,0.3104
2026-10-05,2026-10-12,P,715.0,150,24,0.3057
2026-10-05,2026-10-12,P,717.5,135,17,0.3058
2026-10-05,2026-10-12,P,720.0,162,162,0.3019
2026-10-05,2026-10-12,P,722.5,34,8,0.3024
2026-10-05,2026-10-12,P,725.0,161,154,0.2991
2026-10-05,2026-10-12,P,727.5,34,15,0.2982
2026-10-05,2026-10-12,P,730.0,124,57,0.2963
2026-10-05,2026-10-12,P,732.5,181,5,0.2964
2026-10-05,2026-10-12,P,735.0,104,29,0.2967
2026-10-05,2026-10-12,P,737.5,32,22,0.3
2026-10-05,2026-10-12,P,740.0,91,146,0.3036
2026-10-05,2026-10-12,P,742.5,139,86,0.2929
2026-10-05,2026-10-12,P,745.0,50,226,0.2958
2026-10-05,2026-10-12,P,747.5,20,8,0.2993
2026-10-05,2026-10-12,P,750.0,38,28,0.3203
2026-10-05,2026-10-12,P,755.0,5,2,0.3143
2026-10-05,2026-10-12,P,760.0,14,4,0.3131
2026-10-05,2026-10-12,P,765.0,9,10,0.3461
2026-10-05,2026-10-12,P,770.0,10,4,0.3953
2026-10-05,2026-10-12,P,775.0,14,5,0.4019
2026-10-05,2026-10-12,P,780.0,17,2,0.4269
2026-10-05,2026-10-12,P,785.0,2,0,0.4479
2026-10-05,2026-10-12,P,790.0,10,10,0.4645
2026-10-05,2026-10-12,P,795.0,3,1,0.4736
2026-10-05,2026-10-12,P,800.0,3,6,0.4937
2026-10-05,2026-10-12,P,805.0,4,0,0.5093
2026-10-05,2026-10-12,P,810.0,4,4,0.548
2026-10-05,2026-10-14,C,682.5,2,0,0.5861
2026-10-05,2026-10-14,C,685.0,2,0,0.5722
2026-10-05,2026-10-14,C,690.0,3,2,0.549
2026-10-05,2026-10-14,C,695.0,1,1,0.526
2026-10-05,2026-10-14,C,697.5,2,0,0.5155
2026-10-05,2026-10-14,C,700.0,3,1,0.4686
2026-10-05,2026-10-14,C,702.5,5,1,0.5182
2026-10-05,2026-10-14,C,705.0,29,7,0.4516
2026-10-05,2026-10-14,C,707.5,5,0,0.4429
2026-10-05,2026-10-14,C,710.0,26,0,0.4363
2026-10-05,2026-10-14,C,712.5,6,0,0.4288
2026-10-05,2026-10-14,C,715.0,34,21,0.4232
2026-10-05,2026-10-14,C,717.5,6,2,0.4554
2026-10-05,2026-10-14,C,720.0,20,77,0.4092
2026-10-05,2026-10-14,C,722.5,20,2,0.4081
2026-10-05,2026-10-14,C,725.0,14,4,0.4022
2026-10-05,2026-10-14,C,727.5,5,3,0.4
2026-10-05,2026-10-14,C,730.0,37,13,0.3977
2026-10-05,2026-10-14,C,732.5,14,6,0.3952
2026-10-05,2026-10-14,C,735.0,156,25,0.3973
2026-10-05,2026-10-14,C,737.5,6,20,0.3969
2026-10-05,2026-10-14,C,740.0,45,65,0.347
2026-10-05,2026-10-14,C,742.5,13,125,0.3484
2026-10-05,2026-10-14,C,745.0,71,82,0.3623
2026-10-05,2026-10-14,C,747.5,43,94,0.4004
2026-10-05,2026-10-14,C,750.0,46,135,0.3592
2026-10-05,2026-10-14,C,755.0,49,29,0.3892
2026-10-05,2026-10-14,C,760.0,44,52,0.3896
2026-10-05,2026-10-14,C,765.0,35,9,0.3846
2026-10-05,2026-10-14,C,770.0,30,30,0.3598
2026-10-05,2026-10-14,C,775.0,18,13,0.3818
2026-10-05,2026-10-14,C,780.0,61,114,0.3612
2026-10-05,2026-10-14,C,785.0,4,300,0.3604
2026-10-05,2026-10-14,C,790.0,23,32,0.3878
2026-10-05,2026-10-14,C,795.0,12,11,0.3877
2026-10-05,2026-10-14,C,800.0,41,73,0.4052
2026-10-05,2026-10-14,C,805.0,9,1,0.4111
2026-10-05,2026-10-14,C,810.0,1,7,0.4139
2026-10-05,2026-10-14,C,815.0,2,2,0.4249
2026-10-05,2026-10-14,C,820.0,8,4,0.4253
2026-10-05,2026-10-14,C,825.0,3,6,0.4209
2026-10-05,2026-10-14,C,830.0,3,31,0.4478
2026-10-05,2026-10-14,C,835.0,6,2,0.4609
2026-10-05,2026-10-14,C,850.0,2,8,0.5371
2026-10-05,2026-10-14,P,645.0,1,1,0.4712
2026-10-05,2026-10-14,P,650.0,15,6,0.4605
2026-10-05,2026-10-14,P,660.0,12,1,0.4529
2026-10-05,2026-10-14,P,665.0,9,7,0.4141
2026-10-05,2026-10-14,P,670.0,16,5,0.4208
2026-10-05,2026-10-14,P,675.0,13,6,0.3895
2026-10-05,2026-10-14,P,680.0,15,1,0.3776
2026-10-05,2026-10-14,P,685.0,4,24,0.3601
2026-10-05,2026-10-14,P,690.0,17,6,0.36
2026-10-05,2026-10-14,P,695.0,24,2,0.3527
2026-10-05,2026-10-14,P,697.5,3,2,0.3556
2026-10-05,2026-10-14,P,700.0,61,41,0.3352
2026-10-05,2026-10-14,P,702.5,9,2,0.3456
2026-10-05,2026-10-14,P,705.0,35,43,0.3369
2026-10-05,2026-10-14,P,710.0,16,7,0.3354
2026-10-05,2026-10-14,P,712.5,15,21,0.3528
2026-10-05,2026-10-14,P,715.0,18,46,0.334
2026-10-05,2026-10-14,P,717.5,46,5,0.3632
2026-10-05,2026-10-14,P,720.0,9,12,0.3334
2026-10-05,2026-10-14,P,722.5,2,2,0.3307
2026-10-05,2026-10-14,P,725.0,56,4,0.3378
2026-10-05,2026-10-14,P,727.5,56,2,0.3358
2026-10-05,2026-10-14,P,730.0,208,72,0.3322
2026-10-05,2026-10-14,P,732.5,84,15,0.3342
2026-10-05,2026-10-14,P,735.0,538,5,0.3264
2026-10-05,2026-10-14,P,737.5,17,18,0.3218
2026-10-05,2026-10-14,P,740.0,125,34,0.3294
2026-10-05,2026-10-14,P,745.0,127,30,0.3364
2026-10-05,2026-10-14,P,750.0,4,2,0.335
2026-10-05,2026-10-14,P,755.0,22,2,0.3372
2026-10-05,2026-10-14,P,760.0,21,1,0.3491
2026-10-05,2026-10-14,P,765.0,2,8,0.3663
2026-10-05,2026-10-14,P,770.0,5,8,0.35
2026-10-05,2026-10-14,P,780.0,2,4,0.4388
2026-10-05,2026-10-14,P,795.0,1,0,0.4448
2026-10-05,2026-10-14,P,800.0,8,6,0.4552
2026-10-05,2026-10-16,C,635.0,720,5,0.6115
2026-10-05,2026-10-16,C,640.0,4130,46,0.531
2026-10-05,2026-10-16,C,645.0,1080,284,0.5447
2026-10-05,2026-10-16,C,650.0,7280,192,0.5331
2026-10-05,2026-10-16,C,655.0,1559,32,0.6046
2026-10-05,2026-10-16,C,657.5,62,6,0.6368
2026-10-05,2026-10-16,C,660.0,2318,44,0.6
2026-10-05,2026-10-16,C,662.5,13,6,0.6115
2026-10-05,2026-10-16,C,665.0,1187,254,0.5909
2026-10-05,2026-10-16,C,667.5,44,2,0.613
2026-10-05,2026-10-16,C,670.0,3181,205,0.5204
2026-10-05,2026-10-16,C,672.5,30,10,0.5299
2026-10-05,2026-10-16,C,675.0,2846,333,0.5039
2026-10-05,2026-10-16,C,677.5,32,1,0.5618
2026-10-05,2026-10-16,C,680.0,3960,43,0.4862
2026-10-05,2026-10-16,C,682.5,95,5,0.5144
2026-10-05,2026-10-16,C,685.0,1168,66,0.4875
2026-10-05,2026-10-16,C,687.5,81,1,0.5131
2026-10-05,2026-10-16,C,690.0,1846,50,0.4306
2026-10-05,2026-10-16,C,692.5,74,5,0.4794
2026-10-05,2026-10-16,C,695.0,1013,5,0.4258
2026-10-05,2026-10-16,C,697.5,161,1,0.454
2026-10-05,2026-10-16,C,700.0,16516,997,0.4191
2026-10-05,2026-10-16,C,702.5,189,1,0.437
2026-10-05,2026-10-16,C,705.0,1421,6,0.4172
2026-10-05,2026-10-16,C,710.0,6120,95,0.414
2026-10-05,2026-10-16,C,715.0,1435,20,0.3845
2026-10-05,2026-10-16,C,720.0,5116,220,0.3897
2026-10-05,2026-10-16,C,725.0,3379,191,0.3793
2026-10-05,2026-10-16,C,730.0,4885,116,0.363
2026-10-05,2026-10-16,C,735.0,2662,452,0.3615
2026-10-05,2026-10-16,C,740.0,4411,2413,0.3585
2026-10-05,2026-10-16,C,745.0,1312,456,0.3591
2026-10-05,2026-10-16,C,750.0,16341,1979,0.3561
2026-10-05,2026-10-16,C,755.0,1824,329,0.3568
2026-10-05,2026-10-16,C,760.0,5286,657,0.3576
2026-10-05,2026-10-16,C,765.0,9257,272,0.3596
2026-10-05,2026-10-16,C,770.0,3990,1488,0.3599
2026-10-05,2026-10-16,C,775.0,9433,257,0.3625
2026-10-05,2026-10-16,C,780.0,3901,1032,0.364
2026-10-05,2026-10-16,C,785.0,1225,141,0.3677
2026-10-05,2026-10-16,C,790.0,1981,329,0.3715
2026-10-05,2026-10-16,C,795.0,1078,126,0.3741
2026-10-05,2026-10-16,C,800.0,21576,7962,0.3771
2026-10-05,2026-10-16,C,805.0,1614,167,0.3864
2026-10-05,2026-10-16,C,810.0,1602,133,0.389
2026-10-05,2026-10-16,C,815.0,2835,273,0.397
2026-10-05,2026-10-16,C,820.0,9073,2489,0.4037
2026-10-05,2026-10-16,C,825.0,20729,199,0.4077
2026-10-05,2026-10-16,C,830.0,3042,278,0.4158
2026-10-05,2026-10-16,C,835.0,2035,32,0.4207
2026-10-05,2026-10-16,C,840.0,1372,147,0.4275
2026-10-05,2026-10-16,C,845.0,226,84,0.4338
2026-10-05,2026-10-16,C,850.0,3901,688,0.4399
2026-10-05,2026-10-16,P,635.0,862,22,0.4492
2026-10-05,2026-10-16,P,640.0,2811,63,0.4373
2026-10-05,2026-10-16,P,645.0,1909,339,0.4243
2026-10-05,2026-10-16,P,650.0,2673,214,0.4107
2026-10-05,2026-10-16,P,655.0,1308,81,0.4061
2026-10-05,2026-10-16,P,657.5,221,16,0.3997
2026-10-05,2026-10-16,P,660.0,2080,116,0.3967
2026-10-05,2026-10-16,P,662.5,291,4,0.3904
2026-10-05,2026-10-16,P,665.0,1604,104,0.3846
2026-10-05,2026-10-16,P,667.5,253,37,0.3816
2026-10-05,2026-10-16,P,670.0,3445,242,0.3821
2026-10-05,2026-10-16,P,672.5,156,26,0.3733
2026-10-05,2026-10-16,P,675.0,2186,264,0.3696
2026-10-05,2026-10-16,P,677.5,264,14,0.3669
2026-10-05,2026-10-16,P,680.0,2063,260,0.3628
2026-10-05,2026-10-16,P,682.5,329,19,0.3637
2026-10-05,2026-10-16,P,685.0,1688,291,0.3594
2026-10-05,2026-10-16,P,687.5,363,58,0.3589
2026-10-05,2026-10-16,P,690.0,1847,746,0.3555
2026-10-05,2026-10-16,P,692.5,349,13,0.3513
2026-10-05,2026-10-16,P,695.0,854,169,0.3482
2026-10-05,2026-10-16,P,697.5,507,118,0.3483
2026-10-05,2026-10-16,P,700.0,6433,1492,0.3456
2026-10-05,2026-10-16,P,702.5,403,39,0.3449
2026-10-05,2026-10-16,P,705.0,772,186,0.3416
2026-10-05,2026-10-16,P,710.0,1406,230,0.3389
2026-10-05,2026-10-16,P,715.0,1166,161,0.3392
2026-10-05,2026-10-16,P,720.0,2492,370,0.3369
2026-10-05,2026-10-16,P,725.0,2317,956,0.3386
2026-10-05,2026-10-16,P,730.0,1470,491,0.3352
2026-10-05,2026-10-16,P,735.0,1225,95,0.3354
2026-10-05,2026-10-16,P,740.0,1923,1376,0.3377
2026-10-05,2026-10-16,P,745.0,1173,171,0.337
2026-10-05,2026-10-16,P,750.0,2915,114,0.3336
2026-10-05,2026-10-16,P,755.0,399,46,0.3391
2026-10-05,2026-10-16,P,760.0,2474,25,0.3389
2026-10-05,2026-10-16,P,765.0,1993,25,0.346
2026-10-05,2026-10-16,P,770.0,476,3,0.3518
2026-10-05,2026-10-16,P,775.0,459,2,0.3592
2026-10-05,2026-10-16,P,780.0,497,6,0.3738
2026-10-05,2026-10-16,P,785.0,142,5,0.4031
2026-10-05,2026-10-16,P,790.0,425,3,0.3814
2026-10-05,2026-10-16,P,795.0,167,5,0.4277
2026-10-05,2026-10-16,P,800.0,755,53,0.3781
2026-10-05,2026-10-16,P,805.0,90,2,0.4657
2026-10-05,2026-10-16,P,810.0,95,1,0.4826
2026-10-05,2026-10-16,P,815.0,70,1,0.5007
2026-10-05,2026-10-16,P,820.0,78,4,0.4883
2026-10-05,2026-10-16,P,825.0,138,70,0.5371
2026-10-05,2026-10-16,P,830.0,53,10,0.5556
2026-10-05,2026-10-16,P,835.0,104,34,0.5737
2026-10-05,2026-10-16,P,840.0,171,50,0.5936
2026-10-05,2026-10-16,P,845.0,2,2,0.611
2026-10-05,2026-10-16,P,850.0,6,1,0.6085
2026-10-06,2026-10-09,C,630.0,257,6,0.9326
2026-10-06,2026-10-09,C,632.5,18,0,1.0957
2026-10-06,2026-10-09,C,635.0,66,3,1.0693
2026-10-06,2026-10-09,C,637.5,19,3,1.0147
2026-10-06,2026-10-09,C,640.0,195,23,0.8477
2026-10-06,2026-10-09,C,642.5,2,22,0.7925
2026-10-06,2026-10-09,C,645.0,138,33,0.9834
2026-10-06,2026-10-09,C,647.5,31,18,0.8623
2026-10-06,2026-10-09,C,650.0,218,26,0.9334
2026-10-06,2026-10-09,C,652.5,4,25,0.7632
2026-10-06,2026-10-09,C,655.0,157,22,0.7148
2026-10-06,2026-10-09,C,657.5,55,9,0.8137
2026-10-06,2026-10-09,C,660.0,342,28,0.7712
2026-10-06,2026-10-09,C,662.5,11,16,0.7971
2026-10-06,2026-10-09,C,665.0,741,21,0.7524
2026-10-06,2026-10-09,C,667.5,6,10,0.6235
2026-10-06,2026-10-09,C,670.0,436,17,0.6702
2026-10-06,2026-10-09,C,672.5,18,12,0.5884
2026-10-06,2026-10-09,C,675.0,266,35,0.6309
2026-10-06,2026-10-09,C,677.5,13,29,0.5464
2026-10-06,2026-10-09,C,680.0,284,46,0.6121
2026-10-06,2026-10-09,C,682.5,44,56,0.5918
2026-10-06,2026-10-09,C,685.0,403,125,0.6095
2026-10-06,2026-10-09,C,687.5,116,73,0.4822
2026-10-06,2026-10-09,C,690.0,227,113,0.4661
2026-10-06,2026-10-09,C,692.5,14,35,0.4531
2026-10-06,2026-10-09,C,695.0,189,49,0.4336
2026-10-06,2026-10-09,C,697.5,44,14,0.4297
2026-10-06,2026-10-09,C,700.0,821,254,0.4179
2026-10-06,2026-10-09,C,702.5,73,23,0.4136
2026-10-06,2026-10-09,C,705.0,189,46,0.4111
2026-10-06,2026-10-09,C,707.5,60,34,0.4011
2026-10-06,2026-10-09,C,710.0,833,134,0.3981
2026-10-06,2026-10-09,C,712.5,81,67,0.3901
2026-10-06,2026-10-09,C,715.0,432,529,0.3897
2026-10-06,2026-10-09,C,717.5,140,341,0.3886
2026-10-06,2026-10-09,C,720.0,2965,4706,0.3866
2026-10-06,2026-10-09,C,722.5,2579,6276,0.3838
2026-10-06,2026-10-09,C,725.0,749,8493,0.3846
2026-10-06,2026-10-09,C,727.5,127,2861,0.3846
2026-10-06,2026-10-09,C,730.0,1171,6317,0.3838
2026-10-06,2026-10-09,C,732.5,315,1101,0.3851
2026-10-06,2026-10-09,C,735.0,996,3606,0.3866
2026-10-06,2026-10-09,C,737.5,1937,1713,0.3892
2026-10-06,2026-10-09,C,740.0,2020,8023,0.3892
2026-10-06,2026-10-09,C,742.5,798,1094,0.3931
2026-10-06,2026-10-09,C,745.0,1261,2015,0.3962
2026-10-06,2026-10-09,C,747.5,552,1004,0.4021
2026-10-06,2026-10-09,C,750.0,5436,6037,0.408
2026-10-06,2026-10-09,C,752.5,2096,998,0.4137
2026-10-06,2026-10-09,C,755.0,3963,1202,0.4209
2026-10-06,2026-10-09,C,757.5,1065,1187,0.4297
2026-10-06,2026-10-09,C,760.0,3993,2768,0.4392
2026-10-06,2026-10-09,C,765.0,1026,1921,0.4575
2026-10-06,2026-10-09,C,770.0,2249,1339,0.4795
2026-10-06,2026-10-09,C,775.0,1545,1045,0.4922
2026-10-06,2026-10-09,C,780.0,6348,2693,0.5088
2026-10-06,2026-10-09,C,785.0,1429,405,0.5234
2026-10-06,2026-10-09,C,790.0,6172,834,0.5469
2026-10-06,2026-10-09,C,795.0,1196,302,0.5566
2026-10-06,2026-10-09,C,800.0,5178,1563,0.5977
2026-10-06,2026-10-09,C,805.0,2151,299,0.6133
2026-10-06,2026-10-09,C,810.0,1070,248,0.7061
2026-10-06,2026-10-09,C,815.0,1717,49,0.6738
2026-10-06,2026-10-09,C,820.0,1064,180,0.6992
2026-10-06,2026-10-09,C,825.0,1417,395,0.7725
2026-10-06,2026-10-09,C,830.0,589,264,0.6797
2026-10-06,2026-10-09,C,835.0,256,18,0.7676
2026-10-06,2026-10-09,C,840.0,858,112,0.8574
2026-10-06,2026-10-09,C,845.0,507,55,0.8281
2026-10-06,2026-10-09,P,630.0,397,84,0.6641
2026-10-06,2026-10-09,P,632.5,17,10,0.8594
2026-10-06,2026-10-09,P,635.0,412,49,0.6406
2026-10-06,2026-10-09,P,637.5,14,4,0.832
2026-10-06,2026-10-09,P,640.0,478,21,0.6055
2026-10-06,2026-10-09,P,642.5,66,42,0.6523
2026-10-06,2026-10-09,P,645.0,1812,58,0.5781
2026-10-06,2026-10-09,P,647.5,95,20,0.584
2026-10-06,2026-10-09,P,650.0,716,76,0.5606
2026-10-06,2026-10-09,P,652.5,374,35,0.541
2026-10-06,2026-10-09,P,655.0,573,27,0.5586
2026-10-06,2026-10-09,P,657.5,181,166,0.5195
2026-10-06,2026-10-09,P,660.0,1070,115,0.5127
2026-10-06,2026-10-09,P,662.5,164,136,0.5098
2026-10-06,2026-10-09,P,665.0,766,61,0.502
2026-10-06,2026-10-09,P,667.5,81,10,0.4961
2026-10-06,2026-10-09,P,670.0,594,346,0.4756
2026-10-06,2026-10-09,P,672.5,397,152,0.4707
2026-10-06,2026-10-09,P,675.0,648,151,0.4531
2026-10-06,2026-10-09,P,677.5,343,105,0.4443
2026-10-06,2026-10-09,P,680.0,1380,1523,0.4385
2026-10-06,2026-10-09,P,682.5,143,172,0.4316
2026-10-06,2026-10-09,P,685.0,580,900,0.4165
2026-10-06,2026-10-09,P,687.5,240,509,0.4053
2026-10-06,2026-10-09,P,690.0,1181,2312,0.3994
2026-10-06,2026-10-09,P,692.5,264,871,0.3928
2026-10-06,2026-10-09,P,695.0,451,1640,0.3882
2026-10-06,2026-10-09,P,697.5,667,1519,0.3843
2026-10-06,2026-10-09,P,700.0,3869,8243,0.3804
2026-10-06,2026-10-09,P,702.5,723,2036,0.3785
2026-10-06,2026-10-09,P,705.0,591,1802,0.377
2026-10-06,2026-10-09,P,707.5,480,714,0.375
2026-10-06,2026-10-09,P,710.0,1413,2184,0.3739
2026-10-06,2026-10-09,P,712.5,307,1308,0.3724
2026-10-06,2026-10-09,P,715.0,986,1896,0.3729
2026-10-06,2026-10-09,P,717.5,399,1403,0.3723
2026-10-06,2026-10-09,P,720.0,2107,3863,0.3706
2026-10-06,2026-10-09,P,722.5,362,2055,0.3678
2026-10-06,2026-10-09,P,725.0,701,2945,0.3709
2026-10-06,2026-10-09,P,727.5,408,1017,0.3704
2026-10-06,2026-10-09,P,730.0,1095,1358,0.3665
2026-10-06,2026-10-09,P,732.5,462,429,0.3749
2026-10-06,2026-10-09,P,735.0,510,981,0.3756
2026-10-06,2026-10-09,P,737.5,323,459,0.3798
2026-10-06,2026-10-09,P,740.0,733,607,0.3716
2026-10-06,2026-10-09,P,742.5,242,117,0.3983
2026-10-06,2026-10-09,P,745.0,518,457,0.3867
2026-10-06,2026-10-09,P,747.5,142,72,0.4049
2026-10-06,2026-10-09,P,750.0,2393,177,0.406
2026-10-06,2026-10-09,P,752.5,159,11,0.4138
2026-10-06,2026-10-09,P,755.0,1327,143,0.4114
2026-10-06,2026-10-09,P,757.5,68,8,0.5757
2026-10-06,2026-10-09,P,760.0,237,28,0.5327
2026-10-06,2026-10-09,P,765.0,193,71,0.7576
2026-10-06,2026-10-09,P,770.0,171,33,0.6951
2026-10-06,2026-10-09,P,775.0,157,12,0.866
2026-10-06,2026-10-09,P,780.0,122,13,0.9482
2026-10-06,2026-10-09,P,785.0,13,2,1.0004
2026-10-06,2026-10-09,P,790.0,45,1,1.0513
2026-10-06,2026-10-09,P,795.0,12,1,1.0967
2026-10-06,2026-10-09,P,800.0,21,6,1.155
2026-10-06,2026-10-09,P,805.0,27,2,1.1939
2026-10-06,2026-10-09,P,810.0,26,1,1.2412
2026-10-06,2026-10-09,P,820.0,0,2,1.3335
2026-10-06,2026-10-09,P,830.0,1,1,1.4232
2026-10-06,2026-10-12,C,630.0,1,1,0.615
2026-10-06,2026-10-12,C,635.0,4,1,0.5801
2026-10-06,2026-10-12,C,637.5,4,1,0.5649
2026-10-06,2026-10-12,C,640.0,5,18,0.5501
2026-10-06,2026-10-12,C,642.5,4,16,0.5352
2026-10-06,2026-10-12,C,645.0,2,10,0.52
2026-10-06,2026-10-12,C,647.5,1,8,0.509
2026-10-06,2026-10-12,C,650.0,2,1,0.7909
2026-10-06,2026-10-12,C,662.5,3,38,0.6759
2026-10-06,2026-10-12,C,680.0,23,56,0.538
2026-10-06,2026-10-12,C,682.5,5,49,0.5186
2026-10-06,2026-10-12,C,685.0,11,16,0.437
2026-10-06,2026-10-12,C,687.5,1,10,0.3574
2026-10-06,2026-10-12,C,690.0,2,4,0.3467
2026-10-06,2026-10-12,C,695.0,7,1,0.3507
2026-10-06,2026-10-12,C,700.0,160,151,0.3259
2026-10-06,2026-10-12,C,702.5,2,11,0.3378
2026-10-06,2026-10-12,C,705.0,23,7,0.3223
2026-10-06,2026-10-12,C,707.5,7,3,0.3193
2026-10-06,2026-10-12,C,710.0,10,16,0.3319
2026-10-06,2026-10-12,C,715.0,46,122,0.316
2026-10-06,2026-10-12,C,717.5,153,72,0.3151
2026-10-06,2026-10-12,C,720.0,50,519,0.3115
2026-10-06,2026-10-12,C,722.5,31,408,0.311
2026-10-06,2026-10-12,C,725.0,78,1851,0.3107
2026-10-06,2026-10-12,C,727.5,37,371,0.3106
2026-10-06,2026-10-12,C,730.0,292,1139,0.3108
2026-10-06,2026-10-12,C,732.5,141,139,0.3097
2026-10-06,2026-10-12,C,735.0,121,352,0.3107
2026-10-06,2026-10-12,C,737.5,149,237,0.3125
2026-10-06,2026-10-12,C,740.0,169,474,0.3135
2026-10-06,2026-10-12,C,742.5,138,289,0.3159
2026-10-06,2026-10-12,C,745.0,330,504,0.3166
2026-10-06,2026-10-12,C,747.5,226,309,0.3178
2026-10-06,2026-10-12,C,750.0,723,1201,0.3211
2026-10-06,2026-10-12,C,755.0,140,343,0.3265
2026-10-06,2026-10-12,C,760.0,217,720,0.3341
2026-10-06,2026-10-12,C,765.0,83,183,0.3433
2026-10-06,2026-10-12,C,770.0,214,321,0.3533
2026-10-06,2026-10-12,C,775.0,218,173,0.3648
2026-10-06,2026-10-12,C,780.0,255,115,0.3789
2026-10-06,2026-10-12,C,785.0,110,89,0.3919
2026-10-06,2026-10-12,C,790.0,155,57,0.4038
2026-10-06,2026-10-12,C,795.0,97,24,0.4251
2026-10-06,2026-10-12,C,800.0,522,498,0.4233
2026-10-06,2026-10-12,C,805.0,77,57,0.4473
2026-10-06,2026-10-12,C,810.0,116,34,0.4414
2026-10-06,2026-10-12,C,815.0,51,44,0.4746
2026-10-06,2026-10-12,C,820.0,70,19,0.4922
2026-10-06,2026-10-12,C,825.0,110,56,0.5049
2026-10-06,2026-10-12,C,830.0,36,12,0.5278
2026-10-06,2026-10-12,C,835.0,22,43,0.5352
2026-10-06,2026-10-12,C,840.0,40,64,0.5107
2026-10-06,2026-10-12,C,845.0,19,15,0.5156
2026-10-06,2026-10-12,P,630.0,24,15,0.4854
2026-10-06,2026-10-12,P,632.5,21,9,0.4873
2026-10-06,2026-10-12,P,635.0,16,15,0.4907
2026-10-06,2026-10-12,P,637.5,1,3,0.4658
2026-10-06,2026-10-12,P,640.0,5,6,0.4531
2026-10-06,2026-10-12,P,642.5,16,9,0.4473
2026-10-06,2026-10-12,P,645.0,3,25,0.415
2026-10-06,2026-10-12,P,647.5,43,75,0.4312
2026-10-06,2026-10-12,P,650.0,49,53,0.4014
2026-10-06,2026-10-12,P,652.5,3,9,0.4131
2026-10-06,2026-10-12,P,655.0,31,10,0.4067
2026-10-06,2026-10-12,P,660.0,40,21,0.3943
2026-10-06,2026-10-12,P,662.5,1,7,0.3762
2026-10-06,2026-10-12,P,665.0,25,6,0.3767
2026-10-06,2026-10-12,P,667.5,4,58,0.3731
2026-10-06,2026-10-12,P,670.0,36,23,0.3538
2026-10-06,2026-10-12,P,672.5,5,12,0.3528
2026-10-06,2026-10-12,P,675.0,14,45,0.3401
2026-10-06,2026-10-12,P,677.5,7,45,0.3318
2026-10-06,2026-10-12,P,680.0,49,219,0.3264
2026-10-06,2026-10-12,P,682.5,10,186,0.3235
2026-10-06,2026-10-12,P,685.0,75,221,0.32
2026-10-06,2026-10-12,P,687.5,44,101,0.3174
2026-10-06,2026-10-12,P,690.0,177,292,0.3145
2026-10-06,2026-10-12,P,692.5,69,104,0.3135
2026-10-06,2026-10-12,P,695.0,85,126,0.3119
2026-10-06,2026-10-12,P,697.5,28,141,0.3106
2026-10-06,2026-10-12,P,700.0,113,550,0.3085
2026-10-06,2026-10-12,P,702.5,51,191,0.3093
2026-10-06,2026-10-12,P,705.0,65,349,0.3081
2026-10-06,2026-10-12,P,707.5,97,56,0.3076
2026-10-06,2026-10-12,P,710.0,150,268,0.306
2026-10-06,2026-10-12,P,712.5,137,195,0.3049
2026-10-06,2026-10-12,P,715.0,158,200,0.3026
2026-10-06,2026-10-12,P,717.5,144,131,0.3034
2026-10-06,2026-10-12,P,720.0,90,427,0.3029
2026-10-06,2026-10-12,P,722.5,34,308,0.304
2026-10-06,2026-10-12,P,725.0,76,421,0.3021
2026-10-06,2026-10-12,P,727.5,39,135,0.2988
2026-10-06,2026-10-12,P,730.0,142,887,0.2986
2026-10-06,2026-10-12,P,732.5,181,204,0.3019
2026-10-06,2026-10-12,P,735.0,103,87,0.306
2026-10-06,2026-10-12,P,737.5,37,49,0.3058
2026-10-06,2026-10-12,P,740.0,113,68,0.3027
2026-10-06,2026-10-12,P,742.5,159,28,0.3043
2026-10-06,2026-10-12,P,745.0,115,60,0.3097
2026-10-06,2026-10-12,P,747.5,18,33,0.3132
2026-10-06,2026-10-12,P,750.0,46,25,0.3145
2026-10-06,2026-10-12,P,755.0,5,2,0.3242
2026-10-06,2026-10-12,P,760.0,16,1,0.4893
2026-10-06,2026-10-12,P,765.0,19,27,0.4963
2026-10-06,2026-10-12,P,770.0,6,19,0.5608
2026-10-06,2026-10-12,P,775.0,12,2,0.5938
2026-10-06,2026-10-12,P,780.0,17,4,0.6024
2026-10-06,2026-10-12,P,785.0,2,4,0.63
2026-10-06,2026-10-12,P,790.0,10,2,0.6621
2026-10-06,2026-10-12,P,795.0,3,1,0.7052
2026-10-06,2026-10-12,P,800.0,3,6,0.7246
2026-10-06,2026-10-12,P,805.0,4,0,0.776
2026-10-06,2026-10-12,P,810.0,4,4,0.8123
2026-10-06,2026-10-14,C,682.5,2,0,0.5154
2026-10-06,2026-10-14,C,685.0,2,0,0.4348
2026-10-06,2026-10-14,C,690.0,3,10,0.3691
2026-10-06,2026-10-14,C,695.0,1,1,0.3607
2026-10-06,2026-10-14,C,697.5,2,3,0.3681
2026-10-06,2026-10-14,C,700.0,4,5,0.3624
2026-10-06,2026-10-14,C,702.5,6,9,0.3554
2026-10-06,2026-10-14,C,705.0,29,7,0.3542
2026-10-06,2026-10-14,C,707.5,5,13,0.3527
2026-10-06,2026-10-14,C,710.0,26,61,0.3508
2026-10-06,2026-10-14,C,712.5,6,121,0.3497
2026-10-06,2026-10-14,C,715.0,34,162,0.3482
2026-10-06,2026-10-14,C,717.5,6,75,0.35
2026-10-06,2026-10-14,C,720.0,54,48,0.345
2026-10-06,2026-10-14,C,722.5,20,529,0.3444
2026-10-06,2026-10-14,C,725.0,14,1355,0.3433
2026-10-06,2026-10-14,C,727.5,5,206,0.3442
2026-10-06,2026-10-14,C,730.0,46,651,0.3446
2026-10-06,2026-10-14,C,732.5,18,93,0.3444
2026-10-06,2026-10-14,C,735.0,162,482,0.3452
2026-10-06,2026-10-14,C,737.5,18,68,0.3442
2026-10-06,2026-10-14,C,740.0,69,125,0.3456
2026-10-06,2026-10-14,C,742.5,56,225,0.3453
2026-10-06,2026-10-14,C,745.0,110,67,0.3463
2026-10-06,2026-10-14,C,747.5,64,21,0.3489
2026-10-06,2026-10-14,C,750.0,114,195,0.3483
2026-10-06,2026-10-14,C,755.0,45,86,0.351
2026-10-06,2026-10-14,C,760.0,59,145,0.3577
2026-10-06,2026-10-14,C,765.0,43,126,0.3597
2026-10-06,2026-10-14,C,770.0,39,149,0.3643
2026-10-06,2026-10-14,C,775.0,21,75,0.3718
2026-10-06,2026-10-14,C,780.0,125,221,0.3783
2026-10-06,2026-10-14,C,785.0,207,180,0.3866
2026-10-06,2026-10-14,C,790.0,39,234,0.3934
2026-10-06,2026-10-14,C,795.0,19,30,0.419
2026-10-06,2026-10-14,C,800.0,51,108,0.4197
2026-10-06,2026-10-14,C,805.0,10,4,0.4399
2026-10-06,2026-10-14,C,810.0,8,5,0.4456
2026-10-06,2026-10-14,C,815.0,4,2,0.5627
2026-10-06,2026-10-14,C,820.0,11,1,0.5005
2026-10-06,2026-10-14,C,825.0,9,12,0.4683
2026-10-06,2026-10-14,C,830.0,13,31,0.5059
2026-10-06,2026-10-14,C,835.0,8,2,0.5889
2026-10-06,2026-10-14,P,645.0,1,8,0.4353
2026-10-06,2026-10-14,P,650.0,17,26,0.4099
2026-10-06,2026-10-14,P,660.0,12,3,0.4009
2026-10-06,2026-10-14,P,665.0,12,35,0.3662
2026-10-06,2026-10-14,P,670.0,16,100,0.3599
2026-10-06,2026-10-14,P,675.0,17,130,0.3547
2026-10-06,2026-10-14,P,680.0,16,142,0.3495
2026-10-06,2026-10-14,P,685.0,23,76,0.345
2026-10-06,2026-10-14,P,690.0,23,109,0.3427
2026-10-06,2026-10-14,P,695.0,26,47,0.3423
2026-10-06,2026-10-14,P,697.5,3,45,0.3394
2026-10-06,2026-10-14,P,700.0,67,145,0.3397
2026-10-06,2026-10-14,P,702.5,11,52,0.3365
2026-10-06,2026-10-14,P,705.0,69,55,0.336
2026-10-06,2026-10-14,P,710.0,20,46,0.335
2026-10-06,2026-10-14,P,712.5,35,110,0.3344
2026-10-06,2026-10-14,P,715.0,59,79,0.3344
2026-10-06,2026-10-14,P,717.5,51,114,0.3326
2026-10-06,2026-10-14,P,720.0,19,641,0.334
2026-10-06,2026-10-14,P,722.5,4,128,0.3334
2026-10-06,2026-10-14,P,725.0,59,202,0.3348
2026-10-06,2026-10-14,P,727.5,56,95,0.3305
2026-10-06,2026-10-14,P,730.0,251,146,0.3333
2026-10-06,2026-10-14,P,732.5,89,60,0.3315
2026-10-06,2026-10-14,P,735.0,538,46,0.3334
2026-10-06,2026-10-14,P,737.5,29,36,0.332
2026-10-06,2026-10-14,P,740.0,137,169,0.3359
2026-10-06,2026-10-14,P,745.0,150,29,0.3373
2026-10-06,2026-10-14,P,750.0,5,50,0.3366
2026-10-06,2026-10-14,P,755.0,22,18,0.3475
2026-10-06,2026-10-14,P,760.0,21,1,0.4079
2026-10-06,2026-10-14,P,765.0,2,1,0.4315
2026-10-06,2026-10-14,P,770.0,5,8,0.4877
2026-10-06,2026-10-14,P,780.0,2,44,0.5373
2026-10-06,2026-10-14,P,795.0,1,6,0.6101
2026-10-06,2026-10-14,P,800.0,8,4,0.6224
2026-10-06,2026-10-16,C,630.0,3144,29,0.5356
2026-10-06,2026-10-16,C,635.0,717,51,0.5125
2026-10-06,2026-10-16,C,640.0,4108,57,0.5061
2026-10-06,2026-10-16,C,645.0,1304,37,0.5082
2026-10-06,2026-10-16,C,650.0,7221,42,0.5599
2026-10-06,2026-10-16,C,655.0,1555,11,0.5732
2026-10-06,2026-10-16,C,657.5,60,43,0.5715
2026-10-06,2026-10-16,C,660.0,2313,39,0.5356
2026-10-06,2026-10-16,C,662.5,12,6,0.5656
2026-10-06,2026-10-16,C,665.0,948,13,0.5158
2026-10-06,2026-10-16,C,667.5,44,5,0.5395
2026-10-06,2026-10-16,C,670.0,3129,110,0.4591
2026-10-06,2026-10-16,C,672.5,30,10,0.4656
2026-10-06,2026-10-16,C,675.0,2825,117,0.4276
2026-10-06,2026-10-16,C,677.5,32,1,0.4278
2026-10-06,2026-10-16,C,680.0,3949,91,0.4028
2026-10-06,2026-10-16,C,682.5,95,9,0.4484
2026-10-06,2026-10-16,C,685.0,1169,46,0.3964
2026-10-06,2026-10-16,C,687.5,81,1,0.3964
2026-10-06,2026-10-16,C,690.0,1846,84,0.3803
2026-10-06,2026-10-16,C,692.5,79,18,0.3812
2026-10-06,2026-10-16,C,695.0,1012,68,0.3752
2026-10-06,2026-10-16,C,697.5,160,83,0.3735
2026-10-06,2026-10-16,C,700.0,15996,867,0.3707
2026-10-06,2026-10-16,C,702.5,188,65,0.3705
2026-10-06,2026-10-16,C,705.0,1418,195,0.3676
2026-10-06,2026-10-16,C,710.0,6090,327,0.3653
2026-10-06,2026-10-16,C,715.0,1425,342,0.3635
2026-10-06,2026-10-16,C,720.0,5173,760,0.3619
2026-10-06,2026-10-16,C,725.0,3500,2263,0.3594
2026-10-06,2026-10-16,C,730.0,4851,2387,0.3592
2026-10-06,2026-10-16,C,735.0,2539,2162,0.3606
2026-10-06,2026-10-16,C,740.0,4168,2432,0.3602
2026-10-06,2026-10-16,C,745.0,1402,316,0.3608
2026-10-06,2026-10-16,C,750.0,16417,4999,0.3616
2026-10-06,2026-10-16,C,755.0,1905,575,0.363
2026-10-06,2026-10-16,C,760.0,5253,1094,0.3643
2026-10-06,2026-10-16,C,765.0,9240,648,0.3677
2026-10-06,2026-10-16,C,770.0,4238,1929,0.37
2026-10-06,2026-10-16,C,775.0,9445,735,0.3726
2026-10-06,2026-10-16,C,780.0,4017,3312,0.3774
2026-10-06,2026-10-16,C,785.0,1237,218,0.3828
2026-10-06,2026-10-16,C,790.0,2093,596,0.3881
2026-10-06,2026-10-16,C,795.0,1120,251,0.3938
2026-10-06,2026-10-16,C,800.0,23542,13462,0.3994
2026-10-06,2026-10-16,C,805.0,1622,940,0.4058
2026-10-06,2026-10-16,C,810.0,1567,199,0.4131
2026-10-06,2026-10-16,C,815.0,2787,273,0.4231
2026-10-06,2026-10-16,C,820.0,10520,1039,0.4294
2026-10-06,2026-10-16,C,825.0,20665,2728,0.4365
2026-10-06,2026-10-16,C,830.0,3052,652,0.4436
2026-10-06,2026-10-16,C,835.0,2044,99,0.4475
2026-10-06,2026-10-16,C,840.0,1302,200,0.457
2026-10-06,2026-10-16,C,845.0,238,18,0.4639
2026-10-06,2026-10-16,P,630.0,1556,194,0.4331
2026-10-06,2026-10-16,P,635.0,846,805,0.4209
2026-10-06,2026-10-16,P,640.0,2803,538,0.4114
2026-10-06,2026-10-16,P,645.0,2112,85,0.4009
2026-10-06,2026-10-16,P,650.0,2653,213,0.3942
2026-10-06,2026-10-16,P,655.0,1310,136,0.3836
2026-10-06,2026-10-16,P,657.5,224,41,0.3801
2026-10-06,2026-10-16,P,660.0,2094,290,0.376
2026-10-06,2026-10-16,P,662.5,289,133,0.3735
2026-10-06,2026-10-16,P,665.0,1563,194,0.3713
2026-10-06,2026-10-16,P,667.5,233,151,0.3691
2026-10-06,2026-10-16,P,670.0,3447,539,0.3649
2026-10-06,2026-10-16,P,672.5,150,153,0.3637
2026-10-06,2026-10-16,P,675.0,2175,631,0.3607
2026-10-06,2026-10-16,P,677.5,262,198,0.3593
2026-10-06,2026-10-16,P,680.0,1962,1337,0.3571
2026-10-06,2026-10-16,P,682.5,331,198,0.3547
2026-10-06,2026-10-16,P,685.0,1613,586,0.3534
2026-10-06,2026-10-16,P,687.5,389,212,0.3524
2026-10-06,2026-10-16,P,690.0,1975,1029,0.3516
2026-10-06,2026-10-16,P,692.5,351,187,0.351
2026-10-06,2026-10-16,P,695.0,899,537,0.3489
2026-10-06,2026-10-16,P,697.5,590,237,0.3497
2026-10-06,2026-10-16,P,700.0,6189,1649,0.3491
2026-10-06,2026-10-16,P,702.5,425,175,0.3482
2026-10-06,2026-10-16,P,705.0,812,219,0.3485
2026-10-06,2026-10-16,P,710.0,1478,750,0.3459
2026-10-06,2026-10-16,P,715.0,1185,449,0.3435
2026-10-06,2026-10-16,P,720.0,2523,2050,0.3444
2026-10-06,2026-10-16,P,725.0,2462,1138,0.343
2026-10-06,2026-10-16,P,730.0,1600,441,0.3426
2026-10-06,2026-10-16,P,735.0,1231,196,0.3435
2026-10-06,2026-10-16,P,740.0,2285,1119,0.3423
2026-10-06,2026-10-16,P,745.0,1189,258,0.3431
2026-10-06,2026-10-16,P,750.0,2934,119,0.3467
2026-10-06,2026-10-16,P,755.0,401,39,0.3421
2026-10-06,2026-10-16,P,760.0,2471,38,0.4085
2026-10-06,2026-10-16,P,765.0,1992,11,0.4141
2026-10-06,2026-10-16,P,770.0,476,21,0.425
2026-10-06,2026-10-16,P,775.0,460,7,0.4407
2026-10-06,2026-10-16,P,780.0,502,4,0.4812
2026-10-06,2026-10-16,P,785.0,147,15,0.455
2026-10-06,2026-10-16,P,790.0,426,37,0.4807
2026-10-06,2026-10-16,P,795.0,167,5,0.5061
2026-10-06,2026-10-16,P,800.0,761,113,0.4413
2026-10-06,2026-10-16,P,805.0,90,10,0.5806
2026-10-06,2026-10-16,P,810.0,94,2,0.6033
2026-10-06,2026-10-16,P,815.0,70,1,0.6233
2026-10-06,2026-10-16,P,820.0,82,4,0.6406
2026-10-06,2026-10-16,P,825.0,138,70,0.6645
2026-10-06,2026-10-16,P,830.0,53,10,0.6834
2026-10-06,2026-10-16,P,835.0,104,34,0.7042
2026-10-06,2026-10-16,P,840.0,171,50,0.712
2026-10-06,2026-10-16,P,845.0,2,2,0.6991
