fecha,exp,tipo,strike,oi,vol,iv
2026-09-24,2026-09-25,C,865.0,61,6,3.0686
2026-09-24,2026-09-25,C,870.0,216,10,2.9346
2026-09-24,2026-09-25,C,875.0,42,5,2.5183
2026-09-24,2026-09-25,C,880.0,50,1,2.8513
2026-09-24,2026-09-25,C,885.0,31,1,2.8633
2026-09-24,2026-09-25,C,890.0,102,6,2.5933
2026-09-24,2026-09-25,C,895.0,102,6,2.521
2026-09-24,2026-09-25,C,900.0,902,126,1.9741
2026-09-24,2026-09-25,C,905.0,102,2,2.5757
2026-09-24,2026-09-25,C,910.0,352,43,2.3523
2026-09-24,2026-09-25,C,915.0,286,4,2.2749
2026-09-24,2026-09-25,C,920.0,318,3,2.3252
2026-09-24,2026-09-25,C,925.0,464,6,2.1404
2026-09-24,2026-09-25,C,930.0,900,57,1.4443
2026-09-24,2026-09-25,C,935.0,419,12,1.4395
2026-09-24,2026-09-25,C,940.0,530,38,2.009
2026-09-24,2026-09-25,C,945.0,306,37,1.7532
2026-09-24,2026-09-25,C,950.0,1594,102,1.1455
2026-09-24,2026-09-25,C,952.5,78,10,1.3574
2026-09-24,2026-09-25,C,955.0,768,28,1.0225
2026-09-24,2026-09-25,C,957.5,118,22,1.9792
2026-09-24,2026-09-25,C,960.0,1229,64,1.0645
2026-09-24,2026-09-25,C,965.0,262,224,0.7422
2026-09-24,2026-09-25,C,970.0,399,257,1.0635
2026-09-24,2026-09-25,C,975.0,481,148,1.1367
2026-09-24,2026-09-25,C,980.0,841,186,1.3616
2026-09-24,2026-09-25,C,985.0,393,236,1.4001
2026-09-24,2026-09-25,C,990.0,620,165,1.2698
2026-09-24,2026-09-25,C,995.0,414,115,0.7305
2026-09-24,2026-09-25,C,1000.0,3124,554,0.9932
2026-09-24,2026-09-25,C,1005.0,497,148,0.9941
2026-09-24,2026-09-25,C,1010.0,1899,161,0.6348
2026-09-24,2026-09-25,C,1015.0,358,127,1.0597
2026-09-24,2026-09-25,C,1017.5,92,32,0.6587
2026-09-24,2026-09-25,C,1020.0,913,398,0.6606
2026-09-24,2026-09-25,C,1022.5,124,39,0.9334
2026-09-24,2026-09-25,C,1025.0,1592,200,0.7673
2026-09-24,2026-09-25,C,1027.5,230,53,0.6523
2026-09-24,2026-09-25,C,1030.0,1207,3357,0.5776
2026-09-24,2026-09-25,C,1032.5,497,113,0.7024
2026-09-24,2026-09-25,C,1035.0,406,467,0.6138
2026-09-24,2026-09-25,C,1037.5,160,555,0.6523
2026-09-24,2026-09-25,C,1040.0,1028,2812,0.5872
2026-09-24,2026-09-25,C,1045.0,853,3264,0.5468
2026-09-24,2026-09-25,C,1050.0,3870,17855,0.5458
2026-09-24,2026-09-25,C,1055.0,1017,12543,0.5321
2026-09-24,2026-09-25,C,1060.0,1394,15025,0.5138
2026-09-24,2026-09-25,C,1065.0,604,10684,0.5111
2026-09-24,2026-09-25,C,1070.0,2096,22280,0.5111
2026-09-24,2026-09-25,C,1075.0,1601,19871,0.5121
2026-09-24,2026-09-25,C,1080.0,2737,15969,0.5002
2026-09-24,2026-09-25,C,1085.0,1058,7738,0.5107
2026-09-24,2026-09-25,C,1090.0,1866,10225,0.5131
2026-09-24,2026-09-25,C,1095.0,959,4661,0.5245
2026-09-24,2026-09-25,C,1100.0,7652,53625,0.5315
2026-09-24,2026-09-25,C,1105.0,920,4567,0.5407
2026-09-24,2026-09-25,C,1110.0,1420,8071,0.5501
2026-09-24,2026-09-25,C,1115.0,905,3673,0.5623
2026-09-24,2026-09-25,C,1120.0,1996,11312,0.5717
2026-09-24,2026-09-25,C,1125.0,857,5490,0.5806
2026-09-24,2026-09-25,C,1130.0,3483,4194,0.5923
2026-09-24,2026-09-25,C,1135.0,649,1418,0.6013
2026-09-24,2026-09-25,C,1140.0,1843,3494,0.6111
2026-09-24,2026-09-25,C,1145.0,2636,937,0.6265
2026-09-24,2026-09-25,C,1150.0,6055,11898,0.6343
2026-09-24,2026-09-25,C,1155.0,374,716,0.644
2026-09-24,2026-09-25,C,1160.0,1027,1874,0.6621
2026-09-24,2026-09-25,C,1165.0,519,803,0.668
2026-09-24,2026-09-25,C,1170.0,755,1060,0.6939
2026-09-24,2026-09-25,C,1175.0,873,999,0.7051
2026-09-24,2026-09-25,C,1180.0,925,626,0.7236
2026-09-24,2026-09-25,C,1185.0,573,402,0.7363
2026-09-24,2026-09-25,C,1190.0,654,487,0.748
2026-09-24,2026-09-25,C,1195.0,700,326,0.7637
2026-09-24,2026-09-25,C,1200.0,9270,5679,0.791
2026-09-24,2026-09-25,C,1205.0,263,133,0.8125
2026-09-24,2026-09-25,C,1210.0,1106,112,0.8203
2026-09-24,2026-09-25,C,1215.0,878,104,0.8242
2026-09-24,2026-09-25,C,1220.0,1503,317,0.8516
2026-09-24,2026-09-25,C,1225.0,1262,292,0.9141
2026-09-24,2026-09-25,C,1230.0,826,247,0.8945
2026-09-24,2026-09-25,C,1235.0,111,6,0.9258
2026-09-24,2026-09-25,C,1240.0,1018,36,0.9336
2026-09-24,2026-09-25,C,1245.0,128,10,0.9766
2026-09-24,2026-09-25,C,1250.0,2867,524,0.9375
2026-09-24,2026-09-25,C,1255.0,140,13,1.0273
2026-09-24,2026-09-25,C,1260.0,463,86,0.9844
2026-09-24,2026-09-25,C,1265.0,195,45,0.9922
2026-09-24,2026-09-25,C,1270.0,468,41,1.0781
2026-09-24,2026-09-25,C,1275.0,95,42,1.0313
2026-09-24,2026-09-25,C,1280.0,238,38,1.0781
2026-09-24,2026-09-25,C,1285.0,18,12,1.1016
2026-09-24,2026-09-25,C,1290.0,239,29,1.0469
2026-09-24,2026-09-25,C,1295.0,59,13,1.125
2026-09-24,2026-09-25,P,865.0,357,35,1.4297
2026-09-24,2026-09-25,P,870.0,659,48,1.4297
2026-09-24,2026-09-25,P,875.0,731,322,1.4102
2026-09-24,2026-09-25,P,880.0,1054,346,1.375
2026-09-24,2026-09-25,P,885.0,558,207,1.3281
2026-09-24,2026-09-25,P,890.0,1001,338,1.3203
2026-09-24,2026-09-25,P,895.0,1725,314,1.2734
2026-09-24,2026-09-25,P,900.0,3444,909,1.2813
2026-09-24,2026-09-25,P,905.0,865,97,1.2969
2026-09-24,2026-09-25,P,910.0,1794,261,1.2734
2026-09-24,2026-09-25,P,915.0,485,219,1.168
2026-09-24,2026-09-25,P,920.0,1205,189,1.1816
2026-09-24,2026-09-25,P,925.0,615,319,1.1309
2026-09-24,2026-09-25,P,930.0,2467,284,1.0957
2026-09-24,2026-09-25,P,935.0,659,436,1.0742
2026-09-24,2026-09-25,P,940.0,1809,412,1.0176
2026-09-24,2026-09-25,P,945.0,467,187,1.0254
2026-09-24,2026-09-25,P,950.0,2215,1445,0.9941
2026-09-24,2026-09-25,P,952.5,168,96,1.0195
2026-09-24,2026-09-25,P,955.0,315,327,1.0479
2026-09-24,2026-09-25,P,957.5,84,391,0.9785
2026-09-24,2026-09-25,P,960.0,1406,385,0.9395
2026-09-24,2026-09-25,P,965.0,1284,305,0.9121
2026-09-24,2026-09-25,P,970.0,1867,640,0.8818
2026-09-24,2026-09-25,P,975.0,823,664,0.8711
2026-09-24,2026-09-25,P,980.0,1224,1542,0.8408
2026-09-24,2026-09-25,P,985.0,831,1040,0.8105
2026-09-24,2026-09-25,P,990.0,921,3107,0.7539
2026-09-24,2026-09-25,P,995.0,940,2136,0.751
2026-09-24,2026-09-25,P,1000.0,5286,18093,0.7178
2026-09-24,2026-09-25,P,1005.0,722,2240,0.6904
2026-09-24,2026-09-25,P,1010.0,1630,2328,0.667
2026-09-24,2026-09-25,P,1015.0,920,1812,0.646
2026-09-24,2026-09-25,P,1017.5,225,993,0.6367
2026-09-24,2026-09-25,P,1020.0,1134,3260,0.6284
2026-09-24,2026-09-25,P,1022.5,124,816,0.6187
2026-09-24,2026-09-25,P,1025.0,1262,3073,0.6101
2026-09-24,2026-09-25,P,1027.5,169,968,0.604
2026-09-24,2026-09-25,P,1030.0,1230,6503,0.6006
2026-09-24,2026-09-25,P,1032.5,228,1435,0.5911
2026-09-24,2026-09-25,P,1035.0,852,6743,0.5818
2026-09-24,2026-09-25,P,1037.5,479,2324,0.5764
2026-09-24,2026-09-25,P,1040.0,3981,10654,0.5723
2026-09-24,2026-09-25,P,1045.0,807,6901,0.5586
2026-09-24,2026-09-25,P,1050.0,1674,20886,0.5554
2026-09-24,2026-09-25,P,1055.0,1197,9553,0.5469
2026-09-24,2026-09-25,P,1060.0,1036,8629,0.5468
2026-09-24,2026-09-25,P,1065.0,572,7648,0.5459
2026-09-24,2026-09-25,P,1070.0,3165,12522,0.548
2026-09-24,2026-09-25,P,1075.0,863,6393,0.5485
2026-09-24,2026-09-25,P,1080.0,1060,6134,0.557
2026-09-24,2026-09-25,P,1085.0,260,508,0.5646
2026-09-24,2026-09-25,P,1090.0,542,530,0.5757
2026-09-24,2026-09-25,P,1095.0,303,361,0.575
2026-09-24,2026-09-25,P,1100.0,734,1312,0.5977
2026-09-24,2026-09-25,P,1105.0,113,240,0.6034
2026-09-24,2026-09-25,P,1110.0,155,50,0.6122
2026-09-24,2026-09-25,P,1115.0,40,27,0.6218
2026-09-24,2026-09-25,P,1120.0,429,151,0.6403
2026-09-24,2026-09-25,P,1125.0,32,21,0.6533
2026-09-24,2026-09-25,P,1130.0,233,36,0.6726
2026-09-24,2026-09-25,P,1135.0,15,10,0.6772
2026-09-24,2026-09-25,P,1140.0,16,2,0.6572
2026-09-24,2026-09-25,P,1145.0,15,12,0.6831
2026-09-24,2026-09-25,P,1150.0,132,177,0.7192
2026-09-24,2026-09-25,P,1155.0,66,100,1.1526
2026-09-24,2026-09-25,P,1160.0,7,2,1.1615
2026-09-24,2026-09-25,P,1165.0,5,3,0.5625
2026-09-24,2026-09-25,P,1170.0,15,15,0.7256
2026-09-24,2026-09-25,P,1175.0,16,78,1.282
2026-09-24,2026-09-25,P,1180.0,10,21,0.8008
2026-09-24,2026-09-25,P,1190.0,30,196,0.9341
2026-09-24,2026-09-25,P,1195.0,9,34,0.5938
2026-09-24,2026-09-25,P,1200.0,29,208,0.9766
2026-09-24,2026-09-25,P,1205.0,1,0,1.0981
2026-09-24,2026-09-25,P,1210.0,1,3,1.7249
2026-09-24,2026-09-25,P,1215.0,4,13,1.2534
2026-09-24,2026-09-25,P,1220.0,0,1,1.8084
2026-09-24,2026-09-25,P,1225.0,2,3,1.2261
2026-09-24,2026-09-25,P,1230.0,1,81,1.1865
2026-09-24,2026-09-25,P,1240.0,0,2,1.49
2026-09-24,2026-09-25,P,1250.0,0,1,1.4941
2026-09-24,2026-09-25,P,1260.0,0,2,1.5952
2026-09-24,2026-09-25,P,1270.0,0,5,1.6382
2026-09-24,2026-09-28,C,865.0,1,0,1.5408
2026-09-24,2026-09-28,C,870.0,13,8,1.519
2026-09-24,2026-09-28,C,875.0,20,0,1.5182
2026-09-24,2026-09-28,C,880.0,6,0,1.4658
2026-09-24,2026-09-28,C,885.0,2,0,1.4609
2026-09-24,2026-09-28,C,890.0,4,5,1.3976
2026-09-24,2026-09-28,C,895.0,3,2,1.3782
2026-09-24,2026-09-28,C,900.0,582,7,0.6836
2026-09-24,2026-09-28,C,905.0,28,2,0.665
2026-09-24,2026-09-28,C,910.0,355,1,1.2769
2026-09-24,2026-09-28,C,915.0,16,1,0.8442
2026-09-24,2026-09-28,C,920.0,66,4,1.2072
2026-09-24,2026-09-28,C,925.0,47,7,1.0978
2026-09-24,2026-09-28,C,930.0,243,5,1.1641
2026-09-24,2026-09-28,C,935.0,231,1,0.7444
2026-09-24,2026-09-28,C,940.0,24,2,0.7683
2026-09-24,2026-09-28,C,945.0,57,2,1.0134
2026-09-24,2026-09-28,C,950.0,585,46,0.6658
2026-09-24,2026-09-28,C,955.0,65,2,1.0189
2026-09-24,2026-09-28,C,960.0,103,1,0.9901
2026-09-24,2026-09-28,C,965.0,17,2,0.8768
2026-09-24,2026-09-28,C,970.0,59,1,0.511
2026-09-24,2026-09-28,C,975.0,87,8,0.8318
2026-09-24,2026-09-28,C,980.0,128,15,0.7039
2026-09-24,2026-09-28,C,985.0,39,11,0.7202
2026-09-24,2026-09-28,C,990.0,120,2,0.7055
2026-09-24,2026-09-28,C,995.0,54,2,0.6984
2026-09-24,2026-09-28,C,1000.0,751,284,0.5498
2026-09-24,2026-09-28,C,1005.0,159,37,0.5132
2026-09-24,2026-09-28,C,1010.0,217,43,0.5052
2026-09-24,2026-09-28,C,1015.0,42,35,0.5468
2026-09-24,2026-09-28,C,1020.0,441,85,0.5087
2026-09-24,2026-09-28,C,1025.0,56,63,0.5075
2026-09-24,2026-09-28,C,1030.0,296,186,0.4597
2026-09-24,2026-09-28,C,1035.0,88,182,0.4446
2026-09-24,2026-09-28,C,1040.0,1206,942,0.4354
2026-09-24,2026-09-28,C,1045.0,207,829,0.4155
2026-09-24,2026-09-28,C,1050.0,1995,2862,0.4135
2026-09-24,2026-09-28,C,1055.0,113,2154,0.4175
2026-09-24,2026-09-28,C,1060.0,364,3149,0.409
2026-09-24,2026-09-28,C,1065.0,226,2433,0.4131
2026-09-24,2026-09-28,C,1070.0,1097,3459,0.4122
2026-09-24,2026-09-28,C,1075.0,410,3801,0.4145
2026-09-24,2026-09-28,C,1080.0,712,2467,0.413
2026-09-24,2026-09-28,C,1085.0,536,1284,0.4158
2026-09-24,2026-09-28,C,1090.0,1319,2034,0.4172
2026-09-24,2026-09-28,C,1095.0,296,1187,0.4186
2026-09-24,2026-09-28,C,1100.0,3347,8839,0.4202
2026-09-24,2026-09-28,C,1105.0,208,866,0.4221
2026-09-24,2026-09-28,C,1110.0,452,1419,0.4249
2026-09-24,2026-09-28,C,1115.0,133,449,0.4276
2026-09-24,2026-09-28,C,1120.0,287,1222,0.4305
2026-09-24,2026-09-28,C,1125.0,198,1307,0.4341
2026-09-24,2026-09-28,C,1130.0,148,934,0.4375
2026-09-24,2026-09-28,C,1135.0,211,726,0.4408
2026-09-24,2026-09-28,C,1140.0,196,495,0.4446
2026-09-24,2026-09-28,C,1145.0,110,359,0.4471
2026-09-24,2026-09-28,C,1150.0,1259,4904,0.4507
2026-09-24,2026-09-28,C,1155.0,196,564,0.4559
2026-09-24,2026-09-28,C,1160.0,211,557,0.4602
2026-09-24,2026-09-28,C,1165.0,152,350,0.4636
2026-09-24,2026-09-28,C,1170.0,120,292,0.468
2026-09-24,2026-09-28,C,1180.0,221,222,0.4817
2026-09-24,2026-09-28,C,1190.0,163,335,0.4932
2026-09-24,2026-09-28,C,1200.0,2826,7013,0.5037
2026-09-24,2026-09-28,C,1210.0,179,33,0.5142
2026-09-24,2026-09-28,C,1220.0,126,65,0.5283
2026-09-24,2026-09-28,C,1230.0,109,45,0.5327
2026-09-24,2026-09-28,C,1240.0,209,22,0.5547
2026-09-24,2026-09-28,C,1250.0,1512,542,0.5713
2026-09-24,2026-09-28,C,1260.0,147,55,0.5879
2026-09-24,2026-09-28,C,1270.0,154,122,0.6064
2026-09-24,2026-09-28,C,1280.0,185,32,0.624
2026-09-24,2026-09-28,C,1290.0,153,44,0.6367
2026-09-24,2026-09-28,P,865.0,28,14,0.8794
2026-09-24,2026-09-28,P,870.0,26,26,0.8916
2026-09-24,2026-09-28,P,875.0,51,42,0.7402
2026-09-24,2026-09-28,P,880.0,72,27,0.8516
2026-09-24,2026-09-28,P,885.0,31,3,0.8589
2026-09-24,2026-09-28,P,890.0,54,8,0.8027
2026-09-24,2026-09-28,P,895.0,48,23,0.812
2026-09-24,2026-09-28,P,900.0,346,105,0.6836
2026-09-24,2026-09-28,P,905.0,97,15,0.748
2026-09-24,2026-09-28,P,910.0,69,10,0.6309
2026-09-24,2026-09-28,P,915.0,75,70,0.7227
2026-09-24,2026-09-28,P,920.0,270,53,0.6348
2026-09-24,2026-09-28,P,925.0,107,36,0.624
2026-09-24,2026-09-28,P,930.0,217,90,0.6094
2026-09-24,2026-09-28,P,935.0,84,39,0.5967
2026-09-24,2026-09-28,P,940.0,314,87,0.5859
2026-09-24,2026-09-28,P,945.0,74,146,0.5732
2026-09-24,2026-09-28,P,950.0,348,191,0.5645
2026-09-24,2026-09-28,P,955.0,166,70,0.5454
2026-09-24,2026-09-28,P,960.0,251,130,0.5391
2026-09-24,2026-09-28,P,965.0,188,195,0.5215
2026-09-24,2026-09-28,P,970.0,252,912,0.5166
2026-09-24,2026-09-28,P,975.0,359,419,0.5005
2026-09-24,2026-09-28,P,980.0,322,556,0.4959
2026-09-24,2026-09-28,P,985.0,442,193,0.4844
2026-09-24,2026-09-28,P,990.0,229,226,0.478
2026-09-24,2026-09-28,P,995.0,289,388,0.4683
2026-09-24,2026-09-28,P,1000.0,868,1052,0.4634
2026-09-24,2026-09-28,P,1005.0,177,349,0.4546
2026-09-24,2026-09-28,P,1010.0,205,740,0.4482
2026-09-24,2026-09-28,P,1015.0,84,487,0.4436
2026-09-24,2026-09-28,P,1020.0,282,719,0.4381
2026-09-24,2026-09-28,P,1025.0,156,428,0.4343
2026-09-24,2026-09-28,P,1030.0,297,825,0.4301
2026-09-24,2026-09-28,P,1035.0,252,786,0.428
2026-09-24,2026-09-28,P,1040.0,1771,1687,0.425
2026-09-24,2026-09-28,P,1045.0,268,971,0.4285
2026-09-24,2026-09-28,P,1050.0,861,3050,0.4282
2026-09-24,2026-09-28,P,1055.0,102,3504,0.4274
2026-09-24,2026-09-28,P,1060.0,122,2226,0.4246
2026-09-24,2026-09-28,P,1065.0,123,1298,0.4304
2026-09-24,2026-09-28,P,1070.0,152,1757,0.4346
2026-09-24,2026-09-28,P,1075.0,373,1113,0.4364
2026-09-24,2026-09-28,P,1080.0,191,822,0.4392
2026-09-24,2026-09-28,P,1085.0,63,233,0.4365
2026-09-24,2026-09-28,P,1090.0,119,733,0.4449
2026-09-24,2026-09-28,P,1095.0,194,208,0.4492
2026-09-24,2026-09-28,P,1100.0,271,248,0.4541
2026-09-24,2026-09-28,P,1105.0,19,43,0.4587
2026-09-24,2026-09-28,P,1110.0,33,13,0.4632
2026-09-24,2026-09-28,P,1115.0,20,9,0.4694
2026-09-24,2026-09-28,P,1120.0,19,2,0.4749
2026-09-24,2026-09-28,P,1125.0,12,21,0.4861
2026-09-24,2026-09-28,P,1130.0,22,1,0.5057
2026-09-24,2026-09-28,P,1135.0,29,5,0.5205
2026-09-24,2026-09-28,P,1140.0,37,15,0.594
2026-09-24,2026-09-28,P,1145.0,13,0,0.6067
2026-09-24,2026-09-28,P,1150.0,9,12,0.6194
2026-09-24,2026-09-28,P,1155.0,6,5,0.5007
2026-09-24,2026-09-28,P,1160.0,9,5,0.6477
2026-09-24,2026-09-28,P,1180.0,6,0,0.7341
2026-09-24,2026-09-28,P,1190.0,10,0,0.5288
2026-09-24,2026-09-28,P,1200.0,31,51,0.5222
2026-09-24,2026-10-02,C,865.0,120,5,0.8732
2026-09-24,2026-10-02,C,870.0,22,2,0.9193
2026-09-24,2026-10-02,C,875.0,72,5,0.859
2026-09-24,2026-10-02,C,880.0,72,6,0.7939
2026-09-24,2026-10-02,C,885.0,40,9,0.8511
2026-09-24,2026-10-02,C,890.0,110,3,0.8491
2026-09-24,2026-10-02,C,895.0,78,1,0.8564
2026-09-24,2026-10-02,C,900.0,911,44,0.8717
2026-09-24,2026-10-02,C,905.0,62,5,0.8887
2026-09-24,2026-10-02,C,910.0,1301,32,0.7998
2026-09-24,2026-10-02,C,915.0,124,12,0.8121
2026-09-24,2026-10-02,C,920.0,778,4,0.8321
2026-09-24,2026-10-02,C,925.0,599,2,0.8176
2026-09-24,2026-10-02,C,930.0,545,189,0.8589
2026-09-24,2026-10-02,C,935.0,254,129,0.8513
2026-09-24,2026-10-02,C,940.0,449,10,0.7872
2026-09-24,2026-10-02,C,945.0,119,7,0.8185
2026-09-24,2026-10-02,C,950.0,1222,97,0.8121
2026-09-24,2026-10-02,C,952.5,9,2,0.7704
2026-09-24,2026-10-02,C,955.0,213,4,0.807
2026-09-24,2026-10-02,C,957.5,36,2,0.7715
2026-09-24,2026-10-02,C,960.0,733,14,0.7814
2026-09-24,2026-10-02,C,965.0,160,73,0.7943
2026-09-24,2026-10-02,C,970.0,1436,13,0.7759
2026-09-24,2026-10-02,C,975.0,218,17,0.7641
2026-09-24,2026-10-02,C,980.0,1676,97,0.769
2026-09-24,2026-10-02,C,985.0,376,17,0.7629
2026-09-24,2026-10-02,C,990.0,691,15,0.7496
2026-09-24,2026-10-02,C,995.0,360,5,0.7557
2026-09-24,2026-10-02,C,1000.0,11015,433,0.789
2026-09-24,2026-10-02,C,1005.0,219,15,0.8028
2026-09-24,2026-10-02,C,1010.0,565,35,0.7963
2026-09-24,2026-10-02,C,1015.0,633,23,0.7859
2026-09-24,2026-10-02,C,1020.0,730,58,0.7709
2026-09-24,2026-10-02,C,1025.0,564,378,0.7651
2026-09-24,2026-10-02,C,1030.0,889,83,0.7661
2026-09-24,2026-10-02,C,1035.0,634,81,0.7682
2026-09-24,2026-10-02,C,1040.0,751,80,0.7676
2026-09-24,2026-10-02,C,1045.0,295,214,0.7724
2026-09-24,2026-10-02,C,1050.0,2711,3143,0.7867
2026-09-24,2026-10-02,C,1055.0,380,768,0.7864
2026-09-24,2026-10-02,C,1060.0,3321,2154,0.7921
2026-09-24,2026-10-02,C,1065.0,210,579,0.7908
2026-09-24,2026-10-02,C,1070.0,587,1104,0.7986
2026-09-24,2026-10-02,C,1075.0,681,700,0.7692
2026-09-24,2026-10-02,C,1080.0,1053,635,0.796
2026-09-24,2026-10-02,C,1085.0,741,137,0.7761
2026-09-24,2026-10-02,C,1090.0,609,144,0.7847
2026-09-24,2026-10-02,C,1095.0,392,117,0.7768
2026-09-24,2026-10-02,C,1100.0,6823,3884,0.7951
2026-09-24,2026-10-02,C,1105.0,494,131,0.7797
2026-09-24,2026-10-02,C,1110.0,1275,1058,0.7922
2026-09-24,2026-10-02,C,1115.0,512,156,0.799
2026-09-24,2026-10-02,C,1120.0,438,256,0.7954
2026-09-24,2026-10-02,C,1125.0,379,144,0.7983
2026-09-24,2026-10-02,C,1130.0,339,146,0.8146
2026-09-24,2026-10-02,C,1135.0,276,37,0.8105
2026-09-24,2026-10-02,C,1140.0,343,108,0.812
2026-09-24,2026-10-02,C,1145.0,152,174,0.8185
2026-09-24,2026-10-02,C,1150.0,2456,2936,0.787
2026-09-24,2026-10-02,C,1155.0,87,135,0.8075
2026-09-24,2026-10-02,C,1160.0,269,383,0.8086
2026-09-24,2026-10-02,C,1165.0,49,37,0.8124
2026-09-24,2026-10-02,C,1170.0,348,141,0.8139
2026-09-24,2026-10-02,C,1175.0,293,67,0.8244
2026-09-24,2026-10-02,C,1180.0,516,405,0.8149
2026-09-24,2026-10-02,C,1185.0,124,56,0.8293
2026-09-24,2026-10-02,C,1190.0,206,71,0.8301
2026-09-24,2026-10-02,C,1195.0,141,83,0.8211
2026-09-24,2026-10-02,C,1200.0,4215,4058,0.8235
2026-09-24,2026-10-02,C,1205.0,78,36,0.8223
2026-09-24,2026-10-02,C,1210.0,276,117,0.8275
2026-09-24,2026-10-02,C,1215.0,39,15,0.8319
2026-09-24,2026-10-02,C,1220.0,342,116,0.8339
2026-09-24,2026-10-02,C,1225.0,88,88,0.8363
2026-09-24,2026-10-02,C,1230.0,195,188,0.8379
2026-09-24,2026-10-02,C,1235.0,123,30,0.8412
2026-09-24,2026-10-02,C,1240.0,268,78,0.8392
2026-09-24,2026-10-02,C,1245.0,23,36,0.8458
2026-09-24,2026-10-02,C,1250.0,1564,813,0.8441
2026-09-24,2026-10-02,C,1255.0,52,29,0.8525
2026-09-24,2026-10-02,C,1260.0,903,95,0.8514
2026-09-24,2026-10-02,C,1270.0,211,52,0.8562
2026-09-24,2026-10-02,C,1280.0,160,40,0.8617
2026-09-24,2026-10-02,C,1290.0,135,13,0.8673
2026-09-24,2026-10-02,P,865.0,174,20,0.876
2026-09-24,2026-10-02,P,870.0,405,72,0.8683
2026-09-24,2026-10-02,P,875.0,343,62,0.8605
2026-09-24,2026-10-02,P,880.0,473,87,0.853
2026-09-24,2026-10-02,P,885.0,256,16,0.8461
2026-09-24,2026-10-02,P,890.0,772,97,0.8395
2026-09-24,2026-10-02,P,895.0,210,20,0.834
2026-09-24,2026-10-02,P,900.0,2699,614,0.8263
2026-09-24,2026-10-02,P,905.0,721,100,0.8203
2026-09-24,2026-10-02,P,910.0,522,102,0.8146
2026-09-24,2026-10-02,P,915.0,257,54,0.8102
2026-09-24,2026-10-02,P,920.0,1179,514,0.8046
2026-09-24,2026-10-02,P,925.0,775,102,0.8002
2026-09-24,2026-10-02,P,930.0,1613,210,0.7946
2026-09-24,2026-10-02,P,935.0,228,190,0.7908
2026-09-24,2026-10-02,P,940.0,488,169,0.7866
2026-09-24,2026-10-02,P,945.0,174,138,0.7846
2026-09-24,2026-10-02,P,950.0,1874,813,0.7805
2026-09-24,2026-10-02,P,952.5,236,19,0.7783
2026-09-24,2026-10-02,P,955.0,192,61,0.7796
2026-09-24,2026-10-02,P,957.5,71,15,0.7769
2026-09-24,2026-10-02,P,960.0,426,153,0.778
2026-09-24,2026-10-02,P,965.0,306,99,0.7771
2026-09-24,2026-10-02,P,970.0,457,183,0.7734
2026-09-24,2026-10-02,P,975.0,487,370,0.773
2026-09-24,2026-10-02,P,980.0,1011,226,0.771
2026-09-24,2026-10-02,P,985.0,414,120,0.7728
2026-09-24,2026-10-02,P,990.0,318,446,0.7725
2026-09-24,2026-10-02,P,995.0,207,65,0.7719
2026-09-24,2026-10-02,P,1000.0,1713,1219,0.7697
2026-09-24,2026-10-02,P,1005.0,284,168,0.7723
2026-09-24,2026-10-02,P,1010.0,285,316,0.7729
2026-09-24,2026-10-02,P,1015.0,164,228,0.7729
2026-09-24,2026-10-02,P,1020.0,433,308,0.7734
2026-09-24,2026-10-02,P,1025.0,207,197,0.7671
2026-09-24,2026-10-02,P,1030.0,195,157,0.7763
2026-09-24,2026-10-02,P,1035.0,167,145,0.7748
2026-09-24,2026-10-02,P,1040.0,292,255,0.7779
2026-09-24,2026-10-02,P,1045.0,234,148,0.7791
2026-09-24,2026-10-02,P,1050.0,752,654,0.7733
2026-09-24,2026-10-02,P,1055.0,191,165,0.7703
2026-09-24,2026-10-02,P,1060.0,168,198,0.7749
2026-09-24,2026-10-02,P,1065.0,117,145,0.7857
2026-09-24,2026-10-02,P,1070.0,1002,281,0.7939
2026-09-24,2026-10-02,P,1075.0,228,247,0.7768
2026-09-24,2026-10-02,P,1080.0,345,90,0.7773
2026-09-24,2026-10-02,P,1085.0,229,7,0.7989
2026-09-24,2026-10-02,P,1090.0,204,46,0.7918
2026-09-24,2026-10-02,P,1095.0,54,8,0.7733
2026-09-24,2026-10-02,P,1100.0,516,238,0.8059
2026-09-24,2026-10-02,P,1105.0,42,2,0.777
2026-09-24,2026-10-02,P,1110.0,41,25,0.7947
2026-09-24,2026-10-02,P,1115.0,22,2,0.7891
2026-09-24,2026-10-02,P,1120.0,97,18,0.7899
2026-09-24,2026-10-02,P,1125.0,20,1,0.8184
2026-09-24,2026-10-02,P,1130.0,135,15,0.8094
2026-09-24,2026-10-02,P,1135.0,24,7,0.7886
2026-09-24,2026-10-02,P,1140.0,64,7,0.8075
2026-09-24,2026-10-02,P,1145.0,1,1,0.8139
2026-09-24,2026-10-02,P,1150.0,270,55,0.8254
2026-09-24,2026-10-02,P,1155.0,4,2,0.8187
2026-09-24,2026-10-02,P,1160.0,50,25,0.8254
2026-09-24,2026-10-02,P,1165.0,1,0,0.8222
2026-09-24,2026-10-02,P,1170.0,36,2,0.8248
2026-09-24,2026-10-02,P,1180.0,12,5,0.8032
2026-09-24,2026-10-02,P,1190.0,12,6,0.8394
2026-09-24,2026-10-02,P,1195.0,3,0,0.8276
2026-09-24,2026-10-02,P,1200.0,239,68,0.8376
2026-09-24,2026-10-02,P,1220.0,16,35,0.8281
2026-09-24,2026-10-02,P,1230.0,2,2,0.8419
2026-09-24,2026-10-02,P,1235.0,2,2,0.8473
2026-09-24,2026-10-02,P,1240.0,7,1,0.8441
2026-09-24,2026-10-02,P,1250.0,10,4,0.8327
2026-09-24,2026-10-02,P,1260.0,10,10,0.8339
2026-09-24,2026-10-02,P,1270.0,4,2,0.8357
2026-09-24,2026-10-02,P,1280.0,13,1,0.8997
2026-09-24,2026-10-02,P,1290.0,14,0,0.8601
2026-09-24,2026-10-05,C,920.0,12,1,0.7486
2026-09-24,2026-10-05,C,950.0,19,4,0.7058
2026-09-24,2026-10-05,C,970.0,2,1,0.696
2026-09-24,2026-10-05,C,975.0,5,5,0.6957
2026-09-24,2026-10-05,C,980.0,7,1,0.6912
2026-09-24,2026-10-05,C,985.0,1,2,0.6872
2026-09-24,2026-10-05,C,990.0,14,2,0.6928
2026-09-24,2026-10-05,C,995.0,7,1,0.7065
2026-09-24,2026-10-05,C,1000.0,67,8,0.6923
2026-09-24,2026-10-05,C,1005.0,16,5,0.7075
2026-09-24,2026-10-05,C,1010.0,16,10,0.7106
2026-09-24,2026-10-05,C,1015.0,41,2,0.6936
2026-09-24,2026-10-05,C,1020.0,5,4,0.7056
2026-09-24,2026-10-05,C,1025.0,19,4,0.691
2026-09-24,2026-10-05,C,1030.0,14,18,0.6995
2026-09-24,2026-10-05,C,1035.0,9,3,0.7092
2026-09-24,2026-10-05,C,1040.0,22,14,0.6967
2026-09-24,2026-10-05,C,1045.0,21,11,0.6987
2026-09-24,2026-10-05,C,1050.0,88,144,0.7062
2026-09-24,2026-10-05,C,1055.0,115,244,0.7025
2026-09-24,2026-10-05,C,1060.0,323,86,0.7097
2026-09-24,2026-10-05,C,1065.0,22,80,0.7033
2026-09-24,2026-10-05,C,1070.0,167,209,0.6959
2026-09-24,2026-10-05,C,1075.0,119,290,0.7097
2026-09-24,2026-10-05,C,1080.0,54,175,0.6966
2026-09-24,2026-10-05,C,1085.0,76,66,0.7049
2026-09-24,2026-10-05,C,1090.0,28,16,0.7116
2026-09-24,2026-10-05,C,1095.0,30,34,0.7136
2026-09-24,2026-10-05,C,1100.0,294,337,0.7193
2026-09-24,2026-10-05,C,1105.0,5,7,0.7292
2026-09-24,2026-10-05,C,1110.0,22,4,0.7078
2026-09-24,2026-10-05,C,1115.0,50,6,0.7141
2026-09-24,2026-10-05,C,1120.0,11,4,0.7164
2026-09-24,2026-10-05,C,1125.0,6,19,0.7179
2026-09-24,2026-10-05,C,1130.0,8,7,0.7083
2026-09-24,2026-10-05,C,1135.0,2,11,0.7315
2026-09-24,2026-10-05,C,1140.0,11,2,0.729
2026-09-24,2026-10-05,C,1145.0,31,1,0.7169
2026-09-24,2026-10-05,C,1150.0,33,67,0.7098
2026-09-24,2026-10-05,C,1155.0,25,2,0.7336
2026-09-24,2026-10-05,C,1160.0,21,11,0.7281
2026-09-24,2026-10-05,C,1165.0,7,15,0.7293
2026-09-24,2026-10-05,C,1170.0,25,5,0.7309
2026-09-24,2026-10-05,C,1180.0,12,8,0.7442
2026-09-24,2026-10-05,C,1190.0,32,8,0.7418
2026-09-24,2026-10-05,C,1200.0,106,112,0.7376
2026-09-24,2026-10-05,C,1210.0,8,6,0.7436
2026-09-24,2026-10-05,C,1220.0,73,4,0.7446
2026-09-24,2026-10-05,C,1230.0,9,4,0.753
2026-09-24,2026-10-05,C,1240.0,41,17,0.7564
2026-09-24,2026-10-05,C,1250.0,22,23,0.7596
2026-09-24,2026-10-05,C,1260.0,2,2,0.765
2026-09-24,2026-10-05,C,1270.0,4,4,0.7689
2026-09-24,2026-10-05,C,1280.0,23,6,0.7719
2026-09-24,2026-10-05,C,1290.0,3,4,0.7768
2026-09-24,2026-10-05,P,875.0,38,14,0.7628
2026-09-24,2026-10-05,P,880.0,4,17,0.757
2026-09-24,2026-10-05,P,895.0,19,27,0.7394
2026-09-24,2026-10-05,P,900.0,18,38,0.7346
2026-09-24,2026-10-05,P,905.0,4,3,0.729
2026-09-24,2026-10-05,P,910.0,5,3,0.7246
2026-09-24,2026-10-05,P,915.0,38,3,0.7211
2026-09-24,2026-10-05,P,920.0,15,5,0.7166
2026-09-24,2026-10-05,P,925.0,8,3,0.7129
2026-09-24,2026-10-05,P,930.0,45,5,0.7105
2026-09-24,2026-10-05,P,935.0,4,13,0.7064
2026-09-24,2026-10-05,P,940.0,46,20,0.7028
2026-09-24,2026-10-05,P,945.0,9,5,0.7028
2026-09-24,2026-10-05,P,950.0,66,480,0.7022
2026-09-24,2026-10-05,P,955.0,16,60,0.698
2026-09-24,2026-10-05,P,960.0,19,8,0.6981
2026-09-24,2026-10-05,P,965.0,5,8,0.6942
2026-09-24,2026-10-05,P,970.0,69,12,0.6909
2026-09-24,2026-10-05,P,975.0,3,8,0.6902
2026-09-24,2026-10-05,P,980.0,52,10,0.6904
2026-09-24,2026-10-05,P,985.0,9,1,0.693
2026-09-24,2026-10-05,P,990.0,12,26,0.6925
2026-09-24,2026-10-05,P,995.0,27,6,0.6917
2026-09-24,2026-10-05,P,1000.0,48,63,0.692
2026-09-24,2026-10-05,P,1005.0,12,9,0.691
2026-09-24,2026-10-05,P,1010.0,81,6,0.6918
2026-09-24,2026-10-05,P,1015.0,7,5,0.6894
2026-09-24,2026-10-05,P,1020.0,31,14,0.6899
2026-09-24,2026-10-05,P,1025.0,38,9,0.6918
2026-09-24,2026-10-05,P,1030.0,17,8,0.6907
2026-09-24,2026-10-05,P,1035.0,34,8,0.6911
2026-09-24,2026-10-05,P,1040.0,148,23,0.6922
2026-09-24,2026-10-05,P,1045.0,29,11,0.6928
2026-09-24,2026-10-05,P,1050.0,71,39,0.6924
2026-09-24,2026-10-05,P,1055.0,34,56,0.6898
2026-09-24,2026-10-05,P,1060.0,49,26,0.7136
2026-09-24,2026-10-05,P,1065.0,27,69,0.7058
2026-09-24,2026-10-05,P,1070.0,27,146,0.7135
2026-09-24,2026-10-05,P,1075.0,32,107,0.7084
2026-09-24,2026-10-05,P,1080.0,25,3,0.7024
2026-09-24,2026-10-05,P,1085.0,6,11,0.713
2026-09-24,2026-10-05,P,1090.0,32,34,0.7211
2026-09-24,2026-10-05,P,1095.0,3,3,0.7207
2026-09-24,2026-10-05,P,1100.0,26,2,0.7171
2026-09-24,2026-10-05,P,1110.0,7,4,0.7278
2026-09-24,2026-10-05,P,1125.0,1,1,0.7239
2026-09-24,2026-10-05,P,1130.0,3,1,0.7259
2026-09-24,2026-10-05,P,1145.0,1,0,0.7434
2026-09-24,2026-10-05,P,1150.0,1,2,0.7494
2026-09-24,2026-10-05,P,1160.0,1,0,0.7332
2026-09-24,2026-10-05,P,1220.0,1,2,0.7477
2026-09-24,2026-10-05,P,1290.0,5,6,0.7719
2026-09-24,2026-10-09,C,865.0,16,4,0.7235
2026-09-24,2026-10-09,C,870.0,29,1,0.7488
2026-09-24,2026-10-09,C,875.0,15,2,0.741
2026-09-24,2026-10-09,C,880.0,37,1,0.7286
2026-09-24,2026-10-09,C,885.0,17,10,0.7392
2026-09-24,2026-10-09,C,890.0,76,6,0.7351
2026-09-24,2026-10-09,C,895.0,3,2,0.7261
2026-09-24,2026-10-09,C,900.0,2149,96,0.7238
2026-09-24,2026-10-09,C,905.0,34,1,0.7206
2026-09-24,2026-10-09,C,910.0,67,8,0.7154
2026-09-24,2026-10-09,C,915.0,18,3,0.7067
2026-09-24,2026-10-09,C,920.0,488,5,0.6958
2026-09-24,2026-10-09,C,925.0,103,1,0.691
2026-09-24,2026-10-09,C,930.0,625,8,0.6878
2026-09-24,2026-10-09,C,935.0,35,1,0.6966
2026-09-24,2026-10-09,C,940.0,213,17,0.6809
2026-09-24,2026-10-09,C,945.0,72,1,0.6736
2026-09-24,2026-10-09,C,950.0,634,19,0.6798
2026-09-24,2026-10-09,C,955.0,37,1,0.6907
2026-09-24,2026-10-09,C,960.0,393,9,0.6887
2026-09-24,2026-10-09,C,965.0,59,10,0.6887
2026-09-24,2026-10-09,C,970.0,188,19,0.6956
2026-09-24,2026-10-09,C,975.0,241,6,0.6798
2026-09-24,2026-10-09,C,980.0,427,4,0.6841
2026-09-24,2026-10-09,C,985.0,75,1,0.6864
2026-09-24,2026-10-09,C,990.0,369,19,0.6782
2026-09-24,2026-10-09,C,995.0,92,6,0.6731
2026-09-24,2026-10-09,C,1000.0,777,162,0.6754
2026-09-24,2026-10-09,C,1005.0,199,28,0.6777
2026-09-24,2026-10-09,C,1010.0,121,4,0.6704
2026-09-24,2026-10-09,C,1015.0,416,12,0.6716
2026-09-24,2026-10-09,C,1020.0,199,2,0.672
2026-09-24,2026-10-09,C,1025.0,185,244,0.6753
2026-09-24,2026-10-09,C,1030.0,327,12,0.6754
2026-09-24,2026-10-09,C,1035.0,94,4,0.6776
2026-09-24,2026-10-09,C,1040.0,270,40,0.6757
2026-09-24,2026-10-09,C,1045.0,49,19,0.6677
2026-09-24,2026-10-09,C,1050.0,811,681,0.6783
2026-09-24,2026-10-09,C,1055.0,51,54,0.6759
2026-09-24,2026-10-09,C,1060.0,322,180,0.6648
2026-09-24,2026-10-09,C,1065.0,119,43,0.6946
2026-09-24,2026-10-09,C,1070.0,481,189,0.686
2026-09-24,2026-10-09,C,1075.0,147,284,0.6931
2026-09-24,2026-10-09,C,1080.0,245,61,0.6906
2026-09-24,2026-10-09,C,1085.0,80,9,0.6678
2026-09-24,2026-10-09,C,1090.0,232,47,0.6906
2026-09-24,2026-10-09,C,1095.0,140,15,0.6924
2026-09-24,2026-10-09,C,1100.0,801,164,0.6888
2026-09-24,2026-10-09,C,1105.0,146,17,0.7012
2026-09-24,2026-10-09,C,1110.0,464,22,0.6749
2026-09-24,2026-10-09,C,1115.0,49,6,0.6879
2026-09-24,2026-10-09,C,1120.0,146,44,0.6851
2026-09-24,2026-10-09,C,1125.0,217,22,0.6884
2026-09-24,2026-10-09,C,1130.0,93,12,0.683
2026-09-24,2026-10-09,C,1135.0,68,7,0.6956
2026-09-24,2026-10-09,C,1140.0,209,12,0.684
2026-09-24,2026-10-09,C,1150.0,384,99,0.6988
2026-09-24,2026-10-09,C,1160.0,73,6,0.7043
2026-09-24,2026-10-09,C,1170.0,76,9,0.7046
2026-09-24,2026-10-09,C,1180.0,122,19,0.7103
2026-09-24,2026-10-09,C,1190.0,191,6,0.7097
2026-09-24,2026-10-09,C,1200.0,1230,819,0.7072
2026-09-24,2026-10-09,C,1210.0,259,175,0.7183
2026-09-24,2026-10-09,C,1220.0,104,24,0.7175
2026-09-24,2026-10-09,C,1230.0,173,18,0.7207
2026-09-24,2026-10-09,C,1240.0,231,17,0.7231
2026-09-24,2026-10-09,C,1250.0,414,313,0.7277
2026-09-24,2026-10-09,C,1260.0,199,18,0.7265
2026-09-24,2026-10-09,C,1270.0,107,14,0.7301
2026-09-24,2026-10-09,C,1280.0,89,4,0.734
2026-09-24,2026-10-09,C,1290.0,60,18,0.7404
2026-09-24,2026-10-09,P,865.0,76,9,0.7269
2026-09-24,2026-10-09,P,870.0,313,20,0.7216
2026-09-24,2026-10-09,P,875.0,81,7,0.7175
2026-09-24,2026-10-09,P,880.0,236,17,0.7136
2026-09-24,2026-10-09,P,885.0,81,34,0.7083
2026-09-24,2026-10-09,P,890.0,190,17,0.7056
2026-09-24,2026-10-09,P,895.0,67,48,0.7014
2026-09-24,2026-10-09,P,900.0,517,121,0.698
2026-09-24,2026-10-09,P,905.0,137,7,0.6946
2026-09-24,2026-10-09,P,910.0,121,109,0.6918
2026-09-24,2026-10-09,P,915.0,87,5,0.6876
2026-09-24,2026-10-09,P,920.0,392,10,0.6852
2026-09-24,2026-10-09,P,925.0,141,10,0.6831
2026-09-24,2026-10-09,P,930.0,970,27,0.6808
2026-09-24,2026-10-09,P,935.0,94,10,0.6788
2026-09-24,2026-10-09,P,940.0,507,21,0.6759
2026-09-24,2026-10-09,P,945.0,240,3,0.6758
2026-09-24,2026-10-09,P,950.0,1217,76,0.6728
2026-09-24,2026-10-09,P,955.0,92,4,0.6713
2026-09-24,2026-10-09,P,960.0,128,101,0.6708
2026-09-24,2026-10-09,P,965.0,55,13,0.6719
2026-09-24,2026-10-09,P,970.0,147,49,0.6691
2026-09-24,2026-10-09,P,975.0,140,4,0.6704
2026-09-24,2026-10-09,P,980.0,919,35,0.6699
2026-09-24,2026-10-09,P,985.0,125,36,0.6677
2026-09-24,2026-10-09,P,990.0,160,62,0.6692
2026-09-24,2026-10-09,P,995.0,69,31,0.6689
2026-09-24,2026-10-09,P,1000.0,375,64,0.6689
2026-09-24,2026-10-09,P,1005.0,55,4,0.6679
2026-09-24,2026-10-09,P,1010.0,98,19,0.6654
2026-09-24,2026-10-09,P,1015.0,55,5,0.6658
2026-09-24,2026-10-09,P,1020.0,70,6,0.666
2026-09-24,2026-10-09,P,1025.0,179,13,0.664
2026-09-24,2026-10-09,P,1030.0,66,10,0.6665
2026-09-24,2026-10-09,P,1035.0,134,14,0.6666
2026-09-24,2026-10-09,P,1040.0,45,183,0.667
2026-09-24,2026-10-09,P,1045.0,196,64,0.6672
2026-09-24,2026-10-09,P,1050.0,72,135,0.6618
2026-09-24,2026-10-09,P,1055.0,5,14,0.6693
2026-09-24,2026-10-09,P,1060.0,79,9,0.6857
2026-09-24,2026-10-09,P,1065.0,58,69,0.6863
2026-09-24,2026-10-09,P,1070.0,231,34,0.6792
2026-09-24,2026-10-09,P,1075.0,33,35,0.6728
2026-09-24,2026-10-09,P,1080.0,243,3,0.6904
2026-09-24,2026-10-09,P,1085.0,10,2,0.6808
2026-09-24,2026-10-09,P,1090.0,39,16,0.6744
2026-09-24,2026-10-09,P,1095.0,94,95,0.6768
2026-09-24,2026-10-09,P,1100.0,211,15,0.6852
2026-09-24,2026-10-09,P,1105.0,42,1,0.6855
2026-09-24,2026-10-09,P,1110.0,36,2,0.6854
2026-09-24,2026-10-09,P,1115.0,31,23,0.6813
2026-09-24,2026-10-09,P,1120.0,236,1,0.6879
2026-09-24,2026-10-09,P,1125.0,19,2,0.6853
2026-09-24,2026-10-09,P,1130.0,120,21,0.6908
2026-09-24,2026-10-09,P,1135.0,10,1,0.6901
2026-09-24,2026-10-09,P,1140.0,82,66,0.6934
2026-09-24,2026-10-09,P,1150.0,168,1,0.6955
2026-09-24,2026-10-09,P,1160.0,8,1,0.6938
2026-09-24,2026-10-09,P,1170.0,1,1,0.6954
2026-09-24,2026-10-09,P,1190.0,1,1,0.6964
2026-09-24,2026-10-09,P,1200.0,7,2,0.6974
2026-09-24,2026-10-09,P,1210.0,1,0,0.7055
2026-09-24,2026-10-09,P,1220.0,1,2,0.7088
2026-09-24,2026-10-09,P,1240.0,1,0,0.7153
2026-09-24,2026-10-09,P,1250.0,3,2,0.7331
2026-09-24,2026-10-09,P,1260.0,6,0,0.7216
2026-09-24,2026-10-09,P,1270.0,4,2,0.7226
2026-09-24,2026-10-09,P,1280.0,2,2,0.7261
2026-09-24,2026-10-09,P,1290.0,5,12,0.7278
2026-09-25,2026-09-25,C,920.0,316,30,1.821
2026-09-25,2026-09-25,C,925.0,462,39,1.4922
2026-09-25,2026-09-25,C,930.0,901,37,1.7161
2026-09-25,2026-09-25,C,935.0,418,68,1.5288
2026-09-25,2026-09-25,C,940.0,515,315,1.7334
2026-09-25,2026-09-25,C,945.0,312,15,1.1436
2026-09-25,2026-09-25,C,950.0,1550,242,1.1191
2026-09-25,2026-09-25,C,952.5,82,3,1.1807
2026-09-25,2026-09-25,C,955.0,761,43,1.7432
2026-09-25,2026-09-25,C,957.5,113,4,1.4558
2026-09-25,2026-09-25,C,960.0,1219,47,1.1279
2026-09-25,2026-09-25,C,965.0,226,35,1.751
2026-09-25,2026-09-25,C,970.0,376,103,1.4407
2026-09-25,2026-09-25,C,975.0,451,196,1.2964
2026-09-25,2026-09-25,C,980.0,829,89,1.2459
2026-09-25,2026-09-25,C,985.0,380,78,1.0327
2026-09-25,2026-09-25,C,990.0,607,255,0.7012
2026-09-25,2026-09-25,C,995.0,355,122,1.0364
2026-09-25,2026-09-25,C,1000.0,2915,718,0.6494
2026-09-25,2026-09-25,C,1005.0,451,86,0.7051
2026-09-25,2026-09-25,C,1010.0,1858,149,0.6802
2026-09-25,2026-09-25,C,1015.0,309,121,0.6533
2026-09-25,2026-09-25,C,1017.5,85,2,0.6565
2026-09-25,2026-09-25,C,1020.0,796,257,0.5049
2026-09-25,2026-09-25,C,1022.5,115,15,0.6484
2026-09-25,2026-09-25,C,1025.0,1556,130,0.7195
2026-09-25,2026-09-25,C,1027.5,234,122,0.6397
2026-09-25,2026-09-25,C,1030.0,918,210,0.6875
2026-09-25,2026-09-25,C,1032.5,520,23,0.8065
2026-09-25,2026-09-25,C,1035.0,422,300,0.8176
2026-09-25,2026-09-25,C,1037.5,212,37,0.8027
2026-09-25,2026-09-25,C,1040.0,1149,423,0.5791
2026-09-25,2026-09-25,C,1045.0,777,562,0.4714
2026-09-25,2026-09-25,C,1050.0,2872,2104,0.5096
2026-09-25,2026-09-25,C,1055.0,1434,872,0.3713
2026-09-25,2026-09-25,C,1060.0,1847,2409,0.2937
2026-09-25,2026-09-25,C,1065.0,1483,1623,0.187
2026-09-25,2026-09-25,C,1070.0,2918,5535,0.271
2026-09-25,2026-09-25,C,1075.0,2952,9367,0.0955
2026-09-25,2026-09-25,C,1080.0,2439,42071,0.0713
2026-09-25,2026-09-25,C,1085.0,1516,69727,0.0403
2026-09-25,2026-09-25,C,1090.0,2405,66725,0.0576
2026-09-25,2026-09-25,C,1095.0,1561,26693,0.0899
2026-09-25,2026-09-25,C,1100.0,9227,78698,0.1191
2026-09-25,2026-09-25,C,1105.0,1072,16226,0.1484
2026-09-25,2026-09-25,C,1110.0,2989,32642,0.1758
2026-09-25,2026-09-25,C,1115.0,1532,8297,0.207
2026-09-25,2026-09-25,C,1120.0,4650,30279,0.2344
2026-09-25,2026-09-25,C,1125.0,2209,8887,0.2617
2026-09-25,2026-09-25,C,1130.0,3831,11113,0.2891
2026-09-25,2026-09-25,C,1135.0,951,3999,0.3125
2026-09-25,2026-09-25,C,1140.0,2223,6511,0.3399
2026-09-25,2026-09-25,C,1145.0,2771,2802,0.3672
2026-09-25,2026-09-25,C,1150.0,7474,10428,0.3906
2026-09-25,2026-09-25,C,1155.0,423,1411,0.4141
2026-09-25,2026-09-25,C,1160.0,1273,1135,0.4453
2026-09-25,2026-09-25,C,1165.0,928,728,0.4688
2026-09-25,2026-09-25,C,1170.0,767,372,0.4922
2026-09-25,2026-09-25,C,1175.0,816,591,0.5156
2026-09-25,2026-09-25,C,1180.0,1081,991,0.5156
2026-09-25,2026-09-25,C,1185.0,538,266,0.5313
2026-09-25,2026-09-25,C,1190.0,699,155,0.5625
2026-09-25,2026-09-25,C,1195.0,821,39,0.5781
2026-09-25,2026-09-25,C,1200.0,10105,4146,0.5938
2026-09-25,2026-09-25,C,1205.0,284,72,0.625
2026-09-25,2026-09-25,C,1210.0,1084,169,0.6406
2026-09-25,2026-09-25,C,1215.0,903,54,0.6719
2026-09-25,2026-09-25,C,1220.0,1607,273,0.6875
2026-09-25,2026-09-25,C,1225.0,1430,748,0.7188
2026-09-25,2026-09-25,C,1230.0,908,212,0.7344
2026-09-25,2026-09-25,C,1235.0,112,5,0.75
2026-09-25,2026-09-25,C,1240.0,1026,11,0.7813
2026-09-25,2026-09-25,P,920.0,1246,400,0.9688
2026-09-25,2026-09-25,P,925.0,687,429,0.9375
2026-09-25,2026-09-25,P,930.0,2592,835,0.9453
2026-09-25,2026-09-25,P,935.0,849,691,0.9531
2026-09-25,2026-09-25,P,940.0,1897,414,1.1953
2026-09-25,2026-09-25,P,945.0,441,606,0.8281
2026-09-25,2026-09-25,P,950.0,2695,1053,0.75
2026-09-25,2026-09-25,P,952.5,167,73,0.8438
2026-09-25,2026-09-25,P,955.0,467,105,1.0801
2026-09-25,2026-09-25,P,957.5,321,237,0.8125
2026-09-25,2026-09-25,P,960.0,1374,192,0.7578
2026-09-25,2026-09-25,P,965.0,1271,331,0.7031
2026-09-25,2026-09-25,P,970.0,1914,331,0.6406
2026-09-25,2026-09-25,P,975.0,1049,378,0.7852
2026-09-25,2026-09-25,P,980.0,1418,763,0.5781
2026-09-25,2026-09-25,P,985.0,891,452,0.5625
2026-09-25,2026-09-25,P,990.0,2542,2513,0.7051
2026-09-25,2026-09-25,P,995.0,1256,538,0.5313
2026-09-25,2026-09-25,P,1000.0,8417,3716,0.5
2026-09-25,2026-09-25,P,1005.0,1000,570,0.5039
2026-09-25,2026-09-25,P,1010.0,2110,800,0.4453
2026-09-25,2026-09-25,P,1015.0,1428,461,0.4141
2026-09-25,2026-09-25,P,1017.5,333,278,0.741
2026-09-25,2026-09-25,P,1020.0,1467,1531,0.3828
2026-09-25,2026-09-25,P,1022.5,260,109,0.4356
2026-09-25,2026-09-25,P,1025.0,1484,1594,0.3789
2026-09-25,2026-09-25,P,1027.5,278,311,0.5171
2026-09-25,2026-09-25,P,1030.0,1491,1837,0.3281
2026-09-25,2026-09-25,P,1032.5,337,268,0.334
2026-09-25,2026-09-25,P,1035.0,2712,10014,0.2969
2026-09-25,2026-09-25,P,1037.5,679,584,0.3262
2026-09-25,2026-09-25,P,1040.0,4101,3155,0.2695
2026-09-25,2026-09-25,P,1045.0,911,2711,0.2559
2026-09-25,2026-09-25,P,1050.0,4036,20032,0.2109
2026-09-25,2026-09-25,P,1055.0,1823,4651,0.1797
2026-09-25,2026-09-25,P,1060.0,1237,10423,0.1484
2026-09-25,2026-09-25,P,1065.0,636,10144,0.1191
2026-09-25,2026-09-25,P,1070.0,3198,23003,0.0879
2026-09-25,2026-09-25,P,1075.0,1214,28682,0.0645
2026-09-25,2026-09-25,P,1080.0,869,36566,0.0573
2026-09-25,2026-09-25,P,1085.0,214,15250,0.1394
2026-09-25,2026-09-25,P,1090.0,503,9893,0.2189
2026-09-25,2026-09-25,P,1095.0,257,3820,0.2283
2026-09-25,2026-09-25,P,1100.0,797,4949,0.288
2026-09-25,2026-09-25,P,1105.0,128,900,0.4102
2026-09-25,2026-09-25,P,1110.0,146,369,0.3921
2026-09-25,2026-09-25,P,1115.0,41,286,0.5125
2026-09-25,2026-09-25,P,1120.0,428,204,0.6243
2026-09-25,2026-09-25,P,1125.0,34,43,0.6969
2026-09-25,2026-09-25,P,1130.0,220,57,0.5527
2026-09-25,2026-09-25,P,1135.0,13,2,0.5415
2026-09-25,2026-09-25,P,1140.0,16,148,0.6875
2026-09-25,2026-09-25,P,1145.0,21,3,0.9641
2026-09-25,2026-09-25,P,1150.0,13,169,0.6255
2026-09-25,2026-09-25,P,1155.0,6,1,0.7876
2026-09-25,2026-09-25,P,1160.0,7,4,1.0817
2026-09-25,2026-09-25,P,1165.0,0,3,0.6968
2026-09-25,2026-09-25,P,1170.0,0,20,1.2214
2026-09-25,2026-09-25,P,1175.0,0,78,0.7461
2026-09-25,2026-09-25,P,1180.0,0,21,0.7324
2026-09-25,2026-09-25,P,1190.0,1,1,1.6061
2026-09-25,2026-09-25,P,1195.0,0,34,1.6979
2026-09-25,2026-09-25,P,1200.0,3,3,1.6722
2026-09-25,2026-09-25,P,1210.0,1,3,0.8555
2026-09-25,2026-09-25,P,1215.0,2,13,0.998
2026-09-25,2026-09-25,P,1220.0,0,1,1.9451
2026-09-25,2026-09-25,P,1225.0,2,3,1.9907
2026-09-25,2026-09-25,P,1230.0,1,1,1.952
2026-09-25,2026-09-25,P,1240.0,0,2,0.9883
2026-09-25,2026-09-28,C,920.0,66,68,0.8018
2026-09-25,2026-09-28,C,925.0,49,2,0.7319
2026-09-25,2026-09-28,C,930.0,242,5,0.7637
2026-09-25,2026-09-28,C,935.0,231,1,0.7705
2026-09-25,2026-09-28,C,940.0,24,8,0.5273
2026-09-25,2026-09-28,C,945.0,59,31,0.6499
2026-09-25,2026-09-28,C,950.0,585,115,0.6821
2026-09-25,2026-09-28,C,955.0,64,50,0.8685
2026-09-25,2026-09-28,C,960.0,103,22,0.886
2026-09-25,2026-09-28,C,965.0,16,5,0.8956
2026-09-25,2026-09-28,C,970.0,58,7,0.8944
2026-09-25,2026-09-28,C,975.0,88,35,0.8019
2026-09-25,2026-09-28,C,980.0,125,41,0.6769
2026-09-25,2026-09-28,C,985.0,34,14,0.6792
2026-09-25,2026-09-28,C,990.0,120,52,0.6543
2026-09-25,2026-09-28,C,995.0,52,23,0.6875
2026-09-25,2026-09-28,C,1000.0,677,68,0.6038
2026-09-25,2026-09-28,C,1005.0,158,38,0.5924
2026-09-25,2026-09-28,C,1010.0,225,22,0.5637
2026-09-25,2026-09-28,C,1015.0,45,49,0.5788
2026-09-25,2026-09-28,C,1020.0,455,165,0.424
2026-09-25,2026-09-28,C,1025.0,76,31,0.4348
2026-09-25,2026-09-28,C,1030.0,339,138,0.4089
2026-09-25,2026-09-28,C,1035.0,113,46,0.4807
2026-09-25,2026-09-28,C,1040.0,754,685,0.3824
2026-09-25,2026-09-28,C,1045.0,335,204,0.3774
2026-09-25,2026-09-28,C,1050.0,2138,1633,0.3544
2026-09-25,2026-09-28,C,1055.0,296,177,0.3266
2026-09-25,2026-09-28,C,1060.0,1097,1211,0.3246
2026-09-25,2026-09-28,C,1065.0,532,1002,0.3171
2026-09-25,2026-09-28,C,1070.0,1228,4334,0.3059
2026-09-25,2026-09-28,C,1075.0,561,2728,0.3019
2026-09-25,2026-09-28,C,1080.0,993,7543,0.3008
2026-09-25,2026-09-28,C,1085.0,689,7730,0.2998
2026-09-25,2026-09-28,C,1090.0,1486,8472,0.299
2026-09-25,2026-09-28,C,1095.0,445,3414,0.2997
2026-09-25,2026-09-28,C,1100.0,2904,15993,0.3001
2026-09-25,2026-09-28,C,1105.0,375,2619,0.3018
2026-09-25,2026-09-28,C,1110.0,736,4147,0.303
2026-09-25,2026-09-28,C,1115.0,219,1466,0.3045
2026-09-25,2026-09-28,C,1120.0,484,4232,0.3068
2026-09-25,2026-09-28,C,1125.0,535,3363,0.3101
2026-09-25,2026-09-28,C,1130.0,260,2444,0.3135
2026-09-25,2026-09-28,C,1135.0,264,2272,0.318
2026-09-25,2026-09-28,C,1140.0,260,1879,0.3222
2026-09-25,2026-09-28,C,1145.0,197,1361,0.3274
2026-09-25,2026-09-28,C,1150.0,1956,9044,0.3374
2026-09-25,2026-09-28,C,1155.0,272,812,0.3433
2026-09-25,2026-09-28,C,1160.0,317,1329,0.3511
2026-09-25,2026-09-28,C,1165.0,255,330,0.3577
2026-09-25,2026-09-28,C,1170.0,191,1025,0.3638
2026-09-25,2026-09-28,C,1180.0,288,599,0.3809
2026-09-25,2026-09-28,C,1190.0,169,459,0.3936
2026-09-25,2026-09-28,C,1200.0,4550,6404,0.4097
2026-09-25,2026-09-28,C,1210.0,189,144,0.4297
2026-09-25,2026-09-28,C,1220.0,139,299,0.4473
2026-09-25,2026-09-28,C,1230.0,116,161,0.4541
2026-09-25,2026-09-28,C,1240.0,213,166,0.5
2026-09-25,2026-09-28,P,920.0,270,135,0.6592
2026-09-25,2026-09-28,P,925.0,117,30,0.582
2026-09-25,2026-09-28,P,930.0,227,164,0.6025
2026-09-25,2026-09-28,P,935.0,94,34,0.5674
2026-09-25,2026-09-28,P,940.0,340,150,0.5332
2026-09-25,2026-09-28,P,945.0,146,66,0.5313
2026-09-25,2026-09-28,P,950.0,313,558,0.5166
2026-09-25,2026-09-28,P,955.0,185,29,0.5064
2026-09-25,2026-09-28,P,960.0,300,321,0.4932
2026-09-25,2026-09-28,P,965.0,241,61,0.4805
2026-09-25,2026-09-28,P,970.0,887,818,0.4678
2026-09-25,2026-09-28,P,975.0,503,649,0.4536
2026-09-25,2026-09-28,P,980.0,509,573,0.437
2026-09-25,2026-09-28,P,985.0,455,646,0.4263
2026-09-25,2026-09-28,P,990.0,227,680,0.4126
2026-09-25,2026-09-28,P,995.0,345,323,0.4014
2026-09-25,2026-09-28,P,1000.0,1118,3235,0.3875
2026-09-25,2026-09-28,P,1005.0,270,302,0.3779
2026-09-25,2026-09-28,P,1010.0,457,2161,0.3652
2026-09-25,2026-09-28,P,1015.0,257,484,0.3563
2026-09-25,2026-09-28,P,1020.0,347,4273,0.346
2026-09-25,2026-09-28,P,1025.0,211,2307,0.3362
2026-09-25,2026-09-28,P,1030.0,424,2093,0.3292
2026-09-25,2026-09-28,P,1035.0,366,979,0.3242
2026-09-25,2026-09-28,P,1040.0,2280,1597,0.3197
2026-09-25,2026-09-28,P,1045.0,331,1579,0.3147
2026-09-25,2026-09-28,P,1050.0,1077,3369,0.3128
2026-09-25,2026-09-28,P,1055.0,465,1569,0.308
2026-09-25,2026-09-28,P,1060.0,370,2321,0.3064
2026-09-25,2026-09-28,P,1065.0,252,908,0.3054
2026-09-25,2026-09-28,P,1070.0,445,4000,0.3042
2026-09-25,2026-09-28,P,1075.0,524,2883,0.3049
2026-09-25,2026-09-28,P,1080.0,345,5115,0.3037
2026-09-25,2026-09-28,P,1085.0,86,3368,0.306
2026-09-25,2026-09-28,P,1090.0,262,3009,0.3087
2026-09-25,2026-09-28,P,1095.0,138,736,0.3087
2026-09-25,2026-09-28,P,1100.0,238,2691,0.3219
2026-09-25,2026-09-28,P,1105.0,21,228,0.3267
2026-09-25,2026-09-28,P,1110.0,30,665,0.3373
2026-09-25,2026-09-28,P,1115.0,20,24,0.3767
2026-09-25,2026-09-28,P,1120.0,20,18,0.4214
2026-09-25,2026-09-28,P,1125.0,14,23,0.4032
2026-09-25,2026-09-28,P,1130.0,22,25,0.3978
2026-09-25,2026-09-28,P,1135.0,29,1,0.4147
2026-09-25,2026-09-28,P,1140.0,33,1,0.4384
2026-09-25,2026-09-28,P,1145.0,13,0,0.5384
2026-09-25,2026-09-28,P,1150.0,21,27,0.4657
2026-09-25,2026-09-28,P,1155.0,6,10,0.5913
2026-09-25,2026-09-28,P,1160.0,7,4,0.6094
2026-09-25,2026-09-28,P,1180.0,6,0,0.7285
2026-09-25,2026-09-28,P,1190.0,10,0,0.8071
2026-09-25,2026-09-28,P,1200.0,8,2,0.861
2026-09-25,2026-10-02,C,920.0,777,74,0.7805
2026-09-25,2026-10-02,C,925.0,599,49,0.7657
2026-09-25,2026-10-02,C,930.0,548,50,0.7125
2026-09-25,2026-10-02,C,935.0,139,65,0.7357
2026-09-25,2026-10-02,C,940.0,444,192,0.7141
2026-09-25,2026-10-02,C,945.0,115,17,0.7255
2026-09-25,2026-10-02,C,950.0,1234,101,0.7438
2026-09-25,2026-10-02,C,952.5,11,2,0.7518
2026-09-25,2026-10-02,C,955.0,213,23,0.7719
2026-09-25,2026-10-02,C,957.5,38,4,0.7597
2026-09-25,2026-10-02,C,960.0,729,33,0.758
2026-09-25,2026-10-02,C,965.0,199,74,0.7507
2026-09-25,2026-10-02,C,970.0,1434,79,0.7254
2026-09-25,2026-10-02,C,975.0,221,130,0.7257
2026-09-25,2026-10-02,C,980.0,1704,122,0.7313
2026-09-25,2026-10-02,C,985.0,375,38,0.71
2026-09-25,2026-10-02,C,990.0,686,36,0.7232
2026-09-25,2026-10-02,C,995.0,360,57,0.7254
2026-09-25,2026-10-02,C,1000.0,11114,8820,0.7297
2026-09-25,2026-10-02,C,1005.0,229,17,0.7306
2026-09-25,2026-10-02,C,1010.0,574,78,0.7229
2026-09-25,2026-10-02,C,1015.0,626,32,0.7142
2026-09-25,2026-10-02,C,1020.0,725,204,0.7215
2026-09-25,2026-10-02,C,1025.0,474,208,0.7379
2026-09-25,2026-10-02,C,1030.0,898,174,0.739
2026-09-25,2026-10-02,C,1035.0,587,41,0.7204
2026-09-25,2026-10-02,C,1040.0,755,215,0.7237
2026-09-25,2026-10-02,C,1045.0,339,56,0.7293
2026-09-25,2026-10-02,C,1050.0,4229,1663,0.7217
2026-09-25,2026-10-02,C,1055.0,463,375,0.7284
2026-09-25,2026-10-02,C,1060.0,4492,3697,0.738
2026-09-25,2026-10-02,C,1065.0,362,195,0.7329
2026-09-25,2026-10-02,C,1070.0,619,1051,0.7177
2026-09-25,2026-10-02,C,1075.0,738,958,0.7306
2026-09-25,2026-10-02,C,1080.0,1154,2280,0.7399
2026-09-25,2026-10-02,C,1085.0,754,1071,0.7437
2026-09-25,2026-10-02,C,1090.0,648,1193,0.7351
2026-09-25,2026-10-02,C,1095.0,405,464,0.7429
2026-09-25,2026-10-02,C,1100.0,7502,6317,0.7356
2026-09-25,2026-10-02,C,1105.0,519,355,0.7558
2026-09-25,2026-10-02,C,1110.0,1959,1000,0.7361
2026-09-25,2026-10-02,C,1115.0,518,191,0.7405
2026-09-25,2026-10-02,C,1120.0,543,728,0.7453
2026-09-25,2026-10-02,C,1125.0,415,543,0.7481
2026-09-25,2026-10-02,C,1130.0,358,615,0.7486
2026-09-25,2026-10-02,C,1135.0,290,103,0.7382
2026-09-25,2026-10-02,C,1140.0,345,392,0.7476
2026-09-25,2026-10-02,C,1145.0,173,340,0.7483
2026-09-25,2026-10-02,C,1150.0,3634,2753,0.7496
2026-09-25,2026-10-02,C,1155.0,195,104,0.7515
2026-09-25,2026-10-02,C,1160.0,431,320,0.7529
2026-09-25,2026-10-02,C,1165.0,49,92,0.7541
2026-09-25,2026-10-02,C,1170.0,380,251,0.7557
2026-09-25,2026-10-02,C,1175.0,318,694,0.7557
2026-09-25,2026-10-02,C,1180.0,557,425,0.7561
2026-09-25,2026-10-02,C,1185.0,134,96,0.758
2026-09-25,2026-10-02,C,1190.0,232,421,0.7589
2026-09-25,2026-10-02,C,1195.0,170,142,0.761
2026-09-25,2026-10-02,C,1200.0,4959,5809,0.7605
2026-09-25,2026-10-02,C,1205.0,84,102,0.7629
2026-09-25,2026-10-02,C,1210.0,257,119,0.7644
2026-09-25,2026-10-02,C,1215.0,42,83,0.7662
2026-09-25,2026-10-02,C,1220.0,346,224,0.7671
2026-09-25,2026-10-02,C,1225.0,105,136,0.769
2026-09-25,2026-10-02,C,1230.0,253,155,0.7714
2026-09-25,2026-10-02,C,1235.0,128,136,0.773
2026-09-25,2026-10-02,C,1240.0,288,169,0.7744
2026-09-25,2026-10-02,P,920.0,1183,267,0.7462
2026-09-25,2026-10-02,P,925.0,832,180,0.7387
2026-09-25,2026-10-02,P,930.0,1729,424,0.7369
2026-09-25,2026-10-02,P,935.0,276,1126,0.7328
2026-09-25,2026-10-02,P,940.0,551,159,0.7285
2026-09-25,2026-10-02,P,945.0,241,175,0.7267
2026-09-25,2026-10-02,P,950.0,2119,1586,0.7225
2026-09-25,2026-10-02,P,952.5,238,29,0.7213
2026-09-25,2026-10-02,P,955.0,209,57,0.7206
2026-09-25,2026-10-02,P,957.5,74,64,0.7194
2026-09-25,2026-10-02,P,960.0,446,280,0.718
2026-09-25,2026-10-02,P,965.0,384,213,0.7162
2026-09-25,2026-10-02,P,970.0,508,310,0.7137
2026-09-25,2026-10-02,P,975.0,801,348,0.7132
2026-09-25,2026-10-02,P,980.0,1042,887,0.7111
2026-09-25,2026-10-02,P,985.0,436,353,0.7101
2026-09-25,2026-10-02,P,990.0,533,608,0.7088
2026-09-25,2026-10-02,P,995.0,230,205,0.7077
2026-09-25,2026-10-02,P,1000.0,2113,2156,0.7073
2026-09-25,2026-10-02,P,1005.0,378,166,0.7085
2026-09-25,2026-10-02,P,1010.0,422,196,0.7075
2026-09-25,2026-10-02,P,1015.0,275,174,0.708
2026-09-25,2026-10-02,P,1020.0,538,390,0.7098
2026-09-25,2026-10-02,P,1025.0,266,624,0.7096
2026-09-25,2026-10-02,P,1030.0,238,334,0.7106
2026-09-25,2026-10-02,P,1035.0,249,153,0.7105
2026-09-25,2026-10-02,P,1040.0,345,289,0.7123
2026-09-25,2026-10-02,P,1045.0,251,321,0.708
2026-09-25,2026-10-02,P,1050.0,991,1347,0.7148
2026-09-25,2026-10-02,P,1055.0,211,243,0.7151
2026-09-25,2026-10-02,P,1060.0,192,391,0.7075
2026-09-25,2026-10-02,P,1065.0,145,218,0.705
2026-09-25,2026-10-02,P,1070.0,1001,438,0.7052
2026-09-25,2026-10-02,P,1075.0,270,384,0.7153
2026-09-25,2026-10-02,P,1080.0,335,705,0.7079
2026-09-25,2026-10-02,P,1085.0,226,795,0.725
2026-09-25,2026-10-02,P,1090.0,219,292,0.7219
2026-09-25,2026-10-02,P,1095.0,51,578,0.7124
2026-09-25,2026-10-02,P,1100.0,642,2814,0.7255
2026-09-25,2026-10-02,P,1105.0,41,24,0.7224
2026-09-25,2026-10-02,P,1110.0,41,75,0.7362
2026-09-25,2026-10-02,P,1115.0,22,8,0.7374
2026-09-25,2026-10-02,P,1120.0,99,88,0.7502
2026-09-25,2026-10-02,P,1125.0,20,5,0.7556
2026-09-25,2026-10-02,P,1130.0,135,167,0.7446
2026-09-25,2026-10-02,P,1135.0,27,10,0.7269
2026-09-25,2026-10-02,P,1140.0,64,177,0.7477
2026-09-25,2026-10-02,P,1145.0,2,15,0.7297
2026-09-25,2026-10-02,P,1150.0,321,187,0.7395
2026-09-25,2026-10-02,P,1155.0,6,9,0.7336
2026-09-25,2026-10-02,P,1160.0,75,79,0.754
2026-09-25,2026-10-02,P,1165.0,1,0,0.7358
2026-09-25,2026-10-02,P,1170.0,38,2,0.7384
2026-09-25,2026-10-02,P,1180.0,12,5,0.7487
2026-09-25,2026-10-02,P,1190.0,12,3,0.7076
2026-09-25,2026-10-02,P,1195.0,3,0,0.7116
2026-09-25,2026-10-02,P,1200.0,301,46,0.7277
2026-09-25,2026-10-02,P,1220.0,16,2,0.7136
2026-09-25,2026-10-02,P,1230.0,2,2,0.7106
2026-09-25,2026-10-02,P,1235.0,2,2,0.7097
2026-09-25,2026-10-02,P,1240.0,7,1,0.7117
2026-09-25,2026-10-05,C,920.0,12,1,0.746
2026-09-25,2026-10-05,C,950.0,20,3,0.6861
2026-09-25,2026-10-05,C,970.0,2,4,0.6943
2026-09-25,2026-10-05,C,975.0,5,4,0.6857
2026-09-25,2026-10-05,C,980.0,7,2,0.6848
2026-09-25,2026-10-05,C,985.0,1,2,0.679
2026-09-25,2026-10-05,C,990.0,15,2,0.6882
2026-09-25,2026-10-05,C,995.0,7,1,0.6613
2026-09-25,2026-10-05,C,1000.0,74,20,0.6497
2026-09-25,2026-10-05,C,1005.0,16,3,0.6568
2026-09-25,2026-10-05,C,1010.0,16,4,0.6565
2026-09-25,2026-10-05,C,1015.0,42,1,0.6622
2026-09-25,2026-10-05,C,1020.0,5,9,0.6531
2026-09-25,2026-10-05,C,1025.0,22,7,0.6563
2026-09-25,2026-10-05,C,1030.0,20,14,0.6559
2026-09-25,2026-10-05,C,1035.0,9,10,0.6559
2026-09-25,2026-10-05,C,1040.0,27,19,0.6528
2026-09-25,2026-10-05,C,1045.0,24,5,0.6566
2026-09-25,2026-10-05,C,1050.0,142,69,0.6532
2026-09-25,2026-10-05,C,1055.0,173,5,0.6396
2026-09-25,2026-10-05,C,1060.0,357,4,0.6479
2026-09-25,2026-10-05,C,1065.0,78,7,0.6583
2026-09-25,2026-10-05,C,1070.0,211,117,0.6404
2026-09-25,2026-10-05,C,1075.0,214,200,0.6395
2026-09-25,2026-10-05,C,1080.0,129,96,0.6635
2026-09-25,2026-10-05,C,1085.0,103,64,0.6535
2026-09-25,2026-10-05,C,1090.0,28,334,0.6636
2026-09-25,2026-10-05,C,1095.0,41,38,0.6572
2026-09-25,2026-10-05,C,1100.0,364,750,0.6575
2026-09-25,2026-10-05,C,1105.0,9,23,0.6691
2026-09-25,2026-10-05,C,1110.0,23,17,0.6521
2026-09-25,2026-10-05,C,1115.0,50,26,0.6554
2026-09-25,2026-10-05,C,1120.0,14,28,0.6538
2026-09-25,2026-10-05,C,1125.0,22,59,0.6751
2026-09-25,2026-10-05,C,1130.0,11,21,0.6682
2026-09-25,2026-10-05,C,1135.0,8,11,0.6751
2026-09-25,2026-10-05,C,1140.0,13,21,0.6668
2026-09-25,2026-10-05,C,1145.0,32,4,0.6679
2026-09-25,2026-10-05,C,1150.0,67,243,0.6688
2026-09-25,2026-10-05,C,1155.0,27,33,0.6702
2026-09-25,2026-10-05,C,1160.0,28,56,0.6716
2026-09-25,2026-10-05,C,1165.0,12,5,0.6721
2026-09-25,2026-10-05,C,1170.0,28,14,0.6744
2026-09-25,2026-10-05,C,1180.0,16,16,0.6771
2026-09-25,2026-10-05,C,1190.0,33,2,0.6794
2026-09-25,2026-10-05,C,1200.0,124,361,0.6812
2026-09-25,2026-10-05,C,1210.0,9,3,0.685
2026-09-25,2026-10-05,C,1220.0,74,6,0.6894
2026-09-25,2026-10-05,C,1230.0,10,3,0.6909
2026-09-25,2026-10-05,C,1240.0,55,8,0.6951
2026-09-25,2026-10-05,P,920.0,18,59,0.6639
2026-09-25,2026-10-05,P,925.0,10,2,0.6608
2026-09-25,2026-10-05,P,930.0,48,16,0.6558
2026-09-25,2026-10-05,P,935.0,12,18,0.6533
2026-09-25,2026-10-05,P,940.0,50,7,0.6512
2026-09-25,2026-10-05,P,945.0,13,3,0.648
2026-09-25,2026-10-05,P,950.0,529,30,0.6452
2026-09-25,2026-10-05,P,955.0,76,60,0.644
2026-09-25,2026-10-05,P,960.0,24,6,0.6415
2026-09-25,2026-10-05,P,965.0,12,16,0.6392
2026-09-25,2026-10-05,P,970.0,73,13,0.6392
2026-09-25,2026-10-05,P,975.0,10,8,0.6374
2026-09-25,2026-10-05,P,980.0,55,56,0.636
2026-09-25,2026-10-05,P,985.0,10,9,0.6354
2026-09-25,2026-10-05,P,990.0,29,58,0.636
2026-09-25,2026-10-05,P,995.0,28,5,0.6352
2026-09-25,2026-10-05,P,1000.0,96,89,0.6346
2026-09-25,2026-10-05,P,1005.0,18,2,0.6341
2026-09-25,2026-10-05,P,1010.0,85,7,0.6344
2026-09-25,2026-10-05,P,1015.0,9,3,0.6343
2026-09-25,2026-10-05,P,1020.0,31,217,0.6354
2026-09-25,2026-10-05,P,1025.0,38,16,0.6348
2026-09-25,2026-10-05,P,1030.0,23,11,0.6357
2026-09-25,2026-10-05,P,1035.0,39,5,0.6368
2026-09-25,2026-10-05,P,1040.0,163,12,0.637
2026-09-25,2026-10-05,P,1045.0,33,4,0.6299
2026-09-25,2026-10-05,P,1050.0,82,169,0.6487
2026-09-25,2026-10-05,P,1055.0,54,16,0.6345
2026-09-25,2026-10-05,P,1060.0,50,30,0.6532
2026-09-25,2026-10-05,P,1065.0,61,4,0.6302
2026-09-25,2026-10-05,P,1070.0,77,44,0.6297
2026-09-25,2026-10-05,P,1075.0,67,16,0.6238
2026-09-25,2026-10-05,P,1080.0,24,108,0.6445
2026-09-25,2026-10-05,P,1085.0,6,46,0.6456
2026-09-25,2026-10-05,P,1090.0,32,40,0.6447
2026-09-25,2026-10-05,P,1095.0,3,14,0.657
2026-09-25,2026-10-05,P,1100.0,28,329,0.6378
2026-09-25,2026-10-05,P,1110.0,7,1,0.6472
2026-09-25,2026-10-05,P,1125.0,1,2,0.6406
2026-09-25,2026-10-05,P,1130.0,2,1,0.6473
2026-09-25,2026-10-05,P,1145.0,1,0,0.6452
2026-09-25,2026-10-05,P,1150.0,3,13,0.6614
2026-09-25,2026-10-05,P,1160.0,1,0,0.6593
2026-09-25,2026-10-05,P,1220.0,1,2,0.6522
2026-09-25,2026-10-09,C,920.0,493,15,0.7082
2026-09-25,2026-10-09,C,925.0,103,1,0.6836
2026-09-25,2026-10-09,C,930.0,625,5,0.7118
2026-09-25,2026-10-09,C,935.0,35,1,0.7078
2026-09-25,2026-10-09,C,940.0,221,12,0.6429
2026-09-25,2026-10-09,C,945.0,72,1,0.6722
2026-09-25,2026-10-09,C,950.0,622,19,0.7088
2026-09-25,2026-10-09,C,955.0,37,4,0.6925
2026-09-25,2026-10-09,C,960.0,389,5,0.6711
2026-09-25,2026-10-09,C,965.0,60,2,0.6828
2026-09-25,2026-10-09,C,970.0,192,1,0.6586
2026-09-25,2026-10-09,C,975.0,241,6,0.6663
2026-09-25,2026-10-09,C,980.0,424,18,0.6626
2026-09-25,2026-10-09,C,985.0,74,1,0.6785
2026-09-25,2026-10-09,C,990.0,369,10,0.646
2026-09-25,2026-10-09,C,995.0,96,6,0.6675
2026-09-25,2026-10-09,C,1000.0,764,118,0.6592
2026-09-25,2026-10-09,C,1005.0,199,7,0.6505
2026-09-25,2026-10-09,C,1010.0,123,2,0.6561
2026-09-25,2026-10-09,C,1015.0,415,2,0.6483
2026-09-25,2026-10-09,C,1020.0,198,15,0.6582
2026-09-25,2026-10-09,C,1025.0,187,49,0.6471
2026-09-25,2026-10-09,C,1030.0,327,2,0.6511
2026-09-25,2026-10-09,C,1035.0,92,2,0.6384
2026-09-25,2026-10-09,C,1040.0,267,6,0.634
2026-09-25,2026-10-09,C,1045.0,48,8,0.6312
2026-09-25,2026-10-09,C,1050.0,948,195,0.6292
2026-09-25,2026-10-09,C,1055.0,72,34,0.6252
2026-09-25,2026-10-09,C,1060.0,339,30,0.6487
2026-09-25,2026-10-09,C,1065.0,127,16,0.6441
2026-09-25,2026-10-09,C,1070.0,512,136,0.6326
2026-09-25,2026-10-09,C,1075.0,172,156,0.639
2026-09-25,2026-10-09,C,1080.0,258,567,0.6524
2026-09-25,2026-10-09,C,1085.0,84,71,0.6368
2026-09-25,2026-10-09,C,1090.0,251,136,0.6334
2026-09-25,2026-10-09,C,1095.0,153,25,0.642
2026-09-25,2026-10-09,C,1100.0,811,647,0.6435
2026-09-25,2026-10-09,C,1105.0,146,26,0.6411
2026-09-25,2026-10-09,C,1110.0,468,79,0.6335
2026-09-25,2026-10-09,C,1115.0,53,27,0.6475
2026-09-25,2026-10-09,C,1120.0,157,40,0.6363
2026-09-25,2026-10-09,C,1125.0,230,27,0.6571
2026-09-25,2026-10-09,C,1130.0,96,6,0.6488
2026-09-25,2026-10-09,C,1135.0,69,2,0.6401
2026-09-25,2026-10-09,C,1140.0,213,9,0.6499
2026-09-25,2026-10-09,C,1150.0,413,154,0.6506
2026-09-25,2026-10-09,C,1160.0,75,33,0.6526
2026-09-25,2026-10-09,C,1170.0,80,40,0.6548
2026-09-25,2026-10-09,C,1180.0,115,34,0.6564
2026-09-25,2026-10-09,C,1190.0,191,27,0.6592
2026-09-25,2026-10-09,C,1200.0,1202,840,0.6617
2026-09-25,2026-10-09,C,1210.0,231,126,0.664
2026-09-25,2026-10-09,C,1220.0,106,13,0.6663
2026-09-25,2026-10-09,C,1230.0,172,52,0.6701
2026-09-25,2026-10-09,C,1240.0,232,31,0.6722
2026-09-25,2026-10-09,P,920.0,395,74,0.6458
2026-09-25,2026-10-09,P,925.0,144,14,0.644
2026-09-25,2026-10-09,P,930.0,983,58,0.6413
2026-09-25,2026-10-09,P,935.0,94,25,0.6378
2026-09-25,2026-10-09,P,940.0,499,56,0.6347
2026-09-25,2026-10-09,P,945.0,242,8,0.633
2026-09-25,2026-10-09,P,950.0,1237,237,0.6304
2026-09-25,2026-10-09,P,955.0,92,34,0.6304
2026-09-25,2026-10-09,P,960.0,95,44,0.6294
2026-09-25,2026-10-09,P,965.0,55,25,0.628
2026-09-25,2026-10-09,P,970.0,153,32,0.6265
2026-09-25,2026-10-09,P,975.0,140,53,0.6249
2026-09-25,2026-10-09,P,980.0,917,103,0.6241
2026-09-25,2026-10-09,P,985.0,134,20,0.624
2026-09-25,2026-10-09,P,990.0,184,44,0.6233
2026-09-25,2026-10-09,P,995.0,91,31,0.6228
2026-09-25,2026-10-09,P,1000.0,385,305,0.6221
2026-09-25,2026-10-09,P,1005.0,57,6,0.6219
2026-09-25,2026-10-09,P,1010.0,95,25,0.6217
2026-09-25,2026-10-09,P,1015.0,55,8,0.622
2026-09-25,2026-10-09,P,1020.0,72,38,0.6217
2026-09-25,2026-10-09,P,1025.0,179,16,0.6208
2026-09-25,2026-10-09,P,1030.0,68,11,0.6212
2026-09-25,2026-10-09,P,1035.0,136,12,0.6214
2026-09-25,2026-10-09,P,1040.0,183,58,0.6209
2026-09-25,2026-10-09,P,1045.0,181,8,0.612
2026-09-25,2026-10-09,P,1050.0,192,72,0.6051
2026-09-25,2026-10-09,P,1055.0,8,14,0.6161
2026-09-25,2026-10-09,P,1060.0,80,14,0.6207
2026-09-25,2026-10-09,P,1065.0,76,9,0.618
2026-09-25,2026-10-09,P,1070.0,233,141,0.6295
2026-09-25,2026-10-09,P,1075.0,58,25,0.6101
2026-09-25,2026-10-09,P,1080.0,242,60,0.6238
2026-09-25,2026-10-09,P,1085.0,8,12,0.6206
2026-09-25,2026-10-09,P,1090.0,39,16,0.6398
2026-09-25,2026-10-09,P,1095.0,94,17,0.6264
2026-09-25,2026-10-09,P,1100.0,214,23,0.6173
2026-09-25,2026-10-09,P,1105.0,43,35,0.626
2026-09-25,2026-10-09,P,1110.0,36,22,0.6218
2026-09-25,2026-10-09,P,1115.0,31,6,0.6224
2026-09-25,2026-10-09,P,1120.0,236,63,0.6195
2026-09-25,2026-10-09,P,1125.0,19,2,0.627
2026-09-25,2026-10-09,P,1130.0,120,111,0.616
2026-09-25,2026-10-09,P,1135.0,10,1,0.6316
2026-09-25,2026-10-09,P,1140.0,82,157,0.6207
2026-09-25,2026-10-09,P,1150.0,168,85,0.6396
2026-09-25,2026-10-09,P,1160.0,8,1,0.6292
2026-09-25,2026-10-09,P,1170.0,1,1,0.6316
2026-09-25,2026-10-09,P,1190.0,1,1,0.6251
2026-09-25,2026-10-09,P,1200.0,8,2,0.6284
2026-09-25,2026-10-09,P,1210.0,1,0,0.626
2026-09-25,2026-10-09,P,1220.0,1,2,0.6335
2026-09-25,2026-10-09,P,1230.0,0,2,0.6118
2026-09-25,2026-10-09,P,1240.0,1,0,0.6191
2026-09-29,2026-10-02,C,910.0,1278,22,0.8247
2026-09-29,2026-10-02,C,915.0,114,5,0.8127
2026-09-29,2026-10-02,C,920.0,768,60,0.9318
2026-09-29,2026-10-02,C,925.0,607,28,0.9116
2026-09-29,2026-10-02,C,930.0,538,17,0.8395
2026-09-29,2026-10-02,C,935.0,153,5,0.793
2026-09-29,2026-10-02,C,940.0,456,11,0.9021
2026-09-29,2026-10-02,C,945.0,119,12,0.79
2026-09-29,2026-10-02,C,950.0,1242,424,0.8467
2026-09-29,2026-10-02,C,952.5,12,4,0.9115
2026-09-29,2026-10-02,C,955.0,225,15,0.8437
2026-09-29,2026-10-02,C,957.5,34,2,0.8678
2026-09-29,2026-10-02,C,960.0,759,19,0.881
2026-09-29,2026-10-02,C,965.0,249,13,0.952
2026-09-29,2026-10-02,C,970.0,1391,38,0.8857
2026-09-29,2026-10-02,C,975.0,282,172,0.8801
2026-09-29,2026-10-02,C,980.0,1664,90,0.8901
2026-09-29,2026-10-02,C,985.0,371,20,0.8899
2026-09-29,2026-10-02,C,990.0,681,22,0.8631
2026-09-29,2026-10-02,C,995.0,353,76,0.8715
2026-09-29,2026-10-02,C,1000.0,3769,1783,0.878
2026-09-29,2026-10-02,C,1005.0,274,248,0.8808
2026-09-29,2026-10-02,C,1010.0,569,54,0.8823
2026-09-29,2026-10-02,C,1015.0,646,37,0.8859
2026-09-29,2026-10-02,C,1020.0,897,702,0.8862
2026-09-29,2026-10-02,C,1025.0,642,163,0.8884
2026-09-29,2026-10-02,C,1030.0,926,452,0.8918
2026-09-29,2026-10-02,C,1035.0,698,146,0.8922
2026-09-29,2026-10-02,C,1040.0,1034,438,0.8966
2026-09-29,2026-10-02,C,1045.0,783,216,0.902
2026-09-29,2026-10-02,C,1050.0,5256,5840,0.9062
2026-09-29,2026-10-02,C,1055.0,882,547,0.9058
2026-09-29,2026-10-02,C,1060.0,3726,2090,0.9104
2026-09-29,2026-10-02,C,1062.5,391,945,0.913
2026-09-29,2026-10-02,C,1065.0,699,4872,0.9133
2026-09-29,2026-10-02,C,1067.5,214,1704,0.9148
2026-09-29,2026-10-02,C,1070.0,1065,7690,0.9186
2026-09-29,2026-10-02,C,1072.5,211,2249,0.9178
2026-09-29,2026-10-02,C,1075.0,1124,3879,0.9182
2026-09-29,2026-10-02,C,1077.5,153,896,0.9193
2026-09-29,2026-10-02,C,1080.0,2105,4648,0.9208
2026-09-29,2026-10-02,C,1082.5,203,910,0.9185
2026-09-29,2026-10-02,C,1085.0,934,998,0.923
2026-09-29,2026-10-02,C,1090.0,1208,1570,0.9249
2026-09-29,2026-10-02,C,1095.0,680,1904,0.9269
2026-09-29,2026-10-02,C,1100.0,10884,14717,0.9282
2026-09-29,2026-10-02,C,1105.0,701,666,0.9315
2026-09-29,2026-10-02,C,1110.0,2232,3277,0.9317
2026-09-29,2026-10-02,C,1115.0,680,757,0.9335
2026-09-29,2026-10-02,C,1120.0,1167,1999,0.9354
2026-09-29,2026-10-02,C,1125.0,638,1202,0.9365
2026-09-29,2026-10-02,C,1130.0,818,1267,0.9391
2026-09-29,2026-10-02,C,1135.0,373,784,0.9405
2026-09-29,2026-10-02,C,1140.0,711,1079,0.9427
2026-09-29,2026-10-02,C,1145.0,581,393,0.944
2026-09-29,2026-10-02,C,1150.0,5114,6284,0.9448
2026-09-29,2026-10-02,C,1155.0,522,479,0.9484
2026-09-29,2026-10-02,C,1160.0,702,1044,0.9503
2026-09-29,2026-10-02,C,1165.0,152,579,0.9529
2026-09-29,2026-10-02,C,1170.0,1030,1164,0.9548
2026-09-29,2026-10-02,C,1175.0,1117,1095,0.9584
2026-09-29,2026-10-02,C,1180.0,860,1063,0.9597
2026-09-29,2026-10-02,C,1185.0,414,451,0.9639
2026-09-29,2026-10-02,C,1190.0,367,384,0.9667
2026-09-29,2026-10-02,C,1195.0,825,663,0.9701
2026-09-29,2026-10-02,C,1200.0,8413,10329,0.9709
2026-09-29,2026-10-02,C,1205.0,169,483,0.9757
2026-09-29,2026-10-02,C,1210.0,365,1472,0.9792
2026-09-29,2026-10-02,C,1215.0,545,379,0.9838
2026-09-29,2026-10-02,C,1220.0,670,568,0.9872
2026-09-29,2026-10-02,P,910.0,1067,1620,0.8933
2026-09-29,2026-10-02,P,915.0,653,681,0.8865
2026-09-29,2026-10-02,P,920.0,1611,943,0.8804
2026-09-29,2026-10-02,P,925.0,1131,398,0.876
2026-09-29,2026-10-02,P,930.0,2293,720,0.8713
2026-09-29,2026-10-02,P,935.0,628,997,0.8657
2026-09-29,2026-10-02,P,940.0,1200,1155,0.8636
2026-09-29,2026-10-02,P,945.0,379,672,0.8606
2026-09-29,2026-10-02,P,950.0,3676,3067,0.8566
2026-09-29,2026-10-02,P,952.5,310,169,0.8563
2026-09-29,2026-10-02,P,955.0,330,407,0.8566
2026-09-29,2026-10-02,P,957.5,154,185,0.855
2026-09-29,2026-10-02,P,960.0,1057,1599,0.8539
2026-09-29,2026-10-02,P,965.0,796,918,0.8532
2026-09-29,2026-10-02,P,970.0,1215,1011,0.8529
2026-09-29,2026-10-02,P,975.0,1387,698,0.8529
2026-09-29,2026-10-02,P,980.0,1820,2146,0.8539
2026-09-29,2026-10-02,P,985.0,720,602,0.8546
2026-09-29,2026-10-02,P,990.0,1187,2713,0.8568
2026-09-29,2026-10-02,P,995.0,461,1075,0.8593
2026-09-29,2026-10-02,P,1000.0,3856,7523,0.8605
2026-09-29,2026-10-02,P,1005.0,562,762,0.8633
2026-09-29,2026-10-02,P,1010.0,1606,557,0.8661
2026-09-29,2026-10-02,P,1015.0,633,805,0.8695
2026-09-29,2026-10-02,P,1020.0,1016,1009,0.8723
2026-09-29,2026-10-02,P,1025.0,726,1007,0.8755
2026-09-29,2026-10-02,P,1030.0,576,1079,0.878
2026-09-29,2026-10-02,P,1035.0,593,722,0.8821
2026-09-29,2026-10-02,P,1040.0,918,1447,0.8862
2026-09-29,2026-10-02,P,1045.0,606,453,0.8877
2026-09-29,2026-10-02,P,1050.0,2333,4183,0.8914
2026-09-29,2026-10-02,P,1055.0,564,737,0.8962
2026-09-29,2026-10-02,P,1060.0,1324,2172,0.8998
2026-09-29,2026-10-02,P,1062.5,79,890,0.8973
2026-09-29,2026-10-02,P,1065.0,251,2282,0.9022
2026-09-29,2026-10-02,P,1067.5,51,1300,0.9026
2026-09-29,2026-10-02,P,1070.0,1108,4407,0.903
2026-09-29,2026-10-02,P,1072.5,49,1702,0.9062
2026-09-29,2026-10-02,P,1075.0,402,1456,0.9088
2026-09-29,2026-10-02,P,1077.5,99,511,0.9053
2026-09-29,2026-10-02,P,1080.0,813,2410,0.9046
2026-09-29,2026-10-02,P,1082.5,92,304,0.9091
2026-09-29,2026-10-02,P,1085.0,784,155,0.9095
2026-09-29,2026-10-02,P,1090.0,289,152,0.9118
2026-09-29,2026-10-02,P,1095.0,287,90,0.9149
2026-09-29,2026-10-02,P,1100.0,3144,588,0.9154
2026-09-29,2026-10-02,P,1105.0,57,57,0.9168
2026-09-29,2026-10-02,P,1110.0,79,90,0.924
2026-09-29,2026-10-02,P,1115.0,44,17,0.9202
2026-09-29,2026-10-02,P,1120.0,88,19,0.9217
2026-09-29,2026-10-02,P,1125.0,28,34,0.9232
2026-09-29,2026-10-02,P,1130.0,143,53,0.9241
2026-09-29,2026-10-02,P,1135.0,34,8,0.9252
2026-09-29,2026-10-02,P,1140.0,142,46,0.927
2026-09-29,2026-10-02,P,1145.0,21,28,0.9285
2026-09-29,2026-10-02,P,1150.0,402,63,0.9303
2026-09-29,2026-10-02,P,1155.0,17,29,0.9319
2026-09-29,2026-10-02,P,1160.0,144,19,0.9332
2026-09-29,2026-10-02,P,1165.0,4,4,0.9071
2026-09-29,2026-10-02,P,1170.0,49,50,0.8696
2026-09-29,2026-10-02,P,1175.0,9,8,0.8473
2026-09-29,2026-10-02,P,1180.0,36,3,0.842
2026-09-29,2026-10-02,P,1190.0,11,12,0.8241
2026-09-29,2026-10-02,P,1195.0,5,2,0.9125
2026-09-29,2026-10-02,P,1200.0,384,9,0.9116
2026-09-29,2026-10-02,P,1220.0,17,6,0.9054
2026-09-29,2026-10-05,C,910.0,1,0,0.7974
2026-09-29,2026-10-05,C,920.0,11,3,0.7404
2026-09-29,2026-10-05,C,935.0,2,1,0.7296
2026-09-29,2026-10-05,C,940.0,12,1,0.752
2026-09-29,2026-10-05,C,945.0,35,30,0.7783
2026-09-29,2026-10-05,C,950.0,32,8,0.7693
2026-09-29,2026-10-05,C,960.0,23,20,0.7366
2026-09-29,2026-10-05,C,965.0,1,1,0.7276
2026-09-29,2026-10-05,C,970.0,31,2,0.7354
2026-09-29,2026-10-05,C,975.0,7,1,0.7256
2026-09-29,2026-10-05,C,980.0,10,15,0.728
2026-09-29,2026-10-05,C,985.0,6,23,0.7319
2026-09-29,2026-10-05,C,990.0,27,1,0.7299
2026-09-29,2026-10-05,C,995.0,8,4,0.7289
2026-09-29,2026-10-05,C,1000.0,107,151,0.7101
2026-09-29,2026-10-05,C,1005.0,20,5,0.7494
2026-09-29,2026-10-05,C,1010.0,45,3,0.7314
2026-09-29,2026-10-05,C,1015.0,41,20,0.7332
2026-09-29,2026-10-05,C,1020.0,31,2,0.7337
2026-09-29,2026-10-05,C,1025.0,44,15,0.7209
2026-09-29,2026-10-05,C,1030.0,48,8,0.7302
2026-09-29,2026-10-05,C,1035.0,40,69,0.7334
2026-09-29,2026-10-05,C,1040.0,192,45,0.7451
2026-09-29,2026-10-05,C,1045.0,94,14,0.747
2026-09-29,2026-10-05,C,1050.0,311,148,0.7387
2026-09-29,2026-10-05,C,1055.0,224,70,0.7401
2026-09-29,2026-10-05,C,1060.0,909,676,0.7386
2026-09-29,2026-10-05,C,1065.0,236,833,0.7423
2026-09-29,2026-10-05,C,1070.0,281,529,0.7428
2026-09-29,2026-10-05,C,1075.0,353,1322,0.7447
2026-09-29,2026-10-05,C,1080.0,284,335,0.7477
2026-09-29,2026-10-05,C,1085.0,124,93,0.7522
2026-09-29,2026-10-05,C,1090.0,190,134,0.7522
2026-09-29,2026-10-05,C,1095.0,72,68,0.7452
2026-09-29,2026-10-05,C,1100.0,1108,1799,0.7532
2026-09-29,2026-10-05,C,1105.0,32,77,0.7559
2026-09-29,2026-10-05,C,1110.0,62,152,0.7564
2026-09-29,2026-10-05,C,1115.0,52,29,0.7587
2026-09-29,2026-10-05,C,1120.0,35,167,0.7596
2026-09-29,2026-10-05,C,1125.0,113,103,0.7615
2026-09-29,2026-10-05,C,1130.0,136,56,0.7617
2026-09-29,2026-10-05,C,1135.0,12,45,0.764
2026-09-29,2026-10-05,C,1140.0,48,107,0.7655
2026-09-29,2026-10-05,C,1145.0,40,28,0.7668
2026-09-29,2026-10-05,C,1150.0,542,385,0.7678
2026-09-29,2026-10-05,C,1155.0,69,49,0.7698
2026-09-29,2026-10-05,C,1160.0,98,58,0.7718
2026-09-29,2026-10-05,C,1165.0,148,35,0.7731
2026-09-29,2026-10-05,C,1170.0,73,137,0.775
2026-09-29,2026-10-05,C,1175.0,36,48,0.777
2026-09-29,2026-10-05,C,1180.0,42,59,0.7786
2026-09-29,2026-10-05,C,1185.0,823,46,0.7809
2026-09-29,2026-10-05,C,1190.0,420,41,0.7822
2026-09-29,2026-10-05,C,1195.0,12,30,0.7852
2026-09-29,2026-10-05,C,1200.0,993,509,0.7872
2026-09-29,2026-10-05,C,1205.0,19,32,0.7897
2026-09-29,2026-10-05,C,1210.0,25,40,0.7913
2026-09-29,2026-10-05,C,1215.0,31,23,0.7942
2026-09-29,2026-10-05,C,1220.0,87,21,0.7971
2026-09-29,2026-10-05,P,910.0,34,18,0.7178
2026-09-29,2026-10-05,P,915.0,46,77,0.7139
2026-09-29,2026-10-05,P,920.0,76,137,0.7125
2026-09-29,2026-10-05,P,925.0,138,99,0.7079
2026-09-29,2026-10-05,P,930.0,88,31,0.704
2026-09-29,2026-10-05,P,935.0,50,26,0.7019
2026-09-29,2026-10-05,P,940.0,121,47,0.6992
2026-09-29,2026-10-05,P,945.0,63,22,0.6968
2026-09-29,2026-10-05,P,950.0,662,318,0.6955
2026-09-29,2026-10-05,P,955.0,108,14,0.6949
2026-09-29,2026-10-05,P,960.0,262,54,0.6949
2026-09-29,2026-10-05,P,965.0,91,39,0.6931
2026-09-29,2026-10-05,P,970.0,102,85,0.6937
2026-09-29,2026-10-05,P,975.0,51,93,0.6945
2026-09-29,2026-10-05,P,980.0,129,114,0.6952
2026-09-29,2026-10-05,P,985.0,26,81,0.6958
2026-09-29,2026-10-05,P,990.0,76,93,0.6981
2026-09-29,2026-10-05,P,995.0,49,30,0.6984
2026-09-29,2026-10-05,P,1000.0,467,399,0.7006
2026-09-29,2026-10-05,P,1005.0,36,11,0.7019
2026-09-29,2026-10-05,P,1010.0,105,154,0.7039
2026-09-29,2026-10-05,P,1015.0,39,40,0.7059
2026-09-29,2026-10-05,P,1020.0,388,57,0.7076
2026-09-29,2026-10-05,P,1025.0,72,51,0.7112
2026-09-29,2026-10-05,P,1030.0,62,48,0.6973
2026-09-29,2026-10-05,P,1035.0,137,138,0.716
2026-09-29,2026-10-05,P,1040.0,199,263,0.7178
2026-09-29,2026-10-05,P,1045.0,63,33,0.7188
2026-09-29,2026-10-05,P,1050.0,247,203,0.7029
2026-09-29,2026-10-05,P,1055.0,115,422,0.7247
2026-09-29,2026-10-05,P,1060.0,667,273,0.7306
2026-09-29,2026-10-05,P,1065.0,62,245,0.7152
2026-09-29,2026-10-05,P,1070.0,97,282,0.7365
2026-09-29,2026-10-05,P,1075.0,77,254,0.7274
2026-09-29,2026-10-05,P,1080.0,67,256,0.735
2026-09-29,2026-10-05,P,1085.0,48,24,0.724
2026-09-29,2026-10-05,P,1090.0,51,11,0.7286
2026-09-29,2026-10-05,P,1095.0,14,10,0.734
2026-09-29,2026-10-05,P,1100.0,489,10,0.7533
2026-09-29,2026-10-05,P,1105.0,21,1,0.7333
2026-09-29,2026-10-05,P,1110.0,11,1,0.7258
2026-09-29,2026-10-05,P,1115.0,14,7,0.7345
2026-09-29,2026-10-05,P,1120.0,12,14,0.7406
2026-09-29,2026-10-05,P,1125.0,17,1,0.7384
2026-09-29,2026-10-05,P,1130.0,11,22,0.7478
2026-09-29,2026-10-05,P,1140.0,19,7,0.7484
2026-09-29,2026-10-05,P,1145.0,4,3,0.7513
2026-09-29,2026-10-05,P,1150.0,18,29,0.7466
2026-09-29,2026-10-05,P,1160.0,4,4,0.739
2026-09-29,2026-10-05,P,1175.0,5,0,0.7054
2026-09-29,2026-10-05,P,1180.0,1,0,0.7195
2026-09-29,2026-10-05,P,1185.0,9,10,0.7372
2026-09-29,2026-10-05,P,1200.0,25,3,0.7405
2026-09-29,2026-10-05,P,1220.0,1,2,0.7142
2026-09-29,2026-10-07,C,950.0,3,2,0.7181
2026-09-29,2026-10-07,C,970.0,6,15,0.7114
2026-09-29,2026-10-07,C,975.0,4,3,0.7013
2026-09-29,2026-10-07,C,990.0,12,2,0.7011
2026-09-29,2026-10-07,C,995.0,10,4,0.7077
2026-09-29,2026-10-07,C,1000.0,18,10,0.7189
2026-09-29,2026-10-07,C,1020.0,74,50,0.6963
2026-09-29,2026-10-07,C,1025.0,23,1,0.704
2026-09-29,2026-10-07,C,1030.0,15,2,0.7121
2026-09-29,2026-10-07,C,1035.0,8,6,0.721
2026-09-29,2026-10-07,C,1040.0,36,3,0.7155
2026-09-29,2026-10-07,C,1045.0,19,7,0.7177
2026-09-29,2026-10-07,C,1050.0,260,277,0.717
2026-09-29,2026-10-07,C,1060.0,40,30,0.7357
2026-09-29,2026-10-07,C,1070.0,44,131,0.7259
2026-09-29,2026-10-07,C,1075.0,18,85,0.7393
2026-09-29,2026-10-07,C,1080.0,39,66,0.7484
2026-09-29,2026-10-07,C,1085.0,339,50,0.7207
2026-09-29,2026-10-07,C,1090.0,45,43,0.7495
2026-09-29,2026-10-07,C,1095.0,13,5,0.7347
2026-09-29,2026-10-07,C,1100.0,112,146,0.7294
2026-09-29,2026-10-07,C,1105.0,5,15,0.7364
2026-09-29,2026-10-07,C,1110.0,73,33,0.7423
2026-09-29,2026-10-07,C,1115.0,34,8,0.7477
2026-09-29,2026-10-07,C,1120.0,30,42,0.7321
2026-09-29,2026-10-07,C,1125.0,5,33,0.7332
2026-09-29,2026-10-07,C,1130.0,17,16,0.7357
2026-09-29,2026-10-07,C,1140.0,35,26,0.7372
2026-09-29,2026-10-07,C,1150.0,60,49,0.7431
2026-09-29,2026-10-07,C,1160.0,70,14,0.7413
2026-09-29,2026-10-07,C,1170.0,64,11,0.7485
2026-09-29,2026-10-07,C,1175.0,6,14,0.746
2026-09-29,2026-10-07,C,1180.0,69,15,0.7481
2026-09-29,2026-10-07,C,1185.0,20,2,0.7499
2026-09-29,2026-10-07,C,1190.0,49,2,0.7546
2026-09-29,2026-10-07,C,1200.0,62,177,0.7602
2026-09-29,2026-10-07,C,1210.0,11,3,0.7614
2026-09-29,2026-10-07,C,1215.0,4,3,0.7615
2026-09-29,2026-10-07,C,1220.0,16,10,0.7654
2026-09-29,2026-10-07,P,945.0,2,108,0.6799
2026-09-29,2026-10-07,P,950.0,41,118,0.6794
2026-09-29,2026-10-07,P,955.0,4,23,0.678
2026-09-29,2026-10-07,P,960.0,69,48,0.6746
2026-09-29,2026-10-07,P,965.0,2,61,0.676
2026-09-29,2026-10-07,P,970.0,9,10,0.6758
2026-09-29,2026-10-07,P,980.0,28,65,0.6773
2026-09-29,2026-10-07,P,990.0,16,3,0.6777
2026-09-29,2026-10-07,P,995.0,4,11,0.6795
2026-09-29,2026-10-07,P,1000.0,230,37,0.6807
2026-09-29,2026-10-07,P,1005.0,32,5,0.6826
2026-09-29,2026-10-07,P,1010.0,12,29,0.6847
2026-09-29,2026-10-07,P,1020.0,58,8,0.6844
2026-09-29,2026-10-07,P,1025.0,30,4,0.6895
2026-09-29,2026-10-07,P,1030.0,53,16,0.7074
2026-09-29,2026-10-07,P,1035.0,6,2,0.6798
2026-09-29,2026-10-07,P,1040.0,57,75,0.6736
2026-09-29,2026-10-07,P,1050.0,79,29,0.6905
2026-09-29,2026-10-07,P,1055.0,17,3,0.6831
2026-09-29,2026-10-07,P,1060.0,17,10,0.7
2026-09-29,2026-10-07,P,1070.0,4,76,0.7107
2026-09-29,2026-10-07,P,1075.0,3,14,0.6865
2026-09-29,2026-10-07,P,1080.0,34,24,0.7065
2026-09-29,2026-10-07,P,1085.0,10,3,0.6989
2026-09-29,2026-10-07,P,1090.0,2,10,0.7038
2026-09-29,2026-10-07,P,1095.0,36,30,0.7013
2026-09-29,2026-10-07,P,1100.0,52,47,0.6987
2026-09-29,2026-10-07,P,1120.0,5,0,0.7112
2026-09-29,2026-10-07,P,1125.0,4,4,0.7107
2026-09-29,2026-10-07,P,1140.0,2,1,0.7218
2026-09-29,2026-10-07,P,1150.0,3,2,0.7156
2026-09-29,2026-10-09,C,910.0,77,3,0.7534
2026-09-29,2026-10-09,C,915.0,17,1,0.748
2026-09-29,2026-10-09,C,920.0,499,32,0.7249
2026-09-29,2026-10-09,C,925.0,104,1,0.7549
2026-09-29,2026-10-09,C,930.0,626,7,0.7346
2026-09-29,2026-10-09,C,935.0,35,1,0.7242
2026-09-29,2026-10-09,C,940.0,223,23,0.697
2026-09-29,2026-10-09,C,945.0,70,7,0.728
2026-09-29,2026-10-09,C,950.0,617,16,0.6801
2026-09-29,2026-10-09,C,955.0,37,1,0.7117
2026-09-29,2026-10-09,C,960.0,391,3,0.7018
2026-09-29,2026-10-09,C,965.0,62,1,0.715
2026-09-29,2026-10-09,C,970.0,192,9,0.6753
2026-09-29,2026-10-09,C,975.0,245,12,0.748
2026-09-29,2026-10-09,C,980.0,438,7,0.6846
2026-09-29,2026-10-09,C,985.0,71,1,0.6778
2026-09-29,2026-10-09,C,990.0,363,6,0.7079
2026-09-29,2026-10-09,C,995.0,94,1,0.7014
2026-09-29,2026-10-09,C,1000.0,702,133,0.6759
2026-09-29,2026-10-09,C,1005.0,198,2,0.7063
2026-09-29,2026-10-09,C,1010.0,128,10,0.7034
2026-09-29,2026-10-09,C,1015.0,416,6,0.6935
2026-09-29,2026-10-09,C,1020.0,199,11,0.7031
2026-09-29,2026-10-09,C,1025.0,188,17,0.6979
2026-09-29,2026-10-09,C,1030.0,328,24,0.6974
2026-09-29,2026-10-09,C,1035.0,123,16,0.6884
2026-09-29,2026-10-09,C,1040.0,255,128,0.6777
2026-09-29,2026-10-09,C,1045.0,47,14,0.7013
2026-09-29,2026-10-09,C,1050.0,1348,1249,0.692
2026-09-29,2026-10-09,C,1055.0,105,58,0.6985
2026-09-29,2026-10-09,C,1060.0,402,141,0.6992
2026-09-29,2026-10-09,C,1062.5,17,9,0.7127
2026-09-29,2026-10-09,C,1065.0,153,122,0.713
2026-09-29,2026-10-09,C,1067.5,32,71,0.7039
2026-09-29,2026-10-09,C,1070.0,471,361,0.7044
2026-09-29,2026-10-09,C,1072.5,11,43,0.7131
2026-09-29,2026-10-09,C,1075.0,180,103,0.7131
2026-09-29,2026-10-09,C,1077.5,36,316,0.7118
2026-09-29,2026-10-09,C,1080.0,693,524,0.7052
2026-09-29,2026-10-09,C,1082.5,23,17,0.7166
2026-09-29,2026-10-09,C,1085.0,79,115,0.7054
2026-09-29,2026-10-09,C,1090.0,308,74,0.7053
2026-09-29,2026-10-09,C,1095.0,165,33,0.7079
2026-09-29,2026-10-09,C,1100.0,907,798,0.7104
2026-09-29,2026-10-09,C,1105.0,147,62,0.7213
2026-09-29,2026-10-09,C,1110.0,497,156,0.6969
2026-09-29,2026-10-09,C,1115.0,73,33,0.7113
2026-09-29,2026-10-09,C,1120.0,196,1244,0.7272
2026-09-29,2026-10-09,C,1125.0,232,66,0.716
2026-09-29,2026-10-09,C,1130.0,98,67,0.7176
2026-09-29,2026-10-09,C,1135.0,68,58,0.7187
2026-09-29,2026-10-09,C,1140.0,129,41,0.72
2026-09-29,2026-10-09,C,1145.0,11,33,0.7213
2026-09-29,2026-10-09,C,1150.0,476,240,0.7225
2026-09-29,2026-10-09,C,1160.0,114,87,0.7256
2026-09-29,2026-10-09,C,1170.0,132,94,0.7281
2026-09-29,2026-10-09,C,1180.0,151,125,0.7313
2026-09-29,2026-10-09,C,1190.0,206,11,0.7347
2026-09-29,2026-10-09,C,1200.0,1606,711,0.738
2026-09-29,2026-10-09,C,1210.0,441,253,0.7416
2026-09-29,2026-10-09,C,1220.0,163,24,0.7457
2026-09-29,2026-10-09,P,910.0,150,21,0.6801
2026-09-29,2026-10-09,P,915.0,99,16,0.6757
2026-09-29,2026-10-09,P,920.0,397,42,0.6737
2026-09-29,2026-10-09,P,925.0,174,80,0.6713
2026-09-29,2026-10-09,P,930.0,997,34,0.6692
2026-09-29,2026-10-09,P,935.0,108,14,0.6674
2026-09-29,2026-10-09,P,940.0,505,64,0.6663
2026-09-29,2026-10-09,P,945.0,254,31,0.6652
2026-09-29,2026-10-09,P,950.0,1484,983,0.664
2026-09-29,2026-10-09,P,955.0,97,54,0.6634
2026-09-29,2026-10-09,P,960.0,116,64,0.663
2026-09-29,2026-10-09,P,965.0,205,36,0.6625
2026-09-29,2026-10-09,P,970.0,156,83,0.6627
2026-09-29,2026-10-09,P,975.0,153,71,0.6625
2026-09-29,2026-10-09,P,980.0,923,115,0.6629
2026-09-29,2026-10-09,P,985.0,135,40,0.6629
2026-09-29,2026-10-09,P,990.0,209,57,0.6638
2026-09-29,2026-10-09,P,995.0,86,33,0.6643
2026-09-29,2026-10-09,P,1000.0,456,184,0.6651
2026-09-29,2026-10-09,P,1005.0,65,19,0.6663
2026-09-29,2026-10-09,P,1010.0,128,77,0.6666
2026-09-29,2026-10-09,P,1015.0,61,29,0.6679
2026-09-29,2026-10-09,P,1020.0,80,86,0.6695
2026-09-29,2026-10-09,P,1025.0,201,39,0.6681
2026-09-29,2026-10-09,P,1030.0,382,61,0.672
2026-09-29,2026-10-09,P,1035.0,139,73,0.6682
2026-09-29,2026-10-09,P,1040.0,382,19,0.6687
2026-09-29,2026-10-09,P,1045.0,201,47,0.6608
2026-09-29,2026-10-09,P,1050.0,266,505,0.6745
2026-09-29,2026-10-09,P,1055.0,112,40,0.6928
2026-09-29,2026-10-09,P,1060.0,100,115,0.6805
2026-09-29,2026-10-09,P,1062.5,6,26,0.688
2026-09-29,2026-10-09,P,1065.0,74,55,0.6663
2026-09-29,2026-10-09,P,1067.5,8,123,0.683
2026-09-29,2026-10-09,P,1070.0,300,832,0.6876
2026-09-29,2026-10-09,P,1072.5,3,49,0.6766
2026-09-29,2026-10-09,P,1075.0,52,43,0.6851
2026-09-29,2026-10-09,P,1077.5,2,41,0.6756
2026-09-29,2026-10-09,P,1080.0,295,98,0.6683
2026-09-29,2026-10-09,P,1082.5,1,4,0.6817
2026-09-29,2026-10-09,P,1085.0,14,19,0.6789
2026-09-29,2026-10-09,P,1090.0,67,64,0.6838
2026-09-29,2026-10-09,P,1095.0,110,5,0.6812
2026-09-29,2026-10-09,P,1100.0,227,24,0.6759
2026-09-29,2026-10-09,P,1105.0,55,11,0.6795
2026-09-29,2026-10-09,P,1110.0,38,6,0.6833
2026-09-29,2026-10-09,P,1115.0,32,5,0.694
2026-09-29,2026-10-09,P,1120.0,205,19,0.6823
2026-09-29,2026-10-09,P,1125.0,19,2,0.6927
2026-09-29,2026-10-09,P,1130.0,98,14,0.6944
2026-09-29,2026-10-09,P,1135.0,14,17,0.6875
2026-09-29,2026-10-09,P,1140.0,130,7,0.6968
2026-09-29,2026-10-09,P,1145.0,7,14,0.6977
2026-09-29,2026-10-09,P,1150.0,181,3,0.6944
2026-09-29,2026-10-09,P,1160.0,8,1,0.7027
2026-09-29,2026-10-09,P,1170.0,2,2,0.701
2026-09-29,2026-10-09,P,1190.0,2,1,0.6837
2026-09-29,2026-10-09,P,1200.0,14,13,0.6972
2026-09-29,2026-10-09,P,1210.0,10,10,0.7061
2026-09-29,2026-10-09,P,1220.0,1,2,0.678
2026-09-30,2026-10-02,C,910.0,1247,1047,1.4883
2026-09-30,2026-10-02,C,915.0,114,42,1.7979
2026-09-30,2026-10-02,C,920.0,751,69,1.6211
2026-09-30,2026-10-02,C,925.0,591,69,2.0339
2026-09-30,2026-10-02,C,930.0,530,63,2.0068
2026-09-30,2026-10-02,C,935.0,143,44,2.009
2026-09-30,2026-10-02,C,940.0,463,70,1.541
2026-09-30,2026-10-02,C,945.0,126,69,1.9722
2026-09-30,2026-10-02,C,950.0,1055,185,1.8127
2026-09-30,2026-10-02,C,952.5,17,12,1.6397
2026-09-30,2026-10-02,C,955.0,221,60,1.4526
2026-09-30,2026-10-02,C,957.5,49,19,2.08
2026-09-30,2026-10-02,C,960.0,768,166,0.8125
2026-09-30,2026-10-02,C,965.0,262,132,1.9087
2026-09-30,2026-10-02,C,970.0,913,596,1.4043
2026-09-30,2026-10-02,C,975.0,331,120,0.8555
2026-09-30,2026-10-02,C,980.0,1126,772,1.498
2026-09-30,2026-10-02,C,985.0,385,176,1.1567
2026-09-30,2026-10-02,C,990.0,664,435,1.0015
2026-09-30,2026-10-02,C,995.0,360,313,1.1973
2026-09-30,2026-10-02,C,1000.0,3605,3621,0.9893
2026-09-30,2026-10-02,C,1005.0,240,1220,0.9453
2026-09-30,2026-10-02,C,1010.0,685,940,0.7158
2026-09-30,2026-10-02,C,1015.0,796,411,0.9763
2026-09-30,2026-10-02,C,1020.0,841,1172,0.7695
2026-09-30,2026-10-02,C,1025.0,608,1109,1.0107
2026-09-30,2026-10-02,C,1030.0,1055,5093,0.7734
2026-09-30,2026-10-02,C,1035.0,716,5133,0.7546
2026-09-30,2026-10-02,C,1040.0,805,10505,0.8391
2026-09-30,2026-10-02,C,1045.0,652,10962,0.7776
2026-09-30,2026-10-02,C,1050.0,3646,26091,0.6931
2026-09-30,2026-10-02,C,1055.0,938,11186,0.8367
2026-09-30,2026-10-02,C,1060.0,3586,16906,0.6527
2026-09-30,2026-10-02,C,1062.5,462,3391,0.6652
2026-09-30,2026-10-02,C,1065.0,2203,9180,0.6699
2026-09-30,2026-10-02,C,1067.5,961,4091,0.6727
2026-09-30,2026-10-02,C,1070.0,9786,33489,0.6782
2026-09-30,2026-10-02,C,1072.5,996,4327,0.6763
2026-09-30,2026-10-02,C,1075.0,2496,13790,0.6821
2026-09-30,2026-10-02,C,1077.5,758,3671,0.6785
2026-09-30,2026-10-02,C,1080.0,2948,22244,0.6759
2026-09-30,2026-10-02,C,1082.5,576,3208,0.6825
2026-09-30,2026-10-02,C,1085.0,1102,10812,0.6721
2026-09-30,2026-10-02,C,1090.0,1541,21308,0.6754
2026-09-30,2026-10-02,C,1095.0,1252,11791,0.6718
2026-09-30,2026-10-02,C,1100.0,13408,82676,0.6732
2026-09-30,2026-10-02,C,1105.0,1691,7146,0.6767
2026-09-30,2026-10-02,C,1110.0,3159,18445,0.6724
2026-09-30,2026-10-02,C,1115.0,961,5257,0.6802
2026-09-30,2026-10-02,C,1120.0,2362,15841,0.6837
2026-09-30,2026-10-02,C,1125.0,1856,8273,0.6913
2026-09-30,2026-10-02,C,1130.0,2349,8824,0.6993
2026-09-30,2026-10-02,C,1135.0,1543,5026,0.7091
2026-09-30,2026-10-02,C,1140.0,2427,7995,0.7207
2026-09-30,2026-10-02,C,1145.0,1016,4070,0.7314
2026-09-30,2026-10-02,C,1150.0,7742,44083,0.747
2026-09-30,2026-10-02,C,1155.0,1372,3419,0.7581
2026-09-30,2026-10-02,C,1160.0,1501,4731,0.7722
2026-09-30,2026-10-02,C,1165.0,945,2904,0.7866
2026-09-30,2026-10-02,C,1170.0,2346,5781,0.8018
2026-09-30,2026-10-02,C,1175.0,6041,4757,0.8171
2026-09-30,2026-10-02,C,1180.0,2286,5799,0.834
2026-09-30,2026-10-02,C,1185.0,618,1740,0.8481
2026-09-30,2026-10-02,C,1190.0,992,1965,0.8662
2026-09-30,2026-10-02,C,1195.0,981,1090,0.8804
2026-09-30,2026-10-02,C,1200.0,12742,35803,0.8931
2026-09-30,2026-10-02,C,1205.0,1009,2841,0.9121
2026-09-30,2026-10-02,C,1210.0,1737,1490,0.9277
2026-09-30,2026-10-02,C,1215.0,935,1275,0.9419
2026-09-30,2026-10-02,C,1220.0,1346,2136,0.957
2026-09-30,2026-10-02,P,910.0,2048,1138,1.2969
2026-09-30,2026-10-02,P,915.0,1117,436,1.2148
2026-09-30,2026-10-02,P,920.0,2115,1948,1.168
2026-09-30,2026-10-02,P,925.0,1712,1753,1.3184
2026-09-30,2026-10-02,P,930.0,3322,2441,1.1797
2026-09-30,2026-10-02,P,935.0,1061,985,1.25
2026-09-30,2026-10-02,P,940.0,2357,2582,1.0742
2026-09-30,2026-10-02,P,945.0,1023,1412,1.0664
2026-09-30,2026-10-02,P,950.0,6007,8596,1.0332
2026-09-30,2026-10-02,P,952.5,423,858,1.0156
2026-09-30,2026-10-02,P,955.0,1200,2187,0.998
2026-09-30,2026-10-02,P,957.5,336,813,0.9727
2026-09-30,2026-10-02,P,960.0,2305,5033,0.9648
2026-09-30,2026-10-02,P,965.0,1615,2979,0.9453
2026-09-30,2026-10-02,P,970.0,2548,5710,0.9102
2026-09-30,2026-10-02,P,975.0,3184,5698,0.8887
2026-09-30,2026-10-02,P,980.0,3231,24033,0.8652
2026-09-30,2026-10-02,P,985.0,1165,3676,0.8398
2026-09-30,2026-10-02,P,990.0,4820,8848,0.8145
2026-09-30,2026-10-02,P,995.0,1175,4960,0.7949
2026-09-30,2026-10-02,P,1000.0,8748,28179,0.7754
2026-09-30,2026-10-02,P,1005.0,917,3497,0.7559
2026-09-30,2026-10-02,P,1010.0,2044,6172,0.7383
2026-09-30,2026-10-02,P,1015.0,1191,4623,0.7246
2026-09-30,2026-10-02,P,1020.0,1972,11373,0.7119
2026-09-30,2026-10-02,P,1025.0,1268,7856,0.7007
2026-09-30,2026-10-02,P,1030.0,1292,16708,0.6892
2026-09-30,2026-10-02,P,1035.0,685,8118,0.6821
2026-09-30,2026-10-02,P,1040.0,1627,15732,0.6755
2026-09-30,2026-10-02,P,1045.0,1008,10253,0.6714
2026-09-30,2026-10-02,P,1050.0,3855,20850,0.6691
2026-09-30,2026-10-02,P,1055.0,865,8371,0.6643
2026-09-30,2026-10-02,P,1060.0,1569,8027,0.6594
2026-09-30,2026-10-02,P,1062.5,473,2833,0.661
2026-09-30,2026-10-02,P,1065.0,758,4467,0.6597
2026-09-30,2026-10-02,P,1067.5,661,2450,0.66
2026-09-30,2026-10-02,P,1070.0,2528,10177,0.6576
2026-09-30,2026-10-02,P,1072.5,746,2121,0.658
2026-09-30,2026-10-02,P,1075.0,921,5587,0.6567
2026-09-30,2026-10-02,P,1077.5,349,1287,0.6565
2026-09-30,2026-10-02,P,1080.0,1579,6673,0.6547
2026-09-30,2026-10-02,P,1082.5,225,1780,0.6548
2026-09-30,2026-10-02,P,1085.0,880,5404,0.6543
2026-09-30,2026-10-02,P,1090.0,358,5021,0.6448
2026-09-30,2026-10-02,P,1095.0,307,1421,0.6461
2026-09-30,2026-10-02,P,1100.0,3188,6153,0.6466
2026-09-30,2026-10-02,P,1105.0,94,109,0.6296
2026-09-30,2026-10-02,P,1110.0,136,305,0.6754
2026-09-30,2026-10-02,P,1115.0,79,38,0.652
2026-09-30,2026-10-02,P,1120.0,107,204,0.6996
2026-09-30,2026-10-02,P,1125.0,77,148,0.6251
2026-09-30,2026-10-02,P,1130.0,239,156,0.6824
2026-09-30,2026-10-02,P,1135.0,61,29,0.6838
2026-09-30,2026-10-02,P,1140.0,174,48,0.6909
2026-09-30,2026-10-02,P,1145.0,69,47,0.6882
2026-09-30,2026-10-02,P,1150.0,462,227,0.6729
2026-09-30,2026-10-02,P,1155.0,201,215,0.7988
2026-09-30,2026-10-02,P,1160.0,230,240,0.8152
2026-09-30,2026-10-02,P,1165.0,13,11,0.7798
2026-09-30,2026-10-02,P,1170.0,83,38,0.7629
2026-09-30,2026-10-02,P,1175.0,29,46,0.8254
2026-09-30,2026-10-02,P,1180.0,36,45,0.6733
2026-09-30,2026-10-02,P,1190.0,13,8,1.023
2026-09-30,2026-10-02,P,1195.0,10,4,0.8364
2026-09-30,2026-10-02,P,1200.0,407,791,0.8394
2026-09-30,2026-10-02,P,1220.0,20,73,1.0254
2026-09-30,2026-10-05,C,910.0,8,18,1.3768
2026-09-30,2026-10-05,C,920.0,13,14,1.3501
2026-09-30,2026-10-05,C,935.0,8,4,0.5996
2026-09-30,2026-10-05,C,940.0,12,10,0.5156
2026-09-30,2026-10-05,C,945.0,35,30,1.1755
2026-09-30,2026-10-05,C,950.0,37,8,0.8457
2026-09-30,2026-10-05,C,960.0,30,32,0.5337
2026-09-30,2026-10-05,C,965.0,2,4,0.5415
2026-09-30,2026-10-05,C,970.0,37,24,0.5059
2026-09-30,2026-10-05,C,975.0,7,4,1.0199
2026-09-30,2026-10-05,C,980.0,30,24,0.9738
2026-09-30,2026-10-05,C,985.0,17,5,0.5039
2026-09-30,2026-10-05,C,990.0,41,21,0.9178
2026-09-30,2026-10-05,C,995.0,15,9,0.5463
2026-09-30,2026-10-05,C,1000.0,151,209,0.6377
2026-09-30,2026-10-05,C,1005.0,26,1034,0.6708
2026-09-30,2026-10-05,C,1010.0,46,435,0.5488
2026-09-30,2026-10-05,C,1015.0,43,24,0.7266
2026-09-30,2026-10-05,C,1020.0,35,54,0.5083
2026-09-30,2026-10-05,C,1025.0,54,80,0.6147
2026-09-30,2026-10-05,C,1030.0,67,234,0.5997
2026-09-30,2026-10-05,C,1035.0,39,669,0.5779
2026-09-30,2026-10-05,C,1040.0,241,2077,0.5482
2026-09-30,2026-10-05,C,1045.0,128,1024,0.533
2026-09-30,2026-10-05,C,1050.0,448,2692,0.516
2026-09-30,2026-10-05,C,1055.0,210,891,0.5046
2026-09-30,2026-10-05,C,1060.0,862,2766,0.5278
2026-09-30,2026-10-05,C,1065.0,472,1311,0.5241
2026-09-30,2026-10-05,C,1070.0,854,2705,0.5023
2026-09-30,2026-10-05,C,1075.0,980,1798,0.4854
2026-09-30,2026-10-05,C,1080.0,509,2664,0.4913
2026-09-30,2026-10-05,C,1085.0,221,1106,0.4941
2026-09-30,2026-10-05,C,1090.0,301,2371,0.4841
2026-09-30,2026-10-05,C,1095.0,124,607,0.4879
2026-09-30,2026-10-05,C,1100.0,1591,8718,0.4856
2026-09-30,2026-10-05,C,1105.0,143,458,0.4871
2026-09-30,2026-10-05,C,1110.0,378,1248,0.4936
2026-09-30,2026-10-05,C,1115.0,74,471,0.492
2026-09-30,2026-10-05,C,1120.0,233,1796,0.4865
2026-09-30,2026-10-05,C,1125.0,235,865,0.4901
2026-09-30,2026-10-05,C,1130.0,246,1021,0.4926
2026-09-30,2026-10-05,C,1135.0,75,636,0.4969
2026-09-30,2026-10-05,C,1140.0,171,837,0.4993
2026-09-30,2026-10-05,C,1145.0,132,582,0.5041
2026-09-30,2026-10-05,C,1150.0,1350,5166,0.5035
2026-09-30,2026-10-05,C,1155.0,110,488,0.5078
2026-09-30,2026-10-05,C,1160.0,167,864,0.5117
2026-09-30,2026-10-05,C,1165.0,262,437,0.5186
2026-09-30,2026-10-05,C,1170.0,665,359,0.5231
2026-09-30,2026-10-05,C,1175.0,90,572,0.5284
2026-09-30,2026-10-05,C,1180.0,135,883,0.5349
2026-09-30,2026-10-05,C,1185.0,858,678,0.5413
2026-09-30,2026-10-05,C,1190.0,455,499,0.5475
2026-09-30,2026-10-05,C,1195.0,69,233,0.554
2026-09-30,2026-10-05,C,1200.0,1568,6496,0.5608
2026-09-30,2026-10-05,C,1205.0,75,252,0.5675
2026-09-30,2026-10-05,C,1210.0,69,383,0.5741
2026-09-30,2026-10-05,C,1215.0,144,295,0.5808
2026-09-30,2026-10-05,C,1220.0,472,144,0.5881
2026-09-30,2026-10-05,P,910.0,65,63,0.7236
2026-09-30,2026-10-05,P,915.0,175,64,0.7119
2026-09-30,2026-10-05,P,920.0,465,341,0.708
2026-09-30,2026-10-05,P,925.0,210,232,0.6514
2026-09-30,2026-10-05,P,930.0,111,163,0.6357
2026-09-30,2026-10-05,P,935.0,65,67,0.6221
2026-09-30,2026-10-05,P,940.0,175,191,0.6104
2026-09-30,2026-10-05,P,945.0,138,137,0.5981
2026-09-30,2026-10-05,P,950.0,992,1163,0.5942
2026-09-30,2026-10-05,P,955.0,138,217,0.5781
2026-09-30,2026-10-05,P,960.0,317,574,0.5669
2026-09-30,2026-10-05,P,965.0,138,278,0.5571
2026-09-30,2026-10-05,P,970.0,189,706,0.5488
2026-09-30,2026-10-05,P,975.0,123,403,0.5386
2026-09-30,2026-10-05,P,980.0,253,503,0.532
2026-09-30,2026-10-05,P,985.0,96,213,0.5249
2026-09-30,2026-10-05,P,990.0,191,514,0.5178
2026-09-30,2026-10-05,P,995.0,91,309,0.51
2026-09-30,2026-10-05,P,1000.0,1548,3188,0.5037
2026-09-30,2026-10-05,P,1005.0,59,334,0.5024
2026-09-30,2026-10-05,P,1010.0,198,460,0.4963
2026-09-30,2026-10-05,P,1015.0,86,593,0.4915
2026-09-30,2026-10-05,P,1020.0,265,1071,0.4876
2026-09-30,2026-10-05,P,1025.0,144,607,0.4833
2026-09-30,2026-10-05,P,1030.0,215,1060,0.48
2026-09-30,2026-10-05,P,1035.0,162,553,0.4788
2026-09-30,2026-10-05,P,1040.0,170,1386,0.4755
2026-09-30,2026-10-05,P,1045.0,153,399,0.4723
2026-09-30,2026-10-05,P,1050.0,421,2143,0.4706
2026-09-30,2026-10-05,P,1055.0,168,256,0.4699
2026-09-30,2026-10-05,P,1060.0,701,1157,0.468
2026-09-30,2026-10-05,P,1065.0,153,456,0.4676
2026-09-30,2026-10-05,P,1070.0,260,1426,0.4682
2026-09-30,2026-10-05,P,1075.0,168,1085,0.4672
2026-09-30,2026-10-05,P,1080.0,208,582,0.4668
2026-09-30,2026-10-05,P,1085.0,47,203,0.4815
2026-09-30,2026-10-05,P,1090.0,104,462,0.4971
2026-09-30,2026-10-05,P,1095.0,30,96,0.503
2026-09-30,2026-10-05,P,1100.0,472,438,0.4854
2026-09-30,2026-10-05,P,1105.0,23,35,0.488
2026-09-30,2026-10-05,P,1110.0,22,26,0.5334
2026-09-30,2026-10-05,P,1115.0,39,76,0.4952
2026-09-30,2026-10-05,P,1120.0,14,28,0.498
2026-09-30,2026-10-05,P,1125.0,16,21,0.4995
2026-09-30,2026-10-05,P,1130.0,15,35,0.515
2026-09-30,2026-10-05,P,1140.0,26,47,0.5081
2026-09-30,2026-10-05,P,1145.0,5,2,0.5555
2026-09-30,2026-10-05,P,1150.0,40,3,0.5748
2026-09-30,2026-10-05,P,1160.0,4,10,0.5665
2026-09-30,2026-10-05,P,1175.0,9,5,0.5269
2026-09-30,2026-10-05,P,1180.0,3,2,0.5477
2026-09-30,2026-10-05,P,1185.0,20,11,0.7089
2026-09-30,2026-10-05,P,1200.0,26,22,0.67
2026-09-30,2026-10-05,P,1220.0,1,1,0.6257
2026-09-30,2026-10-07,C,950.0,42,39,0.6775
2026-09-30,2026-10-07,C,970.0,6,15,0.5653
2026-09-30,2026-10-07,C,975.0,3,1,0.5555
2026-09-30,2026-10-07,C,990.0,22,4,0.5037
2026-09-30,2026-10-07,C,995.0,12,2,0.5252
2026-09-30,2026-10-07,C,1000.0,71,60,0.5327
2026-09-30,2026-10-07,C,1020.0,78,20,0.5112
2026-09-30,2026-10-07,C,1025.0,21,35,0.524
2026-09-30,2026-10-07,C,1030.0,25,61,0.5054
2026-09-30,2026-10-07,C,1035.0,16,221,0.5079
2026-09-30,2026-10-07,C,1040.0,51,233,0.5725
2026-09-30,2026-10-07,C,1045.0,51,849,0.5142
2026-09-30,2026-10-07,C,1050.0,267,2302,0.5049
2026-09-30,2026-10-07,C,1060.0,62,861,0.5007
2026-09-30,2026-10-07,C,1070.0,423,819,0.5096
2026-09-30,2026-10-07,C,1075.0,141,716,0.5275
2026-09-30,2026-10-07,C,1080.0,130,1212,0.5186
2026-09-30,2026-10-07,C,1085.0,389,1890,0.5194
2026-09-30,2026-10-07,C,1090.0,117,751,0.5154
2026-09-30,2026-10-07,C,1095.0,31,474,0.5135
2026-09-30,2026-10-07,C,1100.0,192,2615,0.5226
2026-09-30,2026-10-07,C,1105.0,75,511,0.5256
2026-09-30,2026-10-07,C,1110.0,136,536,0.5236
2026-09-30,2026-10-07,C,1115.0,50,387,0.5114
2026-09-30,2026-10-07,C,1120.0,57,538,0.5265
2026-09-30,2026-10-07,C,1125.0,50,533,0.5309
2026-09-30,2026-10-07,C,1130.0,70,564,0.5191
2026-09-30,2026-10-07,C,1140.0,78,387,0.5375
2026-09-30,2026-10-07,C,1150.0,135,1063,0.5419
2026-09-30,2026-10-07,C,1160.0,94,178,0.5474
2026-09-30,2026-10-07,C,1170.0,131,207,0.5527
2026-09-30,2026-10-07,C,1175.0,20,129,0.5563
2026-09-30,2026-10-07,C,1180.0,88,223,0.5596
2026-09-30,2026-10-07,C,1185.0,31,131,0.5627
2026-09-30,2026-10-07,C,1190.0,65,105,0.5658
2026-09-30,2026-10-07,C,1200.0,292,673,0.5724
2026-09-30,2026-10-07,C,1210.0,43,99,0.5815
2026-09-30,2026-10-07,C,1215.0,70,215,0.5857
2026-09-30,2026-10-07,C,1220.0,33,173,0.5908
2026-09-30,2026-10-07,P,945.0,37,38,0.5823
2026-09-30,2026-10-07,P,950.0,138,628,0.574
2026-09-30,2026-10-07,P,955.0,34,109,0.5685
2026-09-30,2026-10-07,P,960.0,121,159,0.562
2026-09-30,2026-10-07,P,965.0,45,111,0.5557
2026-09-30,2026-10-07,P,970.0,75,290,0.5503
2026-09-30,2026-10-07,P,980.0,104,448,0.5398
2026-09-30,2026-10-07,P,990.0,42,490,0.5322
2026-09-30,2026-10-07,P,995.0,23,580,0.5282
2026-09-30,2026-10-07,P,1000.0,309,1344,0.5254
2026-09-30,2026-10-07,P,1005.0,48,392,0.5214
2026-09-30,2026-10-07,P,1010.0,47,352,0.5184
2026-09-30,2026-10-07,P,1020.0,84,380,0.5134
2026-09-30,2026-10-07,P,1025.0,51,910,0.5112
2026-09-30,2026-10-07,P,1030.0,134,833,0.5096
2026-09-30,2026-10-07,P,1035.0,32,1132,0.5077
2026-09-30,2026-10-07,P,1040.0,154,716,0.5066
2026-09-30,2026-10-07,P,1050.0,145,527,0.5047
2026-09-30,2026-10-07,P,1055.0,23,146,0.5047
2026-09-30,2026-10-07,P,1060.0,47,134,0.5042
2026-09-30,2026-10-07,P,1070.0,99,142,0.5046
2026-09-30,2026-10-07,P,1075.0,74,95,0.5047
2026-09-30,2026-10-07,P,1080.0,90,150,0.5069
2026-09-30,2026-10-07,P,1085.0,23,90,0.5215
2026-09-30,2026-10-07,P,1090.0,21,45,0.5144
2026-09-30,2026-10-07,P,1095.0,64,62,0.5089
2026-09-30,2026-10-07,P,1100.0,66,60,0.5251
2026-09-30,2026-10-07,P,1120.0,10,4,0.537
2026-09-30,2026-10-07,P,1125.0,12,10,0.5335
2026-09-30,2026-10-07,P,1130.0,9,1,0.543
2026-09-30,2026-10-07,P,1140.0,5,1,0.5353
2026-09-30,2026-10-07,P,1150.0,7,3,0.5385
2026-09-30,2026-10-09,C,910.0,76,1,0.6895
2026-09-30,2026-10-09,C,915.0,17,1,0.6791
2026-09-30,2026-10-09,C,920.0,496,16,0.6166
2026-09-30,2026-10-09,C,925.0,104,3,0.5923
2026-09-30,2026-10-09,C,930.0,621,14,0.5459
2026-09-30,2026-10-09,C,935.0,34,1,0.6655
2026-09-30,2026-10-09,C,940.0,218,14,0.8066
2026-09-30,2026-10-09,C,945.0,95,23,0.6074
2026-09-30,2026-10-09,C,950.0,611,94,0.6421
2026-09-30,2026-10-09,C,955.0,40,4,0.5951
2026-09-30,2026-10-09,C,960.0,392,4,0.6693
2026-09-30,2026-10-09,C,965.0,63,10,0.52
2026-09-30,2026-10-09,C,970.0,205,48,0.5679
2026-09-30,2026-10-09,C,975.0,241,52,0.554
2026-09-30,2026-10-09,C,980.0,492,194,0.5763
2026-09-30,2026-10-09,C,985.0,68,56,0.5652
2026-09-30,2026-10-09,C,990.0,440,258,0.5216
2026-09-30,2026-10-09,C,995.0,95,61,0.5255
2026-09-30,2026-10-09,C,1000.0,738,1042,0.5316
2026-09-30,2026-10-09,C,1005.0,201,29,0.5378
2026-09-30,2026-10-09,C,1010.0,130,315,0.5286
2026-09-30,2026-10-09,C,1015.0,419,10,0.5252
2026-09-30,2026-10-09,C,1020.0,204,165,0.5319
2026-09-30,2026-10-09,C,1025.0,176,113,0.5295
2026-09-30,2026-10-09,C,1030.0,320,661,0.5176
2026-09-30,2026-10-09,C,1035.0,119,528,0.5424
2026-09-30,2026-10-09,C,1040.0,195,625,0.5468
2026-09-30,2026-10-09,C,1045.0,76,975,0.5386
2026-09-30,2026-10-09,C,1050.0,1720,3892,0.5406
2026-09-30,2026-10-09,C,1055.0,91,412,0.5366
2026-09-30,2026-10-09,C,1060.0,420,831,0.5486
2026-09-30,2026-10-09,C,1062.5,30,121,0.54
2026-09-30,2026-10-09,C,1065.0,197,559,0.5352
2026-09-30,2026-10-09,C,1067.5,109,317,0.5359
2026-09-30,2026-10-09,C,1070.0,790,2285,0.5468
2026-09-30,2026-10-09,C,1072.5,85,382,0.5289
2026-09-30,2026-10-09,C,1075.0,375,970,0.5287
2026-09-30,2026-10-09,C,1077.5,213,347,0.5396
2026-09-30,2026-10-09,C,1080.0,936,2080,0.5329
2026-09-30,2026-10-09,C,1082.5,67,148,0.5411
2026-09-30,2026-10-09,C,1085.0,170,415,0.5421
2026-09-30,2026-10-09,C,1090.0,309,1094,0.5432
2026-09-30,2026-10-09,C,1095.0,171,455,0.5394
2026-09-30,2026-10-09,C,1100.0,1825,8049,0.5416
2026-09-30,2026-10-09,C,1105.0,182,297,0.5321
2026-09-30,2026-10-09,C,1110.0,555,703,0.5439
2026-09-30,2026-10-09,C,1115.0,125,403,0.555
2026-09-30,2026-10-09,C,1120.0,1245,771,0.5484
2026-09-30,2026-10-09,C,1125.0,668,434,0.5232
2026-09-30,2026-10-09,C,1130.0,172,730,0.5479
2026-09-30,2026-10-09,C,1135.0,109,273,0.5541
2026-09-30,2026-10-09,C,1140.0,172,680,0.5525
2026-09-30,2026-10-09,C,1145.0,33,229,0.554
2026-09-30,2026-10-09,C,1150.0,743,4358,0.5565
2026-09-30,2026-10-09,C,1160.0,179,715,0.5606
2026-09-30,2026-10-09,C,1170.0,248,876,0.5642
2026-09-30,2026-10-09,C,1180.0,241,387,0.5681
2026-09-30,2026-10-09,C,1190.0,220,277,0.5733
2026-09-30,2026-10-09,C,1200.0,2137,9662,0.5791
2026-09-30,2026-10-09,C,1210.0,644,526,0.5843
2026-09-30,2026-10-09,C,1220.0,277,271,0.5908
2026-09-30,2026-10-09,P,910.0,289,337,0.6126
2026-09-30,2026-10-09,P,915.0,211,202,0.6052
2026-09-30,2026-10-09,P,920.0,408,410,0.5964
2026-09-30,2026-10-09,P,925.0,517,277,0.5896
2026-09-30,2026-10-09,P,930.0,1047,554,0.5825
2026-09-30,2026-10-09,P,935.0,117,251,0.5769
2026-09-30,2026-10-09,P,940.0,624,576,0.5704
2026-09-30,2026-10-09,P,945.0,337,303,0.5638
2026-09-30,2026-10-09,P,950.0,1209,1353,0.5593
2026-09-30,2026-10-09,P,955.0,157,282,0.5564
2026-09-30,2026-10-09,P,960.0,164,712,0.5497
2026-09-30,2026-10-09,P,965.0,287,653,0.5468
2026-09-30,2026-10-09,P,970.0,284,1684,0.5435
2026-09-30,2026-10-09,P,975.0,190,1058,0.5422
2026-09-30,2026-10-09,P,980.0,1023,1065,0.5361
2026-09-30,2026-10-09,P,985.0,155,894,0.5324
2026-09-30,2026-10-09,P,990.0,287,762,0.532
2026-09-30,2026-10-09,P,995.0,100,622,0.5288
2026-09-30,2026-10-09,P,1000.0,818,3650,0.5273
2026-09-30,2026-10-09,P,1005.0,93,549,0.5248
2026-09-30,2026-10-09,P,1010.0,180,728,0.5227
2026-09-30,2026-10-09,P,1015.0,128,776,0.5216
2026-09-30,2026-10-09,P,1020.0,106,1574,0.5205
2026-09-30,2026-10-09,P,1025.0,235,720,0.5188
2026-09-30,2026-10-09,P,1030.0,414,598,0.5186
2026-09-30,2026-10-09,P,1035.0,168,641,0.5181
2026-09-30,2026-10-09,P,1040.0,469,580,0.5166
2026-09-30,2026-10-09,P,1045.0,207,511,0.5168
2026-09-30,2026-10-09,P,1050.0,647,1116,0.5164
2026-09-30,2026-10-09,P,1055.0,130,216,0.5163
2026-09-30,2026-10-09,P,1060.0,221,458,0.5161
2026-09-30,2026-10-09,P,1062.5,24,39,0.5159
2026-09-30,2026-10-09,P,1065.0,81,127,0.5165
2026-09-30,2026-10-09,P,1067.5,75,29,0.5162
2026-09-30,2026-10-09,P,1070.0,1107,204,0.5162
2026-09-30,2026-10-09,P,1072.5,180,39,0.517
2026-09-30,2026-10-09,P,1075.0,108,112,0.5169
2026-09-30,2026-10-09,P,1077.5,28,128,0.5031
2026-09-30,2026-10-09,P,1080.0,321,275,0.5196
2026-09-30,2026-10-09,P,1082.5,6,25,0.5141
2026-09-30,2026-10-09,P,1085.0,35,126,0.5287
2026-09-30,2026-10-09,P,1090.0,336,292,0.5213
2026-09-30,2026-10-09,P,1095.0,105,38,0.53
2026-09-30,2026-10-09,P,1100.0,227,289,0.5161
2026-09-30,2026-10-09,P,1105.0,60,18,0.5385
2026-09-30,2026-10-09,P,1110.0,37,147,0.5283
2026-09-30,2026-10-09,P,1115.0,36,5,0.5428
2026-09-30,2026-10-09,P,1120.0,213,24,0.5258
2026-09-30,2026-10-09,P,1125.0,20,10,0.5271
2026-09-30,2026-10-09,P,1130.0,101,6,0.547
2026-09-30,2026-10-09,P,1135.0,28,14,0.5473
2026-09-30,2026-10-09,P,1140.0,135,59,0.5481
2026-09-30,2026-10-09,P,1145.0,7,10,0.553
2026-09-30,2026-10-09,P,1150.0,223,74,0.5309
2026-09-30,2026-10-09,P,1160.0,8,1,0.5343
2026-09-30,2026-10-09,P,1170.0,2,1,0.5272
2026-09-30,2026-10-09,P,1190.0,2,6,0.5523
2026-09-30,2026-10-09,P,1200.0,14,17,0.5878
2026-09-30,2026-10-09,P,1210.0,10,10,0.6111
2026-09-30,2026-10-09,P,1220.0,1,2,0.5487
2026-10-02,2026-10-02,C,915.0,100,6,2.5139
2026-10-02,2026-10-02,C,920.0,713,195,1.9951
2026-10-02,2026-10-02,C,925.0,580,12,1.1055
2026-10-02,2026-10-02,C,930.0,501,23,2.1328
2026-10-02,2026-10-02,C,935.0,119,17,1.0332
2026-10-02,2026-10-02,C,940.0,448,117,1.3022
2026-10-02,2026-10-02,C,945.0,103,8,1.9219
2026-10-02,2026-10-02,C,950.0,950,168,1.4912
2026-10-02,2026-10-02,C,952.5,23,1,0.875
2026-10-02,2026-10-02,C,955.0,199,36,0.8906
2026-10-02,2026-10-02,C,957.5,33,6,0.873
2026-10-02,2026-10-02,C,960.0,734,48,1.2056
2026-10-02,2026-10-02,C,965.0,195,17,1.8127
2026-10-02,2026-10-02,C,970.0,818,89,0.8096
2026-10-02,2026-10-02,C,975.0,295,144,1.2986
2026-10-02,2026-10-02,C,980.0,807,53,1.3123
2026-10-02,2026-10-02,C,985.0,326,34,0.8355
2026-10-02,2026-10-02,C,990.0,612,69,0.8643
2026-10-02,2026-10-02,C,995.0,299,71,0.7891
2026-10-02,2026-10-02,C,1000.0,3035,1370,0.648
2026-10-02,2026-10-02,C,1005.0,362,84,1.0554
2026-10-02,2026-10-02,C,1010.0,725,89,0.9602
2026-10-02,2026-10-02,C,1015.0,760,164,0.7029
2026-10-02,2026-10-02,C,1020.0,792,408,0.583
2026-10-02,2026-10-02,C,1025.0,569,562,0.5811
2026-10-02,2026-10-02,C,1030.0,990,347,0.541
2026-10-02,2026-10-02,C,1035.0,699,345,0.4644
2026-10-02,2026-10-02,C,1040.0,1682,738,0.3774
2026-10-02,2026-10-02,C,1045.0,1636,862,0.3628
2026-10-02,2026-10-02,C,1050.0,4014,2915,0.271
2026-10-02,2026-10-02,C,1055.0,948,677,0.2595
2026-10-02,2026-10-02,C,1060.0,3178,2991,0.1926
2026-10-02,2026-10-02,C,1062.5,445,610,0.1874
2026-10-02,2026-10-02,C,1065.0,1580,3865,0.1422
2026-10-02,2026-10-02,C,1067.5,703,1404,0.1238
2026-10-02,2026-10-02,C,1070.0,4578,11044,0.0601
2026-10-02,2026-10-02,C,1072.5,519,3676,0.0675
2026-10-02,2026-10-02,C,1075.0,2981,21943,0.0443
2026-10-02,2026-10-02,C,1077.5,829,14449,0.0402
2026-10-02,2026-10-02,C,1080.0,2696,43662,0.0479
2026-10-02,2026-10-02,C,1082.5,385,17531,0.0567
2026-10-02,2026-10-02,C,1085.0,1557,27778,0.0733
2026-10-02,2026-10-02,C,1090.0,2224,42163,0.1055
2026-10-02,2026-10-02,C,1095.0,1622,30154,0.1348
2026-10-02,2026-10-02,C,1100.0,12782,87549,0.1641
2026-10-02,2026-10-02,C,1105.0,1430,17592,0.207
2026-10-02,2026-10-02,C,1110.0,3675,20261,0.2188
2026-10-02,2026-10-02,C,1115.0,1096,21259,0.25
2026-10-02,2026-10-02,C,1120.0,3492,19842,0.2734
2026-10-02,2026-10-02,C,1125.0,2118,8274,0.3008
2026-10-02,2026-10-02,C,1130.0,2812,11167,0.3281
2026-10-02,2026-10-02,C,1135.0,1875,5270,0.3516
2026-10-02,2026-10-02,C,1140.0,2031,6053,0.3828
2026-10-02,2026-10-02,C,1145.0,1436,2052,0.4063
2026-10-02,2026-10-02,C,1150.0,10285,28806,0.4297
2026-10-02,2026-10-02,C,1155.0,1580,2548,0.4531
2026-10-02,2026-10-02,C,1160.0,1460,6256,0.4844
2026-10-02,2026-10-02,C,1165.0,1285,1179,0.5078
2026-10-02,2026-10-02,C,1170.0,2030,1714,0.5
2026-10-02,2026-10-02,C,1175.0,6164,2084,0.5313
2026-10-02,2026-10-02,C,1180.0,2960,2749,0.5469
2026-10-02,2026-10-02,C,1185.0,856,442,0.5625
2026-10-02,2026-10-02,C,1190.0,1109,797,0.5938
2026-10-02,2026-10-02,C,1195.0,1003,306,0.625
2026-10-02,2026-10-02,C,1200.0,11271,6937,0.6406
2026-10-02,2026-10-02,C,1205.0,1236,672,0.7031
2026-10-02,2026-10-02,C,1210.0,1556,669,0.6875
2026-10-02,2026-10-02,C,1215.0,1108,466,0.7031
2026-10-02,2026-10-02,C,1220.0,1203,409,0.7188
2026-10-02,2026-10-02,C,1225.0,3254,431,0.75
2026-10-02,2026-10-02,C,1230.0,1476,273,0.7656
2026-10-02,2026-10-02,C,1235.0,806,261,0.7813
2026-10-02,2026-10-02,P,915.0,1145,237,0.9063
2026-10-02,2026-10-02,P,920.0,1959,488,0.8906
2026-10-02,2026-10-02,P,925.0,1376,432,0.8594
2026-10-02,2026-10-02,P,930.0,2890,812,0.8281
2026-10-02,2026-10-02,P,935.0,957,473,0.8125
2026-10-02,2026-10-02,P,940.0,2149,611,0.7813
2026-10-02,2026-10-02,P,945.0,1023,365,0.75
2026-10-02,2026-10-02,P,950.0,5950,1696,0.7188
2026-10-02,2026-10-02,P,952.5,668,178,0.7031
2026-10-02,2026-10-02,P,955.0,932,171,0.6875
2026-10-02,2026-10-02,P,957.5,446,51,0.6719
2026-10-02,2026-10-02,P,960.0,2293,859,0.6563
2026-10-02,2026-10-02,P,965.0,1238,968,0.625
2026-10-02,2026-10-02,P,970.0,2608,1060,0.6094
2026-10-02,2026-10-02,P,975.0,3084,1349,0.6094
2026-10-02,2026-10-02,P,980.0,3947,1505,0.5781
2026-10-02,2026-10-02,P,985.0,1224,368,0.5156
2026-10-02,2026-10-02,P,990.0,4113,1783,0.5234
2026-10-02,2026-10-02,P,995.0,1491,650,0.5234
2026-10-02,2026-10-02,P,1000.0,8671,3535,0.4609
2026-10-02,2026-10-02,P,1005.0,975,569,0.4297
2026-10-02,2026-10-02,P,1010.0,2320,1569,0.4297
2026-10-02,2026-10-02,P,1015.0,1215,1107,0.4297
2026-10-02,2026-10-02,P,1020.0,2730,3622,0.3672
2026-10-02,2026-10-02,P,1025.0,1684,1626,0.4072
2026-10-02,2026-10-02,P,1030.0,2206,3309,0.2852
2026-10-02,2026-10-02,P,1035.0,1308,2711,0.2578
2026-10-02,2026-10-02,P,1040.0,2772,8974,0.2266
2026-10-02,2026-10-02,P,1045.0,1700,4650,0.2109
2026-10-02,2026-10-02,P,1050.0,4334,21215,0.166
2026-10-02,2026-10-02,P,1055.0,1242,8177,0.1367
2026-10-02,2026-10-02,P,1060.0,1453,16256,0.1055
2026-10-02,2026-10-02,P,1062.5,446,4755,0.0967
2026-10-02,2026-10-02,P,1065.0,1204,10574,0.0723
2026-10-02,2026-10-02,P,1067.5,593,6285,0.0684
2026-10-02,2026-10-02,P,1070.0,2735,19889,0.0586
2026-10-02,2026-10-02,P,1072.5,606,10979,0.0538
2026-10-02,2026-10-02,P,1075.0,1173,20878,0.0688
2026-10-02,2026-10-02,P,1077.5,353,11255,0.1319
2026-10-02,2026-10-02,P,1080.0,1669,21991,0.1996
2026-10-02,2026-10-02,P,1082.5,340,5362,0.214
2026-10-02,2026-10-02,P,1085.0,1078,9026,0.2514
2026-10-02,2026-10-02,P,1090.0,798,11058,0.3129
2026-10-02,2026-10-02,P,1095.0,472,5591,0.3289
2026-10-02,2026-10-02,P,1100.0,1875,7986,0.3823
2026-10-02,2026-10-02,P,1105.0,91,897,0.4382
2026-10-02,2026-10-02,P,1110.0,325,1514,0.5702
2026-10-02,2026-10-02,P,1115.0,68,295,0.5369
2026-10-02,2026-10-02,P,1120.0,205,755,0.5845
2026-10-02,2026-10-02,P,1125.0,169,295,0.5298
2026-10-02,2026-10-02,P,1130.0,247,142,0.741
2026-10-02,2026-10-02,P,1135.0,54,75,0.9832
2026-10-02,2026-10-02,P,1140.0,181,94,0.8342
2026-10-02,2026-10-02,P,1145.0,58,19,0.8796
2026-10-02,2026-10-02,P,1150.0,311,288,0.9385
2026-10-02,2026-10-02,P,1155.0,150,16,1.1873
2026-10-02,2026-10-02,P,1160.0,143,120,1.183
2026-10-02,2026-10-02,P,1165.0,19,10,0.9087
2026-10-02,2026-10-02,P,1170.0,83,44,0.9468
2026-10-02,2026-10-02,P,1175.0,17,14,1.3833
2026-10-02,2026-10-02,P,1180.0,31,19,1.4251
2026-10-02,2026-10-02,P,1190.0,12,34,1.572
2026-10-02,2026-10-02,P,1195.0,10,7,1.6083
2026-10-02,2026-10-02,P,1200.0,303,76,1.6437
2026-10-02,2026-10-02,P,1220.0,2,4,2.0557
2026-10-02,2026-10-02,P,1225.0,5,11,2.1012
2026-10-02,2026-10-02,P,1230.0,0,10,2.1419
2026-10-02,2026-10-02,P,1235.0,26,2,1.4888
2026-10-02,2026-10-05,C,920.0,12,14,0.7344
2026-10-02,2026-10-05,C,935.0,4,2,0.6687
2026-10-02,2026-10-05,C,940.0,8,6,0.5781
2026-10-02,2026-10-05,C,945.0,35,42,0.5825
2026-10-02,2026-10-05,C,950.0,35,13,0.5444
2026-10-02,2026-10-05,C,960.0,49,6,0.5098
2026-10-02,2026-10-05,C,965.0,6,4,0.6653
2026-10-02,2026-10-05,C,970.0,43,16,0.8154
2026-10-02,2026-10-05,C,975.0,5,9,0.5044
2026-10-02,2026-10-05,C,980.0,40,6,0.7465
2026-10-02,2026-10-05,C,985.0,16,5,0.7391
2026-10-02,2026-10-05,C,990.0,31,7,0.6935
2026-10-02,2026-10-05,C,995.0,16,41,0.6612
2026-10-02,2026-10-05,C,1000.0,156,142,0.4988
2026-10-02,2026-10-05,C,1005.0,187,13,0.6025
2026-10-02,2026-10-05,C,1010.0,134,10,0.5757
2026-10-02,2026-10-05,C,1015.0,45,8,0.5503
2026-10-02,2026-10-05,C,1020.0,46,45,0.4888
2026-10-02,2026-10-05,C,1025.0,44,97,0.3214
2026-10-02,2026-10-05,C,1030.0,96,151,0.333
2026-10-02,2026-10-05,C,1035.0,193,79,0.3143
2026-10-02,2026-10-05,C,1040.0,412,1029,0.3171
2026-10-02,2026-10-05,C,1045.0,196,169,0.3101
2026-10-02,2026-10-05,C,1050.0,1021,972,0.2911
2026-10-02,2026-10-05,C,1055.0,249,890,0.2897
2026-10-02,2026-10-05,C,1060.0,998,1744,0.2846
2026-10-02,2026-10-05,C,1065.0,559,630,0.2818
2026-10-02,2026-10-05,C,1070.0,817,6824,0.2825
2026-10-02,2026-10-05,C,1075.0,932,4978,0.2797
2026-10-02,2026-10-05,C,1080.0,1274,9032,0.2809
2026-10-02,2026-10-05,C,1085.0,413,5683,0.2867
2026-10-02,2026-10-05,C,1090.0,1038,9453,0.2847
2026-10-02,2026-10-05,C,1095.0,222,7534,0.2871
2026-10-02,2026-10-05,C,1100.0,2486,19172,0.29
2026-10-02,2026-10-05,C,1105.0,189,2731,0.2929
2026-10-02,2026-10-05,C,1110.0,308,3619,0.2969
2026-10-02,2026-10-05,C,1115.0,137,1301,0.3011
2026-10-02,2026-10-05,C,1120.0,367,3477,0.3051
2026-10-02,2026-10-05,C,1125.0,332,3278,0.3102
2026-10-02,2026-10-05,C,1130.0,299,1520,0.3152
2026-10-02,2026-10-05,C,1135.0,159,3742,0.3215
2026-10-02,2026-10-05,C,1140.0,257,3056,0.3286
2026-10-02,2026-10-05,C,1145.0,202,531,0.3347
2026-10-02,2026-10-05,C,1150.0,1514,9687,0.345
2026-10-02,2026-10-05,C,1155.0,103,1124,0.3523
2026-10-02,2026-10-05,C,1160.0,231,1035,0.3606
2026-10-02,2026-10-05,C,1165.0,325,832,0.3687
2026-10-02,2026-10-05,C,1170.0,691,898,0.377
2026-10-02,2026-10-05,C,1175.0,253,443,0.3862
2026-10-02,2026-10-05,C,1180.0,266,556,0.394
2026-10-02,2026-10-05,C,1185.0,857,347,0.4063
2026-10-02,2026-10-05,C,1190.0,662,560,0.415
2026-10-02,2026-10-05,C,1195.0,131,116,0.4268
2026-10-02,2026-10-05,C,1200.0,2789,6322,0.4297
2026-10-02,2026-10-05,C,1205.0,115,174,0.4395
2026-10-02,2026-10-05,C,1210.0,279,457,0.4482
2026-10-02,2026-10-05,C,1215.0,148,355,0.4619
2026-10-02,2026-10-05,C,1220.0,496,648,0.4707
2026-10-02,2026-10-05,C,1225.0,368,502,0.5039
2026-10-02,2026-10-05,C,1230.0,116,309,0.5264
2026-10-02,2026-10-05,C,1235.0,90,96,0.561
2026-10-02,2026-10-05,P,915.0,168,26,0.5625
2026-10-02,2026-10-05,P,920.0,397,199,0.5547
2026-10-02,2026-10-05,P,925.0,211,121,0.5117
2026-10-02,2026-10-05,P,930.0,118,48,0.5674
2026-10-02,2026-10-05,P,935.0,67,21,0.5537
2026-10-02,2026-10-05,P,940.0,167,33,0.5606
2026-10-02,2026-10-05,P,945.0,147,86,0.4629
2026-10-02,2026-10-05,P,950.0,1044,345,0.4863
2026-10-02,2026-10-05,P,955.0,168,92,0.4639
2026-10-02,2026-10-05,P,960.0,330,81,0.5332
2026-10-02,2026-10-05,P,965.0,203,113,0.4277
2026-10-02,2026-10-05,P,970.0,501,467,0.4092
2026-10-02,2026-10-05,P,975.0,196,215,0.3945
2026-10-02,2026-10-05,P,980.0,249,238,0.3799
2026-10-02,2026-10-05,P,985.0,116,457,0.374
2026-10-02,2026-10-05,P,990.0,234,470,0.3628
2026-10-02,2026-10-05,P,995.0,168,390,0.3521
2026-10-02,2026-10-05,P,1000.0,2189,2985,0.3345
2026-10-02,2026-10-05,P,1005.0,166,650,0.3313
2026-10-02,2026-10-05,P,1010.0,224,679,0.3213
2026-10-02,2026-10-05,P,1015.0,369,1098,0.3157
2026-10-02,2026-10-05,P,1020.0,335,2661,0.3081
2026-10-02,2026-10-05,P,1025.0,306,1635,0.3024
2026-10-02,2026-10-05,P,1030.0,467,1523,0.2968
2026-10-02,2026-10-05,P,1035.0,269,1691,0.2932
2026-10-02,2026-10-05,P,1040.0,705,1979,0.288
2026-10-02,2026-10-05,P,1045.0,221,1181,0.2868
2026-10-02,2026-10-05,P,1050.0,904,5476,0.2863
2026-10-02,2026-10-05,P,1055.0,222,895,0.2841
2026-10-02,2026-10-05,P,1060.0,653,5773,0.2844
2026-10-02,2026-10-05,P,1065.0,180,1049,0.2851
2026-10-02,2026-10-05,P,1070.0,507,3536,0.2947
2026-10-02,2026-10-05,P,1075.0,555,2742,0.3051
2026-10-02,2026-10-05,P,1080.0,369,4700,0.2954
2026-10-02,2026-10-05,P,1085.0,66,1866,0.3004
2026-10-02,2026-10-05,P,1090.0,141,2311,0.3053
2026-10-02,2026-10-05,P,1095.0,50,958,0.3336
2026-10-02,2026-10-05,P,1100.0,383,2126,0.3295
2026-10-02,2026-10-05,P,1105.0,48,240,0.3394
2026-10-02,2026-10-05,P,1110.0,21,977,0.35
2026-10-02,2026-10-05,P,1115.0,38,61,0.3744
2026-10-02,2026-10-05,P,1120.0,27,91,0.3885
2026-10-02,2026-10-05,P,1125.0,23,77,0.3883
2026-10-02,2026-10-05,P,1130.0,35,443,0.497
2026-10-02,2026-10-05,P,1140.0,34,133,0.5553
2026-10-02,2026-10-05,P,1145.0,7,15,0.5929
2026-10-02,2026-10-05,P,1150.0,41,15,0.6156
2026-10-02,2026-10-05,P,1160.0,8,1,0.6611
2026-10-02,2026-10-05,P,1175.0,8,1,0.731
2026-10-02,2026-10-05,P,1180.0,1,4,0.7799
2026-10-02,2026-10-05,P,1185.0,11,11,0.8615
2026-10-02,2026-10-05,P,1200.0,34,8,0.8566
2026-10-02,2026-10-05,P,1220.0,2,1,0.5542
2026-10-02,2026-10-05,P,1225.0,4,3,0.5955
2026-10-02,2026-10-05,P,1230.0,2,2,1.0731
2026-10-02,2026-10-07,C,950.0,37,13,0.7292
2026-10-02,2026-10-07,C,970.0,6,15,0.5389
2026-10-02,2026-10-07,C,975.0,3,2,0.6962
2026-10-02,2026-10-07,C,990.0,24,8,0.6027
2026-10-02,2026-10-07,C,995.0,12,7,0.5931
2026-10-02,2026-10-07,C,1000.0,78,26,0.5253
2026-10-02,2026-10-07,C,1020.0,82,16,0.5088
2026-10-02,2026-10-07,C,1025.0,41,8,0.4241
2026-10-02,2026-10-07,C,1030.0,36,31,0.4176
2026-10-02,2026-10-07,C,1035.0,115,28,0.4099
2026-10-02,2026-10-07,C,1040.0,129,86,0.4078
2026-10-02,2026-10-07,C,1045.0,244,24,0.3951
2026-10-02,2026-10-07,C,1050.0,517,185,0.3926
2026-10-02,2026-10-07,C,1060.0,331,191,0.3984
2026-10-02,2026-10-07,C,1070.0,477,749,0.3923
2026-10-02,2026-10-07,C,1075.0,317,539,0.3884
2026-10-02,2026-10-07,C,1080.0,369,1159,0.3876
2026-10-02,2026-10-07,C,1085.0,1021,675,0.3889
2026-10-02,2026-10-07,C,1090.0,153,1060,0.3896
2026-10-02,2026-10-07,C,1095.0,122,864,0.3966
2026-10-02,2026-10-07,C,1100.0,622,2000,0.3919
2026-10-02,2026-10-07,C,1105.0,201,344,0.3937
2026-10-02,2026-10-07,C,1110.0,212,308,0.3947
2026-10-02,2026-10-07,C,1115.0,96,248,0.397
2026-10-02,2026-10-07,C,1120.0,210,465,0.3989
2026-10-02,2026-10-07,C,1125.0,131,192,0.4017
2026-10-02,2026-10-07,C,1130.0,119,370,0.4032
2026-10-02,2026-10-07,C,1140.0,175,284,0.4101
2026-10-02,2026-10-07,C,1150.0,325,1762,0.4161
2026-10-02,2026-10-07,C,1160.0,116,113,0.4246
2026-10-02,2026-10-07,C,1170.0,172,154,0.4334
2026-10-02,2026-10-07,C,1175.0,43,102,0.4382
2026-10-02,2026-10-07,C,1180.0,128,206,0.4428
2026-10-02,2026-10-07,C,1185.0,50,93,0.4515
2026-10-02,2026-10-07,C,1190.0,83,92,0.4563
2026-10-02,2026-10-07,C,1200.0,392,1117,0.4689
2026-10-02,2026-10-07,C,1210.0,44,49,0.4823
2026-10-02,2026-10-07,C,1215.0,167,68,0.4883
2026-10-02,2026-10-07,C,1220.0,151,97,0.4956
2026-10-02,2026-10-07,C,1225.0,211,102,0.5039
2026-10-02,2026-10-07,C,1230.0,91,13,0.5056
2026-10-02,2026-10-07,C,1235.0,137,6,0.5137
2026-10-02,2026-10-07,P,945.0,45,9,0.4854
2026-10-02,2026-10-07,P,950.0,423,194,0.4744
2026-10-02,2026-10-07,P,955.0,105,61,0.46
2026-10-02,2026-10-07,P,960.0,181,186,0.4558
2026-10-02,2026-10-07,P,965.0,109,40,0.4497
2026-10-02,2026-10-07,P,970.0,138,189,0.4419
2026-10-02,2026-10-07,P,980.0,150,362,0.428
2026-10-02,2026-10-07,P,990.0,143,172,0.4177
2026-10-02,2026-10-07,P,995.0,154,71,0.4139
2026-10-02,2026-10-07,P,1000.0,466,616,0.4088
2026-10-02,2026-10-07,P,1005.0,117,88,0.4061
2026-10-02,2026-10-07,P,1010.0,100,149,0.4015
2026-10-02,2026-10-07,P,1020.0,204,174,0.3972
2026-10-02,2026-10-07,P,1025.0,363,154,0.3915
2026-10-02,2026-10-07,P,1030.0,356,480,0.3926
2026-10-02,2026-10-07,P,1035.0,441,344,0.3914
2026-10-02,2026-10-07,P,1040.0,219,216,0.3905
2026-10-02,2026-10-07,P,1050.0,303,1092,0.3914
2026-10-02,2026-10-07,P,1055.0,63,148,0.3908
2026-10-02,2026-10-07,P,1060.0,56,179,0.3897
2026-10-02,2026-10-07,P,1070.0,101,498,0.3921
2026-10-02,2026-10-07,P,1075.0,100,518,0.3946
2026-10-02,2026-10-07,P,1080.0,97,374,0.3947
2026-10-02,2026-10-07,P,1085.0,63,238,0.4071
2026-10-02,2026-10-07,P,1090.0,32,573,0.4054
2026-10-02,2026-10-07,P,1095.0,112,170,0.408
2026-10-02,2026-10-07,P,1100.0,105,109,0.4106
2026-10-02,2026-10-07,P,1120.0,10,9,0.4157
2026-10-02,2026-10-07,P,1125.0,12,21,0.4209
2026-10-02,2026-10-07,P,1130.0,10,12,0.4804
2026-10-02,2026-10-07,P,1140.0,4,13,0.5038
2026-10-02,2026-10-07,P,1150.0,5,9,0.5322
2026-10-02,2026-10-07,P,1230.0,2,4,0.5066
2026-10-02,2026-10-09,C,915.0,17,6,0.6223
2026-10-02,2026-10-09,C,920.0,489,28,0.6086
2026-10-02,2026-10-09,C,925.0,103,15,0.5947
2026-10-02,2026-10-09,C,930.0,613,12,0.5807
2026-10-02,2026-10-09,C,935.0,34,6,0.5681
2026-10-02,2026-10-09,C,940.0,222,19,0.5521
2026-10-02,2026-10-09,C,945.0,101,5,0.5452
2026-10-02,2026-10-09,C,950.0,612,160,0.6086
2026-10-02,2026-10-09,C,955.0,38,9,0.523
2026-10-02,2026-10-09,C,960.0,389,41,0.5007
2026-10-02,2026-10-09,C,965.0,56,11,0.6487
2026-10-02,2026-10-09,C,970.0,234,16,0.6387
2026-10-02,2026-10-09,C,975.0,195,24,0.6207
2026-10-02,2026-10-09,C,980.0,463,60,0.5909
2026-10-02,2026-10-09,C,985.0,63,5,0.6014
2026-10-02,2026-10-09,C,990.0,344,15,0.5819
2026-10-02,2026-10-09,C,995.0,104,9,0.571
2026-10-02,2026-10-09,C,1000.0,1033,138,0.4564
2026-10-02,2026-10-09,C,1005.0,190,34,0.5452
2026-10-02,2026-10-09,C,1010.0,246,108,0.5316
2026-10-02,2026-10-09,C,1015.0,421,39,0.515
2026-10-02,2026-10-09,C,1020.0,197,48,0.5018
2026-10-02,2026-10-09,C,1025.0,191,70,0.4457
2026-10-02,2026-10-09,C,1030.0,378,186,0.4479
2026-10-02,2026-10-09,C,1035.0,260,75,0.4419
2026-10-02,2026-10-09,C,1040.0,239,106,0.4387
2026-10-02,2026-10-09,C,1045.0,277,197,0.4369
2026-10-02,2026-10-09,C,1050.0,2094,726,0.4312
2026-10-02,2026-10-09,C,1055.0,158,102,0.4384
2026-10-02,2026-10-09,C,1060.0,431,280,0.4316
2026-10-02,2026-10-09,C,1062.5,38,28,0.4359
2026-10-02,2026-10-09,C,1065.0,173,162,0.4228
2026-10-02,2026-10-09,C,1067.5,144,118,0.4347
2026-10-02,2026-10-09,C,1070.0,1042,499,0.4221
2026-10-02,2026-10-09,C,1072.5,128,185,0.424
2026-10-02,2026-10-09,C,1075.0,502,1428,0.423
2026-10-02,2026-10-09,C,1077.5,172,265,0.4222
2026-10-02,2026-10-09,C,1080.0,1318,2023,0.4224
2026-10-02,2026-10-09,C,1082.5,98,388,0.4244
2026-10-02,2026-10-09,C,1085.0,221,1104,0.4266
2026-10-02,2026-10-09,C,1090.0,386,2774,0.4254
2026-10-02,2026-10-09,C,1095.0,266,987,0.425
2026-10-02,2026-10-09,C,1100.0,3419,8930,0.4249
2026-10-02,2026-10-09,C,1105.0,226,552,0.4328
2026-10-02,2026-10-09,C,1110.0,610,1380,0.4274
2026-10-02,2026-10-09,C,1115.0,157,416,0.4304
2026-10-02,2026-10-09,C,1120.0,1305,1466,0.4314
2026-10-02,2026-10-09,C,1125.0,697,512,0.4333
2026-10-02,2026-10-09,C,1130.0,490,1469,0.4352
2026-10-02,2026-10-09,C,1135.0,169,319,0.4374
2026-10-02,2026-10-09,C,1140.0,414,572,0.4399
2026-10-02,2026-10-09,C,1145.0,117,349,0.4407
2026-10-02,2026-10-09,C,1150.0,1158,5099,0.4434
2026-10-02,2026-10-09,C,1160.0,299,583,0.4492
2026-10-02,2026-10-09,C,1170.0,375,645,0.455
2026-10-02,2026-10-09,C,1180.0,319,771,0.4618
2026-10-02,2026-10-09,C,1190.0,235,733,0.469
2026-10-02,2026-10-09,C,1200.0,4538,6962,0.4769
2026-10-02,2026-10-09,C,1210.0,809,528,0.4854
2026-10-02,2026-10-09,C,1220.0,314,664,0.4988
2026-10-02,2026-10-09,C,1230.0,315,565,0.5026
2026-10-02,2026-10-09,P,915.0,200,72,0.5171
2026-10-02,2026-10-09,P,920.0,548,337,0.5149
2026-10-02,2026-10-09,P,925.0,576,366,0.5059
2026-10-02,2026-10-09,P,930.0,1105,178,0.4993
2026-10-02,2026-10-09,P,935.0,222,161,0.4954
2026-10-02,2026-10-09,P,940.0,754,518,0.4862
2026-10-02,2026-10-09,P,945.0,352,195,0.4817
2026-10-02,2026-10-09,P,950.0,1608,1095,0.4685
2026-10-02,2026-10-09,P,955.0,212,144,0.4635
2026-10-02,2026-10-09,P,960.0,501,731,0.4578
2026-10-02,2026-10-09,P,965.0,405,490,0.4568
2026-10-02,2026-10-09,P,970.0,454,1113,0.452
2026-10-02,2026-10-09,P,975.0,485,1441,0.4472
2026-10-02,2026-10-09,P,980.0,1147,1401,0.4413
2026-10-02,2026-10-09,P,985.0,356,336,0.4385
2026-10-02,2026-10-09,P,990.0,372,626,0.4342
2026-10-02,2026-10-09,P,995.0,226,480,0.432
2026-10-02,2026-10-09,P,1000.0,1660,3011,0.4276
2026-10-02,2026-10-09,P,1005.0,184,285,0.4258
2026-10-02,2026-10-09,P,1010.0,487,582,0.4245
2026-10-02,2026-10-09,P,1015.0,484,349,0.4222
2026-10-02,2026-10-09,P,1020.0,872,802,0.4212
2026-10-02,2026-10-09,P,1025.0,550,566,0.42
2026-10-02,2026-10-09,P,1030.0,471,740,0.4186
2026-10-02,2026-10-09,P,1035.0,524,612,0.4178
2026-10-02,2026-10-09,P,1040.0,636,855,0.4175
2026-10-02,2026-10-09,P,1045.0,471,222,0.4209
2026-10-02,2026-10-09,P,1050.0,795,1751,0.4165
2026-10-02,2026-10-09,P,1055.0,147,563,0.4208
2026-10-02,2026-10-09,P,1060.0,389,683,0.4169
2026-10-02,2026-10-09,P,1062.5,34,167,0.4253
2026-10-02,2026-10-09,P,1065.0,86,708,0.4251
2026-10-02,2026-10-09,P,1067.5,80,173,0.4234
2026-10-02,2026-10-09,P,1070.0,1134,596,0.4204
2026-10-02,2026-10-09,P,1072.5,186,263,0.4192
2026-10-02,2026-10-09,P,1075.0,140,1830,0.419
2026-10-02,2026-10-09,P,1077.5,68,325,0.4284
2026-10-02,2026-10-09,P,1080.0,373,2052,0.4207
2026-10-02,2026-10-09,P,1082.5,13,166,0.4211
2026-10-02,2026-10-09,P,1085.0,89,2639,0.4273
2026-10-02,2026-10-09,P,1090.0,419,593,0.4324
2026-10-02,2026-10-09,P,1095.0,115,273,0.4306
2026-10-02,2026-10-09,P,1100.0,323,1038,0.4323
2026-10-02,2026-10-09,P,1105.0,62,43,0.4275
2026-10-02,2026-10-09,P,1110.0,73,96,0.4299
2026-10-02,2026-10-09,P,1115.0,41,37,0.4394
2026-10-02,2026-10-09,P,1120.0,222,71,0.4435
2026-10-02,2026-10-09,P,1125.0,23,23,0.4459
2026-10-02,2026-10-09,P,1130.0,101,22,0.4504
2026-10-02,2026-10-09,P,1135.0,24,31,0.4426
2026-10-02,2026-10-09,P,1140.0,154,123,0.4905
2026-10-02,2026-10-09,P,1145.0,15,16,0.5027
2026-10-02,2026-10-09,P,1150.0,215,213,0.4816
2026-10-02,2026-10-09,P,1160.0,9,26,0.5405
2026-10-02,2026-10-09,P,1170.0,2,1,0.5439
2026-10-02,2026-10-09,P,1190.0,8,6,0.6863
2026-10-02,2026-10-09,P,1200.0,21,31,0.6288
2026-10-02,2026-10-09,P,1210.0,10,10,0.6691
2026-10-02,2026-10-09,P,1220.0,1,13,0.6771
2026-10-02,2026-10-09,P,1230.0,2,8,0.7753
2026-10-02,2026-10-16,C,920.0,806,201,0.5323
2026-10-02,2026-10-16,C,925.0,66,15,0.5488
2026-10-02,2026-10-16,C,930.0,652,2,0.6052
2026-10-02,2026-10-16,C,935.0,21,4,0.6275
2026-10-02,2026-10-16,C,940.0,592,111,0.5464
2026-10-02,2026-10-16,C,945.0,36,2,0.6085
2026-10-02,2026-10-16,C,950.0,3430,130,0.5171
2026-10-02,2026-10-16,C,955.0,20,6,0.5245
2026-10-02,2026-10-16,C,960.0,858,15,0.5308
2026-10-02,2026-10-16,C,965.0,33,13,0.5682
2026-10-02,2026-10-16,C,970.0,916,14,0.5071
2026-10-02,2026-10-16,C,975.0,35,112,0.5669
2026-10-02,2026-10-16,C,980.0,6274,157,0.5354
2026-10-02,2026-10-16,C,985.0,67,2,0.5246
2026-10-02,2026-10-16,C,990.0,994,297,0.5223
2026-10-02,2026-10-16,C,995.0,57,3,0.5368
2026-10-02,2026-10-16,C,1000.0,10266,703,0.4706
2026-10-02,2026-10-16,C,1005.0,97,9,0.4746
2026-10-02,2026-10-16,C,1010.0,832,90,0.4653
2026-10-02,2026-10-16,C,1015.0,99,19,0.4647
2026-10-02,2026-10-16,C,1020.0,1074,130,0.4684
2026-10-02,2026-10-16,C,1025.0,160,74,0.4666
2026-10-02,2026-10-16,C,1030.0,861,124,0.4651
2026-10-02,2026-10-16,C,1035.0,271,48,0.4643
2026-10-02,2026-10-16,C,1040.0,1165,112,0.4599
2026-10-02,2026-10-16,C,1045.0,171,92,0.4606
2026-10-02,2026-10-16,C,1050.0,3768,2010,0.4594
2026-10-02,2026-10-16,C,1055.0,260,112,0.4577
2026-10-02,2026-10-16,C,1060.0,1077,499,0.4584
2026-10-02,2026-10-16,C,1065.0,409,236,0.4573
2026-10-02,2026-10-16,C,1070.0,1189,759,0.4591
2026-10-02,2026-10-16,C,1080.0,2199,1778,0.4575
2026-10-02,2026-10-16,C,1090.0,1301,1184,0.4583
2026-10-02,2026-10-16,C,1100.0,8229,3634,0.4586
2026-10-02,2026-10-16,C,1110.0,1145,555,0.4593
2026-10-02,2026-10-16,C,1120.0,1168,429,0.4605
2026-10-02,2026-10-16,C,1130.0,718,1845,0.4627
2026-10-02,2026-10-16,C,1140.0,750,2410,0.4654
2026-10-02,2026-10-16,C,1150.0,10190,3466,0.4671
2026-10-02,2026-10-16,C,1160.0,674,1438,0.4702
2026-10-02,2026-10-16,C,1170.0,618,232,0.4721
2026-10-02,2026-10-16,C,1180.0,717,301,0.4754
2026-10-02,2026-10-16,C,1190.0,534,341,0.4801
2026-10-02,2026-10-16,C,1200.0,7964,5581,0.4827
2026-10-02,2026-10-16,C,1210.0,1292,280,0.4876
2026-10-02,2026-10-16,C,1220.0,2183,447,0.4934
2026-10-02,2026-10-16,C,1230.0,761,566,0.4968
2026-10-02,2026-10-16,P,920.0,2307,192,0.4887
2026-10-02,2026-10-16,P,925.0,288,122,0.4819
2026-10-02,2026-10-16,P,930.0,1244,138,0.4782
2026-10-02,2026-10-16,P,935.0,188,68,0.4757
2026-10-02,2026-10-16,P,940.0,2068,467,0.4732
2026-10-02,2026-10-16,P,945.0,366,110,0.4681
2026-10-02,2026-10-16,P,950.0,3396,996,0.4653
2026-10-02,2026-10-16,P,955.0,435,161,0.4655
2026-10-02,2026-10-16,P,960.0,3036,464,0.4605
2026-10-02,2026-10-16,P,965.0,409,127,0.4608
2026-10-02,2026-10-16,P,970.0,2243,367,0.4552
2026-10-02,2026-10-16,P,975.0,427,263,0.4542
2026-10-02,2026-10-16,P,980.0,7298,617,0.454
2026-10-02,2026-10-16,P,985.0,272,212,0.4534
2026-10-02,2026-10-16,P,990.0,1429,417,0.4498
2026-10-02,2026-10-16,P,995.0,367,218,0.4486
2026-10-02,2026-10-16,P,1000.0,8195,1468,0.4487
2026-10-02,2026-10-16,P,1005.0,199,147,0.4483
2026-10-02,2026-10-16,P,1010.0,464,398,0.4473
2026-10-02,2026-10-16,P,1015.0,328,113,0.4459
2026-10-02,2026-10-16,P,1020.0,979,318,0.4461
2026-10-02,2026-10-16,P,1025.0,299,149,0.4464
2026-10-02,2026-10-16,P,1030.0,506,201,0.4507
2026-10-02,2026-10-16,P,1035.0,222,138,0.4496
2026-10-02,2026-10-16,P,1040.0,1545,238,0.4461
2026-10-02,2026-10-16,P,1045.0,815,130,0.4464
2026-10-02,2026-10-16,P,1050.0,6585,748,0.4467
2026-10-02,2026-10-16,P,1055.0,197,125,0.4499
2026-10-02,2026-10-16,P,1060.0,591,465,0.4466
2026-10-02,2026-10-16,P,1065.0,407,588,0.4508
2026-10-02,2026-10-16,P,1070.0,1559,509,0.4475
2026-10-02,2026-10-16,P,1080.0,1020,629,0.4453
2026-10-02,2026-10-16,P,1090.0,507,319,0.4565
2026-10-02,2026-10-16,P,1100.0,4138,761,0.455
2026-10-02,2026-10-16,P,1110.0,229,406,0.4568
2026-10-02,2026-10-16,P,1120.0,472,236,0.4592
2026-10-02,2026-10-16,P,1130.0,281,124,0.4619
2026-10-02,2026-10-16,P,1140.0,212,41,0.4681
2026-10-02,2026-10-16,P,1150.0,232,180,0.4678
2026-10-02,2026-10-16,P,1160.0,274,75,0.4754
2026-10-02,2026-10-16,P,1170.0,186,33,0.5154
2026-10-02,2026-10-16,P,1180.0,118,7,0.4943
2026-10-02,2026-10-16,P,1190.0,115,1,0.5302
2026-10-02,2026-10-16,P,1200.0,663,90,0.5429
2026-10-02,2026-10-16,P,1210.0,51,3,0.5529
2026-10-02,2026-10-16,P,1220.0,46,1,0.566
2026-10-02,2026-10-16,P,1230.0,23,8,0.58
2026-10-05,2026-10-07,C,905.0,12,0,1.6235
2026-10-05,2026-10-07,C,910.0,1,0,1.5571
2026-10-05,2026-10-07,C,915.0,1,2,1.4912
2026-10-05,2026-10-07,C,920.0,6,7,1.6011
2026-10-05,2026-10-07,C,930.0,2,1,1.4932
2026-10-05,2026-10-07,C,935.0,1,0,1.3096
2026-10-05,2026-10-07,C,940.0,8,5,1.3098
2026-10-05,2026-10-07,C,950.0,45,21,1.1274
2026-10-05,2026-10-07,C,960.0,12,3,1.0015
2026-10-05,2026-10-07,C,970.0,10,6,0.9612
2026-10-05,2026-10-07,C,975.0,3,3,0.9094
2026-10-05,2026-10-07,C,980.0,23,5,0.8225
2026-10-05,2026-10-07,C,985.0,29,4,0.8052
2026-10-05,2026-10-07,C,990.0,28,15,0.717
2026-10-05,2026-10-07,C,995.0,14,8,0.5659
2026-10-05,2026-10-07,C,1000.0,108,69,0.5674
2026-10-05,2026-10-07,C,1005.0,39,10,0.5889
2026-10-05,2026-10-07,C,1010.0,23,32,0.5415
2026-10-05,2026-10-07,C,1015.0,33,76,0.5507
2026-10-05,2026-10-07,C,1020.0,88,1945,0.5158
2026-10-05,2026-10-07,C,1025.0,56,95,0.5416
2026-10-05,2026-10-07,C,1030.0,82,295,0.5272
2026-10-05,2026-10-07,C,1035.0,129,150,0.4976
2026-10-05,2026-10-07,C,1040.0,190,1529,0.4887
2026-10-05,2026-10-07,C,1045.0,274,1342,0.4841
2026-10-05,2026-10-07,C,1050.0,628,7299,0.4692
2026-10-05,2026-10-07,C,1055.0,321,6701,0.4789
2026-10-05,2026-10-07,C,1060.0,1268,17387,0.4791
2026-10-05,2026-10-07,C,1065.0,1100,20756,0.4812
2026-10-05,2026-10-07,C,1070.0,1326,28799,0.4845
2026-10-05,2026-10-07,C,1075.0,807,12040,0.4988
2026-10-05,2026-10-07,C,1080.0,981,10783,0.5066
2026-10-05,2026-10-07,C,1085.0,1246,6843,0.5166
2026-10-05,2026-10-07,C,1090.0,919,8833,0.5317
2026-10-05,2026-10-07,C,1095.0,712,3622,0.5479
2026-10-05,2026-10-07,C,1100.0,3708,36949,0.5645
2026-10-05,2026-10-07,C,1105.0,396,3902,0.5811
2026-10-05,2026-10-07,C,1110.0,742,6629,0.5933
2026-10-05,2026-10-07,C,1115.0,377,7606,0.6128
2026-10-05,2026-10-07,C,1120.0,891,6156,0.6397
2026-10-05,2026-10-07,C,1125.0,449,3119,0.6538
2026-10-05,2026-10-07,C,1130.0,647,1612,0.6758
2026-10-05,2026-10-07,C,1135.0,202,930,0.6924
2026-10-05,2026-10-07,C,1140.0,500,1749,0.7051
2026-10-05,2026-10-07,C,1145.0,270,501,0.7207
2026-10-05,2026-10-07,C,1150.0,2185,13712,0.752
2026-10-05,2026-10-07,C,1155.0,220,235,0.7578
2026-10-05,2026-10-07,C,1160.0,189,189,0.7754
2026-10-05,2026-10-07,C,1165.0,114,296,0.793
2026-10-05,2026-10-07,C,1170.0,202,457,0.8203
2026-10-05,2026-10-07,C,1175.0,291,1627,0.832
2026-10-05,2026-10-07,C,1180.0,186,71,0.9004
2026-10-05,2026-10-07,C,1185.0,134,51,0.8672
2026-10-05,2026-10-07,C,1190.0,107,119,0.9297
2026-10-05,2026-10-07,C,1195.0,120,49,0.9688
2026-10-05,2026-10-07,C,1200.0,858,3290,0.9219
2026-10-05,2026-10-07,C,1205.0,151,1255,1.0
2026-10-05,2026-10-07,C,1210.0,57,1382,1.1055
2026-10-05,2026-10-07,C,1215.0,198,117,1.0313
2026-10-05,2026-10-07,C,1220.0,210,20,0.9531
2026-10-05,2026-10-07,P,905.0,43,21,0.9609
2026-10-05,2026-10-07,P,910.0,408,47,0.9297
2026-10-05,2026-10-07,P,915.0,116,44,0.9102
2026-10-05,2026-10-07,P,920.0,121,20,0.8633
2026-10-05,2026-10-07,P,925.0,127,37,0.8398
2026-10-05,2026-10-07,P,930.0,104,11,0.7969
2026-10-05,2026-10-07,P,935.0,85,75,0.7734
2026-10-05,2026-10-07,P,940.0,177,91,0.7578
2026-10-05,2026-10-07,P,945.0,66,72,0.7871
2026-10-05,2026-10-07,P,950.0,732,222,0.7129
2026-10-05,2026-10-07,P,955.0,240,125,0.6953
2026-10-05,2026-10-07,P,960.0,426,196,0.6689
2026-10-05,2026-10-07,P,965.0,205,210,0.6494
2026-10-05,2026-10-07,P,970.0,330,253,0.6191
2026-10-05,2026-10-07,P,975.0,265,223,0.6006
2026-10-05,2026-10-07,P,980.0,598,285,0.5772
2026-10-05,2026-10-07,P,985.0,482,290,0.5606
2026-10-05,2026-10-07,P,990.0,427,1098,0.5439
2026-10-05,2026-10-07,P,995.0,432,1618,0.5327
2026-10-05,2026-10-07,P,1000.0,1883,9858,0.5159
2026-10-05,2026-10-07,P,1005.0,861,1842,0.5022
2026-10-05,2026-10-07,P,1010.0,798,1888,0.4912
2026-10-05,2026-10-07,P,1015.0,488,2236,0.481
2026-10-05,2026-10-07,P,1020.0,824,4489,0.4736
2026-10-05,2026-10-07,P,1025.0,878,3958,0.4686
2026-10-05,2026-10-07,P,1030.0,1083,5352,0.4622
2026-10-05,2026-10-07,P,1035.0,938,4100,0.4606
2026-10-05,2026-10-07,P,1040.0,686,10005,0.4609
2026-10-05,2026-10-07,P,1045.0,264,6454,0.4617
2026-10-05,2026-10-07,P,1050.0,1276,11718,0.4651
2026-10-05,2026-10-07,P,1055.0,294,7010,0.4696
2026-10-05,2026-10-07,P,1060.0,523,12040,0.4744
2026-10-05,2026-10-07,P,1065.0,771,11030,0.4818
2026-10-05,2026-10-07,P,1070.0,499,5934,0.4894
2026-10-05,2026-10-07,P,1075.0,256,1548,0.5122
2026-10-05,2026-10-07,P,1080.0,294,681,0.5114
2026-10-05,2026-10-07,P,1085.0,132,237,0.5523
2026-10-05,2026-10-07,P,1090.0,209,118,0.522
2026-10-05,2026-10-07,P,1095.0,217,38,0.5806
2026-10-05,2026-10-07,P,1100.0,125,45,0.5654
2026-10-05,2026-10-07,P,1105.0,14,22,0.9012
2026-10-05,2026-10-07,P,1110.0,29,21,0.979
2026-10-05,2026-10-07,P,1115.0,18,7,0.9683
2026-10-05,2026-10-07,P,1120.0,17,66,1.0654
2026-10-05,2026-10-07,P,1125.0,22,9,1.1792
2026-10-05,2026-10-07,P,1130.0,15,2,1.1211
2026-10-05,2026-10-07,P,1135.0,7,8,1.2585
2026-10-05,2026-10-07,P,1140.0,6,2,1.2129
2026-10-05,2026-10-07,P,1145.0,2,4,1.3383
2026-10-05,2026-10-07,P,1150.0,17,3,1.2417
2026-10-05,2026-10-07,P,1155.0,1,0,1.6113
2026-10-05,2026-10-07,P,1160.0,2,2,1.6685
2026-10-05,2026-10-07,P,1165.0,5,1,1.7026
2026-10-05,2026-10-07,P,1170.0,16,1,1.8512
2026-10-05,2026-10-07,P,1175.0,16,10,1.7866
2026-10-05,2026-10-07,P,1180.0,17,1,1.9464
2026-10-05,2026-10-07,P,1185.0,5,1,1.897
2026-10-05,2026-10-07,P,1195.0,13,12,1.9866
2026-10-05,2026-10-07,P,1200.0,4,6,1.8359
2026-10-05,2026-10-09,C,905.0,41,3,1.0225
2026-10-05,2026-10-09,C,910.0,64,6,0.9795
2026-10-05,2026-10-09,C,915.0,22,1,0.9668
2026-10-05,2026-10-09,C,920.0,472,1,0.9893
2026-10-05,2026-10-09,C,925.0,134,2,0.7942
2026-10-05,2026-10-09,C,930.0,614,3,0.9108
2026-10-05,2026-10-09,C,935.0,36,7,0.8689
2026-10-05,2026-10-09,C,940.0,224,117,0.6912
2026-10-05,2026-10-09,C,945.0,101,20,0.7564
2026-10-05,2026-10-09,C,950.0,578,17,0.6509
2026-10-05,2026-10-09,C,955.0,40,2,0.655
2026-10-05,2026-10-09,C,960.0,393,3,0.7175
2026-10-05,2026-10-09,C,965.0,59,1,0.6228
2026-10-05,2026-10-09,C,970.0,229,6,0.6281
2026-10-05,2026-10-09,C,975.0,218,23,0.6274
2026-10-05,2026-10-09,C,980.0,451,12,0.5007
2026-10-05,2026-10-09,C,985.0,69,12,0.6149
2026-10-05,2026-10-09,C,990.0,342,23,0.6172
2026-10-05,2026-10-09,C,995.0,108,26,0.5145
2026-10-05,2026-10-09,C,1000.0,1077,169,0.513
2026-10-05,2026-10-09,C,1005.0,190,58,0.517
2026-10-05,2026-10-09,C,1010.0,207,298,0.5096
2026-10-05,2026-10-09,C,1015.0,461,133,0.5054
2026-10-05,2026-10-09,C,1020.0,228,195,0.4993
2026-10-05,2026-10-09,C,1025.0,224,154,0.5126
2026-10-05,2026-10-09,C,1030.0,458,395,0.4982
2026-10-05,2026-10-09,C,1035.0,264,108,0.4902
2026-10-05,2026-10-09,C,1040.0,299,1481,0.4876
2026-10-05,2026-10-09,C,1045.0,570,515,0.4846
2026-10-05,2026-10-09,C,1050.0,1718,4858,0.4878
2026-10-05,2026-10-09,C,1055.0,205,1320,0.4894
2026-10-05,2026-10-09,C,1057.5,79,621,0.4854
2026-10-05,2026-10-09,C,1060.0,877,3324,0.4812
2026-10-05,2026-10-09,C,1062.5,224,1183,0.4867
2026-10-05,2026-10-09,C,1065.0,2336,3689,0.4867
2026-10-05,2026-10-09,C,1067.5,337,1084,0.4853
2026-10-05,2026-10-09,C,1070.0,2054,3809,0.4869
2026-10-05,2026-10-09,C,1072.5,216,682,0.4887
2026-10-05,2026-10-09,C,1075.0,1209,4076,0.4893
2026-10-05,2026-10-09,C,1077.5,237,463,0.4917
2026-10-05,2026-10-09,C,1080.0,2751,4161,0.4913
2026-10-05,2026-10-09,C,1082.5,252,554,0.4929
2026-10-05,2026-10-09,C,1085.0,609,1101,0.4952
2026-10-05,2026-10-09,C,1090.0,1690,1922,0.4981
2026-10-05,2026-10-09,C,1095.0,1403,728,0.5024
2026-10-05,2026-10-09,C,1100.0,6720,15758,0.5033
2026-10-05,2026-10-09,C,1105.0,1158,836,0.5081
2026-10-05,2026-10-09,C,1110.0,1376,1703,0.5139
2026-10-05,2026-10-09,C,1115.0,402,869,0.5204
2026-10-05,2026-10-09,C,1120.0,2310,2066,0.5276
2026-10-05,2026-10-09,C,1125.0,1098,1262,0.5337
2026-10-05,2026-10-09,C,1130.0,1313,1490,0.5413
2026-10-05,2026-10-09,C,1135.0,463,623,0.5483
2026-10-05,2026-10-09,C,1140.0,2908,1618,0.5549
2026-10-05,2026-10-09,C,1145.0,339,446,0.5637
2026-10-05,2026-10-09,C,1150.0,3025,4950,0.5779
2026-10-05,2026-10-09,C,1155.0,2582,288,0.5837
2026-10-05,2026-10-09,C,1160.0,734,474,0.5935
2026-10-05,2026-10-09,C,1165.0,227,630,0.5999
2026-10-05,2026-10-09,C,1170.0,671,990,0.606
2026-10-05,2026-10-09,C,1175.0,656,610,0.6177
2026-10-05,2026-10-09,C,1180.0,2700,469,0.625
2026-10-05,2026-10-09,C,1185.0,422,107,0.6333
2026-10-05,2026-10-09,C,1190.0,701,160,0.6416
2026-10-05,2026-10-09,C,1195.0,160,41,0.6533
2026-10-05,2026-10-09,C,1200.0,7430,9246,0.6621
2026-10-05,2026-10-09,C,1205.0,1567,285,0.6704
2026-10-05,2026-10-09,C,1210.0,1042,197,0.6816
2026-10-05,2026-10-09,C,1215.0,379,16,0.6875
2026-10-05,2026-10-09,C,1220.0,905,505,0.6963
2026-10-05,2026-10-09,P,905.0,208,9,0.6689
2026-10-05,2026-10-09,P,910.0,355,7,0.6509
2026-10-05,2026-10-09,P,915.0,201,53,0.6367
2026-10-05,2026-10-09,P,920.0,690,149,0.6211
2026-10-05,2026-10-09,P,925.0,833,43,0.6055
2026-10-05,2026-10-09,P,930.0,1138,68,0.5913
2026-10-05,2026-10-09,P,935.0,226,80,0.5806
2026-10-05,2026-10-09,P,940.0,612,136,0.5747
2026-10-05,2026-10-09,P,945.0,345,266,0.5562
2026-10-05,2026-10-09,P,950.0,2057,405,0.5449
2026-10-05,2026-10-09,P,955.0,512,94,0.5347
2026-10-05,2026-10-09,P,960.0,956,430,0.5254
2026-10-05,2026-10-09,P,965.0,701,116,0.5178
2026-10-05,2026-10-09,P,970.0,1300,517,0.5099
2026-10-05,2026-10-09,P,975.0,1475,510,0.5
2026-10-05,2026-10-09,P,980.0,2263,805,0.4962
2026-10-05,2026-10-09,P,985.0,583,384,0.49
2026-10-05,2026-10-09,P,990.0,1044,1176,0.4844
2026-10-05,2026-10-09,P,995.0,667,1206,0.4791
2026-10-05,2026-10-09,P,1000.0,3810,3853,0.4758
2026-10-05,2026-10-09,P,1005.0,471,836,0.4716
2026-10-05,2026-10-09,P,1010.0,839,1823,0.47
2026-10-05,2026-10-09,P,1015.0,954,1611,0.4662
2026-10-05,2026-10-09,P,1020.0,1928,1477,0.4635
2026-10-05,2026-10-09,P,1025.0,1162,1774,0.4627
2026-10-05,2026-10-09,P,1030.0,940,1178,0.4603
2026-10-05,2026-10-09,P,1035.0,905,768,0.4604
2026-10-05,2026-10-09,P,1040.0,1284,1276,0.4598
2026-10-05,2026-10-09,P,1045.0,654,1132,0.4597
2026-10-05,2026-10-09,P,1050.0,2505,2752,0.4603
2026-10-05,2026-10-09,P,1055.0,565,1003,0.4614
2026-10-05,2026-10-09,P,1057.5,141,783,0.468
2026-10-05,2026-10-09,P,1060.0,1146,2125,0.4636
2026-10-05,2026-10-09,P,1062.5,142,608,0.4659
2026-10-05,2026-10-09,P,1065.0,518,1765,0.4655
2026-10-05,2026-10-09,P,1067.5,146,545,0.4665
2026-10-05,2026-10-09,P,1070.0,1421,1629,0.4706
2026-10-05,2026-10-09,P,1072.5,290,328,0.4797
2026-10-05,2026-10-09,P,1075.0,1532,656,0.472
2026-10-05,2026-10-09,P,1077.5,284,230,0.4772
2026-10-05,2026-10-09,P,1080.0,845,798,0.4763
2026-10-05,2026-10-09,P,1082.5,66,256,0.4827
2026-10-05,2026-10-09,P,1085.0,2135,135,0.4789
2026-10-05,2026-10-09,P,1090.0,476,320,0.5044
2026-10-05,2026-10-09,P,1095.0,277,35,0.4898
2026-10-05,2026-10-09,P,1100.0,712,173,0.5026
2026-10-05,2026-10-09,P,1105.0,76,14,0.5953
2026-10-05,2026-10-09,P,1110.0,151,37,0.5444
2026-10-05,2026-10-09,P,1115.0,68,25,0.6174
2026-10-05,2026-10-09,P,1120.0,278,16,0.6442
2026-10-05,2026-10-09,P,1125.0,28,4,0.6679
2026-10-05,2026-10-09,P,1130.0,93,1,0.6681
2026-10-05,2026-10-09,P,1135.0,34,10,0.7184
2026-10-05,2026-10-09,P,1140.0,140,6,0.734
2026-10-05,2026-10-09,P,1145.0,25,16,0.8066
2026-10-05,2026-10-09,P,1150.0,431,111,0.7384
2026-10-05,2026-10-09,P,1155.0,18,10,0.9202
2026-10-05,2026-10-09,P,1160.0,34,2,0.8788
2026-10-05,2026-10-09,P,1165.0,2,2,0.9698
2026-10-05,2026-10-09,P,1170.0,2,2,1.0048
2026-10-05,2026-10-09,P,1175.0,5,5,1.0066
2026-10-05,2026-10-09,P,1180.0,26,1,1.0635
2026-10-05,2026-10-09,P,1185.0,1,1,1.0255
2026-10-05,2026-10-09,P,1190.0,8,6,1.084
2026-10-05,2026-10-09,P,1200.0,57,30,1.1372
2026-10-05,2026-10-09,P,1205.0,9,9,1.1742
2026-10-05,2026-10-09,P,1210.0,18,12,1.1866
2026-10-05,2026-10-09,P,1220.0,12,13,1.2477
2026-10-05,2026-10-12,C,910.0,23,0,0.7201
2026-10-05,2026-10-12,C,920.0,44,1,0.6781
2026-10-05,2026-10-12,C,925.0,6,0,0.6482
2026-10-05,2026-10-12,C,930.0,8,6,0.6453
2026-10-05,2026-10-12,C,935.0,2,0,0.6238
2026-10-05,2026-10-12,C,945.0,1,0,0.5259
2026-10-05,2026-10-12,C,950.0,5,3,0.5042
2026-10-05,2026-10-12,C,955.0,15,12,0.5031
2026-10-05,2026-10-12,C,960.0,7,0,0.5039
2026-10-05,2026-10-12,C,965.0,33,12,0.5079
2026-10-05,2026-10-12,C,970.0,29,7,0.5006
2026-10-05,2026-10-12,C,975.0,29,0,0.609
2026-10-05,2026-10-12,C,980.0,74,3,0.5931
2026-10-05,2026-10-12,C,985.0,50,1,0.5776
2026-10-05,2026-10-12,C,990.0,47,4,0.5634
2026-10-05,2026-10-12,C,995.0,5,4,0.4395
2026-10-05,2026-10-12,C,1000.0,210,42,0.4537
2026-10-05,2026-10-12,C,1005.0,24,4,0.446
2026-10-05,2026-10-12,C,1010.0,126,22,0.4428
2026-10-05,2026-10-12,C,1015.0,33,8,0.4346
2026-10-05,2026-10-12,C,1020.0,44,11,0.4312
2026-10-05,2026-10-12,C,1025.0,15,46,0.4146
2026-10-05,2026-10-12,C,1030.0,44,20,0.4243
2026-10-05,2026-10-12,C,1035.0,27,13,0.4215
2026-10-05,2026-10-12,C,1040.0,28,83,0.4193
2026-10-05,2026-10-12,C,1045.0,34,52,0.41
2026-10-05,2026-10-12,C,1050.0,114,705,0.4096
2026-10-05,2026-10-12,C,1055.0,33,296,0.4095
2026-10-05,2026-10-12,C,1060.0,128,872,0.4099
2026-10-05,2026-10-12,C,1065.0,228,782,0.4099
2026-10-05,2026-10-12,C,1070.0,316,970,0.4116
2026-10-05,2026-10-12,C,1075.0,211,473,0.4122
2026-10-05,2026-10-12,C,1080.0,1828,1145,0.414
2026-10-05,2026-10-12,C,1085.0,107,375,0.4161
2026-10-05,2026-10-12,C,1090.0,218,797,0.4177
2026-10-05,2026-10-12,C,1095.0,108,154,0.4201
2026-10-05,2026-10-12,C,1100.0,727,2947,0.4226
2026-10-05,2026-10-12,C,1105.0,861,149,0.4237
2026-10-05,2026-10-12,C,1110.0,517,121,0.4268
2026-10-05,2026-10-12,C,1115.0,82,123,0.4309
2026-10-05,2026-10-12,C,1120.0,55,205,0.4326
2026-10-05,2026-10-12,C,1125.0,138,312,0.4364
2026-10-05,2026-10-12,C,1130.0,56,210,0.4407
2026-10-05,2026-10-12,C,1135.0,105,81,0.4464
2026-10-05,2026-10-12,C,1140.0,84,69,0.4495
2026-10-05,2026-10-12,C,1145.0,39,54,0.4551
2026-10-05,2026-10-12,C,1150.0,733,1025,0.4598
2026-10-05,2026-10-12,C,1155.0,71,64,0.4941
2026-10-05,2026-10-12,C,1160.0,57,155,0.512
2026-10-05,2026-10-12,C,1165.0,60,60,0.4906
2026-10-05,2026-10-12,C,1170.0,69,57,0.5053
2026-10-05,2026-10-12,C,1175.0,59,32,0.5096
2026-10-05,2026-10-12,C,1180.0,34,13,0.5298
2026-10-05,2026-10-12,C,1185.0,15,73,0.5061
2026-10-05,2026-10-12,C,1190.0,20,11,0.5112
2026-10-05,2026-10-12,C,1195.0,22,4,0.5286
2026-10-05,2026-10-12,C,1200.0,930,670,0.5178
2026-10-05,2026-10-12,C,1205.0,48,204,0.554
2026-10-05,2026-10-12,C,1210.0,130,22,0.5359
2026-10-05,2026-10-12,C,1215.0,37,4,0.5415
2026-10-05,2026-10-12,C,1220.0,18,6,0.5552
2026-10-05,2026-10-12,P,905.0,47,10,0.5273
2026-10-05,2026-10-12,P,910.0,17,41,0.53
2026-10-05,2026-10-12,P,915.0,20,4,0.5195
2026-10-05,2026-10-12,P,920.0,57,10,0.5007
2026-10-05,2026-10-12,P,925.0,64,11,0.52
2026-10-05,2026-10-12,P,930.0,64,23,0.4944
2026-10-05,2026-10-12,P,935.0,74,15,0.5034
2026-10-05,2026-10-12,P,940.0,52,26,0.4819
2026-10-05,2026-10-12,P,945.0,34,5,0.4587
2026-10-05,2026-10-12,P,950.0,195,75,0.4473
2026-10-05,2026-10-12,P,955.0,114,13,0.4509
2026-10-05,2026-10-12,P,960.0,74,37,0.4302
2026-10-05,2026-10-12,P,965.0,76,60,0.4243
2026-10-05,2026-10-12,P,970.0,59,402,0.42
2026-10-05,2026-10-12,P,975.0,710,193,0.4151
2026-10-05,2026-10-12,P,980.0,455,200,0.4123
2026-10-05,2026-10-12,P,985.0,91,58,0.4077
2026-10-05,2026-10-12,P,990.0,126,154,0.4055
2026-10-05,2026-10-12,P,995.0,105,272,0.4017
2026-10-05,2026-10-12,P,1000.0,406,673,0.3994
2026-10-05,2026-10-12,P,1005.0,53,146,0.3977
2026-10-05,2026-10-12,P,1010.0,117,124,0.3975
2026-10-05,2026-10-12,P,1015.0,122,131,0.3938
2026-10-05,2026-10-12,P,1020.0,637,228,0.3923
2026-10-05,2026-10-12,P,1025.0,124,93,0.3925
2026-10-05,2026-10-12,P,1030.0,113,226,0.3911
2026-10-05,2026-10-12,P,1035.0,74,132,0.3958
2026-10-05,2026-10-12,P,1040.0,76,115,0.394
2026-10-05,2026-10-12,P,1045.0,60,103,0.3943
2026-10-05,2026-10-12,P,1050.0,383,247,0.3911
2026-10-05,2026-10-12,P,1055.0,64,144,0.3927
2026-10-05,2026-10-12,P,1060.0,103,487,0.3928
2026-10-05,2026-10-12,P,1065.0,317,290,0.3973
2026-10-05,2026-10-12,P,1070.0,110,126,0.3966
2026-10-05,2026-10-12,P,1075.0,456,372,0.3955
2026-10-05,2026-10-12,P,1080.0,95,72,0.3975
2026-10-05,2026-10-12,P,1085.0,77,42,0.4046
2026-10-05,2026-10-12,P,1090.0,35,31,0.4004
2026-10-05,2026-10-12,P,1095.0,19,62,0.4138
2026-10-05,2026-10-12,P,1100.0,34,10,0.4504
2026-10-05,2026-10-12,P,1105.0,7,92,0.4464
2026-10-05,2026-10-12,P,1110.0,35,7,0.4782
2026-10-05,2026-10-12,P,1115.0,96,36,0.4826
2026-10-05,2026-10-12,P,1120.0,3,101,0.4916
2026-10-05,2026-10-12,P,1125.0,15,6,0.5095
2026-10-05,2026-10-12,P,1130.0,225,3,0.5234
2026-10-05,2026-10-12,P,1135.0,19,2,0.5474
2026-10-05,2026-10-12,P,1140.0,5,0,0.5675
2026-10-05,2026-10-12,P,1145.0,1,1,0.5837
2026-10-05,2026-10-12,P,1150.0,12,11,0.6033
2026-10-05,2026-10-12,P,1155.0,1,0,0.647
2026-10-05,2026-10-12,P,1170.0,1,0,0.7678
2026-10-05,2026-10-12,P,1180.0,1,0,0.7616
2026-10-05,2026-10-12,P,1195.0,1,0,0.8679
2026-10-05,2026-10-12,P,1200.0,3,0,0.823
2026-10-05,2026-10-12,P,1210.0,2,0,0.9045
2026-10-05,2026-10-12,P,1220.0,2,2,0.891
2026-10-05,2026-10-14,C,905.0,16,0,0.6592
2026-10-05,2026-10-14,C,910.0,3,0,0.6432
2026-10-05,2026-10-14,C,915.0,15,1,0.6281
2026-10-05,2026-10-14,C,920.0,20,1,0.614
2026-10-05,2026-10-14,C,925.0,13,0,0.6006
2026-10-05,2026-10-14,C,930.0,9,2,0.5857
2026-10-05,2026-10-14,C,935.0,32,3,0.5903
2026-10-05,2026-10-14,C,940.0,3,0,0.5597
2026-10-05,2026-10-14,C,945.0,44,0,0.5282
2026-10-05,2026-10-14,C,950.0,26,0,0.5198
2026-10-05,2026-10-14,C,955.0,21,0,0.5103
2026-10-05,2026-10-14,C,960.0,41,1,0.6228
2026-10-05,2026-10-14,C,965.0,5,0,0.6095
2026-10-05,2026-10-14,C,970.0,35,2,0.5978
2026-10-05,2026-10-14,C,975.0,65,4,0.5863
2026-10-05,2026-10-14,C,980.0,27,0,0.5761
2026-10-05,2026-10-14,C,985.0,15,1,0.5658
2026-10-05,2026-10-14,C,990.0,8,2,0.5574
2026-10-05,2026-10-14,C,995.0,1,1,0.5497
2026-10-05,2026-10-14,C,1000.0,63,8,0.5424
2026-10-05,2026-10-14,C,1005.0,21,1,0.5364
2026-10-05,2026-10-14,C,1010.0,2,4,0.5314
2026-10-05,2026-10-14,C,1020.0,6,9,0.5232
2026-10-05,2026-10-14,C,1025.0,6,3,0.5137
2026-10-05,2026-10-14,C,1030.0,5,20,0.5134
2026-10-05,2026-10-14,C,1035.0,11,62,0.4929
2026-10-05,2026-10-14,C,1040.0,25,15,0.5057
2026-10-05,2026-10-14,C,1045.0,8,11,0.4896
2026-10-05,2026-10-14,C,1050.0,76,17,0.4706
2026-10-05,2026-10-14,C,1055.0,27,82,0.4753
2026-10-05,2026-10-14,C,1060.0,40,87,0.4673
2026-10-05,2026-10-14,C,1065.0,59,107,0.476
2026-10-05,2026-10-14,C,1070.0,153,90,0.4997
2026-10-05,2026-10-14,C,1075.0,86,82,0.4826
2026-10-05,2026-10-14,C,1080.0,130,25,0.5049
2026-10-05,2026-10-14,C,1085.0,21,12,0.4822
2026-10-05,2026-10-14,C,1090.0,39,66,0.4717
2026-10-05,2026-10-14,C,1095.0,24,21,0.4838
2026-10-05,2026-10-14,C,1100.0,259,138,0.4733
2026-10-05,2026-10-14,C,1105.0,29,10,0.4845
2026-10-05,2026-10-14,C,1110.0,86,151,0.4935
2026-10-05,2026-10-14,C,1115.0,3,43,0.4839
2026-10-05,2026-10-14,C,1120.0,59,36,0.4898
2026-10-05,2026-10-14,C,1125.0,16,23,0.4838
2026-10-05,2026-10-14,C,1130.0,18,22,0.4891
2026-10-05,2026-10-14,C,1135.0,24,11,0.499
2026-10-05,2026-10-14,C,1140.0,31,15,0.4958
2026-10-05,2026-10-14,C,1145.0,16,6,0.5018
2026-10-05,2026-10-14,C,1150.0,65,55,0.5051
2026-10-05,2026-10-14,C,1155.0,22,4,0.4995
2026-10-05,2026-10-14,C,1160.0,82,23,0.4963
2026-10-05,2026-10-14,C,1165.0,7,28,0.5229
2026-10-05,2026-10-14,C,1170.0,7,5,0.5026
2026-10-05,2026-10-14,C,1175.0,7,2,0.5076
2026-10-05,2026-10-14,C,1180.0,41,4,0.5031
2026-10-05,2026-10-14,C,1185.0,8,16,0.5123
2026-10-05,2026-10-14,C,1190.0,66,14,0.5153
2026-10-05,2026-10-14,C,1195.0,3,2,0.5188
2026-10-05,2026-10-14,C,1200.0,208,54,0.5227
2026-10-05,2026-10-14,C,1205.0,55,4,0.5305
2026-10-05,2026-10-14,C,1210.0,74,100,0.532
2026-10-05,2026-10-14,C,1215.0,78,3,0.5366
2026-10-05,2026-10-14,C,1220.0,166,2,0.5464
2026-10-05,2026-10-14,P,905.0,10,1,0.5188
2026-10-05,2026-10-14,P,910.0,28,5,0.5217
2026-10-05,2026-10-14,P,915.0,5,14,0.5342
2026-10-05,2026-10-14,P,920.0,93,5,0.5106
2026-10-05,2026-10-14,P,925.0,34,3,0.5005
2026-10-05,2026-10-14,P,930.0,63,15,0.4959
2026-10-05,2026-10-14,P,935.0,32,2,0.4876
2026-10-05,2026-10-14,P,940.0,19,5,0.4782
2026-10-05,2026-10-14,P,945.0,11,1,0.4757
2026-10-05,2026-10-14,P,950.0,155,26,0.4778
2026-10-05,2026-10-14,P,955.0,61,45,0.4583
2026-10-05,2026-10-14,P,960.0,78,7,0.4683
2026-10-05,2026-10-14,P,965.0,116,10,0.4628
2026-10-05,2026-10-14,P,970.0,107,9,0.4649
2026-10-05,2026-10-14,P,975.0,41,9,0.4544
2026-10-05,2026-10-14,P,980.0,132,20,0.4547
2026-10-05,2026-10-14,P,985.0,105,6,0.4388
2026-10-05,2026-10-14,P,990.0,107,34,0.4531
2026-10-05,2026-10-14,P,995.0,53,47,0.4456
2026-10-05,2026-10-14,P,1000.0,105,143,0.4704
2026-10-05,2026-10-14,P,1005.0,25,24,0.4355
2026-10-05,2026-10-14,P,1010.0,47,24,0.4285
2026-10-05,2026-10-14,P,1015.0,45,21,0.4624
2026-10-05,2026-10-14,P,1020.0,27,15,0.4397
2026-10-05,2026-10-14,P,1025.0,13,27,0.4399
2026-10-05,2026-10-14,P,1030.0,106,11,0.4418
2026-10-05,2026-10-14,P,1035.0,54,31,0.4412
2026-10-05,2026-10-14,P,1040.0,147,29,0.4464
2026-10-05,2026-10-14,P,1045.0,125,43,0.4387
2026-10-05,2026-10-14,P,1050.0,62,37,0.4513
2026-10-05,2026-10-14,P,1055.0,6,13,0.4446
2026-10-05,2026-10-14,P,1060.0,89,40,0.4552
2026-10-05,2026-10-14,P,1065.0,49,51,0.4571
2026-10-05,2026-10-14,P,1070.0,23,17,0.4585
2026-10-05,2026-10-14,P,1075.0,26,13,0.4604
2026-10-05,2026-10-14,P,1080.0,72,2,0.4565
2026-10-05,2026-10-14,P,1085.0,88,5,0.4567
2026-10-05,2026-10-14,P,1090.0,44,1,0.4766
2026-10-05,2026-10-14,P,1095.0,5,5,0.4782
2026-10-05,2026-10-14,P,1100.0,12,2,0.4879
2026-10-05,2026-10-14,P,1105.0,6,1,0.4837
2026-10-05,2026-10-14,P,1110.0,4,1,0.4882
2026-10-05,2026-10-14,P,1115.0,1,1,0.4935
2026-10-05,2026-10-14,P,1120.0,6,0,0.5223
2026-10-05,2026-10-14,P,1130.0,4,1,0.5267
2026-10-05,2026-10-14,P,1140.0,24,2,0.5217
2026-10-05,2026-10-14,P,1150.0,15,0,0.551
2026-10-05,2026-10-14,P,1160.0,3,0,0.6635
2026-10-05,2026-10-14,P,1165.0,1,0,0.669
2026-10-05,2026-10-14,P,1175.0,1,0,0.679
2026-10-05,2026-10-14,P,1180.0,2,0,0.6709
2026-10-05,2026-10-14,P,1185.0,3,0,0.7017
2026-10-05,2026-10-14,P,1190.0,2,0,0.7051
2026-10-05,2026-10-14,P,1195.0,13,0,0.7244
2026-10-05,2026-10-14,P,1200.0,30,0,0.7369
2026-10-05,2026-10-14,P,1205.0,43,0,0.7526
2026-10-05,2026-10-14,P,1220.0,3,0,0.7863
2026-10-05,2026-10-16,C,910.0,1870,96,0.5927
2026-10-05,2026-10-16,C,920.0,839,33,0.5613
2026-10-05,2026-10-16,C,925.0,66,11,0.5077
2026-10-05,2026-10-16,C,930.0,651,4,0.546
2026-10-05,2026-10-16,C,935.0,20,1,0.5523
2026-10-05,2026-10-16,C,940.0,690,12,0.5117
2026-10-05,2026-10-16,C,945.0,31,2,0.567
2026-10-05,2026-10-16,C,950.0,3456,88,0.5182
2026-10-05,2026-10-16,C,955.0,22,11,0.5347
2026-10-05,2026-10-16,C,960.0,841,7,0.5137
2026-10-05,2026-10-16,C,965.0,31,13,0.5118
2026-10-05,2026-10-16,C,970.0,914,17,0.5411
2026-10-05,2026-10-16,C,975.0,128,6,0.5171
2026-10-05,2026-10-16,C,980.0,6383,21,0.5032
2026-10-05,2026-10-16,C,985.0,90,1,0.5065
2026-10-05,2026-10-16,C,990.0,1085,31,0.4874
2026-10-05,2026-10-16,C,995.0,62,44,0.48
2026-10-05,2026-10-16,C,1000.0,10215,253,0.4764
2026-10-05,2026-10-16,C,1005.0,101,130,0.468
2026-10-05,2026-10-16,C,1010.0,813,202,0.4737
2026-10-05,2026-10-16,C,1015.0,137,94,0.4685
2026-10-05,2026-10-16,C,1020.0,1044,158,0.4602
2026-10-05,2026-10-16,C,1025.0,174,72,0.4587
2026-10-05,2026-10-16,C,1030.0,822,91,0.4569
2026-10-05,2026-10-16,C,1035.0,273,67,0.4563
2026-10-05,2026-10-16,C,1040.0,1178,414,0.4552
2026-10-05,2026-10-16,C,1045.0,163,1001,0.4538
2026-10-05,2026-10-16,C,1050.0,3979,2210,0.4535
2026-10-05,2026-10-16,C,1055.0,377,235,0.4535
2026-10-05,2026-10-16,C,1060.0,1342,1041,0.4531
2026-10-05,2026-10-16,C,1065.0,752,1060,0.4539
2026-10-05,2026-10-16,C,1070.0,1502,1325,0.4537
2026-10-05,2026-10-16,C,1080.0,2397,687,0.4548
2026-10-05,2026-10-16,C,1090.0,1371,446,0.4562
2026-10-05,2026-10-16,C,1100.0,9083,4173,0.4594
2026-10-05,2026-10-16,C,1110.0,1272,386,0.4617
2026-10-05,2026-10-16,C,1120.0,1366,914,0.4658
2026-10-05,2026-10-16,C,1130.0,919,407,0.4697
2026-10-05,2026-10-16,C,1140.0,1203,684,0.474
2026-10-05,2026-10-16,C,1150.0,10264,4672,0.4785
2026-10-05,2026-10-16,C,1160.0,873,516,0.4858
2026-10-05,2026-10-16,C,1170.0,825,471,0.4923
2026-10-05,2026-10-16,C,1180.0,736,363,0.4993
2026-10-05,2026-10-16,C,1190.0,600,340,0.5043
2026-10-05,2026-10-16,C,1200.0,10980,6278,0.513
2026-10-05,2026-10-16,C,1210.0,1303,242,0.5199
2026-10-05,2026-10-16,C,1220.0,2106,258,0.527
2026-10-05,2026-10-16,P,910.0,1528,117,0.5059
2026-10-05,2026-10-16,P,920.0,2337,318,0.4949
2026-10-05,2026-10-16,P,925.0,333,95,0.4895
2026-10-05,2026-10-16,P,930.0,1241,862,0.4844
2026-10-05,2026-10-16,P,935.0,205,75,0.4793
2026-10-05,2026-10-16,P,940.0,2264,551,0.4746
2026-10-05,2026-10-16,P,945.0,529,173,0.4711
2026-10-05,2026-10-16,P,950.0,3707,930,0.4661
2026-10-05,2026-10-16,P,955.0,416,192,0.4629
2026-10-05,2026-10-16,P,960.0,3152,358,0.4596
2026-10-05,2026-10-16,P,965.0,380,279,0.456
2026-10-05,2026-10-16,P,970.0,2318,537,0.4534
2026-10-05,2026-10-16,P,975.0,649,265,0.4503
2026-10-05,2026-10-16,P,980.0,7569,581,0.4478
2026-10-05,2026-10-16,P,985.0,332,225,0.4456
2026-10-05,2026-10-16,P,990.0,1587,462,0.4445
2026-10-05,2026-10-16,P,995.0,498,522,0.4417
2026-10-05,2026-10-16,P,1000.0,8883,2581,0.4397
2026-10-05,2026-10-16,P,1005.0,254,248,0.4385
2026-10-05,2026-10-16,P,1010.0,647,431,0.4378
2026-10-05,2026-10-16,P,1015.0,387,237,0.4369
2026-10-05,2026-10-16,P,1020.0,1306,447,0.4356
2026-10-05,2026-10-16,P,1025.0,373,388,0.4346
2026-10-05,2026-10-16,P,1030.0,854,432,0.434
2026-10-05,2026-10-16,P,1035.0,254,220,0.4337
2026-10-05,2026-10-16,P,1040.0,1506,389,0.4336
2026-10-05,2026-10-16,P,1045.0,799,259,0.433
2026-10-05,2026-10-16,P,1050.0,6734,6648,0.4327
2026-10-05,2026-10-16,P,1055.0,259,139,0.4333
2026-10-05,2026-10-16,P,1060.0,684,334,0.4328
2026-10-05,2026-10-16,P,1065.0,576,561,0.4334
2026-10-05,2026-10-16,P,1070.0,1465,434,0.4335
2026-10-05,2026-10-16,P,1080.0,1059,141,0.4377
2026-10-05,2026-10-16,P,1090.0,495,315,0.4414
2026-10-05,2026-10-16,P,1100.0,4410,105,0.4382
2026-10-05,2026-10-16,P,1110.0,335,86,0.4396
2026-10-05,2026-10-16,P,1120.0,438,61,0.4996
2026-10-05,2026-10-16,P,1130.0,356,23,0.4688
2026-10-05,2026-10-16,P,1140.0,206,17,0.4942
2026-10-05,2026-10-16,P,1150.0,284,12,0.4928
2026-10-05,2026-10-16,P,1160.0,300,1,0.5061
2026-10-05,2026-10-16,P,1170.0,205,33,0.5032
2026-10-05,2026-10-16,P,1180.0,132,29,0.5703
2026-10-05,2026-10-16,P,1190.0,118,5,0.5856
2026-10-05,2026-10-16,P,1200.0,717,35,0.5464
2026-10-05,2026-10-16,P,1210.0,54,13,0.6449
2026-10-05,2026-10-16,P,1220.0,46,1,0.6624
2026-10-06,2026-10-09,C,890.0,104,1,1.9275
2026-10-06,2026-10-09,C,895.0,6,4,1.8853
2026-10-06,2026-10-09,C,900.0,2093,2248,1.8612
2026-10-06,2026-10-09,C,905.0,40,9,1.8234
2026-10-06,2026-10-09,C,910.0,64,2,1.7551
2026-10-06,2026-10-09,C,915.0,22,1,1.7842
2026-10-06,2026-10-09,C,920.0,471,8,1.4973
2026-10-06,2026-10-09,C,925.0,133,12,1.6987
2026-10-06,2026-10-09,C,930.0,613,2,1.6211
2026-10-06,2026-10-09,C,935.0,36,7,1.6134
2026-10-06,2026-10-09,C,940.0,258,33,1.3284
2026-10-06,2026-10-09,C,945.0,101,48,1.3782
2026-10-06,2026-10-09,C,950.0,563,335,1.262
2026-10-06,2026-10-09,C,955.0,40,3,1.3352
2026-10-06,2026-10-09,C,960.0,393,14,1.1899
2026-10-06,2026-10-09,C,965.0,60,7,1.3645
2026-10-06,2026-10-09,C,970.0,228,27,1.2883
2026-10-06,2026-10-09,C,975.0,215,32,0.9553
2026-10-06,2026-10-09,C,980.0,448,58,0.626
2026-10-06,2026-10-09,C,985.0,67,110,1.0018
2026-10-06,2026-10-09,C,990.0,347,350,0.99
2026-10-06,2026-10-09,C,995.0,105,698,0.9684
2026-10-06,2026-10-09,C,1000.0,1097,1477,0.7087
2026-10-06,2026-10-09,C,1005.0,195,870,0.7593
2026-10-06,2026-10-09,C,1010.0,195,1254,0.8278
2026-10-06,2026-10-09,C,1015.0,497,1551,0.7677
2026-10-06,2026-10-09,C,1020.0,238,3079,0.6758
2026-10-06,2026-10-09,C,1025.0,307,2240,0.6411
2026-10-06,2026-10-09,C,1030.0,466,2155,0.5574
2026-10-06,2026-10-09,C,1035.0,274,1287,0.562
2026-10-06,2026-10-09,C,1040.0,1326,3448,0.5471
2026-10-06,2026-10-09,C,1045.0,697,1653,0.5836
2026-10-06,2026-10-09,C,1050.0,2654,12765,0.5245
2026-10-06,2026-10-09,C,1055.0,618,2218,0.5055
2026-10-06,2026-10-09,C,1057.5,198,1057,0.5335
2026-10-06,2026-10-09,C,1060.0,1076,5387,0.5146
2026-10-06,2026-10-09,C,1062.5,312,1229,0.5371
2026-10-06,2026-10-09,C,1065.0,2337,4961,0.501
2026-10-06,2026-10-09,C,1067.5,389,1571,0.5278
2026-10-06,2026-10-09,C,1070.0,2311,7477,0.5131
2026-10-06,2026-10-09,C,1072.5,317,1217,0.5191
2026-10-06,2026-10-09,C,1075.0,2413,6827,0.518
2026-10-06,2026-10-09,C,1077.5,315,1514,0.5119
2026-10-06,2026-10-09,C,1080.0,3136,10869,0.5057
2026-10-06,2026-10-09,C,1082.5,252,2107,0.5024
2026-10-06,2026-10-09,C,1085.0,875,5302,0.5098
2026-10-06,2026-10-09,C,1090.0,1743,7187,0.5016
2026-10-06,2026-10-09,C,1095.0,1442,2819,0.5124
2026-10-06,2026-10-09,C,1100.0,9157,41162,0.5046
2026-10-06,2026-10-09,C,1105.0,1177,2512,0.5096
2026-10-06,2026-10-09,C,1110.0,1638,6347,0.5118
2026-10-06,2026-10-09,C,1115.0,603,5219,0.516
2026-10-06,2026-10-09,C,1120.0,2603,7359,0.5213
2026-10-06,2026-10-09,C,1125.0,1451,3154,0.5255
2026-10-06,2026-10-09,C,1130.0,1563,6848,0.5315
2026-10-06,2026-10-09,C,1135.0,586,1553,0.5369
2026-10-06,2026-10-09,C,1140.0,3409,5494,0.5418
2026-10-06,2026-10-09,C,1145.0,392,1244,0.5485
2026-10-06,2026-10-09,C,1150.0,3789,14837,0.5559
2026-10-06,2026-10-09,C,1155.0,2615,1532,0.5635
2026-10-06,2026-10-09,C,1160.0,825,2644,0.5718
2026-10-06,2026-10-09,C,1165.0,517,1180,0.5781
2026-10-06,2026-10-09,C,1170.0,1210,1891,0.5872
2026-10-06,2026-10-09,C,1175.0,759,1684,0.5974
2026-10-06,2026-10-09,C,1180.0,2759,959,0.6062
2026-10-06,2026-10-09,C,1185.0,412,418,0.6145
2026-10-06,2026-10-09,C,1190.0,738,854,0.6318
2026-10-06,2026-10-09,C,1195.0,168,237,0.6338
2026-10-06,2026-10-09,C,1200.0,8065,10385,0.647
2026-10-06,2026-10-09,P,890.0,400,146,0.9961
2026-10-06,2026-10-09,P,895.0,355,152,1.0664
2026-10-06,2026-10-09,P,900.0,2445,1073,0.957
2026-10-06,2026-10-09,P,905.0,210,75,1.0254
2026-10-06,2026-10-09,P,910.0,357,170,0.9238
2026-10-06,2026-10-09,P,915.0,184,98,0.9551
2026-10-06,2026-10-09,P,920.0,778,315,0.9219
2026-10-06,2026-10-09,P,925.0,816,255,0.8652
2026-10-06,2026-10-09,P,930.0,1147,153,0.8779
2026-10-06,2026-10-09,P,935.0,227,77,0.8242
2026-10-06,2026-10-09,P,940.0,656,481,0.7949
2026-10-06,2026-10-09,P,945.0,538,160,0.7725
2026-10-06,2026-10-09,P,950.0,2106,1538,0.7656
2026-10-06,2026-10-09,P,955.0,518,267,0.7334
2026-10-06,2026-10-09,P,960.0,963,1023,0.7266
2026-10-06,2026-10-09,P,965.0,711,508,0.6924
2026-10-06,2026-10-09,P,970.0,1283,762,0.6758
2026-10-06,2026-10-09,P,975.0,1556,1834,0.6611
2026-10-06,2026-10-09,P,980.0,2389,1938,0.6436
2026-10-06,2026-10-09,P,985.0,691,1278,0.6299
2026-10-06,2026-10-09,P,990.0,1325,2509,0.6152
2026-10-06,2026-10-09,P,995.0,1297,2454,0.6025
2026-10-06,2026-10-09,P,1000.0,4637,9134,0.5879
2026-10-06,2026-10-09,P,1005.0,832,1729,0.5786
2026-10-06,2026-10-09,P,1010.0,1085,3695,0.5664
2026-10-06,2026-10-09,P,1015.0,1127,4641,0.5532
2026-10-06,2026-10-09,P,1020.0,2333,4391,0.5476
2026-10-06,2026-10-09,P,1025.0,1797,3120,0.5371
2026-10-06,2026-10-09,P,1030.0,1051,3063,0.5295
2026-10-06,2026-10-09,P,1035.0,1029,2505,0.5226
2026-10-06,2026-10-09,P,1040.0,1431,3638,0.5155
2026-10-06,2026-10-09,P,1045.0,986,1848,0.5109
2026-10-06,2026-10-09,P,1050.0,2324,8353,0.505
2026-10-06,2026-10-09,P,1055.0,756,2567,0.501
2026-10-06,2026-10-09,P,1057.5,384,792,0.5013
2026-10-06,2026-10-09,P,1060.0,1450,4838,0.5046
2026-10-06,2026-10-09,P,1062.5,184,863,0.5028
2026-10-06,2026-10-09,P,1065.0,780,2318,0.5011
2026-10-06,2026-10-09,P,1067.5,188,601,0.4993
2026-10-06,2026-10-09,P,1070.0,1557,3722,0.5027
2026-10-06,2026-10-09,P,1072.5,308,641,0.5073
2026-10-06,2026-10-09,P,1075.0,1289,2175,0.5032
2026-10-06,2026-10-09,P,1077.5,224,877,0.5006
2026-10-06,2026-10-09,P,1080.0,912,4316,0.5025
2026-10-06,2026-10-09,P,1082.5,113,1679,0.5103
2026-10-06,2026-10-09,P,1085.0,2133,3088,0.4988
2026-10-06,2026-10-09,P,1090.0,371,1648,0.5125
2026-10-06,2026-10-09,P,1095.0,285,359,0.5006
2026-10-06,2026-10-09,P,1100.0,755,881,0.5111
2026-10-06,2026-10-09,P,1105.0,80,96,0.5046
2026-10-06,2026-10-09,P,1110.0,163,122,0.5127
2026-10-06,2026-10-09,P,1115.0,56,30,0.515
2026-10-06,2026-10-09,P,1120.0,278,246,0.5172
2026-10-06,2026-10-09,P,1125.0,26,220,0.511
2026-10-06,2026-10-09,P,1130.0,93,17,0.5004
2026-10-06,2026-10-09,P,1135.0,33,16,0.5301
2026-10-06,2026-10-09,P,1140.0,144,24,0.6329
2026-10-06,2026-10-09,P,1145.0,25,4,0.5908
2026-10-06,2026-10-09,P,1150.0,356,220,0.6423
2026-10-06,2026-10-09,P,1155.0,18,13,0.6469
2026-10-06,2026-10-09,P,1160.0,34,4,0.6255
2026-10-06,2026-10-09,P,1165.0,2,1,0.6985
2026-10-06,2026-10-09,P,1170.0,2,1,0.6199
2026-10-06,2026-10-09,P,1175.0,5,5,0.6343
2026-10-06,2026-10-09,P,1180.0,25,3,0.6401
2026-10-06,2026-10-09,P,1185.0,0,1,0.6668
2026-10-06,2026-10-09,P,1190.0,2,6,0.686
2026-10-06,2026-10-09,P,1200.0,14,19,0.8555
2026-10-06,2026-10-12,C,895.0,1,0,1.2316
2026-10-06,2026-10-12,C,900.0,3,7,1.1936
2026-10-06,2026-10-12,C,910.0,23,0,1.1451
2026-10-06,2026-10-12,C,920.0,44,1,1.0938
2026-10-06,2026-10-12,C,925.0,6,0,1.1172
2026-10-06,2026-10-12,C,930.0,8,2,1.0498
2026-10-06,2026-10-12,C,935.0,2,4,1.0108
2026-10-06,2026-10-12,C,945.0,1,2,0.9619
2026-10-06,2026-10-12,C,950.0,5,3,0.9463
2026-10-06,2026-10-12,C,955.0,15,1,0.9679
2026-10-06,2026-10-12,C,960.0,7,0,0.8965
2026-10-06,2026-10-12,C,965.0,33,2,0.8735
2026-10-06,2026-10-12,C,970.0,29,3,0.8483
2026-10-06,2026-10-12,C,975.0,29,6,0.8308
2026-10-06,2026-10-12,C,980.0,73,5,0.8222
2026-10-06,2026-10-12,C,985.0,51,10,0.7485
2026-10-06,2026-10-12,C,990.0,48,14,0.6855
2026-10-06,2026-10-12,C,995.0,5,18,0.673
2026-10-06,2026-10-12,C,1000.0,219,98,0.5871
2026-10-06,2026-10-12,C,1005.0,27,37,0.6154
2026-10-06,2026-10-12,C,1010.0,137,269,0.5483
2026-10-06,2026-10-12,C,1015.0,40,162,0.5523
2026-10-06,2026-10-12,C,1020.0,45,255,0.5476
2026-10-06,2026-10-12,C,1025.0,36,581,0.5374
2026-10-06,2026-10-12,C,1030.0,47,424,0.4994
2026-10-06,2026-10-12,C,1035.0,32,191,0.4857
2026-10-06,2026-10-12,C,1040.0,57,230,0.4533
2026-10-06,2026-10-12,C,1045.0,45,194,0.4454
2026-10-06,2026-10-12,C,1050.0,303,1275,0.4565
2026-10-06,2026-10-12,C,1055.0,175,425,0.4816
2026-10-06,2026-10-12,C,1060.0,302,1054,0.445
2026-10-06,2026-10-12,C,1065.0,376,1131,0.4293
2026-10-06,2026-10-12,C,1070.0,447,2943,0.4344
2026-10-06,2026-10-12,C,1075.0,263,793,0.4355
2026-10-06,2026-10-12,C,1080.0,2502,2493,0.4201
2026-10-06,2026-10-12,C,1085.0,349,908,0.4232
2026-10-06,2026-10-12,C,1090.0,548,1162,0.4186
2026-10-06,2026-10-12,C,1095.0,120,346,0.4193
2026-10-06,2026-10-12,C,1100.0,1344,3436,0.4203
2026-10-06,2026-10-12,C,1105.0,867,294,0.4392
2026-10-06,2026-10-12,C,1110.0,557,1003,0.4345
2026-10-06,2026-10-12,C,1115.0,105,304,0.4259
2026-10-06,2026-10-12,C,1120.0,118,1387,0.4291
2026-10-06,2026-10-12,C,1125.0,264,329,0.4338
2026-10-06,2026-10-12,C,1130.0,183,423,0.4367
2026-10-06,2026-10-12,C,1135.0,114,822,0.438
2026-10-06,2026-10-12,C,1140.0,95,353,0.4432
2026-10-06,2026-10-12,C,1145.0,69,117,0.4457
2026-10-06,2026-10-12,C,1150.0,832,1550,0.447
2026-10-06,2026-10-12,C,1155.0,81,133,0.4543
2026-10-06,2026-10-12,C,1160.0,54,60,0.4576
2026-10-06,2026-10-12,C,1165.0,81,72,0.4613
2026-10-06,2026-10-12,C,1170.0,92,226,0.4663
2026-10-06,2026-10-12,C,1175.0,78,88,0.4706
2026-10-06,2026-10-12,C,1180.0,40,109,0.4761
2026-10-06,2026-10-12,C,1185.0,41,39,0.481
2026-10-06,2026-10-12,C,1190.0,24,52,0.4845
2026-10-06,2026-10-12,C,1195.0,22,36,0.4895
2026-10-06,2026-10-12,C,1200.0,1347,1655,0.4922
2026-10-06,2026-10-12,P,890.0,32,11,0.6924
2026-10-06,2026-10-12,P,895.0,38,165,0.6797
2026-10-06,2026-10-12,P,900.0,186,237,0.668
2026-10-06,2026-10-12,P,905.0,49,10,0.6548
2026-10-06,2026-10-12,P,910.0,52,2,0.6411
2026-10-06,2026-10-12,P,915.0,20,4,0.6309
2026-10-06,2026-10-12,P,920.0,59,8,0.6191
2026-10-06,2026-10-12,P,925.0,66,42,0.6074
2026-10-06,2026-10-12,P,930.0,64,17,0.5938
2026-10-06,2026-10-12,P,935.0,75,3,0.5825
2026-10-06,2026-10-12,P,940.0,51,117,0.5708
2026-10-06,2026-10-12,P,945.0,34,287,0.5591
2026-10-06,2026-10-12,P,950.0,142,327,0.5479
2026-10-06,2026-10-12,P,955.0,117,175,0.5361
2026-10-06,2026-10-12,P,960.0,107,202,0.5271
2026-10-06,2026-10-12,P,965.0,74,99,0.5176
2026-10-06,2026-10-12,P,970.0,334,110,0.5056
2026-10-06,2026-10-12,P,975.0,842,848,0.5078
2026-10-06,2026-10-12,P,980.0,470,638,0.4966
2026-10-06,2026-10-12,P,985.0,104,38,0.4873
2026-10-06,2026-10-12,P,990.0,220,162,0.4758
2026-10-06,2026-10-12,P,995.0,265,423,0.4696
2026-10-06,2026-10-12,P,1000.0,759,1185,0.4592
2026-10-06,2026-10-12,P,1005.0,86,114,0.4533
2026-10-06,2026-10-12,P,1010.0,162,664,0.4467
2026-10-06,2026-10-12,P,1015.0,136,455,0.4415
2026-10-06,2026-10-12,P,1020.0,716,328,0.4362
2026-10-06,2026-10-12,P,1025.0,137,214,0.4312
2026-10-06,2026-10-12,P,1030.0,127,249,0.4286
2026-10-06,2026-10-12,P,1035.0,108,205,0.4246
2026-10-06,2026-10-12,P,1040.0,109,267,0.4221
2026-10-06,2026-10-12,P,1045.0,97,275,0.4207
2026-10-06,2026-10-12,P,1050.0,465,1334,0.4183
2026-10-06,2026-10-12,P,1055.0,57,197,0.4163
2026-10-06,2026-10-12,P,1060.0,295,1182,0.4153
2026-10-06,2026-10-12,P,1065.0,326,287,0.4206
2026-10-06,2026-10-12,P,1070.0,131,274,0.4165
2026-10-06,2026-10-12,P,1075.0,268,278,0.4213
2026-10-06,2026-10-12,P,1080.0,112,566,0.4201
2026-10-06,2026-10-12,P,1085.0,82,216,0.4193
2026-10-06,2026-10-12,P,1090.0,45,202,0.4364
2026-10-06,2026-10-12,P,1095.0,68,47,0.4302
2026-10-06,2026-10-12,P,1100.0,36,37,0.4414
2026-10-06,2026-10-12,P,1105.0,92,22,0.4433
2026-10-06,2026-10-12,P,1110.0,35,9,0.4471
2026-10-06,2026-10-12,P,1115.0,128,14,0.4489
2026-10-06,2026-10-12,P,1120.0,96,7,0.4541
2026-10-06,2026-10-12,P,1125.0,15,21,0.4599
2026-10-06,2026-10-12,P,1130.0,226,2,0.4643
2026-10-06,2026-10-12,P,1135.0,19,5,0.4685
2026-10-06,2026-10-12,P,1140.0,5,0,0.5257
2026-10-06,2026-10-12,P,1145.0,1,1,0.5491
2026-10-06,2026-10-12,P,1150.0,7,11,0.5075
2026-10-06,2026-10-12,P,1155.0,1,0,0.5237
2026-10-06,2026-10-12,P,1170.0,1,0,0.661
2026-10-06,2026-10-12,P,1180.0,1,0,0.6823
2026-10-06,2026-10-12,P,1195.0,1,0,0.5675
2026-10-06,2026-10-12,P,1200.0,3,0,0.559
2026-10-06,2026-10-14,C,890.0,2,0,1.0778
2026-10-06,2026-10-14,C,895.0,4,0,1.0546
2026-10-06,2026-10-14,C,900.0,14,1,1.0179
2026-10-06,2026-10-14,C,905.0,16,0,1.0039
2026-10-06,2026-10-14,C,910.0,3,0,1.0145
2026-10-06,2026-10-14,C,915.0,16,1,0.9643
2026-10-06,2026-10-14,C,920.0,19,1,0.9556
2026-10-06,2026-10-14,C,925.0,13,0,0.9243
2026-10-06,2026-10-14,C,930.0,9,1,0.9072
2026-10-06,2026-10-14,C,935.0,32,3,0.8937
2026-10-06,2026-10-14,C,940.0,3,0,0.8666
2026-10-06,2026-10-14,C,945.0,44,0,0.8434
2026-10-06,2026-10-14,C,950.0,26,6,0.8416
2026-10-06,2026-10-14,C,955.0,21,6,0.8127
2026-10-06,2026-10-14,C,960.0,41,1,0.8011
2026-10-06,2026-10-14,C,965.0,5,4,0.779
2026-10-06,2026-10-14,C,970.0,35,2,0.7988
2026-10-06,2026-10-14,C,975.0,65,4,0.7712
2026-10-06,2026-10-14,C,980.0,27,0,0.7089
2026-10-06,2026-10-14,C,985.0,15,3,0.6052
2026-10-06,2026-10-14,C,990.0,7,7,0.6504
2026-10-06,2026-10-14,C,995.0,2,3,0.5819
2026-10-06,2026-10-14,C,1000.0,59,6,0.5712
2026-10-06,2026-10-14,C,1005.0,21,4,0.5741
2026-10-06,2026-10-14,C,1010.0,3,3,0.5401
2026-10-06,2026-10-14,C,1020.0,9,43,0.5372
2026-10-06,2026-10-14,C,1025.0,6,41,0.5334
2026-10-06,2026-10-14,C,1030.0,22,340,0.4775
2026-10-06,2026-10-14,C,1035.0,51,62,0.4725
2026-10-06,2026-10-14,C,1040.0,36,66,0.5082
2026-10-06,2026-10-14,C,1045.0,11,50,0.5058
2026-10-06,2026-10-14,C,1050.0,84,140,0.4936
2026-10-06,2026-10-14,C,1055.0,57,145,0.4855
2026-10-06,2026-10-14,C,1060.0,61,157,0.5011
2026-10-06,2026-10-14,C,1065.0,70,106,0.4533
2026-10-06,2026-10-14,C,1070.0,179,164,0.4712
2026-10-06,2026-10-14,C,1075.0,131,166,0.452
2026-10-06,2026-10-14,C,1080.0,130,538,0.4721
2026-10-06,2026-10-14,C,1085.0,22,100,0.4594
2026-10-06,2026-10-14,C,1090.0,87,198,0.5027
2026-10-06,2026-10-14,C,1095.0,23,203,0.4871
2026-10-06,2026-10-14,C,1100.0,259,1059,0.4649
2026-10-06,2026-10-14,C,1105.0,32,49,0.4985
2026-10-06,2026-10-14,C,1110.0,145,119,0.4757
2026-10-06,2026-10-14,C,1115.0,36,186,0.4603
2026-10-06,2026-10-14,C,1120.0,71,42,0.458
2026-10-06,2026-10-14,C,1125.0,26,116,0.4647
2026-10-06,2026-10-14,C,1130.0,21,124,0.4665
2026-10-06,2026-10-14,C,1135.0,34,97,0.4672
2026-10-06,2026-10-14,C,1140.0,44,99,0.4688
2026-10-06,2026-10-14,C,1145.0,17,20,0.4728
2026-10-06,2026-10-14,C,1150.0,89,1662,0.475
2026-10-06,2026-10-14,C,1155.0,25,14,0.4777
2026-10-06,2026-10-14,C,1160.0,90,79,0.4811
2026-10-06,2026-10-14,C,1165.0,31,38,0.4827
2026-10-06,2026-10-14,C,1170.0,7,28,0.4882
2026-10-06,2026-10-14,C,1175.0,8,28,0.4924
2026-10-06,2026-10-14,C,1180.0,43,439,0.4934
2026-10-06,2026-10-14,C,1185.0,19,43,0.4977
2026-10-06,2026-10-14,C,1190.0,74,32,0.5026
2026-10-06,2026-10-14,C,1195.0,4,24,0.5061
2026-10-06,2026-10-14,C,1200.0,240,379,0.503
2026-10-06,2026-10-14,P,890.0,14,5,0.6465
2026-10-06,2026-10-14,P,895.0,117,5,0.6353
2026-10-06,2026-10-14,P,900.0,89,17,0.6182
2026-10-06,2026-10-14,P,905.0,11,1,0.6172
2026-10-06,2026-10-14,P,910.0,31,272,0.6089
2026-10-06,2026-10-14,P,915.0,5,280,0.6001
2026-10-06,2026-10-14,P,920.0,91,298,0.5898
2026-10-06,2026-10-14,P,925.0,34,309,0.5791
2026-10-06,2026-10-14,P,930.0,73,47,0.5706
2026-10-06,2026-10-14,P,935.0,33,10,0.5618
2026-10-06,2026-10-14,P,940.0,20,58,0.553
2026-10-06,2026-10-14,P,945.0,11,22,0.5439
2026-10-06,2026-10-14,P,950.0,160,32,0.5342
2026-10-06,2026-10-14,P,955.0,100,111,0.5267
2026-10-06,2026-10-14,P,960.0,84,28,0.5204
2026-10-06,2026-10-14,P,965.0,116,112,0.511
2026-10-06,2026-10-14,P,970.0,110,23,0.5038
2026-10-06,2026-10-14,P,975.0,45,28,0.5054
2026-10-06,2026-10-14,P,980.0,143,32,0.4979
2026-10-06,2026-10-14,P,985.0,108,33,0.4913
2026-10-06,2026-10-14,P,990.0,130,25,0.4847
2026-10-06,2026-10-14,P,995.0,88,167,0.479
2026-10-06,2026-10-14,P,1000.0,179,764,0.4733
2026-10-06,2026-10-14,P,1005.0,33,220,0.4693
2026-10-06,2026-10-14,P,1010.0,64,255,0.4634
2026-10-06,2026-10-14,P,1015.0,48,293,0.4575
2026-10-06,2026-10-14,P,1020.0,32,67,0.4586
2026-10-06,2026-10-14,P,1025.0,22,89,0.4556
2026-10-06,2026-10-14,P,1030.0,117,48,0.4542
2026-10-06,2026-10-14,P,1035.0,80,60,0.4529
2026-10-06,2026-10-14,P,1040.0,168,194,0.4514
2026-10-06,2026-10-14,P,1045.0,159,36,0.4506
2026-10-06,2026-10-14,P,1050.0,87,466,0.4494
2026-10-06,2026-10-14,P,1055.0,9,132,0.4496
2026-10-06,2026-10-14,P,1060.0,82,34,0.4473
2026-10-06,2026-10-14,P,1065.0,70,93,0.4728
2026-10-06,2026-10-14,P,1070.0,29,62,0.4955
2026-10-06,2026-10-14,P,1075.0,30,18,0.5082
2026-10-06,2026-10-14,P,1080.0,70,64,0.4965
2026-10-06,2026-10-14,P,1085.0,93,96,0.5137
2026-10-06,2026-10-14,P,1090.0,44,54,0.4844
2026-10-06,2026-10-14,P,1095.0,5,30,0.5254
2026-10-06,2026-10-14,P,1100.0,11,11,0.527
2026-10-06,2026-10-14,P,1105.0,6,1,0.5281
2026-10-06,2026-10-14,P,1110.0,4,1,0.5307
2026-10-06,2026-10-14,P,1115.0,1,1,0.533
2026-10-06,2026-10-14,P,1120.0,6,2,0.5361
2026-10-06,2026-10-14,P,1130.0,5,5,0.5441
2026-10-06,2026-10-14,P,1140.0,24,2,0.5549
2026-10-06,2026-10-14,P,1150.0,15,0,0.5656
2026-10-06,2026-10-14,P,1160.0,3,2,0.5793
2026-10-06,2026-10-14,P,1165.0,1,0,0.515
2026-10-06,2026-10-14,P,1175.0,1,0,0.6137
2026-10-06,2026-10-14,P,1180.0,2,0,0.6256
2026-10-06,2026-10-14,P,1185.0,3,0,0.5012
2026-10-06,2026-10-14,P,1190.0,2,0,0.5413
2026-10-06,2026-10-14,P,1195.0,13,0,0.5331
2026-10-06,2026-10-14,P,1200.0,30,0,0.5418
2026-10-06,2026-10-16,C,890.0,139,6,0.6707
2026-10-06,2026-10-16,C,900.0,3751,80,0.8241
2026-10-06,2026-10-16,C,910.0,1876,85,0.7974
2026-10-06,2026-10-16,C,920.0,831,30,0.5736
2026-10-06,2026-10-16,C,925.0,62,11,0.7877
2026-10-06,2026-10-16,C,930.0,651,25,0.5403
2026-10-06,2026-10-16,C,935.0,19,1,0.5247
2026-10-06,2026-10-16,C,940.0,690,212,0.7281
2026-10-06,2026-10-16,C,945.0,29,13,0.7047
2026-10-06,2026-10-16,C,950.0,3452,499,0.5234
2026-10-06,2026-10-16,C,955.0,28,11,0.5269
2026-10-06,2026-10-16,C,960.0,842,206,0.6317
2026-10-06,2026-10-16,C,965.0,31,9,0.6288
2026-10-06,2026-10-16,C,970.0,905,35,0.6501
2026-10-06,2026-10-16,C,975.0,128,21,0.6251
2026-10-06,2026-10-16,C,980.0,6388,107,0.5533
2026-10-06,2026-10-16,C,985.0,91,25,0.5946
2026-10-06,2026-10-16,C,990.0,1075,159,0.5933
2026-10-06,2026-10-16,C,995.0,72,18,0.5642
2026-10-06,2026-10-16,C,1000.0,10221,765,0.5288
2026-10-06,2026-10-16,C,1005.0,150,44,0.5393
2026-10-06,2026-10-16,C,1010.0,796,90,0.5275
2026-10-06,2026-10-16,C,1015.0,194,78,0.5599
2026-10-06,2026-10-16,C,1020.0,1129,400,0.5145
2026-10-06,2026-10-16,C,1025.0,179,219,0.5082
2026-10-06,2026-10-16,C,1030.0,817,529,0.5016
2026-10-06,2026-10-16,C,1035.0,268,399,0.5129
2026-10-06,2026-10-16,C,1040.0,1172,617,0.5058
2026-10-06,2026-10-16,C,1045.0,367,642,0.5084
2026-10-06,2026-10-16,C,1050.0,4208,3494,0.4817
2026-10-06,2026-10-16,C,1055.0,389,1269,0.4951
2026-10-06,2026-10-16,C,1060.0,1226,1362,0.4926
2026-10-06,2026-10-16,C,1065.0,683,756,0.4969
2026-10-06,2026-10-16,C,1070.0,1559,3244,0.4765
2026-10-06,2026-10-16,C,1080.0,2434,2110,0.4808
2026-10-06,2026-10-16,C,1090.0,1395,792,0.4764
2026-10-06,2026-10-16,C,1100.0,9765,13815,0.4758
2026-10-06,2026-10-16,C,1110.0,1329,1495,0.4785
2026-10-06,2026-10-16,C,1120.0,1431,867,0.4821
2026-10-06,2026-10-16,C,1130.0,965,824,0.4888
2026-10-06,2026-10-16,C,1140.0,1314,603,0.485
2026-10-06,2026-10-16,C,1150.0,10189,6261,0.4858
2026-10-06,2026-10-16,C,1160.0,875,603,0.493
2026-10-06,2026-10-16,C,1170.0,920,484,0.4971
2026-10-06,2026-10-16,C,1180.0,759,945,0.5014
2026-10-06,2026-10-16,C,1190.0,725,596,0.5029
2026-10-06,2026-10-16,C,1200.0,10419,8073,0.5073
2026-10-06,2026-10-16,P,890.0,1635,229,0.6311
2026-10-06,2026-10-16,P,900.0,5292,1171,0.6108
2026-10-06,2026-10-16,P,910.0,1535,212,0.5909
2026-10-06,2026-10-16,P,920.0,2206,498,0.5761
2026-10-06,2026-10-16,P,925.0,365,306,0.5671
2026-10-06,2026-10-16,P,930.0,1483,270,0.5586
2026-10-06,2026-10-16,P,935.0,229,280,0.5481
2026-10-06,2026-10-16,P,940.0,2357,595,0.5396
2026-10-06,2026-10-16,P,945.0,559,410,0.5353
2026-10-06,2026-10-16,P,950.0,3585,1402,0.5275
2026-10-06,2026-10-16,P,955.0,420,226,0.5204
2026-10-06,2026-10-16,P,960.0,3169,997,0.5135
2026-10-06,2026-10-16,P,965.0,433,546,0.5057
2026-10-06,2026-10-16,P,970.0,2395,913,0.5012
2026-10-06,2026-10-16,P,975.0,651,471,0.4998
2026-10-06,2026-10-16,P,980.0,7577,1112,0.4963
2026-10-06,2026-10-16,P,985.0,380,258,0.4924
2026-10-06,2026-10-16,P,990.0,1588,791,0.4855
2026-10-06,2026-10-16,P,995.0,664,649,0.4822
2026-10-06,2026-10-16,P,1000.0,9466,3229,0.4774
2026-10-06,2026-10-16,P,1005.0,317,199,0.4766
2026-10-06,2026-10-16,P,1010.0,751,514,0.4739
2026-10-06,2026-10-16,P,1015.0,441,278,0.472
2026-10-06,2026-10-16,P,1020.0,1367,997,0.4705
2026-10-06,2026-10-16,P,1025.0,359,538,0.4683
2026-10-06,2026-10-16,P,1030.0,911,559,0.4674
2026-10-06,2026-10-16,P,1035.0,322,149,0.4656
2026-10-06,2026-10-16,P,1040.0,1522,465,0.4647
2026-10-06,2026-10-16,P,1045.0,812,225,0.4645
2026-10-06,2026-10-16,P,1050.0,3438,1032,0.4642
2026-10-06,2026-10-16,P,1055.0,290,127,0.4733
2026-10-06,2026-10-16,P,1060.0,703,281,0.4721
2026-10-06,2026-10-16,P,1065.0,576,273,0.4761
2026-10-06,2026-10-16,P,1070.0,1655,289,0.4735
2026-10-06,2026-10-16,P,1080.0,1058,487,0.4749
2026-10-06,2026-10-16,P,1090.0,506,155,0.4918
2026-10-06,2026-10-16,P,1100.0,4424,344,0.4832
2026-10-06,2026-10-16,P,1110.0,378,28,0.4899
2026-10-06,2026-10-16,P,1120.0,477,3,0.5409
2026-10-06,2026-10-16,P,1130.0,365,4,0.5459
2026-10-06,2026-10-16,P,1140.0,203,18,0.5527
2026-10-06,2026-10-16,P,1150.0,284,5,0.5604
2026-10-06,2026-10-16,P,1160.0,301,3,0.5696
2026-10-06,2026-10-16,P,1170.0,205,8,0.5042
2026-10-06,2026-10-16,P,1180.0,132,11,0.5174
2026-10-06,2026-10-16,P,1190.0,118,5,0.5419
2026-10-06,2026-10-16,P,1200.0,751,32,0.5148
2026-10-07,2026-10-09,C,925.0,124,43,1.2959
2026-10-07,2026-10-09,C,930.0,611,10,1.394
2026-10-07,2026-10-09,C,935.0,36,11,1.1133
2026-10-07,2026-10-09,C,940.0,278,22,1.0869
2026-10-07,2026-10-09,C,945.0,120,48,1.1853
2026-10-07,2026-10-09,C,950.0,699,409,0.8154
2026-10-07,2026-10-09,C,955.0,39,2,0.959
2026-10-07,2026-10-09,C,960.0,393,19,1.0564
2026-10-07,2026-10-09,C,965.0,60,4,0.8677
2026-10-07,2026-10-09,C,970.0,220,2,0.8057
2026-10-07,2026-10-09,C,975.0,234,13,0.9092
2026-10-07,2026-10-09,C,980.0,433,3,0.8799
2026-10-07,2026-10-09,C,985.0,143,9,0.6934
2026-10-07,2026-10-09,C,990.0,546,54,0.6711
2026-10-07,2026-10-09,C,995.0,475,36,0.6525
2026-10-07,2026-10-09,C,1000.0,776,1839,0.653
2026-10-07,2026-10-09,C,1005.0,441,92,0.6143
2026-10-07,2026-10-09,C,1010.0,815,171,0.6018
2026-10-07,2026-10-09,C,1015.0,650,115,0.5933
2026-10-07,2026-10-09,C,1020.0,483,1161,0.5924
2026-10-07,2026-10-09,C,1025.0,593,1381,0.5792
2026-10-07,2026-10-09,C,1030.0,584,3535,0.5743
2026-10-07,2026-10-09,C,1035.0,543,6371,0.5666
2026-10-07,2026-10-09,C,1040.0,1686,19434,0.5614
2026-10-07,2026-10-09,C,1045.0,627,14687,0.5609
2026-10-07,2026-10-09,C,1050.0,3577,26029,0.5625
2026-10-07,2026-10-09,C,1055.0,490,7591,0.5609
2026-10-07,2026-10-09,C,1057.5,269,3091,0.5621
2026-10-07,2026-10-09,C,1060.0,1113,17146,0.5674
2026-10-07,2026-10-09,C,1062.5,360,4626,0.568
2026-10-07,2026-10-09,C,1065.0,2920,15283,0.571
2026-10-07,2026-10-09,C,1067.5,533,7269,0.5746
2026-10-07,2026-10-09,C,1070.0,2533,27041,0.5803
2026-10-07,2026-10-09,C,1072.5,356,7978,0.584
2026-10-07,2026-10-09,C,1075.0,1758,18557,0.5908
2026-10-07,2026-10-09,C,1077.5,544,4879,0.5967
2026-10-07,2026-10-09,C,1080.0,3232,23619,0.606
2026-10-07,2026-10-09,C,1082.5,802,4508,0.6118
2026-10-07,2026-10-09,C,1085.0,1392,11393,0.6201
2026-10-07,2026-10-09,C,1090.0,2125,19333,0.6367
2026-10-07,2026-10-09,C,1095.0,2049,11099,0.656
2026-10-07,2026-10-09,C,1100.0,10307,80505,0.6772
2026-10-07,2026-10-09,C,1105.0,1777,6148,0.6919
2026-10-07,2026-10-09,C,1110.0,1632,11910,0.7129
2026-10-07,2026-10-09,C,1115.0,1657,7576,0.7349
2026-10-07,2026-10-09,C,1120.0,3445,14212,0.7534
2026-10-07,2026-10-09,C,1125.0,1821,10621,0.7725
2026-10-07,2026-10-09,C,1130.0,3851,7589,0.7915
2026-10-07,2026-10-09,C,1135.0,748,3011,0.8081
2026-10-07,2026-10-09,C,1140.0,5309,8057,0.8291
2026-10-07,2026-10-09,C,1145.0,537,1060,0.8418
2026-10-07,2026-10-09,C,1150.0,7674,13463,0.8545
2026-10-07,2026-10-09,C,1155.0,2992,1054,0.8818
2026-10-07,2026-10-09,C,1160.0,1948,2749,0.8926
2026-10-07,2026-10-09,C,1165.0,768,688,0.9082
2026-10-07,2026-10-09,C,1170.0,1436,1259,0.918
2026-10-07,2026-10-09,C,1175.0,1225,1533,0.9336
2026-10-07,2026-10-09,C,1180.0,2838,585,0.9414
2026-10-07,2026-10-09,C,1185.0,495,391,0.9609
2026-10-07,2026-10-09,C,1190.0,1013,527,1.0117
2026-10-07,2026-10-09,C,1195.0,193,194,1.1211
2026-10-07,2026-10-09,C,1200.0,10319,7619,0.9922
2026-10-07,2026-10-09,C,1205.0,1567,393,1.0195
2026-10-07,2026-10-09,C,1210.0,1137,1429,1.0
2026-10-07,2026-10-09,C,1215.0,462,312,1.0234
2026-10-07,2026-10-09,C,1220.0,809,172,1.0625
2026-10-07,2026-10-09,C,1225.0,973,256,1.0703
2026-10-07,2026-10-09,C,1230.0,721,681,1.1133
2026-10-07,2026-10-09,C,1235.0,434,231,1.2891
2026-10-07,2026-10-09,C,1240.0,736,19,1.1406
2026-10-07,2026-10-09,C,1245.0,228,126,1.1641
2026-10-07,2026-10-09,C,1250.0,2048,684,1.1641
2026-10-07,2026-10-09,P,925.0,909,322,0.9209
2026-10-07,2026-10-09,P,930.0,1145,238,0.8857
2026-10-07,2026-10-09,P,935.0,219,130,0.8672
2026-10-07,2026-10-09,P,940.0,837,878,0.8418
2026-10-07,2026-10-09,P,945.0,570,484,0.8145
2026-10-07,2026-10-09,P,950.0,2260,3143,0.7959
2026-10-07,2026-10-09,P,955.0,585,464,0.7715
2026-10-07,2026-10-09,P,960.0,1048,1378,0.7441
2026-10-07,2026-10-09,P,965.0,713,730,0.7271
2026-10-07,2026-10-09,P,970.0,1278,1971,0.7051
2026-10-07,2026-10-09,P,975.0,1130,1772,0.6856
2026-10-07,2026-10-09,P,980.0,1988,3950,0.6658
2026-10-07,2026-10-09,P,985.0,888,3228,0.6484
2026-10-07,2026-10-09,P,990.0,1243,5228,0.6318
2026-10-07,2026-10-09,P,995.0,1631,5821,0.6172
2026-10-07,2026-10-09,P,1000.0,5815,26958,0.6011
2026-10-07,2026-10-09,P,1005.0,1471,6268,0.5913
2026-10-07,2026-10-09,P,1010.0,2071,9117,0.58
2026-10-07,2026-10-09,P,1015.0,2893,8346,0.5708
2026-10-07,2026-10-09,P,1020.0,2473,11893,0.5614
2026-10-07,2026-10-09,P,1025.0,1861,11906,0.5861
2026-10-07,2026-10-09,P,1030.0,1216,19881,0.5455
2026-10-07,2026-10-09,P,1035.0,1180,15585,0.5407
2026-10-07,2026-10-09,P,1040.0,1701,19380,0.54
2026-10-07,2026-10-09,P,1045.0,974,11341,0.5352
2026-10-07,2026-10-09,P,1050.0,2884,18777,0.5364
2026-10-07,2026-10-09,P,1055.0,881,4312,0.535
2026-10-07,2026-10-09,P,1057.5,533,2433,0.5227
2026-10-07,2026-10-09,P,1060.0,1943,11052,0.5354
2026-10-07,2026-10-09,P,1062.5,300,5031,0.5371
2026-10-07,2026-10-09,P,1065.0,948,10554,0.5217
2026-10-07,2026-10-09,P,1067.5,254,6965,0.5304
2026-10-07,2026-10-09,P,1070.0,2007,11416,0.5452
2026-10-07,2026-10-09,P,1072.5,429,3627,0.5469
2026-10-07,2026-10-09,P,1075.0,1430,5665,0.5576
2026-10-07,2026-10-09,P,1077.5,235,1632,0.5127
2026-10-07,2026-10-09,P,1080.0,1047,4046,0.5176
2026-10-07,2026-10-09,P,1082.5,337,560,0.5239
2026-10-07,2026-10-09,P,1085.0,2397,2144,0.5498
2026-10-07,2026-10-09,P,1090.0,592,784,0.7935
2026-10-07,2026-10-09,P,1095.0,390,200,0.813
2026-10-07,2026-10-09,P,1100.0,824,1479,0.7637
2026-10-07,2026-10-09,P,1105.0,109,362,0.957
2026-10-07,2026-10-09,P,1110.0,190,507,1.0608
2026-10-07,2026-10-09,P,1115.0,60,44,1.1389
2026-10-07,2026-10-09,P,1120.0,278,439,1.082
2026-10-07,2026-10-09,P,1125.0,224,633,1.1216
2026-10-07,2026-10-09,P,1130.0,96,520,1.1785
2026-10-07,2026-10-09,P,1135.0,36,16,1.4146
2026-10-07,2026-10-09,P,1140.0,136,5,1.2668
2026-10-07,2026-10-09,P,1145.0,26,4,0.9658
2026-10-07,2026-10-09,P,1150.0,529,766,1.6608
2026-10-07,2026-10-09,P,1155.0,12,25,1.1318
2026-10-07,2026-10-09,P,1160.0,34,57,1.7559
2026-10-07,2026-10-09,P,1165.0,3,1,1.8027
2026-10-07,2026-10-09,P,1170.0,3,1,1.8489
2026-10-07,2026-10-09,P,1175.0,5,5,1.8945
2026-10-07,2026-10-09,P,1180.0,26,41,1.9399
2026-10-07,2026-10-09,P,1185.0,0,2,1.9846
2026-10-07,2026-10-09,P,1190.0,2,1,2.0289
2026-10-07,2026-10-09,P,1200.0,15,38,2.1162
2026-10-07,2026-10-09,P,1205.0,1,4,2.1594
2026-10-07,2026-10-09,P,1210.0,6,6,2.202
2026-10-07,2026-10-09,P,1220.0,0,13,2.2861
2026-10-07,2026-10-09,P,1230.0,0,8,2.3689
2026-10-07,2026-10-09,P,1240.0,0,7,2.4502
2026-10-07,2026-10-09,P,1250.0,0,2,2.5531
2026-10-07,2026-10-12,C,925.0,6,0,0.7316
2026-10-07,2026-10-12,C,930.0,9,28,0.7112
2026-10-07,2026-10-12,C,935.0,4,1,0.6459
2026-10-07,2026-10-12,C,945.0,1,2,0.6118
2026-10-07,2026-10-12,C,950.0,5,3,0.5911
2026-10-07,2026-10-12,C,955.0,15,1,0.5339
2026-10-07,2026-10-12,C,960.0,7,2,0.5618
2026-10-07,2026-10-12,C,965.0,33,5,0.5538
2026-10-07,2026-10-12,C,970.0,30,12,0.5411
2026-10-07,2026-10-12,C,975.0,30,4,0.5209
2026-10-07,2026-10-12,C,980.0,73,5,0.6104
2026-10-07,2026-10-12,C,985.0,46,1,0.4817
2026-10-07,2026-10-12,C,990.0,48,24,0.4802
2026-10-07,2026-10-12,C,995.0,10,15,0.463
2026-10-07,2026-10-12,C,1000.0,224,111,0.4591
2026-10-07,2026-10-12,C,1005.0,28,72,0.4482
2026-10-07,2026-10-12,C,1010.0,56,35,0.4583
2026-10-07,2026-10-12,C,1015.0,81,51,0.4383
2026-10-07,2026-10-12,C,1020.0,108,211,0.4312
2026-10-07,2026-10-12,C,1025.0,314,265,0.427
2026-10-07,2026-10-12,C,1030.0,129,427,0.4238
2026-10-07,2026-10-12,C,1035.0,63,2046,0.4227
2026-10-07,2026-10-12,C,1040.0,111,3561,0.4211
2026-10-07,2026-10-12,C,1045.0,70,2055,0.4204
2026-10-07,2026-10-12,C,1050.0,263,2420,0.4193
2026-10-07,2026-10-12,C,1055.0,174,739,0.4206
2026-10-07,2026-10-12,C,1060.0,209,3895,0.4208
2026-10-07,2026-10-12,C,1065.0,711,1544,0.4215
2026-10-07,2026-10-12,C,1070.0,2002,2367,0.423
2026-10-07,2026-10-12,C,1075.0,311,2214,0.4262
2026-10-07,2026-10-12,C,1080.0,2636,5602,0.4284
2026-10-07,2026-10-12,C,1085.0,532,1221,0.4318
2026-10-07,2026-10-12,C,1090.0,507,1718,0.4352
2026-10-07,2026-10-12,C,1095.0,105,790,0.4382
2026-10-07,2026-10-12,C,1100.0,1281,6291,0.4429
2026-10-07,2026-10-12,C,1105.0,940,742,0.4474
2026-10-07,2026-10-12,C,1110.0,424,1395,0.4531
2026-10-07,2026-10-12,C,1115.0,125,389,0.4587
2026-10-07,2026-10-12,C,1120.0,759,1341,0.4653
2026-10-07,2026-10-12,C,1125.0,280,797,0.4724
2026-10-07,2026-10-12,C,1130.0,216,839,0.479
2026-10-07,2026-10-12,C,1135.0,351,400,0.4856
2026-10-07,2026-10-12,C,1140.0,184,401,0.4939
2026-10-07,2026-10-12,C,1145.0,46,437,0.5017
2026-10-07,2026-10-12,C,1150.0,987,1185,0.5059
2026-10-07,2026-10-12,C,1155.0,107,103,0.5107
2026-10-07,2026-10-12,C,1160.0,69,739,0.5166
2026-10-07,2026-10-12,C,1165.0,78,211,0.5259
2026-10-07,2026-10-12,C,1170.0,166,196,0.533
2026-10-07,2026-10-12,C,1175.0,80,854,0.54
2026-10-07,2026-10-12,C,1180.0,99,54,0.5488
2026-10-07,2026-10-12,C,1185.0,52,56,0.5518
2026-10-07,2026-10-12,C,1190.0,43,20,0.5562
2026-10-07,2026-10-12,C,1195.0,42,26,0.5649
2026-10-07,2026-10-12,C,1200.0,1221,1151,0.5752
2026-10-07,2026-10-12,C,1205.0,78,6,0.5781
2026-10-07,2026-10-12,C,1210.0,141,119,0.5811
2026-10-07,2026-10-12,C,1215.0,46,5,0.5859
2026-10-07,2026-10-12,C,1220.0,24,18,0.5918
2026-10-07,2026-10-12,C,1225.0,43,210,0.5977
2026-10-07,2026-10-12,C,1230.0,24,23,0.6074
2026-10-07,2026-10-12,C,1235.0,59,15,0.6191
2026-10-07,2026-10-12,C,1240.0,21,10,0.7041
2026-10-07,2026-10-12,C,1245.0,25,2,0.7109
2026-10-07,2026-10-12,C,1250.0,237,374,0.7266
2026-10-07,2026-10-12,P,925.0,72,16,0.551
2026-10-07,2026-10-12,P,930.0,69,205,0.5396
2026-10-07,2026-10-12,P,935.0,73,10,0.5276
2026-10-07,2026-10-12,P,940.0,106,164,0.5166
2026-10-07,2026-10-12,P,945.0,302,89,0.5056
2026-10-07,2026-10-12,P,950.0,364,443,0.4995
2026-10-07,2026-10-12,P,955.0,169,90,0.4873
2026-10-07,2026-10-12,P,960.0,216,100,0.4766
2026-10-07,2026-10-12,P,965.0,130,175,0.4692
2026-10-07,2026-10-12,P,970.0,345,255,0.4608
2026-10-07,2026-10-12,P,975.0,447,271,0.4524
2026-10-07,2026-10-12,P,980.0,499,673,0.4451
2026-10-07,2026-10-12,P,985.0,110,1219,0.4404
2026-10-07,2026-10-12,P,990.0,261,393,0.4336
2026-10-07,2026-10-12,P,995.0,378,1396,0.4285
2026-10-07,2026-10-12,P,1000.0,1120,2514,0.4242
2026-10-07,2026-10-12,P,1005.0,112,686,0.4186
2026-10-07,2026-10-12,P,1010.0,300,676,0.4158
2026-10-07,2026-10-12,P,1015.0,325,727,0.4135
2026-10-07,2026-10-12,P,1020.0,735,1302,0.4112
2026-10-07,2026-10-12,P,1025.0,188,1220,0.4136
2026-10-07,2026-10-12,P,1030.0,160,1542,0.4084
2026-10-07,2026-10-12,P,1035.0,115,1242,0.4074
2026-10-07,2026-10-12,P,1040.0,119,1505,0.4117
2026-10-07,2026-10-12,P,1045.0,234,786,0.4214
2026-10-07,2026-10-12,P,1050.0,838,1177,0.407
2026-10-07,2026-10-12,P,1055.0,83,577,0.4266
2026-10-07,2026-10-12,P,1060.0,719,1094,0.41
2026-10-07,2026-10-12,P,1065.0,384,1118,0.4226
2026-10-07,2026-10-12,P,1070.0,214,830,0.4183
2026-10-07,2026-10-12,P,1075.0,308,657,0.4434
2026-10-07,2026-10-12,P,1080.0,322,587,0.4503
2026-10-07,2026-10-12,P,1085.0,173,121,0.4804
2026-10-07,2026-10-12,P,1090.0,99,57,0.5658
2026-10-07,2026-10-12,P,1095.0,86,23,0.5179
2026-10-07,2026-10-12,P,1100.0,37,71,0.5297
2026-10-07,2026-10-12,P,1105.0,105,20,0.5079
2026-10-07,2026-10-12,P,1110.0,34,37,0.5539
2026-10-07,2026-10-12,P,1115.0,136,9,0.5647
2026-10-07,2026-10-12,P,1120.0,96,16,0.5789
2026-10-07,2026-10-12,P,1125.0,20,23,0.5947
2026-10-07,2026-10-12,P,1130.0,226,11,0.6417
2026-10-07,2026-10-12,P,1135.0,19,3,0.712
2026-10-07,2026-10-12,P,1140.0,5,5,0.7524
2026-10-07,2026-10-12,P,1145.0,1,1,0.511
2026-10-07,2026-10-12,P,1150.0,7,11,0.5911
2026-10-07,2026-10-12,P,1155.0,1,0,0.5439
2026-10-07,2026-10-12,P,1170.0,1,0,0.5142
2026-10-07,2026-10-12,P,1180.0,1,0,1.0576
2026-10-07,2026-10-12,P,1195.0,1,0,0.582
2026-10-07,2026-10-12,P,1200.0,3,0,0.6616
2026-10-07,2026-10-12,P,1210.0,2,0,0.626
2026-10-07,2026-10-12,P,1220.0,0,2,0.749
2026-10-07,2026-10-14,C,925.0,13,0,0.6528
2026-10-07,2026-10-14,C,930.0,10,1,0.6364
2026-10-07,2026-10-14,C,935.0,32,3,0.6042
2026-10-07,2026-10-14,C,940.0,3,0,0.5907
2026-10-07,2026-10-14,C,945.0,44,6,0.59
2026-10-07,2026-10-14,C,950.0,32,4,0.5771
2026-10-07,2026-10-14,C,955.0,27,1,0.5354
2026-10-07,2026-10-14,C,960.0,41,1,0.52
2026-10-07,2026-10-14,C,965.0,7,2,0.5135
2026-10-07,2026-10-14,C,970.0,35,2,0.5082
2026-10-07,2026-10-14,C,975.0,65,4,0.512
2026-10-07,2026-10-14,C,980.0,27,11,0.5026
2026-10-07,2026-10-14,C,985.0,15,6,0.543
2026-10-07,2026-10-14,C,990.0,7,23,0.507
2026-10-07,2026-10-14,C,995.0,2,33,0.5039
2026-10-07,2026-10-14,C,1000.0,59,55,0.4882
2026-10-07,2026-10-14,C,1005.0,23,11,0.4934
2026-10-07,2026-10-14,C,1010.0,4,63,0.488
2026-10-07,2026-10-14,C,1020.0,18,55,0.4949
2026-10-07,2026-10-14,C,1025.0,21,40,0.4851
2026-10-07,2026-10-14,C,1030.0,62,177,0.4727
2026-10-07,2026-10-14,C,1035.0,36,360,0.4726
2026-10-07,2026-10-14,C,1040.0,52,406,0.4695
2026-10-07,2026-10-14,C,1045.0,26,454,0.4692
2026-10-07,2026-10-14,C,1050.0,115,409,0.4715
2026-10-07,2026-10-14,C,1055.0,82,180,0.47
2026-10-07,2026-10-14,C,1060.0,92,592,0.4704
2026-10-07,2026-10-14,C,1065.0,63,743,0.471
2026-10-07,2026-10-14,C,1070.0,169,687,0.4719
2026-10-07,2026-10-14,C,1075.0,139,454,0.4733
2026-10-07,2026-10-14,C,1080.0,298,976,0.4755
2026-10-07,2026-10-14,C,1085.0,45,240,0.4774
2026-10-07,2026-10-14,C,1090.0,127,213,0.4793
2026-10-07,2026-10-14,C,1095.0,187,117,0.4814
2026-10-07,2026-10-14,C,1100.0,497,3217,0.4838
2026-10-07,2026-10-14,C,1105.0,45,137,0.4869
2026-10-07,2026-10-14,C,1110.0,179,188,0.4895
2026-10-07,2026-10-14,C,1115.0,134,398,0.4933
2026-10-07,2026-10-14,C,1120.0,76,239,0.497
2026-10-07,2026-10-14,C,1125.0,74,165,0.5008
2026-10-07,2026-10-14,C,1130.0,70,217,0.5026
2026-10-07,2026-10-14,C,1135.0,52,117,0.5046
2026-10-07,2026-10-14,C,1140.0,82,376,0.5085
2026-10-07,2026-10-14,C,1145.0,30,74,0.5133
2026-10-07,2026-10-14,C,1150.0,282,599,0.5193
2026-10-07,2026-10-14,C,1155.0,25,30,0.5243
2026-10-07,2026-10-14,C,1160.0,113,239,0.5294
2026-10-07,2026-10-14,C,1165.0,28,36,0.5347
2026-10-07,2026-10-14,C,1170.0,13,51,0.5408
2026-10-07,2026-10-14,C,1175.0,20,129,0.5459
2026-10-07,2026-10-14,C,1180.0,353,86,0.5514
2026-10-07,2026-10-14,C,1185.0,40,95,0.5579
2026-10-07,2026-10-14,C,1190.0,85,70,0.5657
2026-10-07,2026-10-14,C,1195.0,14,34,0.5728
2026-10-07,2026-10-14,C,1200.0,290,348,0.5781
2026-10-07,2026-10-14,C,1205.0,90,14,0.5857
2026-10-07,2026-10-14,C,1210.0,206,12,0.592
2026-10-07,2026-10-14,C,1215.0,121,3,0.5994
2026-10-07,2026-10-14,C,1220.0,208,27,0.6052
2026-10-07,2026-10-14,C,1225.0,109,9,0.6121
2026-10-07,2026-10-14,C,1230.0,51,11,0.6191
2026-10-07,2026-10-14,C,1235.0,86,8,0.626
2026-10-07,2026-10-14,C,1240.0,34,24,0.6333
2026-10-07,2026-10-14,C,1245.0,45,1,0.6392
2026-10-07,2026-10-14,C,1250.0,255,62,0.6443
2026-10-07,2026-10-14,P,925.0,241,37,0.5381
2026-10-07,2026-10-14,P,930.0,90,106,0.5295
2026-10-07,2026-10-14,P,935.0,36,13,0.5217
2026-10-07,2026-10-14,P,940.0,65,113,0.5143
2026-10-07,2026-10-14,P,945.0,19,70,0.5081
2026-10-07,2026-10-14,P,950.0,169,202,0.5028
2026-10-07,2026-10-14,P,955.0,71,30,0.4996
2026-10-07,2026-10-14,P,960.0,89,221,0.4945
2026-10-07,2026-10-14,P,965.0,187,76,0.489
2026-10-07,2026-10-14,P,970.0,114,472,0.4847
2026-10-07,2026-10-14,P,975.0,50,1097,0.4796
2026-10-07,2026-10-14,P,980.0,148,319,0.4765
2026-10-07,2026-10-14,P,985.0,123,140,0.4735
2026-10-07,2026-10-14,P,990.0,136,125,0.4703
2026-10-07,2026-10-14,P,995.0,166,142,0.4681
2026-10-07,2026-10-14,P,1000.0,557,1148,0.4641
2026-10-07,2026-10-14,P,1005.0,235,100,0.4683
2026-10-07,2026-10-14,P,1010.0,257,462,0.467
2026-10-07,2026-10-14,P,1015.0,257,134,0.4656
2026-10-07,2026-10-14,P,1020.0,48,217,0.4594
2026-10-07,2026-10-14,P,1025.0,61,209,0.4619
2026-10-07,2026-10-14,P,1030.0,128,259,0.4659
2026-10-07,2026-10-14,P,1035.0,99,265,0.4668
2026-10-07,2026-10-14,P,1040.0,285,405,0.4722
2026-10-07,2026-10-14,P,1045.0,170,285,0.4671
2026-10-07,2026-10-14,P,1050.0,237,324,0.4588
2026-10-07,2026-10-14,P,1055.0,69,63,0.4629
2026-10-07,2026-10-14,P,1060.0,84,324,0.4632
2026-10-07,2026-10-14,P,1065.0,100,257,0.4708
2026-10-07,2026-10-14,P,1070.0,51,346,0.4824
2026-10-07,2026-10-14,P,1075.0,36,108,0.4876
2026-10-07,2026-10-14,P,1080.0,123,371,0.4846
2026-10-07,2026-10-14,P,1085.0,121,111,0.487
2026-10-07,2026-10-14,P,1090.0,56,134,0.4907
2026-10-07,2026-10-14,P,1095.0,5,13,0.5579
2026-10-07,2026-10-14,P,1100.0,13,136,0.5163
2026-10-07,2026-10-14,P,1105.0,6,9,0.5414
2026-10-07,2026-10-14,P,1110.0,4,9,0.5517
2026-10-07,2026-10-14,P,1115.0,1,2,0.553
2026-10-07,2026-10-14,P,1120.0,7,4,0.5587
2026-10-07,2026-10-14,P,1130.0,7,2,0.5798
2026-10-07,2026-10-14,P,1140.0,24,20,0.597
2026-10-07,2026-10-14,P,1150.0,15,0,0.8033
2026-10-07,2026-10-14,P,1160.0,5,2,0.5219
2026-10-07,2026-10-14,P,1165.0,1,0,0.5277
2026-10-07,2026-10-14,P,1175.0,1,0,0.521
2026-10-07,2026-10-14,P,1180.0,2,8,0.8635
2026-10-07,2026-10-14,P,1185.0,3,0,0.5549
2026-10-07,2026-10-14,P,1190.0,2,0,0.552
2026-10-07,2026-10-14,P,1195.0,13,0,0.926
2026-10-07,2026-10-14,P,1200.0,30,0,0.5796
2026-10-07,2026-10-14,P,1205.0,43,0,0.5442
2026-10-07,2026-10-14,P,1220.0,3,0,0.6118
2026-10-07,2026-10-14,P,1225.0,7,0,0.5664
2026-10-07,2026-10-14,P,1250.0,4,3,0.6914
2026-10-07,2026-10-16,C,925.0,62,26,0.5632
2026-10-07,2026-10-16,C,930.0,649,24,0.548
2026-10-07,2026-10-16,C,935.0,19,6,0.5693
2026-10-07,2026-10-16,C,940.0,801,7,0.5756
2026-10-07,2026-10-16,C,945.0,40,5,0.5674
2026-10-07,2026-10-16,C,950.0,3615,71,0.5632
2026-10-07,2026-10-16,C,955.0,28,10,0.5524
2026-10-07,2026-10-16,C,960.0,933,23,0.5327
2026-10-07,2026-10-16,C,965.0,37,15,0.5369
2026-10-07,2026-10-16,C,970.0,905,51,0.5064
2026-10-07,2026-10-16,C,975.0,133,5,0.5259
2026-10-07,2026-10-16,C,980.0,6355,97,0.504
2026-10-07,2026-10-16,C,985.0,80,12,0.5002
2026-10-07,2026-10-16,C,990.0,1060,140,0.5191
2026-10-07,2026-10-16,C,995.0,86,283,0.5064
2026-10-07,2026-10-16,C,1000.0,10091,2020,0.5026
2026-10-07,2026-10-16,C,1005.0,157,678,0.5005
2026-10-07,2026-10-16,C,1010.0,796,246,0.5006
2026-10-07,2026-10-16,C,1015.0,208,101,0.5038
2026-10-07,2026-10-16,C,1020.0,1088,477,0.4954
2026-10-07,2026-10-16,C,1025.0,202,424,0.4942
2026-10-07,2026-10-16,C,1030.0,835,568,0.4925
2026-10-07,2026-10-16,C,1035.0,303,624,0.4903
2026-10-07,2026-10-16,C,1040.0,1198,1994,0.49
2026-10-07,2026-10-16,C,1045.0,308,1024,0.4901
2026-10-07,2026-10-16,C,1050.0,4156,4243,0.4913
2026-10-07,2026-10-16,C,1055.0,1171,538,0.492
2026-10-07,2026-10-16,C,1060.0,1146,1152,0.4916
2026-10-07,2026-10-16,C,1065.0,746,1718,0.4907
2026-10-07,2026-10-16,C,1070.0,3037,1141,0.4921
2026-10-07,2026-10-16,C,1080.0,2464,2145,0.4926
2026-10-07,2026-10-16,C,1090.0,1474,1302,0.4948
2026-10-07,2026-10-16,C,1100.0,10574,10593,0.4978
2026-10-07,2026-10-16,C,1110.0,1499,883,0.5017
2026-10-07,2026-10-16,C,1120.0,1522,834,0.5035
2026-10-07,2026-10-16,C,1130.0,1049,446,0.5101
2026-10-07,2026-10-16,C,1140.0,1358,552,0.5165
2026-10-07,2026-10-16,C,1150.0,10213,5529,0.5239
2026-10-07,2026-10-16,C,1160.0,862,483,0.5321
2026-10-07,2026-10-16,C,1170.0,1061,626,0.541
2026-10-07,2026-10-16,C,1180.0,1178,380,0.5505
2026-10-07,2026-10-16,C,1190.0,904,202,0.5613
2026-10-07,2026-10-16,C,1200.0,10888,5794,0.5726
2026-10-07,2026-10-16,C,1210.0,1359,343,0.584
2026-10-07,2026-10-16,C,1220.0,2153,306,0.5955
2026-10-07,2026-10-16,C,1230.0,1174,162,0.6073
2026-10-07,2026-10-16,C,1240.0,480,311,0.6188
2026-10-07,2026-10-16,C,1250.0,3046,776,0.6311
2026-10-07,2026-10-16,P,925.0,463,200,0.5306
2026-10-07,2026-10-16,P,930.0,1498,304,0.5244
2026-10-07,2026-10-16,P,935.0,378,311,0.5187
2026-10-07,2026-10-16,P,940.0,2585,568,0.5142
2026-10-07,2026-10-16,P,945.0,655,139,0.5079
2026-10-07,2026-10-16,P,950.0,3492,1693,0.5037
2026-10-07,2026-10-16,P,955.0,403,163,0.5024
2026-10-07,2026-10-16,P,960.0,2940,634,0.499
2026-10-07,2026-10-16,P,965.0,590,251,0.4951
2026-10-07,2026-10-16,P,970.0,2546,1308,0.4918
2026-10-07,2026-10-16,P,975.0,628,545,0.4878
2026-10-07,2026-10-16,P,980.0,7525,1600,0.4854
2026-10-07,2026-10-16,P,985.0,450,610,0.483
2026-10-07,2026-10-16,P,990.0,1334,697,0.4816
2026-10-07,2026-10-16,P,995.0,737,408,0.48
2026-10-07,2026-10-16,P,1000.0,9431,4779,0.48
2026-10-07,2026-10-16,P,1005.0,355,275,0.4777
2026-10-07,2026-10-16,P,1010.0,804,652,0.4785
2026-10-07,2026-10-16,P,1015.0,499,423,0.4787
2026-10-07,2026-10-16,P,1020.0,1517,1116,0.4758
2026-10-07,2026-10-16,P,1025.0,447,628,0.4733
2026-10-07,2026-10-16,P,1030.0,973,1169,0.4743
2026-10-07,2026-10-16,P,1035.0,326,670,0.4771
2026-10-07,2026-10-16,P,1040.0,1625,969,0.4776
2026-10-07,2026-10-16,P,1045.0,810,408,0.4785
2026-10-07,2026-10-16,P,1050.0,3663,1710,0.4754
2026-10-07,2026-10-16,P,1055.0,279,785,0.4743
2026-10-07,2026-10-16,P,1060.0,776,920,0.4889
2026-10-07,2026-10-16,P,1065.0,538,672,0.4827
2026-10-07,2026-10-16,P,1070.0,1693,869,0.4804
2026-10-07,2026-10-16,P,1080.0,1173,737,0.4849
2026-10-07,2026-10-16,P,1090.0,565,62,0.4916
2026-10-07,2026-10-16,P,1100.0,4374,333,0.4955
2026-10-07,2026-10-16,P,1110.0,385,30,0.5405
2026-10-07,2026-10-16,P,1120.0,477,9,0.5501
2026-10-07,2026-10-16,P,1130.0,367,5,0.5587
2026-10-07,2026-10-16,P,1140.0,205,3,0.5695
2026-10-07,2026-10-16,P,1150.0,282,11,0.5216
2026-10-07,2026-10-16,P,1160.0,301,16,0.6781
2026-10-07,2026-10-16,P,1170.0,202,15,0.5221
2026-10-07,2026-10-16,P,1180.0,123,2,0.5283
2026-10-07,2026-10-16,P,1190.0,118,10,0.5298
2026-10-07,2026-10-16,P,1200.0,753,27,0.7037
2026-10-07,2026-10-16,P,1210.0,61,13,0.8024
2026-10-07,2026-10-16,P,1220.0,46,2,0.8253
2026-10-07,2026-10-16,P,1230.0,31,1,0.8511
2026-10-07,2026-10-16,P,1240.0,70,24,0.8743
2026-10-07,2026-10-16,P,1250.0,363,7,0.5523
