fecha,exp,tipo,strike,oi,vol,iv
2026-09-24,2026-09-25,C,1405.0,1,1,1.7266
2026-09-24,2026-09-25,C,1410.0,3,4,1.7021
2026-09-24,2026-09-25,C,1415.0,5,5,1.8384
2026-09-24,2026-09-25,C,1420.0,10,3,1.6523
2026-09-24,2026-09-25,C,1425.0,28,8,1.7271
2026-09-24,2026-09-25,C,1430.0,16,1,1.6035
2026-09-24,2026-09-25,C,1435.0,25,2,1.6064
2026-09-24,2026-09-25,C,1440.0,37,3,1.5547
2026-09-24,2026-09-25,C,1445.0,8,1,1.5566
2026-09-24,2026-09-25,C,1450.0,63,24,1.5322
2026-09-24,2026-09-25,C,1455.0,18,1,1.5078
2026-09-24,2026-09-25,C,1460.0,45,1,1.4824
2026-09-24,2026-09-25,C,1465.0,34,8,1.4336
2026-09-24,2026-09-25,C,1470.0,18,2,1.3496
2026-09-24,2026-09-25,C,1475.0,23,3,1.3848
2026-09-24,2026-09-25,C,1480.0,140,2,1.5537
2026-09-24,2026-09-25,C,1485.0,59,2,1.3604
2026-09-24,2026-09-25,C,1490.0,43,4,1.2227
2026-09-24,2026-09-25,C,1495.0,73,6,1.3115
2026-09-24,2026-09-25,C,1500.0,256,41,1.459
2026-09-24,2026-09-25,C,1505.0,9,1,1.0606
2026-09-24,2026-09-25,C,1510.0,114,4,1.2954
2026-09-24,2026-09-25,C,1515.0,94,2,1.0195
2026-09-24,2026-09-25,C,1520.0,65,8,0.998
2026-09-24,2026-09-25,C,1525.0,63,2,1.186
2026-09-24,2026-09-25,C,1530.0,191,7,1.4185
2026-09-24,2026-09-25,C,1535.0,60,1,1.1704
2026-09-24,2026-09-25,C,1540.0,145,5,1.2856
2026-09-24,2026-09-25,C,1545.0,110,10,1.2676
2026-09-24,2026-09-25,C,1550.0,285,8,1.29
2026-09-24,2026-09-25,C,1555.0,51,3,1.0713
2026-09-24,2026-09-25,C,1560.0,73,5,1.0317
2026-09-24,2026-09-25,C,1565.0,53,1,0.9365
2026-09-24,2026-09-25,C,1570.0,125,2,1.1775
2026-09-24,2026-09-25,C,1575.0,31,2,0.9971
2026-09-24,2026-09-25,C,1580.0,472,12,1.0767
2026-09-24,2026-09-25,C,1585.0,31,3,0.9688
2026-09-24,2026-09-25,C,1590.0,71,2,0.9429
2026-09-24,2026-09-25,C,1595.0,99,1,0.8965
2026-09-24,2026-09-25,C,1600.0,819,145,1.3136
2026-09-24,2026-09-25,C,1605.0,129,105,0.9868
2026-09-24,2026-09-25,C,1610.0,103,8,0.8401
2026-09-24,2026-09-25,C,1615.0,71,2,0.832
2026-09-24,2026-09-25,C,1620.0,148,4,0.7886
2026-09-24,2026-09-25,C,1625.0,194,8,0.7795
2026-09-24,2026-09-25,C,1630.0,493,9,0.8911
2026-09-24,2026-09-25,C,1635.0,67,2,0.8162
2026-09-24,2026-09-25,C,1640.0,250,43,0.8873
2026-09-24,2026-09-25,C,1645.0,41,5,0.7786
2026-09-24,2026-09-25,C,1650.0,496,69,0.8887
2026-09-24,2026-09-25,C,1655.0,36,5,0.8425
2026-09-24,2026-09-25,C,1660.0,99,12,0.8162
2026-09-24,2026-09-25,C,1665.0,66,17,0.8132
2026-09-24,2026-09-25,C,1670.0,333,26,0.7587
2026-09-24,2026-09-25,C,1675.0,88,16,0.7639
2026-09-24,2026-09-25,C,1680.0,80,35,0.7719
2026-09-24,2026-09-25,C,1685.0,52,44,0.7609
2026-09-24,2026-09-25,C,1690.0,95,27,0.754
2026-09-24,2026-09-25,C,1695.0,38,24,0.7357
2026-09-24,2026-09-25,C,1700.0,1614,686,0.7444
2026-09-24,2026-09-25,C,1705.0,186,22,0.7336
2026-09-24,2026-09-25,C,1710.0,135,64,0.7268
2026-09-24,2026-09-25,C,1715.0,109,96,0.7361
2026-09-24,2026-09-25,C,1720.0,173,195,0.7686
2026-09-24,2026-09-25,C,1725.0,137,397,0.7272
2026-09-24,2026-09-25,C,1730.0,203,905,0.7178
2026-09-24,2026-09-25,C,1735.0,86,786,0.7235
2026-09-24,2026-09-25,C,1740.0,256,1608,0.7247
2026-09-24,2026-09-25,C,1745.0,145,1148,0.7301
2026-09-24,2026-09-25,C,1750.0,803,4405,0.7245
2026-09-24,2026-09-25,C,1755.0,250,1233,0.7257
2026-09-24,2026-09-25,C,1760.0,194,2835,0.7229
2026-09-24,2026-09-25,C,1762.5,83,1035,0.7261
2026-09-24,2026-09-25,C,1765.0,168,2435,0.7421
2026-09-24,2026-09-25,C,1767.5,52,1221,0.731
2026-09-24,2026-09-25,C,1770.0,245,2807,0.7354
2026-09-24,2026-09-25,C,1772.5,29,600,0.7404
2026-09-24,2026-09-25,C,1775.0,187,1714,0.7402
2026-09-24,2026-09-25,C,1777.5,86,865,0.7346
2026-09-24,2026-09-25,C,1780.0,310,2929,0.7411
2026-09-24,2026-09-25,C,1782.5,662,994,0.7452
2026-09-24,2026-09-25,C,1785.0,98,962,0.7471
2026-09-24,2026-09-25,C,1790.0,215,2305,0.7526
2026-09-24,2026-09-25,C,1795.0,116,1342,0.7561
2026-09-24,2026-09-25,C,1800.0,2183,14107,0.7578
2026-09-24,2026-09-25,C,1805.0,256,834,0.7609
2026-09-24,2026-09-25,C,1810.0,280,1256,0.766
2026-09-24,2026-09-25,C,1815.0,351,770,0.7717
2026-09-24,2026-09-25,C,1820.0,406,2816,0.7824
2026-09-24,2026-09-25,C,1825.0,476,7664,0.7885
2026-09-24,2026-09-25,C,1830.0,349,2143,0.7961
2026-09-24,2026-09-25,C,1835.0,212,725,0.8035
2026-09-24,2026-09-25,C,1840.0,331,1072,0.8109
2026-09-24,2026-09-25,C,1845.0,640,700,0.8212
2026-09-24,2026-09-25,C,1850.0,1522,5806,0.8264
2026-09-24,2026-09-25,C,1855.0,225,772,0.8412
2026-09-24,2026-09-25,C,1860.0,610,1185,0.8483
2026-09-24,2026-09-25,C,1865.0,185,330,0.8566
2026-09-24,2026-09-25,C,1870.0,570,700,0.8628
2026-09-24,2026-09-25,C,1875.0,399,1059,0.8726
2026-09-24,2026-09-25,C,1880.0,269,630,0.8787
2026-09-24,2026-09-25,C,1885.0,310,286,0.8893
2026-09-24,2026-09-25,C,1890.0,487,792,0.9009
2026-09-24,2026-09-25,C,1895.0,494,687,0.9111
2026-09-24,2026-09-25,C,1900.0,2688,8932,0.9174
2026-09-24,2026-09-25,C,1910.0,426,706,0.9861
2026-09-24,2026-09-25,C,1920.0,607,1244,0.9695
2026-09-24,2026-09-25,C,1930.0,340,383,1.0176
2026-09-24,2026-09-25,C,1940.0,288,407,1.0444
2026-09-24,2026-09-25,C,1950.0,1479,2809,1.022
2026-09-24,2026-09-25,C,1960.0,549,362,1.0627
2026-09-24,2026-09-25,C,1970.0,754,624,1.1177
2026-09-24,2026-09-25,C,1980.0,577,657,1.1113
2026-09-24,2026-09-25,C,1990.0,526,227,1.1318
2026-09-24,2026-09-25,C,2000.0,4281,6196,1.1426
2026-09-24,2026-09-25,C,2010.0,849,253,1.1719
2026-09-24,2026-09-25,C,2020.0,646,351,1.2085
2026-09-24,2026-09-25,C,2030.0,107,45,1.2744
2026-09-24,2026-09-25,C,2040.0,141,142,1.272
2026-09-24,2026-09-25,C,2050.0,1085,1180,1.2803
2026-09-24,2026-09-25,C,2060.0,262,200,1.3506
2026-09-24,2026-09-25,C,2070.0,165,55,1.3584
2026-09-24,2026-09-25,C,2080.0,227,76,1.4019
2026-09-24,2026-09-25,C,2090.0,208,114,1.4258
2026-09-24,2026-09-25,C,2100.0,1153,1310,1.4033
2026-09-24,2026-09-25,P,1405.0,203,19,1.4258
2026-09-24,2026-09-25,P,1410.0,101,10,1.667
2026-09-24,2026-09-25,P,1415.0,47,1,1.8369
2026-09-24,2026-09-25,P,1420.0,370,5,1.4141
2026-09-24,2026-09-25,P,1425.0,132,5,1.5938
2026-09-24,2026-09-25,P,1430.0,325,31,1.4922
2026-09-24,2026-09-25,P,1435.0,134,1,1.6035
2026-09-24,2026-09-25,P,1440.0,125,9,1.5371
2026-09-24,2026-09-25,P,1445.0,199,7,1.375
2026-09-24,2026-09-25,P,1450.0,432,96,1.3223
2026-09-24,2026-09-25,P,1455.0,130,2,1.3984
2026-09-24,2026-09-25,P,1460.0,175,32,1.4102
2026-09-24,2026-09-25,P,1465.0,600,325,1.2227
2026-09-24,2026-09-25,P,1470.0,231,40,1.3789
2026-09-24,2026-09-25,P,1475.0,249,10,1.2129
2026-09-24,2026-09-25,P,1480.0,407,197,1.3945
2026-09-24,2026-09-25,P,1485.0,537,10,1.6516
2026-09-24,2026-09-25,P,1490.0,461,192,1.2842
2026-09-24,2026-09-25,P,1495.0,128,11,1.2607
2026-09-24,2026-09-25,P,1500.0,3037,638,1.1328
2026-09-24,2026-09-25,P,1505.0,309,2,1.2393
2026-09-24,2026-09-25,P,1510.0,519,686,1.0625
2026-09-24,2026-09-25,P,1515.0,194,8,1.1387
2026-09-24,2026-09-25,P,1520.0,297,91,1.0664
2026-09-24,2026-09-25,P,1525.0,446,1104,1.1436
2026-09-24,2026-09-25,P,1530.0,479,863,1.04
2026-09-24,2026-09-25,P,1535.0,194,31,1.0479
2026-09-24,2026-09-25,P,1540.0,608,1067,0.9785
2026-09-24,2026-09-25,P,1545.0,330,206,1.0156
2026-09-24,2026-09-25,P,1550.0,1382,927,0.9658
2026-09-24,2026-09-25,P,1555.0,114,220,0.957
2026-09-24,2026-09-25,P,1560.0,571,938,0.9463
2026-09-24,2026-09-25,P,1565.0,106,144,0.9346
2026-09-24,2026-09-25,P,1570.0,273,148,0.9497
2026-09-24,2026-09-25,P,1575.0,269,312,0.8887
2026-09-24,2026-09-25,P,1580.0,682,467,0.8755
2026-09-24,2026-09-25,P,1585.0,228,81,0.8701
2026-09-24,2026-09-25,P,1590.0,442,256,0.8765
2026-09-24,2026-09-25,P,1595.0,246,255,0.8525
2026-09-24,2026-09-25,P,1600.0,1624,2626,0.8281
2026-09-24,2026-09-25,P,1605.0,672,200,0.855
2026-09-24,2026-09-25,P,1610.0,229,157,0.8247
2026-09-24,2026-09-25,P,1615.0,119,214,0.8181
2026-09-24,2026-09-25,P,1620.0,535,433,0.7966
2026-09-24,2026-09-25,P,1625.0,222,463,0.8127
2026-09-24,2026-09-25,P,1630.0,505,1577,0.7788
2026-09-24,2026-09-25,P,1635.0,131,337,0.7778
2026-09-24,2026-09-25,P,1640.0,474,330,0.7678
2026-09-24,2026-09-25,P,1645.0,174,249,0.7607
2026-09-24,2026-09-25,P,1650.0,1306,2187,0.7534
2026-09-24,2026-09-25,P,1655.0,186,222,0.7478
2026-09-24,2026-09-25,P,1660.0,502,743,0.7391
2026-09-24,2026-09-25,P,1665.0,213,584,0.7333
2026-09-24,2026-09-25,P,1670.0,437,1008,0.7291
2026-09-24,2026-09-25,P,1675.0,258,376,0.723
2026-09-24,2026-09-25,P,1680.0,343,633,0.7192
2026-09-24,2026-09-25,P,1685.0,209,310,0.7119
2026-09-24,2026-09-25,P,1690.0,366,1175,0.7129
2026-09-24,2026-09-25,P,1695.0,609,778,0.7074
2026-09-24,2026-09-25,P,1700.0,2718,5966,0.7045
2026-09-24,2026-09-25,P,1705.0,149,665,0.7033
2026-09-24,2026-09-25,P,1710.0,425,885,0.6979
2026-09-24,2026-09-25,P,1715.0,314,1087,0.6973
2026-09-24,2026-09-25,P,1720.0,486,1626,0.6972
2026-09-24,2026-09-25,P,1725.0,226,968,0.699
2026-09-24,2026-09-25,P,1730.0,270,1619,0.6949
2026-09-24,2026-09-25,P,1735.0,187,1098,0.6911
2026-09-24,2026-09-25,P,1740.0,383,1318,0.6959
2026-09-24,2026-09-25,P,1745.0,203,1289,0.7058
2026-09-24,2026-09-25,P,1750.0,984,4207,0.6963
2026-09-24,2026-09-25,P,1755.0,352,1236,0.7031
2026-09-24,2026-09-25,P,1760.0,259,2197,0.6988
2026-09-24,2026-09-25,P,1762.5,138,786,0.7061
2026-09-24,2026-09-25,P,1765.0,270,1340,0.7082
2026-09-24,2026-09-25,P,1767.5,77,583,0.6996
2026-09-24,2026-09-25,P,1770.0,589,1846,0.6982
2026-09-24,2026-09-25,P,1772.5,384,499,0.707
2026-09-24,2026-09-25,P,1775.0,267,1327,0.7193
2026-09-24,2026-09-25,P,1777.5,95,483,0.7004
2026-09-24,2026-09-25,P,1780.0,580,2539,0.708
2026-09-24,2026-09-25,P,1782.5,110,723,0.7177
2026-09-24,2026-09-25,P,1785.0,119,515,0.7115
2026-09-24,2026-09-25,P,1790.0,300,658,0.7158
2026-09-24,2026-09-25,P,1795.0,213,375,0.7211
2026-09-24,2026-09-25,P,1800.0,1233,1919,0.7212
2026-09-24,2026-09-25,P,1805.0,415,305,0.7405
2026-09-24,2026-09-25,P,1810.0,142,266,0.7314
2026-09-24,2026-09-25,P,1815.0,109,109,0.7471
2026-09-24,2026-09-25,P,1820.0,308,90,0.7482
2026-09-24,2026-09-25,P,1825.0,312,230,0.7655
2026-09-24,2026-09-25,P,1830.0,306,259,0.7505
2026-09-24,2026-09-25,P,1835.0,369,57,0.7366
2026-09-24,2026-09-25,P,1840.0,486,82,0.7507
2026-09-24,2026-09-25,P,1845.0,291,22,0.8196
2026-09-24,2026-09-25,P,1850.0,1307,556,0.7922
2026-09-24,2026-09-25,P,1855.0,248,14,0.7716
2026-09-24,2026-09-25,P,1860.0,141,41,0.7576
2026-09-24,2026-09-25,P,1865.0,232,7,0.8406
2026-09-24,2026-09-25,P,1870.0,336,52,0.6946
2026-09-24,2026-09-25,P,1875.0,197,118,0.8564
2026-09-24,2026-09-25,P,1880.0,335,217,0.8865
2026-09-24,2026-09-25,P,1885.0,166,34,0.7427
2026-09-24,2026-09-25,P,1890.0,274,20,0.7725
2026-09-24,2026-09-25,P,1895.0,176,15,0.7349
2026-09-24,2026-09-25,P,1900.0,352,269,0.9006
2026-09-24,2026-09-25,P,1910.0,25,2,0.7339
2026-09-24,2026-09-25,P,1920.0,34,3,1.332
2026-09-24,2026-09-25,P,1930.0,106,92,1.342
2026-09-24,2026-09-25,P,1940.0,29,3,1.4216
2026-09-24,2026-09-25,P,1950.0,39,14,1.4541
2026-09-24,2026-09-25,P,1960.0,24,1,0.9551
2026-09-24,2026-09-25,P,1970.0,7,1,1.571
2026-09-24,2026-09-25,P,1980.0,91,1,1.6146
2026-09-24,2026-09-25,P,1990.0,11,2,1.6646
2026-09-24,2026-09-25,P,2000.0,127,37,1.7063
2026-09-24,2026-09-25,P,2010.0,13,4,1.7316
2026-09-24,2026-09-25,P,2020.0,19,61,1.8108
2026-09-24,2026-09-25,P,2030.0,19,0,1.8585
2026-09-24,2026-09-25,P,2040.0,2,1,1.9058
2026-09-24,2026-09-25,P,2050.0,8,1,1.9524
2026-09-24,2026-09-25,P,2060.0,4,1,1.9987
2026-09-24,2026-09-25,P,2080.0,1,8,2.0897
2026-09-24,2026-09-25,P,2090.0,8,10,2.1345
2026-09-24,2026-09-25,P,2100.0,19,18,2.1525
2026-09-24,2026-10-02,C,1405.0,3,1,0.8803
2026-09-24,2026-10-02,C,1410.0,0,2,0.8708
2026-09-24,2026-10-02,C,1415.0,3,1,0.8848
2026-09-24,2026-10-02,C,1420.0,2,1,0.881
2026-09-24,2026-10-02,C,1425.0,10,1,0.8806
2026-09-24,2026-10-02,C,1430.0,3,3,0.8369
2026-09-24,2026-10-02,C,1435.0,3,1,0.8657
2026-09-24,2026-10-02,C,1440.0,19,6,0.8426
2026-09-24,2026-10-02,C,1445.0,8,1,0.852
2026-09-24,2026-10-02,C,1450.0,107,2,0.8499
2026-09-24,2026-10-02,C,1455.0,10,6,0.8393
2026-09-24,2026-10-02,C,1460.0,16,3,0.8552
2026-09-24,2026-10-02,C,1465.0,10,1,0.8227
2026-09-24,2026-10-02,C,1470.0,205,2,0.8345
2026-09-24,2026-10-02,C,1475.0,69,2,0.8087
2026-09-24,2026-10-02,C,1480.0,56,16,0.8221
2026-09-24,2026-10-02,C,1485.0,16,1,0.8107
2026-09-24,2026-10-02,C,1490.0,69,25,0.8153
2026-09-24,2026-10-02,C,1495.0,201,52,0.814
2026-09-24,2026-10-02,C,1500.0,188,32,0.8084
2026-09-24,2026-10-02,C,1505.0,3,1,0.7917
2026-09-24,2026-10-02,C,1510.0,13,1,0.7988
2026-09-24,2026-10-02,C,1515.0,20,1,0.774
2026-09-24,2026-10-02,C,1520.0,128,6,0.7825
2026-09-24,2026-10-02,C,1525.0,16,2,0.7725
2026-09-24,2026-10-02,C,1530.0,27,3,0.7645
2026-09-24,2026-10-02,C,1535.0,47,2,0.7729
2026-09-24,2026-10-02,C,1540.0,68,4,0.777
2026-09-24,2026-10-02,C,1545.0,24,1,0.7803
2026-09-24,2026-10-02,C,1550.0,127,49,0.7607
2026-09-24,2026-10-02,C,1555.0,49,2,0.7775
2026-09-24,2026-10-02,C,1560.0,70,2,0.7649
2026-09-24,2026-10-02,C,1565.0,26,41,0.7625
2026-09-24,2026-10-02,C,1570.0,21,4,0.7597
2026-09-24,2026-10-02,C,1575.0,70,3,0.7564
2026-09-24,2026-10-02,C,1580.0,109,5,0.7495
2026-09-24,2026-10-02,C,1585.0,34,14,0.7478
2026-09-24,2026-10-02,C,1590.0,54,39,0.7448
2026-09-24,2026-10-02,C,1595.0,41,17,0.7451
2026-09-24,2026-10-02,C,1600.0,4325,4203,0.7412
2026-09-24,2026-10-02,C,1605.0,106,5,0.7522
2026-09-24,2026-10-02,C,1610.0,51,13,0.7553
2026-09-24,2026-10-02,C,1615.0,18,14,0.7438
2026-09-24,2026-10-02,C,1620.0,77,1,0.7497
2026-09-24,2026-10-02,C,1625.0,42,2,0.7466
2026-09-24,2026-10-02,C,1630.0,38,6,0.7442
2026-09-24,2026-10-02,C,1635.0,120,1,0.7549
2026-09-24,2026-10-02,C,1640.0,36,4,0.7321
2026-09-24,2026-10-02,C,1645.0,12,3,0.748
2026-09-24,2026-10-02,C,1650.0,284,68,0.7482
2026-09-24,2026-10-02,C,1655.0,13,2,0.7468
2026-09-24,2026-10-02,C,1660.0,21,5,0.7313
2026-09-24,2026-10-02,C,1665.0,39,7,0.7346
2026-09-24,2026-10-02,C,1670.0,34,4,0.7509
2026-09-24,2026-10-02,C,1675.0,53,19,0.7458
2026-09-24,2026-10-02,C,1680.0,72,9,0.7482
2026-09-24,2026-10-02,C,1685.0,11,2,0.7179
2026-09-24,2026-10-02,C,1690.0,76,4,0.7242
2026-09-24,2026-10-02,C,1695.0,26,1,0.7443
2026-09-24,2026-10-02,C,1700.0,318,160,0.7461
2026-09-24,2026-10-02,C,1705.0,107,2,0.7397
2026-09-24,2026-10-02,C,1710.0,104,16,0.7309
2026-09-24,2026-10-02,C,1715.0,34,8,0.7447
2026-09-24,2026-10-02,C,1720.0,82,55,0.7384
2026-09-24,2026-10-02,C,1725.0,39,42,0.7376
2026-09-24,2026-10-02,C,1730.0,33,39,0.7505
2026-09-24,2026-10-02,C,1735.0,27,119,0.7383
2026-09-24,2026-10-02,C,1740.0,84,109,0.7379
2026-09-24,2026-10-02,C,1745.0,52,103,0.7327
2026-09-24,2026-10-02,C,1750.0,317,473,0.7356
2026-09-24,2026-10-02,C,1755.0,50,342,0.7328
2026-09-24,2026-10-02,C,1760.0,67,341,0.7473
2026-09-24,2026-10-02,C,1765.0,42,173,0.7487
2026-09-24,2026-10-02,C,1770.0,138,248,0.7376
2026-09-24,2026-10-02,C,1775.0,52,140,0.7448
2026-09-24,2026-10-02,C,1780.0,109,670,0.7428
2026-09-24,2026-10-02,C,1785.0,59,98,0.7423
2026-09-24,2026-10-02,C,1790.0,34,58,0.7486
2026-09-24,2026-10-02,C,1795.0,83,125,0.7486
2026-09-24,2026-10-02,C,1800.0,863,1293,0.7388
2026-09-24,2026-10-02,C,1805.0,38,33,0.7378
2026-09-24,2026-10-02,C,1810.0,170,92,0.7542
2026-09-24,2026-10-02,C,1815.0,55,74,0.7618
2026-09-24,2026-10-02,C,1820.0,56,73,0.749
2026-09-24,2026-10-02,C,1825.0,382,172,0.7643
2026-09-24,2026-10-02,C,1830.0,169,51,0.7626
2026-09-24,2026-10-02,C,1835.0,56,59,0.7594
2026-09-24,2026-10-02,C,1840.0,281,133,0.7531
2026-09-24,2026-10-02,C,1845.0,68,19,0.763
2026-09-24,2026-10-02,C,1850.0,689,490,0.7515
2026-09-24,2026-10-02,C,1855.0,54,35,0.7792
2026-09-24,2026-10-02,C,1860.0,269,155,0.7728
2026-09-24,2026-10-02,C,1865.0,56,28,0.7679
2026-09-24,2026-10-02,C,1870.0,114,35,0.7745
2026-09-24,2026-10-02,C,1875.0,53,89,0.7714
2026-09-24,2026-10-02,C,1880.0,103,61,0.7723
2026-09-24,2026-10-02,C,1885.0,74,16,0.778
2026-09-24,2026-10-02,C,1890.0,85,96,0.7689
2026-09-24,2026-10-02,C,1895.0,75,32,0.7709
2026-09-24,2026-10-02,C,1900.0,1128,1443,0.7784
2026-09-24,2026-10-02,C,1910.0,115,358,0.7789
2026-09-24,2026-10-02,C,1920.0,158,81,0.7809
2026-09-24,2026-10-02,C,1930.0,94,102,0.7898
2026-09-24,2026-10-02,C,1940.0,82,34,0.7883
2026-09-24,2026-10-02,C,1950.0,514,549,0.8017
2026-09-24,2026-10-02,C,1960.0,50,137,0.7995
2026-09-24,2026-10-02,C,1970.0,60,32,0.8023
2026-09-24,2026-10-02,C,1980.0,153,29,0.8045
2026-09-24,2026-10-02,C,1990.0,73,27,0.8038
2026-09-24,2026-10-02,C,2000.0,1698,2783,0.8149
2026-09-24,2026-10-02,C,2010.0,107,50,0.821
2026-09-24,2026-10-02,C,2020.0,118,81,0.8208
2026-09-24,2026-10-02,C,2030.0,95,63,0.8312
2026-09-24,2026-10-02,C,2040.0,121,56,0.8316
2026-09-24,2026-10-02,C,2050.0,265,261,0.8286
2026-09-24,2026-10-02,C,2060.0,62,56,0.8407
2026-09-24,2026-10-02,C,2070.0,26,55,0.846
2026-09-24,2026-10-02,C,2080.0,138,43,0.8391
2026-09-24,2026-10-02,C,2090.0,99,19,0.8563
2026-09-24,2026-10-02,C,2100.0,368,349,0.8554
2026-09-24,2026-10-02,P,1405.0,22,4,0.8301
2026-09-24,2026-10-02,P,1410.0,134,16,0.7854
2026-09-24,2026-10-02,P,1415.0,93,6,0.8221
2026-09-24,2026-10-02,P,1420.0,359,92,0.7289
2026-09-24,2026-10-02,P,1425.0,53,7,0.7761
2026-09-24,2026-10-02,P,1430.0,279,51,0.8097
2026-09-24,2026-10-02,P,1435.0,51,11,0.7808
2026-09-24,2026-10-02,P,1440.0,130,7,0.761
2026-09-24,2026-10-02,P,1445.0,32,13,0.7617
2026-09-24,2026-10-02,P,1450.0,154,59,0.7595
2026-09-24,2026-10-02,P,1455.0,88,15,0.759
2026-09-24,2026-10-02,P,1460.0,142,67,0.7557
2026-09-24,2026-10-02,P,1465.0,22,119,0.7521
2026-09-24,2026-10-02,P,1470.0,203,33,0.7699
2026-09-24,2026-10-02,P,1475.0,39,31,0.751
2026-09-24,2026-10-02,P,1480.0,87,43,0.7496
2026-09-24,2026-10-02,P,1485.0,30,11,0.7459
2026-09-24,2026-10-02,P,1490.0,38,251,0.7451
2026-09-24,2026-10-02,P,1495.0,132,37,0.7405
2026-09-24,2026-10-02,P,1500.0,597,425,0.7358
2026-09-24,2026-10-02,P,1505.0,71,7,0.7363
2026-09-24,2026-10-02,P,1510.0,101,134,0.7361
2026-09-24,2026-10-02,P,1515.0,47,109,0.7314
2026-09-24,2026-10-02,P,1520.0,36,21,0.7264
2026-09-24,2026-10-02,P,1525.0,72,22,0.7236
2026-09-24,2026-10-02,P,1530.0,91,224,0.7284
2026-09-24,2026-10-02,P,1535.0,59,44,0.7278
2026-09-24,2026-10-02,P,1540.0,270,76,0.7276
2026-09-24,2026-10-02,P,1545.0,58,26,0.7278
2026-09-24,2026-10-02,P,1550.0,270,503,0.7234
2026-09-24,2026-10-02,P,1555.0,56,11,0.7167
2026-09-24,2026-10-02,P,1560.0,162,36,0.722
2026-09-24,2026-10-02,P,1565.0,36,42,0.7209
2026-09-24,2026-10-02,P,1570.0,196,58,0.7183
2026-09-24,2026-10-02,P,1575.0,79,46,0.7204
2026-09-24,2026-10-02,P,1580.0,125,68,0.7192
2026-09-24,2026-10-02,P,1585.0,27,146,0.7152
2026-09-24,2026-10-02,P,1590.0,176,76,0.7177
2026-09-24,2026-10-02,P,1595.0,98,53,0.7142
2026-09-24,2026-10-02,P,1600.0,541,604,0.7065
2026-09-24,2026-10-02,P,1605.0,133,76,0.7266
2026-09-24,2026-10-02,P,1610.0,76,174,0.7193
2026-09-24,2026-10-02,P,1615.0,44,94,0.7049
2026-09-24,2026-10-02,P,1620.0,92,75,0.7105
2026-09-24,2026-10-02,P,1625.0,159,45,0.7101
2026-09-24,2026-10-02,P,1630.0,238,116,0.706
2026-09-24,2026-10-02,P,1635.0,56,15,0.7045
2026-09-24,2026-10-02,P,1640.0,289,50,0.7098
2026-09-24,2026-10-02,P,1645.0,165,58,0.7024
2026-09-24,2026-10-02,P,1650.0,298,276,0.7117
2026-09-24,2026-10-02,P,1655.0,168,56,0.7137
2026-09-24,2026-10-02,P,1660.0,104,70,0.7009
2026-09-24,2026-10-02,P,1665.0,62,37,0.7137
2026-09-24,2026-10-02,P,1670.0,109,27,0.7123
2026-09-24,2026-10-02,P,1675.0,120,27,0.7087
2026-09-24,2026-10-02,P,1680.0,156,64,0.7143
2026-09-24,2026-10-02,P,1685.0,75,152,0.7107
2026-09-24,2026-10-02,P,1690.0,227,53,0.7187
2026-09-24,2026-10-02,P,1695.0,85,52,0.7182
2026-09-24,2026-10-02,P,1700.0,452,795,0.7162
2026-09-24,2026-10-02,P,1705.0,55,36,0.7004
2026-09-24,2026-10-02,P,1710.0,55,51,0.712
2026-09-24,2026-10-02,P,1715.0,43,19,0.6979
2026-09-24,2026-10-02,P,1720.0,114,96,0.6979
2026-09-24,2026-10-02,P,1725.0,69,93,0.721
2026-09-24,2026-10-02,P,1730.0,52,131,0.733
2026-09-24,2026-10-02,P,1735.0,40,33,0.7259
2026-09-24,2026-10-02,P,1740.0,152,194,0.7168
2026-09-24,2026-10-02,P,1745.0,28,61,0.7091
2026-09-24,2026-10-02,P,1750.0,208,435,0.7209
2026-09-24,2026-10-02,P,1755.0,44,123,0.734
2026-09-24,2026-10-02,P,1760.0,73,173,0.7233
2026-09-24,2026-10-02,P,1765.0,21,72,0.7291
2026-09-24,2026-10-02,P,1770.0,84,67,0.7233
2026-09-24,2026-10-02,P,1775.0,60,36,0.716
2026-09-24,2026-10-02,P,1780.0,428,394,0.7121
2026-09-24,2026-10-02,P,1785.0,17,34,0.7183
2026-09-24,2026-10-02,P,1790.0,61,41,0.7201
2026-09-24,2026-10-02,P,1795.0,32,31,0.72
2026-09-24,2026-10-02,P,1800.0,292,281,0.7238
2026-09-24,2026-10-02,P,1805.0,46,17,0.7198
2026-09-24,2026-10-02,P,1810.0,64,5,0.743
2026-09-24,2026-10-02,P,1815.0,24,7,0.7341
2026-09-24,2026-10-02,P,1820.0,45,19,0.7467
2026-09-24,2026-10-02,P,1825.0,46,11,0.7256
2026-09-24,2026-10-02,P,1830.0,123,13,0.7266
2026-09-24,2026-10-02,P,1835.0,120,1,0.7283
2026-09-24,2026-10-02,P,1840.0,30,3,0.7342
2026-09-24,2026-10-02,P,1845.0,176,1,0.7308
2026-09-24,2026-10-02,P,1850.0,143,112,0.7295
2026-09-24,2026-10-02,P,1855.0,52,10,0.7234
2026-09-24,2026-10-02,P,1860.0,152,1,0.732
2026-09-24,2026-10-02,P,1865.0,28,5,0.7381
2026-09-24,2026-10-02,P,1870.0,75,1,0.7366
2026-09-24,2026-10-02,P,1875.0,124,24,0.7336
2026-09-24,2026-10-02,P,1880.0,57,1,0.7545
2026-09-24,2026-10-02,P,1885.0,46,1,0.7363
2026-09-24,2026-10-02,P,1890.0,133,2,0.757
2026-09-24,2026-10-02,P,1895.0,103,6,0.7576
2026-09-24,2026-10-02,P,1900.0,312,18,0.7591
2026-09-24,2026-10-02,P,1910.0,98,1,0.7471
2026-09-24,2026-10-02,P,1920.0,2,5,0.7513
2026-09-24,2026-10-02,P,1930.0,2,5,0.7501
2026-09-24,2026-10-02,P,1940.0,9,0,0.7581
2026-09-24,2026-10-02,P,1950.0,34,13,0.7551
2026-09-24,2026-10-02,P,1970.0,2,1,0.7477
2026-09-24,2026-10-02,P,1980.0,2,2,0.7518
2026-09-24,2026-10-02,P,1990.0,1,0,0.7459
2026-09-24,2026-10-02,P,2000.0,13,47,0.7694
2026-09-24,2026-10-02,P,2010.0,13,1,0.7474
2026-09-24,2026-10-02,P,2020.0,15,1,0.7732
2026-09-24,2026-10-02,P,2030.0,13,1,0.767
2026-09-24,2026-10-02,P,2040.0,4,1,0.765
2026-09-24,2026-10-02,P,2050.0,20,2,0.7783
2026-09-24,2026-10-02,P,2060.0,3,2,0.7628
2026-09-24,2026-10-02,P,2070.0,9,1,0.7822
2026-09-24,2026-10-02,P,2080.0,11,13,0.7837
2026-09-24,2026-10-02,P,2090.0,7,14,0.7852
2026-09-24,2026-10-02,P,2100.0,4,1,0.7675
2026-09-24,2026-10-09,C,1405.0,2,0,0.8032
2026-09-24,2026-10-09,C,1420.0,2,0,0.7922
2026-09-24,2026-10-09,C,1430.0,2,1,0.7802
2026-09-24,2026-10-09,C,1435.0,2,2,0.7789
2026-09-24,2026-10-09,C,1450.0,3,1,0.7691
2026-09-24,2026-10-09,C,1460.0,1,1,0.7657
2026-09-24,2026-10-09,C,1465.0,12,10,0.7644
2026-09-24,2026-10-09,C,1470.0,3,20,0.7665
2026-09-24,2026-10-09,C,1475.0,11,38,0.7624
2026-09-24,2026-10-09,C,1480.0,7,160,0.7616
2026-09-24,2026-10-09,C,1485.0,3,12,0.757
2026-09-24,2026-10-09,C,1490.0,3,1,0.7503
2026-09-24,2026-10-09,C,1495.0,8,0,0.7474
2026-09-24,2026-10-09,C,1500.0,42,3,0.7496
2026-09-24,2026-10-09,C,1505.0,9,6,0.7437
2026-09-24,2026-10-09,C,1510.0,5,5,0.7414
2026-09-24,2026-10-09,C,1515.0,20,1,0.74
2026-09-24,2026-10-09,C,1520.0,46,2,0.7378
2026-09-24,2026-10-09,C,1525.0,9,13,0.743
2026-09-24,2026-10-09,C,1530.0,60,107,0.7378
2026-09-24,2026-10-09,C,1535.0,34,3,0.7387
2026-09-24,2026-10-09,C,1540.0,38,6,0.7315
2026-09-24,2026-10-09,C,1545.0,39,1,0.7296
2026-09-24,2026-10-09,C,1550.0,69,3,0.7365
2026-09-24,2026-10-09,C,1555.0,8,1,0.7271
2026-09-24,2026-10-09,C,1560.0,47,1,0.7347
2026-09-24,2026-10-09,C,1565.0,5,5,0.7245
2026-09-24,2026-10-09,C,1570.0,55,60,0.7327
2026-09-24,2026-10-09,C,1575.0,8,2,0.7315
2026-09-24,2026-10-09,C,1580.0,15,1,0.72
2026-09-24,2026-10-09,C,1585.0,21,28,0.7292
2026-09-24,2026-10-09,C,1590.0,22,112,0.7216
2026-09-24,2026-10-09,C,1595.0,28,4,0.7275
2026-09-24,2026-10-09,C,1600.0,146,6,0.7123
2026-09-24,2026-10-09,C,1605.0,8,4,0.726
2026-09-24,2026-10-09,C,1610.0,26,1,0.7238
2026-09-24,2026-10-09,C,1615.0,6,5,0.726
2026-09-24,2026-10-09,C,1620.0,37,1,0.7146
2026-09-24,2026-10-09,C,1625.0,4,1,0.7305
2026-09-24,2026-10-09,C,1630.0,13,1,0.7278
2026-09-24,2026-10-09,C,1635.0,9,3,0.718
2026-09-24,2026-10-09,C,1640.0,9,4,0.7291
2026-09-24,2026-10-09,C,1645.0,19,6,0.7128
2026-09-24,2026-10-09,C,1650.0,54,1,0.7204
2026-09-24,2026-10-09,C,1655.0,3,1,0.7173
2026-09-24,2026-10-09,C,1660.0,26,12,0.7159
2026-09-24,2026-10-09,C,1665.0,3,18,0.7056
2026-09-24,2026-10-09,C,1670.0,11,7,0.6945
2026-09-24,2026-10-09,C,1675.0,5,3,0.7107
2026-09-24,2026-10-09,C,1680.0,14,1,0.7138
2026-09-24,2026-10-09,C,1685.0,43,1,0.7286
2026-09-24,2026-10-09,C,1690.0,29,1,0.7161
2026-09-24,2026-10-09,C,1695.0,17,2,0.7246
2026-09-24,2026-10-09,C,1700.0,123,32,0.7219
2026-09-24,2026-10-09,C,1705.0,45,2,0.7249
2026-09-24,2026-10-09,C,1710.0,59,13,0.7225
2026-09-24,2026-10-09,C,1715.0,24,8,0.7183
2026-09-24,2026-10-09,C,1720.0,17,7,0.7157
2026-09-24,2026-10-09,C,1725.0,19,5,0.7172
2026-09-24,2026-10-09,C,1730.0,38,1,0.7176
2026-09-24,2026-10-09,C,1735.0,12,16,0.7088
2026-09-24,2026-10-09,C,1740.0,56,16,0.7048
2026-09-24,2026-10-09,C,1745.0,48,31,0.7158
2026-09-24,2026-10-09,C,1750.0,166,194,0.7151
2026-09-24,2026-10-09,C,1755.0,17,17,0.7195
2026-09-24,2026-10-09,C,1760.0,38,38,0.7087
2026-09-24,2026-10-09,C,1765.0,26,54,0.7188
2026-09-24,2026-10-09,C,1770.0,114,63,0.7174
2026-09-24,2026-10-09,C,1775.0,35,33,0.7118
2026-09-24,2026-10-09,C,1780.0,40,25,0.7204
2026-09-24,2026-10-09,C,1785.0,15,15,0.721
2026-09-24,2026-10-09,C,1790.0,21,9,0.7206
2026-09-24,2026-10-09,C,1795.0,43,110,0.7193
2026-09-24,2026-10-09,C,1800.0,224,249,0.7198
2026-09-24,2026-10-09,C,1805.0,22,11,0.725
2026-09-24,2026-10-09,C,1810.0,40,12,0.7136
2026-09-24,2026-10-09,C,1815.0,34,11,0.723
2026-09-24,2026-10-09,C,1820.0,89,27,0.7192
2026-09-24,2026-10-09,C,1825.0,111,19,0.7191
2026-09-24,2026-10-09,C,1830.0,57,4,0.7257
2026-09-24,2026-10-09,C,1835.0,29,63,0.7277
2026-09-24,2026-10-09,C,1840.0,64,16,0.7199
2026-09-24,2026-10-09,C,1845.0,9,1,0.7291
2026-09-24,2026-10-09,C,1850.0,64,74,0.7289
2026-09-24,2026-10-09,C,1855.0,95,1,0.7318
2026-09-24,2026-10-09,C,1860.0,33,7,0.7308
2026-09-24,2026-10-09,C,1865.0,16,1,0.734
2026-09-24,2026-10-09,C,1870.0,43,25,0.7339
2026-09-24,2026-10-09,C,1875.0,12,3,0.7344
2026-09-24,2026-10-09,C,1880.0,32,15,0.7362
2026-09-24,2026-10-09,C,1885.0,51,4,0.7416
2026-09-24,2026-10-09,C,1890.0,116,7,0.7284
2026-09-24,2026-10-09,C,1895.0,44,20,0.7329
2026-09-24,2026-10-09,C,1900.0,268,97,0.7444
2026-09-24,2026-10-09,C,1910.0,33,5,0.7429
2026-09-24,2026-10-09,C,1920.0,35,10,0.7433
2026-09-24,2026-10-09,C,1930.0,36,4,0.7428
2026-09-24,2026-10-09,C,1940.0,25,5,0.7452
2026-09-24,2026-10-09,C,1950.0,59,49,0.7518
2026-09-24,2026-10-09,C,1960.0,20,22,0.7553
2026-09-24,2026-10-09,C,1970.0,24,15,0.7572
2026-09-24,2026-10-09,C,1980.0,26,27,0.751
2026-09-24,2026-10-09,C,1990.0,13,4,0.7619
2026-09-24,2026-10-09,C,2000.0,227,125,0.7625
2026-09-24,2026-10-09,C,2010.0,72,1,0.7671
2026-09-24,2026-10-09,C,2020.0,39,1,0.7702
2026-09-24,2026-10-09,C,2030.0,34,1,0.7695
2026-09-24,2026-10-09,C,2040.0,18,1,0.7759
2026-09-24,2026-10-09,C,2050.0,28,9,0.7781
2026-09-24,2026-10-09,C,2060.0,75,8,0.7824
2026-09-24,2026-10-09,C,2070.0,19,1,0.7839
2026-09-24,2026-10-09,C,2080.0,20,30,0.7888
2026-09-24,2026-10-09,C,2090.0,29,67,0.7909
2026-09-24,2026-10-09,C,2100.0,147,27,0.7814
2026-09-24,2026-10-09,P,1405.0,96,5,0.7329
2026-09-24,2026-10-09,P,1410.0,50,4,0.7294
2026-09-24,2026-10-09,P,1415.0,19,2,0.7292
2026-09-24,2026-10-09,P,1420.0,26,5,0.7263
2026-09-24,2026-10-09,P,1425.0,32,26,0.7233
2026-09-24,2026-10-09,P,1430.0,143,106,0.721
2026-09-24,2026-10-09,P,1435.0,8,1,0.7195
2026-09-24,2026-10-09,P,1440.0,120,1,0.7187
2026-09-24,2026-10-09,P,1445.0,7,1,0.7431
2026-09-24,2026-10-09,P,1450.0,89,12,0.7132
2026-09-24,2026-10-09,P,1455.0,24,11,0.6941
2026-09-24,2026-10-09,P,1460.0,30,1,0.7104
2026-09-24,2026-10-09,P,1465.0,21,4,0.7131
2026-09-24,2026-10-09,P,1470.0,9,1,0.7336
2026-09-24,2026-10-09,P,1475.0,13,1,0.7301
2026-09-24,2026-10-09,P,1480.0,66,7,0.7028
2026-09-24,2026-10-09,P,1485.0,5,1,0.6831
2026-09-24,2026-10-09,P,1490.0,110,13,0.704
2026-09-24,2026-10-09,P,1495.0,32,1,0.7044
2026-09-24,2026-10-09,P,1500.0,286,45,0.6988
2026-09-24,2026-10-09,P,1505.0,13,1,0.7019
2026-09-24,2026-10-09,P,1510.0,18,5,0.6999
2026-09-24,2026-10-09,P,1515.0,22,1,0.6969
2026-09-24,2026-10-09,P,1520.0,25,2,0.6982
2026-09-24,2026-10-09,P,1525.0,17,11,0.6928
2026-09-24,2026-10-09,P,1530.0,88,9,0.697
2026-09-24,2026-10-09,P,1535.0,37,12,0.6953
2026-09-24,2026-10-09,P,1540.0,206,16,0.6951
2026-09-24,2026-10-09,P,1545.0,37,13,0.6933
2026-09-24,2026-10-09,P,1550.0,93,130,0.6897
2026-09-24,2026-10-09,P,1555.0,16,4,0.6912
2026-09-24,2026-10-09,P,1560.0,20,16,0.6918
2026-09-24,2026-10-09,P,1565.0,26,7,0.692
2026-09-24,2026-10-09,P,1570.0,40,4,0.6868
2026-09-24,2026-10-09,P,1575.0,15,4,0.6859
2026-09-24,2026-10-09,P,1580.0,93,16,0.6906
2026-09-24,2026-10-09,P,1585.0,9,3,0.6861
2026-09-24,2026-10-09,P,1590.0,30,5,0.6847
2026-09-24,2026-10-09,P,1595.0,15,1,0.6858
2026-09-24,2026-10-09,P,1600.0,177,50,0.6847
2026-09-24,2026-10-09,P,1605.0,95,7,0.6869
2026-09-24,2026-10-09,P,1610.0,29,4,0.6878
2026-09-24,2026-10-09,P,1615.0,36,14,0.6844
2026-09-24,2026-10-09,P,1620.0,55,5,0.6838
2026-09-24,2026-10-09,P,1625.0,36,4,0.6846
2026-09-24,2026-10-09,P,1630.0,82,6,0.6855
2026-09-24,2026-10-09,P,1635.0,20,7,0.6818
2026-09-24,2026-10-09,P,1640.0,113,4,0.6853
2026-09-24,2026-10-09,P,1645.0,12,15,0.6815
2026-09-24,2026-10-09,P,1650.0,140,16,0.6851
2026-09-24,2026-10-09,P,1655.0,11,20,0.6799
2026-09-24,2026-10-09,P,1660.0,65,8,0.6804
2026-09-24,2026-10-09,P,1665.0,48,6,0.6849
2026-09-24,2026-10-09,P,1670.0,15,2,0.6812
2026-09-24,2026-10-09,P,1675.0,63,3,0.6823
2026-09-24,2026-10-09,P,1680.0,53,31,0.68
2026-09-24,2026-10-09,P,1685.0,9,17,0.6808
2026-09-24,2026-10-09,P,1690.0,144,49,0.6824
2026-09-24,2026-10-09,P,1695.0,19,24,0.683
2026-09-24,2026-10-09,P,1700.0,131,97,0.6806
2026-09-24,2026-10-09,P,1705.0,18,12,0.6831
2026-09-24,2026-10-09,P,1710.0,29,14,0.6845
2026-09-24,2026-10-09,P,1715.0,20,10,0.6845
2026-09-24,2026-10-09,P,1720.0,8,21,0.6828
2026-09-24,2026-10-09,P,1725.0,14,3,0.6851
2026-09-24,2026-10-09,P,1730.0,22,32,0.6831
2026-09-24,2026-10-09,P,1735.0,10,30,0.6823
2026-09-24,2026-10-09,P,1740.0,23,8,0.6805
2026-09-24,2026-10-09,P,1745.0,22,15,0.6827
2026-09-24,2026-10-09,P,1750.0,82,79,0.6845
2026-09-24,2026-10-09,P,1755.0,18,12,0.6836
2026-09-24,2026-10-09,P,1760.0,10,27,0.6849
2026-09-24,2026-10-09,P,1765.0,13,21,0.6845
2026-09-24,2026-10-09,P,1770.0,13,44,0.6855
2026-09-24,2026-10-09,P,1775.0,10,8,0.6799
2026-09-24,2026-10-09,P,1780.0,28,3,0.6829
2026-09-24,2026-10-09,P,1785.0,14,13,0.688
2026-09-24,2026-10-09,P,1790.0,17,5,0.6851
2026-09-24,2026-10-09,P,1795.0,8,5,0.689
2026-09-24,2026-10-09,P,1800.0,110,38,0.7008
2026-09-24,2026-10-09,P,1805.0,13,3,0.6882
2026-09-24,2026-10-09,P,1810.0,17,7,0.6878
2026-09-24,2026-10-09,P,1815.0,6,1,0.691
2026-09-24,2026-10-09,P,1820.0,14,1,0.7061
2026-09-24,2026-10-09,P,1825.0,9,34,0.6934
2026-09-24,2026-10-09,P,1830.0,6,6,0.6919
2026-09-24,2026-10-09,P,1835.0,7,14,0.6908
2026-09-24,2026-10-09,P,1840.0,29,2,0.711
2026-09-24,2026-10-09,P,1845.0,17,33,0.6963
2026-09-24,2026-10-09,P,1850.0,32,22,0.6993
2026-09-24,2026-10-09,P,1855.0,5,8,0.6838
2026-09-24,2026-10-09,P,1860.0,7,4,0.7026
2026-09-24,2026-10-09,P,1870.0,56,62,0.7085
2026-09-24,2026-10-09,P,1875.0,5,5,0.7069
2026-09-24,2026-10-09,P,1880.0,20,3,0.6962
2026-09-24,2026-10-09,P,1885.0,32,1,0.7111
2026-09-24,2026-10-09,P,1890.0,21,4,0.7119
2026-09-24,2026-10-09,P,1895.0,21,2,0.7124
2026-09-24,2026-10-09,P,1900.0,25,5,0.702
2026-09-24,2026-10-09,P,1910.0,19,2,0.7054
2026-09-24,2026-10-09,P,1920.0,2,4,0.7076
2026-09-24,2026-10-09,P,1930.0,2,5,0.7051
2026-09-24,2026-10-09,P,1940.0,1,0,0.7071
2026-09-24,2026-10-09,P,1950.0,4,3,0.7065
2026-09-24,2026-10-09,P,1980.0,1,0,0.7122
2026-09-24,2026-10-09,P,1990.0,2,1,0.7045
2026-09-24,2026-10-09,P,2010.0,5,0,0.7093
2026-09-24,2026-10-09,P,2020.0,1,0,0.7204
2026-09-24,2026-10-09,P,2030.0,5,1,0.7106
2026-09-24,2026-10-09,P,2040.0,1,0,0.7094
2026-09-24,2026-10-09,P,2050.0,6,1,0.7102
2026-09-24,2026-10-09,P,2070.0,1,0,0.7257
2026-09-24,2026-10-09,P,2090.0,1,2,0.7286
2026-09-24,2026-10-09,P,2100.0,11,1,0.7267
2026-09-25,2026-09-25,C,1515.0,94,1,1.3418
2026-09-25,2026-09-25,C,1520.0,63,3,2.135
2026-09-25,2026-09-25,C,1525.0,64,2,1.0156
2026-09-25,2026-09-25,C,1530.0,185,7,1.249
2026-09-25,2026-09-25,C,1535.0,59,1,1.9109
2026-09-25,2026-09-25,C,1540.0,145,9,1.0684
2026-09-25,2026-09-25,C,1545.0,110,1,1.2134
2026-09-25,2026-09-25,C,1550.0,280,11,1.2725
2026-09-25,2026-09-25,C,1555.0,51,3,1.9482
2026-09-25,2026-09-25,C,1560.0,72,8,1.9196
2026-09-25,2026-09-25,C,1565.0,53,1,0.8574
2026-09-25,2026-09-25,C,1570.0,123,11,1.678
2026-09-25,2026-09-25,C,1575.0,30,10,0.917
2026-09-25,2026-09-25,C,1580.0,460,1,1.6703
2026-09-25,2026-09-25,C,1585.0,31,3,1.7168
2026-09-25,2026-09-25,C,1590.0,70,5,1.0969
2026-09-25,2026-09-25,C,1595.0,99,1,0.5
2026-09-25,2026-09-25,C,1600.0,782,62,1.434
2026-09-25,2026-09-25,C,1605.0,129,105,0.7539
2026-09-25,2026-09-25,C,1610.0,96,16,0.9741
2026-09-25,2026-09-25,C,1615.0,71,1,1.523
2026-09-25,2026-09-25,C,1620.0,146,31,0.9717
2026-09-25,2026-09-25,C,1625.0,188,5,1.27
2026-09-25,2026-09-25,C,1630.0,486,224,1.2507
2026-09-25,2026-09-25,C,1635.0,66,8,0.7217
2026-09-25,2026-09-25,C,1640.0,242,222,1.1642
2026-09-25,2026-09-25,C,1645.0,40,4,1.2584
2026-09-25,2026-09-25,C,1650.0,492,100,1.0366
2026-09-25,2026-09-25,C,1655.0,34,1,1.193
2026-09-25,2026-09-25,C,1660.0,99,25,1.1572
2026-09-25,2026-09-25,C,1665.0,63,7,0.7351
2026-09-25,2026-09-25,C,1670.0,329,44,0.7078
2026-09-25,2026-09-25,C,1675.0,88,8,0.9188
2026-09-25,2026-09-25,C,1680.0,79,18,0.7365
2026-09-25,2026-09-25,C,1685.0,63,11,0.7648
2026-09-25,2026-09-25,C,1690.0,96,37,0.8062
2026-09-25,2026-09-25,C,1695.0,35,6,0.8302
2026-09-25,2026-09-25,C,1700.0,1553,673,0.521
2026-09-25,2026-09-25,C,1705.0,185,88,0.5701
2026-09-25,2026-09-25,C,1710.0,134,35,0.5856
2026-09-25,2026-09-25,C,1715.0,103,26,0.5648
2026-09-25,2026-09-25,C,1720.0,156,73,0.5261
2026-09-25,2026-09-25,C,1725.0,157,81,0.5436
2026-09-25,2026-09-25,C,1730.0,292,168,0.4375
2026-09-25,2026-09-25,C,1735.0,136,109,0.3311
2026-09-25,2026-09-25,C,1740.0,284,544,0.4473
2026-09-25,2026-09-25,C,1745.0,246,439,0.3676
2026-09-25,2026-09-25,C,1750.0,1160,5208,0.2333
2026-09-25,2026-09-25,C,1755.0,354,768,0.2722
2026-09-25,2026-09-25,C,1760.0,436,2631,0.1791
2026-09-25,2026-09-25,C,1762.5,228,662,0.1618
2026-09-25,2026-09-25,C,1765.0,653,1306,0.2772
2026-09-25,2026-09-25,C,1767.5,472,776,0.247
2026-09-25,2026-09-25,C,1770.0,517,5043,0.1685
2026-09-25,2026-09-25,C,1772.5,48,1443,0.2262
2026-09-25,2026-09-25,C,1775.0,415,6590,0.1258
2026-09-25,2026-09-25,C,1777.5,188,2047,0.1657
2026-09-25,2026-09-25,C,1780.0,789,6466,0.0814
2026-09-25,2026-09-25,C,1782.5,694,2267,0.0975
2026-09-25,2026-09-25,C,1785.0,166,4086,0.099
2026-09-25,2026-09-25,C,1790.0,874,4880,0.0988
2026-09-25,2026-09-25,C,1795.0,239,1847,0.104
2026-09-25,2026-09-25,C,1800.0,2878,27807,0.1079
2026-09-25,2026-09-25,C,1805.0,398,2891,0.1284
2026-09-25,2026-09-25,C,1810.0,412,4001,0.1484
2026-09-25,2026-09-25,C,1815.0,316,1410,0.168
2026-09-25,2026-09-25,C,1820.0,1147,3747,0.1875
2026-09-25,2026-09-25,C,1825.0,1966,3284,0.207
2026-09-25,2026-09-25,C,1830.0,482,1850,0.2256
2026-09-25,2026-09-25,C,1835.0,223,685,0.2441
2026-09-25,2026-09-25,C,1840.0,509,2007,0.2627
2026-09-25,2026-09-25,C,1845.0,636,677,0.2813
2026-09-25,2026-09-25,C,1850.0,1985,6934,0.2988
2026-09-25,2026-09-25,C,1855.0,412,539,0.3174
2026-09-25,2026-09-25,C,1860.0,603,1744,0.335
2026-09-25,2026-09-25,C,1865.0,216,667,0.3525
2026-09-25,2026-09-25,C,1870.0,640,831,0.5977
2026-09-25,2026-09-25,C,1875.0,325,363,0.3867
2026-09-25,2026-09-25,C,1880.0,349,659,0.4043
2026-09-25,2026-09-25,C,1885.0,332,319,0.4219
2026-09-25,2026-09-25,C,1890.0,712,881,0.4395
2026-09-25,2026-09-25,C,1895.0,521,249,0.4912
2026-09-25,2026-09-25,C,1900.0,4040,7679,0.4727
2026-09-25,2026-09-25,C,1910.0,555,536,0.5059
2026-09-25,2026-09-25,C,1920.0,661,548,0.5039
2026-09-25,2026-09-25,C,1930.0,348,229,0.5352
2026-09-25,2026-09-25,C,1940.0,341,199,0.5664
2026-09-25,2026-09-25,C,1950.0,1748,3131,0.5938
2026-09-25,2026-09-25,C,1960.0,516,93,0.625
2026-09-25,2026-09-25,C,1970.0,726,185,0.6563
2026-09-25,2026-09-25,C,1980.0,929,167,0.6836
2026-09-25,2026-09-25,C,1990.0,551,61,0.7109
2026-09-25,2026-09-25,C,2000.0,4812,2278,0.7422
2026-09-25,2026-09-25,C,2010.0,804,46,0.7695
2026-09-25,2026-09-25,C,2020.0,520,75,0.7969
2026-09-25,2026-09-25,C,2030.0,98,28,0.8281
2026-09-25,2026-09-25,C,2040.0,155,68,0.8555
2026-09-25,2026-09-25,P,1515.0,190,13,0.9922
2026-09-25,2026-09-25,P,1520.0,277,27,0.9766
2026-09-25,2026-09-25,P,1525.0,314,93,0.9531
2026-09-25,2026-09-25,P,1530.0,519,259,0.9375
2026-09-25,2026-09-25,P,1535.0,190,17,0.918
2026-09-25,2026-09-25,P,1540.0,516,50,0.8984
2026-09-25,2026-09-25,P,1545.0,280,75,0.8828
2026-09-25,2026-09-25,P,1550.0,1438,284,0.8594
2026-09-25,2026-09-25,P,1555.0,322,225,0.8438
2026-09-25,2026-09-25,P,1560.0,632,237,0.8242
2026-09-25,2026-09-25,P,1565.0,114,12,0.8047
2026-09-25,2026-09-25,P,1570.0,276,32,0.7891
2026-09-25,2026-09-25,P,1575.0,522,337,0.7695
2026-09-25,2026-09-25,P,1580.0,662,22,0.75
2026-09-25,2026-09-25,P,1585.0,187,39,0.7344
2026-09-25,2026-09-25,P,1590.0,549,119,0.7148
2026-09-25,2026-09-25,P,1595.0,305,82,0.6953
2026-09-25,2026-09-25,P,1600.0,1994,1005,0.6758
2026-09-25,2026-09-25,P,1605.0,724,27,0.6563
2026-09-25,2026-09-25,P,1610.0,228,92,0.6406
2026-09-25,2026-09-25,P,1615.0,178,52,0.6211
2026-09-25,2026-09-25,P,1620.0,521,172,0.6016
2026-09-25,2026-09-25,P,1625.0,374,266,0.5859
2026-09-25,2026-09-25,P,1630.0,711,162,0.5664
2026-09-25,2026-09-25,P,1635.0,269,74,0.5469
2026-09-25,2026-09-25,P,1640.0,486,245,0.5313
2026-09-25,2026-09-25,P,1645.0,249,82,0.5117
2026-09-25,2026-09-25,P,1650.0,1590,1613,0.5273
2026-09-25,2026-09-25,P,1655.0,238,346,0.5078
2026-09-25,2026-09-25,P,1660.0,602,243,0.4883
2026-09-25,2026-09-25,P,1665.0,291,824,0.5205
2026-09-25,2026-09-25,P,1670.0,658,366,0.4512
2026-09-25,2026-09-25,P,1675.0,292,362,0.4316
2026-09-25,2026-09-25,P,1680.0,442,1383,0.4121
2026-09-25,2026-09-25,P,1685.0,295,915,0.4238
2026-09-25,2026-09-25,P,1690.0,516,906,0.3731
2026-09-25,2026-09-25,P,1695.0,885,727,0.4981
2026-09-25,2026-09-25,P,1700.0,2794,5843,0.334
2026-09-25,2026-09-25,P,1705.0,196,1212,0.5809
2026-09-25,2026-09-25,P,1710.0,445,946,0.5856
2026-09-25,2026-09-25,P,1715.0,338,1259,0.2744
2026-09-25,2026-09-25,P,1720.0,461,1157,0.2549
2026-09-25,2026-09-25,P,1725.0,250,2416,0.2344
2026-09-25,2026-09-25,P,1730.0,389,1864,0.5648
2026-09-25,2026-09-25,P,1735.0,290,1326,0.1943
2026-09-25,2026-09-25,P,1740.0,373,3157,0.1743
2026-09-25,2026-09-25,P,1745.0,446,1658,0.1538
2026-09-25,2026-09-25,P,1750.0,921,7983,0.1328
2026-09-25,2026-09-25,P,1755.0,292,1345,0.1118
2026-09-25,2026-09-25,P,1760.0,437,3024,0.1194
2026-09-25,2026-09-25,P,1762.5,169,964,0.1339
2026-09-25,2026-09-25,P,1765.0,290,1959,0.1205
2026-09-25,2026-09-25,P,1767.5,183,1236,0.1172
2026-09-25,2026-09-25,P,1770.0,706,3734,0.2987
2026-09-25,2026-09-25,P,1772.5,380,891,0.1157
2026-09-25,2026-09-25,P,1775.0,304,1747,0.1105
2026-09-25,2026-09-25,P,1777.5,87,911,0.0983
2026-09-25,2026-09-25,P,1780.0,585,3297,0.1243
2026-09-25,2026-09-25,P,1782.5,181,386,0.1546
2026-09-25,2026-09-25,P,1785.0,102,696,0.2004
2026-09-25,2026-09-25,P,1790.0,264,685,0.2168
2026-09-25,2026-09-25,P,1795.0,152,275,0.2793
2026-09-25,2026-09-25,P,1800.0,1045,2779,0.2951
2026-09-25,2026-09-25,P,1805.0,422,176,0.3209
2026-09-25,2026-09-25,P,1810.0,111,259,0.3438
2026-09-25,2026-09-25,P,1815.0,88,237,0.4764
2026-09-25,2026-09-25,P,1820.0,290,215,0.4732
2026-09-25,2026-09-25,P,1825.0,238,46,0.5415
2026-09-25,2026-09-25,P,1830.0,307,252,0.5808
2026-09-25,2026-09-25,P,1835.0,358,117,0.6569
2026-09-25,2026-09-25,P,1840.0,484,191,0.5247
2026-09-25,2026-09-25,P,1845.0,275,94,0.64
2026-09-25,2026-09-25,P,1850.0,1297,466,0.6187
2026-09-25,2026-09-25,P,1855.0,248,137,0.5366
2026-09-25,2026-09-25,P,1860.0,120,85,0.6893
2026-09-25,2026-09-25,P,1865.0,230,69,0.5449
2026-09-25,2026-09-25,P,1870.0,332,72,0.5692
2026-09-25,2026-09-25,P,1875.0,176,20,0.8231
2026-09-25,2026-09-25,P,1880.0,305,42,0.6047
2026-09-25,2026-09-25,P,1885.0,149,17,1.0177
2026-09-25,2026-09-25,P,1890.0,261,8,0.5796
2026-09-25,2026-09-25,P,1895.0,170,13,0.8803
2026-09-25,2026-09-25,P,1900.0,319,56,0.7283
2026-09-25,2026-09-25,P,1910.0,25,10,0.5059
2026-09-25,2026-09-25,P,1920.0,36,3,0.6909
2026-09-25,2026-09-25,P,1930.0,56,4,1.3125
2026-09-25,2026-09-25,P,1940.0,19,4,1.3752
2026-09-25,2026-09-25,P,1950.0,18,4,1.4038
2026-09-25,2026-09-25,P,1960.0,2,1,1.4876
2026-09-25,2026-09-25,P,1970.0,0,1,0.8682
2026-09-25,2026-09-25,P,1980.0,3,2,1.0547
2026-09-25,2026-09-25,P,1990.0,1,2,1.6438
2026-09-25,2026-09-25,P,2000.0,2,3,1.7025
2026-09-25,2026-09-25,P,2010.0,0,4,1.1755
2026-09-25,2026-09-25,P,2020.0,0,61,1.7996
2026-09-25,2026-09-25,P,2040.0,1,1,1.293
2026-09-25,2026-10-02,C,1515.0,20,1,0.6653
2026-09-25,2026-10-02,C,1520.0,128,3,0.6561
2026-09-25,2026-10-02,C,1525.0,16,2,0.663
2026-09-25,2026-10-02,C,1530.0,27,3,0.6585
2026-09-25,2026-10-02,C,1535.0,47,2,0.6632
2026-09-25,2026-10-02,C,1540.0,68,1,0.6769
2026-09-25,2026-10-02,C,1545.0,24,1,0.6534
2026-09-25,2026-10-02,C,1550.0,141,7,0.6544
2026-09-25,2026-10-02,C,1555.0,50,2,0.652
2026-09-25,2026-10-02,C,1560.0,70,1,0.6528
2026-09-25,2026-10-02,C,1565.0,26,41,0.6481
2026-09-25,2026-10-02,C,1570.0,21,2,0.6501
2026-09-25,2026-10-02,C,1575.0,68,3,0.6467
2026-09-25,2026-10-02,C,1580.0,110,4,0.6632
2026-09-25,2026-10-02,C,1585.0,48,12,0.6302
2026-09-25,2026-10-02,C,1590.0,68,39,0.6352
2026-09-25,2026-10-02,C,1595.0,55,1,0.6562
2026-09-25,2026-10-02,C,1600.0,1832,39,0.6315
2026-09-25,2026-10-02,C,1605.0,105,5,0.6683
2026-09-25,2026-10-02,C,1610.0,61,2,0.6441
2026-09-25,2026-10-02,C,1615.0,18,14,0.6462
2026-09-25,2026-10-02,C,1620.0,77,3,0.6435
2026-09-25,2026-10-02,C,1625.0,42,2,0.6634
2026-09-25,2026-10-02,C,1630.0,40,19,0.6328
2026-09-25,2026-10-02,C,1635.0,120,1,0.6745
2026-09-25,2026-10-02,C,1640.0,36,5,0.6416
2026-09-25,2026-10-02,C,1645.0,12,2,0.6604
2026-09-25,2026-10-02,C,1650.0,272,32,0.6556
2026-09-25,2026-10-02,C,1655.0,13,3,0.671
2026-09-25,2026-10-02,C,1660.0,24,2,0.6707
2026-09-25,2026-10-02,C,1665.0,40,3,0.6672
2026-09-25,2026-10-02,C,1670.0,34,28,0.6561
2026-09-25,2026-10-02,C,1675.0,59,32,0.6477
2026-09-25,2026-10-02,C,1680.0,72,23,0.6629
2026-09-25,2026-10-02,C,1685.0,12,2,0.6581
2026-09-25,2026-10-02,C,1690.0,75,20,0.6546
2026-09-25,2026-10-02,C,1695.0,26,1,0.6577
2026-09-25,2026-10-02,C,1700.0,357,236,0.634
2026-09-25,2026-10-02,C,1705.0,109,12,0.6303
2026-09-25,2026-10-02,C,1710.0,113,7,0.6483
2026-09-25,2026-10-02,C,1715.0,36,10,0.6537
2026-09-25,2026-10-02,C,1720.0,71,12,0.6466
2026-09-25,2026-10-02,C,1725.0,54,35,0.6507
2026-09-25,2026-10-02,C,1730.0,42,115,0.6491
2026-09-25,2026-10-02,C,1735.0,58,31,0.6569
2026-09-25,2026-10-02,C,1740.0,113,58,0.6581
2026-09-25,2026-10-02,C,1745.0,94,131,0.6602
2026-09-25,2026-10-02,C,1750.0,389,548,0.6651
2026-09-25,2026-10-02,C,1755.0,186,86,0.6592
2026-09-25,2026-10-02,C,1760.0,174,315,0.661
2026-09-25,2026-10-02,C,1765.0,74,223,0.6517
2026-09-25,2026-10-02,C,1770.0,243,460,0.6601
2026-09-25,2026-10-02,C,1775.0,78,595,0.6559
2026-09-25,2026-10-02,C,1780.0,312,955,0.6436
2026-09-25,2026-10-02,C,1785.0,96,397,0.6603
2026-09-25,2026-10-02,C,1790.0,53,234,0.654
2026-09-25,2026-10-02,C,1795.0,111,62,0.6519
2026-09-25,2026-10-02,C,1800.0,1139,2285,0.6617
2026-09-25,2026-10-02,C,1805.0,33,192,0.6653
2026-09-25,2026-10-02,C,1810.0,237,170,0.6554
2026-09-25,2026-10-02,C,1815.0,116,77,0.6661
2026-09-25,2026-10-02,C,1820.0,74,135,0.6667
2026-09-25,2026-10-02,C,1825.0,314,91,0.6639
2026-09-25,2026-10-02,C,1830.0,179,98,0.6595
2026-09-25,2026-10-02,C,1835.0,81,31,0.6595
2026-09-25,2026-10-02,C,1840.0,284,207,0.6679
2026-09-25,2026-10-02,C,1845.0,79,43,0.6735
2026-09-25,2026-10-02,C,1850.0,733,873,0.667
2026-09-25,2026-10-02,C,1855.0,61,59,0.6568
2026-09-25,2026-10-02,C,1860.0,260,357,0.6769
2026-09-25,2026-10-02,C,1865.0,65,35,0.6776
2026-09-25,2026-10-02,C,1870.0,115,85,0.6768
2026-09-25,2026-10-02,C,1875.0,102,106,0.6642
2026-09-25,2026-10-02,C,1880.0,113,113,0.6795
2026-09-25,2026-10-02,C,1885.0,73,51,0.6756
2026-09-25,2026-10-02,C,1890.0,124,107,0.6783
2026-09-25,2026-10-02,C,1895.0,87,72,0.6822
2026-09-25,2026-10-02,C,1900.0,1256,2193,0.6859
2026-09-25,2026-10-02,C,1910.0,409,135,0.7037
2026-09-25,2026-10-02,C,1920.0,194,280,0.6802
2026-09-25,2026-10-02,C,1930.0,109,47,0.6924
2026-09-25,2026-10-02,C,1940.0,85,70,0.695
2026-09-25,2026-10-02,C,1950.0,571,829,0.6939
2026-09-25,2026-10-02,C,1960.0,138,189,0.6896
2026-09-25,2026-10-02,C,1970.0,57,227,0.7192
2026-09-25,2026-10-02,C,1980.0,154,58,0.7167
2026-09-25,2026-10-02,C,1990.0,62,75,0.7163
2026-09-25,2026-10-02,C,2000.0,2348,4774,0.715
2026-09-25,2026-10-02,C,2010.0,125,93,0.7189
2026-09-25,2026-10-02,C,2020.0,113,62,0.7105
2026-09-25,2026-10-02,C,2030.0,105,154,0.7314
2026-09-25,2026-10-02,C,2040.0,101,51,0.7357
2026-09-25,2026-10-02,P,1515.0,143,35,0.6731
2026-09-25,2026-10-02,P,1520.0,50,58,0.6619
2026-09-25,2026-10-02,P,1525.0,83,99,0.6632
2026-09-25,2026-10-02,P,1530.0,300,44,0.6796
2026-09-25,2026-10-02,P,1535.0,58,24,0.6617
2026-09-25,2026-10-02,P,1540.0,317,142,0.6594
2026-09-25,2026-10-02,P,1545.0,75,45,0.6564
2026-09-25,2026-10-02,P,1550.0,663,362,0.6559
2026-09-25,2026-10-02,P,1555.0,61,59,0.6574
2026-09-25,2026-10-02,P,1560.0,188,114,0.6542
2026-09-25,2026-10-02,P,1565.0,55,69,0.6494
2026-09-25,2026-10-02,P,1570.0,211,94,0.649
2026-09-25,2026-10-02,P,1575.0,92,64,0.6479
2026-09-25,2026-10-02,P,1580.0,167,130,0.6506
2026-09-25,2026-10-02,P,1585.0,147,49,0.6482
2026-09-25,2026-10-02,P,1590.0,167,94,0.6483
2026-09-25,2026-10-02,P,1595.0,132,86,0.6477
2026-09-25,2026-10-02,P,1600.0,759,1148,0.6456
2026-09-25,2026-10-02,P,1605.0,157,37,0.6465
2026-09-25,2026-10-02,P,1610.0,228,90,0.6493
2026-09-25,2026-10-02,P,1615.0,83,25,0.6471
2026-09-25,2026-10-02,P,1620.0,121,96,0.6452
2026-09-25,2026-10-02,P,1625.0,172,90,0.6458
2026-09-25,2026-10-02,P,1630.0,269,60,0.6465
2026-09-25,2026-10-02,P,1635.0,55,74,0.6444
2026-09-25,2026-10-02,P,1640.0,296,264,0.6424
2026-09-25,2026-10-02,P,1645.0,157,146,0.6399
2026-09-25,2026-10-02,P,1650.0,425,863,0.6389
2026-09-25,2026-10-02,P,1655.0,162,53,0.6419
2026-09-25,2026-10-02,P,1660.0,128,66,0.63
2026-09-25,2026-10-02,P,1665.0,64,29,0.6281
2026-09-25,2026-10-02,P,1670.0,118,62,0.6507
2026-09-25,2026-10-02,P,1675.0,126,142,0.6418
2026-09-25,2026-10-02,P,1680.0,172,144,0.6449
2026-09-25,2026-10-02,P,1685.0,183,50,0.6439
2026-09-25,2026-10-02,P,1690.0,238,167,0.6372
2026-09-25,2026-10-02,P,1695.0,80,52,0.6451
2026-09-25,2026-10-02,P,1700.0,688,1295,0.6472
2026-09-25,2026-10-02,P,1705.0,53,48,0.6433
2026-09-25,2026-10-02,P,1710.0,69,31,0.6468
2026-09-25,2026-10-02,P,1715.0,49,336,0.6371
2026-09-25,2026-10-02,P,1720.0,116,82,0.6481
2026-09-25,2026-10-02,P,1725.0,96,134,0.6456
2026-09-25,2026-10-02,P,1730.0,76,181,0.6406
2026-09-25,2026-10-02,P,1735.0,41,35,0.639
2026-09-25,2026-10-02,P,1740.0,207,218,0.6463
2026-09-25,2026-10-02,P,1745.0,41,104,0.646
2026-09-25,2026-10-02,P,1750.0,253,867,0.6457
2026-09-25,2026-10-02,P,1755.0,56,132,0.6462
2026-09-25,2026-10-02,P,1760.0,142,302,0.663
2026-09-25,2026-10-02,P,1765.0,39,160,0.6469
2026-09-25,2026-10-02,P,1770.0,96,447,0.6462
2026-09-25,2026-10-02,P,1775.0,64,262,0.6516
2026-09-25,2026-10-02,P,1780.0,247,344,0.6736
2026-09-25,2026-10-02,P,1785.0,25,49,0.6469
2026-09-25,2026-10-02,P,1790.0,57,111,0.6459
2026-09-25,2026-10-02,P,1795.0,42,50,0.6486
2026-09-25,2026-10-02,P,1800.0,377,479,0.656
2026-09-25,2026-10-02,P,1805.0,55,66,0.6668
2026-09-25,2026-10-02,P,1810.0,66,90,0.6429
2026-09-25,2026-10-02,P,1815.0,20,9,0.6474
2026-09-25,2026-10-02,P,1820.0,45,37,0.6542
2026-09-25,2026-10-02,P,1825.0,50,10,0.6712
2026-09-25,2026-10-02,P,1830.0,124,6,0.6669
2026-09-25,2026-10-02,P,1835.0,120,11,0.6729
2026-09-25,2026-10-02,P,1840.0,29,47,0.6425
2026-09-25,2026-10-02,P,1845.0,176,1,0.6423
2026-09-25,2026-10-02,P,1850.0,141,131,0.6594
2026-09-25,2026-10-02,P,1855.0,52,10,0.6624
2026-09-25,2026-10-02,P,1860.0,152,10,0.6609
2026-09-25,2026-10-02,P,1865.0,23,14,0.6377
2026-09-25,2026-10-02,P,1870.0,75,8,0.6577
2026-09-25,2026-10-02,P,1875.0,145,10,0.6453
2026-09-25,2026-10-02,P,1880.0,57,7,0.6649
2026-09-25,2026-10-02,P,1885.0,46,10,0.6833
2026-09-25,2026-10-02,P,1890.0,133,6,0.6861
2026-09-25,2026-10-02,P,1895.0,108,6,0.6828
2026-09-25,2026-10-02,P,1900.0,316,54,0.6721
2026-09-25,2026-10-02,P,1910.0,98,6,0.6485
2026-09-25,2026-10-02,P,1920.0,7,18,0.7016
2026-09-25,2026-10-02,P,1930.0,6,5,0.6772
2026-09-25,2026-10-02,P,1940.0,9,0,0.6819
2026-09-25,2026-10-02,P,1950.0,41,19,0.7028
2026-09-25,2026-10-02,P,1970.0,2,3,0.6769
2026-09-25,2026-10-02,P,1980.0,2,2,0.7007
2026-09-25,2026-10-02,P,1990.0,1,1,0.693
2026-09-25,2026-10-02,P,2000.0,29,13,0.7151
2026-09-25,2026-10-02,P,2010.0,13,1,0.7084
2026-09-25,2026-10-02,P,2020.0,15,1,0.718
2026-09-25,2026-10-02,P,2030.0,13,1,0.721
2026-09-25,2026-10-02,P,2040.0,4,1,0.7217
2026-09-25,2026-10-09,C,1515.0,20,1,0.6838
2026-09-25,2026-10-09,C,1520.0,46,4,0.6887
2026-09-25,2026-10-09,C,1525.0,13,13,0.6818
2026-09-25,2026-10-09,C,1530.0,104,5,0.7004
2026-09-25,2026-10-09,C,1535.0,37,3,0.6852
2026-09-25,2026-10-09,C,1540.0,38,10,0.6868
2026-09-25,2026-10-09,C,1545.0,39,1,0.6892
2026-09-25,2026-10-09,C,1550.0,70,2,0.682
2026-09-25,2026-10-09,C,1555.0,8,4,0.6784
2026-09-25,2026-10-09,C,1560.0,47,1,0.6774
2026-09-25,2026-10-09,C,1565.0,5,5,0.6704
2026-09-25,2026-10-09,C,1570.0,55,60,0.669
2026-09-25,2026-10-09,C,1575.0,8,2,0.6755
2026-09-25,2026-10-09,C,1580.0,15,1,0.6701
2026-09-25,2026-10-09,C,1585.0,21,28,0.6693
2026-09-25,2026-10-09,C,1590.0,22,112,0.6826
2026-09-25,2026-10-09,C,1595.0,28,1,0.6789
2026-09-25,2026-10-09,C,1600.0,146,17,0.6705
2026-09-25,2026-10-09,C,1605.0,8,45,0.6772
2026-09-25,2026-10-09,C,1610.0,26,1,0.6751
2026-09-25,2026-10-09,C,1615.0,7,5,0.669
2026-09-25,2026-10-09,C,1620.0,37,1,0.6679
2026-09-25,2026-10-09,C,1625.0,4,1,0.685
2026-09-25,2026-10-09,C,1630.0,13,1,0.675
2026-09-25,2026-10-09,C,1635.0,8,3,0.6684
2026-09-25,2026-10-09,C,1640.0,9,4,0.6756
2026-09-25,2026-10-09,C,1645.0,19,6,0.6719
2026-09-25,2026-10-09,C,1650.0,54,41,0.6643
2026-09-25,2026-10-09,C,1655.0,4,8,0.6648
2026-09-25,2026-10-09,C,1660.0,20,46,0.6625
2026-09-25,2026-10-09,C,1665.0,11,20,0.6653
2026-09-25,2026-10-09,C,1670.0,17,64,0.6608
2026-09-25,2026-10-09,C,1675.0,5,2,0.6759
2026-09-25,2026-10-09,C,1680.0,14,231,0.6668
2026-09-25,2026-10-09,C,1685.0,43,4,0.6724
2026-09-25,2026-10-09,C,1690.0,29,17,0.6736
2026-09-25,2026-10-09,C,1695.0,17,2,0.67
2026-09-25,2026-10-09,C,1700.0,132,10,0.6609
2026-09-25,2026-10-09,C,1705.0,47,2,0.6609
2026-09-25,2026-10-09,C,1710.0,60,9,0.671
2026-09-25,2026-10-09,C,1715.0,24,2,0.6648
2026-09-25,2026-10-09,C,1720.0,17,4,0.6709
2026-09-25,2026-10-09,C,1725.0,17,5,0.6711
2026-09-25,2026-10-09,C,1730.0,39,2,0.6738
2026-09-25,2026-10-09,C,1735.0,21,9,0.6637
2026-09-25,2026-10-09,C,1740.0,62,32,0.6748
2026-09-25,2026-10-09,C,1745.0,62,15,0.6727
2026-09-25,2026-10-09,C,1750.0,250,178,0.6686
2026-09-25,2026-10-09,C,1755.0,21,33,0.6804
2026-09-25,2026-10-09,C,1760.0,44,25,0.6813
2026-09-25,2026-10-09,C,1765.0,46,35,0.6819
2026-09-25,2026-10-09,C,1770.0,115,49,0.6759
2026-09-25,2026-10-09,C,1775.0,46,36,0.6837
2026-09-25,2026-10-09,C,1780.0,48,49,0.6751
2026-09-25,2026-10-09,C,1785.0,20,25,0.6798
2026-09-25,2026-10-09,C,1790.0,23,17,0.6755
2026-09-25,2026-10-09,C,1795.0,83,39,0.6702
2026-09-25,2026-10-09,C,1800.0,187,208,0.6744
2026-09-25,2026-10-09,C,1805.0,32,15,0.671
2026-09-25,2026-10-09,C,1810.0,36,48,0.6799
2026-09-25,2026-10-09,C,1815.0,37,9,0.6721
2026-09-25,2026-10-09,C,1820.0,80,16,0.6805
2026-09-25,2026-10-09,C,1825.0,115,33,0.6823
2026-09-25,2026-10-09,C,1830.0,57,12,0.6754
2026-09-25,2026-10-09,C,1835.0,29,10,0.6788
2026-09-25,2026-10-09,C,1840.0,71,39,0.6742
2026-09-25,2026-10-09,C,1845.0,9,2,0.6745
2026-09-25,2026-10-09,C,1850.0,89,158,0.6811
2026-09-25,2026-10-09,C,1855.0,96,5,0.6774
2026-09-25,2026-10-09,C,1860.0,34,5,0.6842
2026-09-25,2026-10-09,C,1865.0,16,2,0.6767
2026-09-25,2026-10-09,C,1870.0,53,1,0.6801
2026-09-25,2026-10-09,C,1875.0,14,2,0.6812
2026-09-25,2026-10-09,C,1880.0,36,11,0.6819
2026-09-25,2026-10-09,C,1885.0,51,15,0.6851
2026-09-25,2026-10-09,C,1890.0,115,11,0.6843
2026-09-25,2026-10-09,C,1895.0,53,18,0.7004
2026-09-25,2026-10-09,C,1900.0,329,211,0.6872
2026-09-25,2026-10-09,C,1910.0,34,94,0.6903
2026-09-25,2026-10-09,C,1920.0,45,11,0.691
2026-09-25,2026-10-09,C,1930.0,39,25,0.6919
2026-09-25,2026-10-09,C,1940.0,28,2,0.6972
2026-09-25,2026-10-09,C,1950.0,65,16,0.6988
2026-09-25,2026-10-09,C,1960.0,31,2,0.6987
2026-09-25,2026-10-09,C,1970.0,36,9,0.699
2026-09-25,2026-10-09,C,1980.0,45,8,0.7059
2026-09-25,2026-10-09,C,1990.0,13,21,0.7064
2026-09-25,2026-10-09,C,2000.0,277,166,0.7027
2026-09-25,2026-10-09,C,2010.0,73,2,0.7112
2026-09-25,2026-10-09,C,2020.0,40,23,0.7116
2026-09-25,2026-10-09,C,2030.0,33,11,0.706
2026-09-25,2026-10-09,C,2040.0,18,5,0.7071
2026-09-25,2026-10-09,P,1515.0,23,8,0.6613
2026-09-25,2026-10-09,P,1520.0,27,18,0.6671
2026-09-25,2026-10-09,P,1525.0,17,10,0.6606
2026-09-25,2026-10-09,P,1530.0,91,2,0.6639
2026-09-25,2026-10-09,P,1535.0,49,3,0.6515
2026-09-25,2026-10-09,P,1540.0,218,10,0.6568
2026-09-25,2026-10-09,P,1545.0,34,6,0.6602
2026-09-25,2026-10-09,P,1550.0,210,27,0.6541
2026-09-25,2026-10-09,P,1555.0,18,4,0.6472
2026-09-25,2026-10-09,P,1560.0,30,4,0.6525
2026-09-25,2026-10-09,P,1565.0,28,10,0.653
2026-09-25,2026-10-09,P,1570.0,40,4,0.6508
2026-09-25,2026-10-09,P,1575.0,11,8,0.6478
2026-09-25,2026-10-09,P,1580.0,100,30,0.6462
2026-09-25,2026-10-09,P,1585.0,9,3,0.6443
2026-09-25,2026-10-09,P,1590.0,32,17,0.6511
2026-09-25,2026-10-09,P,1595.0,16,24,0.6417
2026-09-25,2026-10-09,P,1600.0,196,76,0.646
2026-09-25,2026-10-09,P,1605.0,96,3,0.6478
2026-09-25,2026-10-09,P,1610.0,32,15,0.6502
2026-09-25,2026-10-09,P,1615.0,36,14,0.6459
2026-09-25,2026-10-09,P,1620.0,57,9,0.6447
2026-09-25,2026-10-09,P,1625.0,38,6,0.6468
2026-09-25,2026-10-09,P,1630.0,83,6,0.649
2026-09-25,2026-10-09,P,1635.0,27,2,0.6477
2026-09-25,2026-10-09,P,1640.0,117,7,0.6482
2026-09-25,2026-10-09,P,1645.0,24,5,0.6506
2026-09-25,2026-10-09,P,1650.0,144,39,0.6508
2026-09-25,2026-10-09,P,1655.0,17,3,0.6461
2026-09-25,2026-10-09,P,1660.0,70,5,0.6473
2026-09-25,2026-10-09,P,1665.0,51,2,0.6478
2026-09-25,2026-10-09,P,1670.0,15,6,0.6468
2026-09-25,2026-10-09,P,1675.0,64,4,0.6478
2026-09-25,2026-10-09,P,1680.0,55,16,0.6465
2026-09-25,2026-10-09,P,1685.0,20,3,0.6464
2026-09-25,2026-10-09,P,1690.0,185,7,0.6507
2026-09-25,2026-10-09,P,1695.0,36,4,0.645
2026-09-25,2026-10-09,P,1700.0,169,38,0.6466
2026-09-25,2026-10-09,P,1705.0,19,12,0.6501
2026-09-25,2026-10-09,P,1710.0,36,2,0.6473
2026-09-25,2026-10-09,P,1715.0,21,6,0.6483
2026-09-25,2026-10-09,P,1720.0,13,20,0.6475
2026-09-25,2026-10-09,P,1725.0,14,2,0.6471
2026-09-25,2026-10-09,P,1730.0,29,21,0.6504
2026-09-25,2026-10-09,P,1735.0,38,2,0.6491
2026-09-25,2026-10-09,P,1740.0,24,27,0.651
2026-09-25,2026-10-09,P,1745.0,23,3,0.6518
2026-09-25,2026-10-09,P,1750.0,119,48,0.6527
2026-09-25,2026-10-09,P,1755.0,21,10,0.6505
2026-09-25,2026-10-09,P,1760.0,35,36,0.6525
2026-09-25,2026-10-09,P,1765.0,14,7,0.6515
2026-09-25,2026-10-09,P,1770.0,24,36,0.6515
2026-09-25,2026-10-09,P,1775.0,11,21,0.6537
2026-09-25,2026-10-09,P,1780.0,29,10,0.649
2026-09-25,2026-10-09,P,1785.0,16,13,0.6551
2026-09-25,2026-10-09,P,1790.0,18,29,0.6557
2026-09-25,2026-10-09,P,1795.0,8,8,0.656
2026-09-25,2026-10-09,P,1800.0,119,72,0.656
2026-09-25,2026-10-09,P,1805.0,13,6,0.6558
2026-09-25,2026-10-09,P,1810.0,17,3,0.6559
2026-09-25,2026-10-09,P,1815.0,6,1,0.6565
2026-09-25,2026-10-09,P,1820.0,14,2,0.6599
2026-09-25,2026-10-09,P,1825.0,9,34,0.6599
2026-09-25,2026-10-09,P,1830.0,7,1,0.6431
2026-09-25,2026-10-09,P,1835.0,7,1,0.6432
2026-09-25,2026-10-09,P,1840.0,29,2,0.6583
2026-09-25,2026-10-09,P,1845.0,17,33,0.6583
2026-09-25,2026-10-09,P,1850.0,39,8,0.659
2026-09-25,2026-10-09,P,1855.0,5,8,0.6588
2026-09-25,2026-10-09,P,1860.0,7,7,0.6572
2026-09-25,2026-10-09,P,1870.0,56,62,0.6612
2026-09-25,2026-10-09,P,1875.0,5,5,0.6625
2026-09-25,2026-10-09,P,1880.0,18,3,0.6595
2026-09-25,2026-10-09,P,1885.0,31,2,0.6576
2026-09-25,2026-10-09,P,1890.0,20,4,0.6589
2026-09-25,2026-10-09,P,1895.0,21,2,0.6708
2026-09-25,2026-10-09,P,1900.0,30,3,0.669
2026-09-25,2026-10-09,P,1910.0,20,2,0.6626
2026-09-25,2026-10-09,P,1920.0,4,4,0.664
2026-09-25,2026-10-09,P,1930.0,6,3,0.6732
2026-09-25,2026-10-09,P,1940.0,1,6,0.679
2026-09-25,2026-10-09,P,1950.0,5,1,0.6698
2026-09-25,2026-10-09,P,1980.0,1,0,0.6785
2026-09-25,2026-10-09,P,1990.0,2,1,0.6801
2026-09-25,2026-10-09,P,2010.0,5,0,0.6831
2026-09-25,2026-10-09,P,2020.0,1,2,0.6796
2026-09-25,2026-10-09,P,2030.0,5,1,0.6807
2026-09-25,2026-10-09,P,2040.0,1,0,0.6942
2026-09-29,2026-10-02,C,1475.0,70,2,0.7319
2026-09-29,2026-10-02,C,1480.0,76,4,0.7919
2026-09-29,2026-10-02,C,1485.0,41,25,0.8641
2026-09-29,2026-10-02,C,1490.0,70,1,0.7451
2026-09-29,2026-10-02,C,1495.0,203,15,0.7356
2026-09-29,2026-10-02,C,1500.0,222,98,0.73
2026-09-29,2026-10-02,C,1505.0,3,1,0.7708
2026-09-29,2026-10-02,C,1510.0,17,4,0.7621
2026-09-29,2026-10-02,C,1515.0,20,1,0.759
2026-09-29,2026-10-02,C,1520.0,128,3,0.7437
2026-09-29,2026-10-02,C,1525.0,17,11,0.7532
2026-09-29,2026-10-02,C,1530.0,47,32,0.7374
2026-09-29,2026-10-02,C,1535.0,91,5,0.7267
2026-09-29,2026-10-02,C,1540.0,67,2,0.7183
2026-09-29,2026-10-02,C,1545.0,24,1,0.7117
2026-09-29,2026-10-02,C,1550.0,142,16,0.726
2026-09-29,2026-10-02,C,1555.0,47,5,0.7175
2026-09-29,2026-10-02,C,1560.0,70,1,0.7085
2026-09-29,2026-10-02,C,1565.0,26,41,0.7191
2026-09-29,2026-10-02,C,1570.0,21,2,0.7415
2026-09-29,2026-10-02,C,1575.0,67,6,0.7449
2026-09-29,2026-10-02,C,1580.0,107,2,0.7266
2026-09-29,2026-10-02,C,1585.0,52,3,0.7154
2026-09-29,2026-10-02,C,1590.0,72,2,0.7108
2026-09-29,2026-10-02,C,1595.0,63,1,0.7067
2026-09-29,2026-10-02,C,1600.0,1778,171,0.7302
2026-09-29,2026-10-02,C,1605.0,103,3,0.7385
2026-09-29,2026-10-02,C,1610.0,69,35,0.7665
2026-09-29,2026-10-02,C,1615.0,18,1,0.7817
2026-09-29,2026-10-02,C,1620.0,83,16,0.7671
2026-09-29,2026-10-02,C,1625.0,52,99,0.7452
2026-09-29,2026-10-02,C,1630.0,45,12,0.767
2026-09-29,2026-10-02,C,1635.0,120,7,0.7589
2026-09-29,2026-10-02,C,1640.0,44,20,0.7565
2026-09-29,2026-10-02,C,1645.0,35,3,0.7443
2026-09-29,2026-10-02,C,1650.0,303,271,0.7554
2026-09-29,2026-10-02,C,1655.0,25,3,0.7558
2026-09-29,2026-10-02,C,1660.0,69,24,0.7487
2026-09-29,2026-10-02,C,1665.0,131,17,0.7351
2026-09-29,2026-10-02,C,1670.0,129,375,0.7107
2026-09-29,2026-10-02,C,1675.0,104,146,0.7347
2026-09-29,2026-10-02,C,1680.0,125,84,0.7377
2026-09-29,2026-10-02,C,1685.0,98,126,0.7292
2026-09-29,2026-10-02,C,1690.0,123,233,0.7301
2026-09-29,2026-10-02,C,1695.0,89,81,0.722
2026-09-29,2026-10-02,C,1700.0,662,3511,0.7237
2026-09-29,2026-10-02,C,1705.0,136,518,0.7292
2026-09-29,2026-10-02,C,1710.0,296,1545,0.7202
2026-09-29,2026-10-02,C,1715.0,199,1556,0.7257
2026-09-29,2026-10-02,C,1720.0,316,1527,0.7293
2026-09-29,2026-10-02,C,1725.0,262,896,0.7256
2026-09-29,2026-10-02,C,1730.0,339,732,0.7119
2026-09-29,2026-10-02,C,1735.0,103,476,0.7179
2026-09-29,2026-10-02,C,1740.0,157,1032,0.7353
2026-09-29,2026-10-02,C,1745.0,202,964,0.724
2026-09-29,2026-10-02,C,1750.0,684,2947,0.7227
2026-09-29,2026-10-02,C,1755.0,208,145,0.733
2026-09-29,2026-10-02,C,1760.0,277,235,0.7106
2026-09-29,2026-10-02,C,1765.0,71,98,0.7203
2026-09-29,2026-10-02,C,1770.0,421,432,0.7241
2026-09-29,2026-10-02,C,1775.0,323,117,0.7291
2026-09-29,2026-10-02,C,1780.0,657,594,0.7274
2026-09-29,2026-10-02,C,1785.0,142,65,0.7328
2026-09-29,2026-10-02,C,1790.0,257,232,0.7276
2026-09-29,2026-10-02,C,1795.0,159,78,0.7372
2026-09-29,2026-10-02,C,1800.0,1659,3534,0.7315
2026-09-29,2026-10-02,C,1805.0,93,95,0.7403
2026-09-29,2026-10-02,C,1810.0,290,166,0.7373
2026-09-29,2026-10-02,C,1812.5,66,36,0.739
2026-09-29,2026-10-02,C,1815.0,178,143,0.7397
2026-09-29,2026-10-02,C,1817.5,54,9,0.7386
2026-09-29,2026-10-02,C,1820.0,235,240,0.7363
2026-09-29,2026-10-02,C,1822.5,33,36,0.7456
2026-09-29,2026-10-02,C,1825.0,353,606,0.7421
2026-09-29,2026-10-02,C,1827.5,18,47,0.7416
2026-09-29,2026-10-02,C,1830.0,289,231,0.7436
2026-09-29,2026-10-02,C,1832.5,23,20,0.7463
2026-09-29,2026-10-02,C,1835.0,103,64,0.7452
2026-09-29,2026-10-02,C,1837.5,13,9,0.7475
2026-09-29,2026-10-02,C,1840.0,363,150,0.7478
2026-09-29,2026-10-02,C,1845.0,70,25,0.7505
2026-09-29,2026-10-02,C,1850.0,1004,1213,0.7524
2026-09-29,2026-10-02,C,1855.0,112,49,0.7545
2026-09-29,2026-10-02,C,1860.0,391,78,0.76
2026-09-29,2026-10-02,C,1865.0,89,36,0.7596
2026-09-29,2026-10-02,C,1870.0,259,124,0.7647
2026-09-29,2026-10-02,C,1875.0,98,134,0.7637
2026-09-29,2026-10-02,C,1880.0,150,131,0.7664
2026-09-29,2026-10-02,C,1885.0,98,46,0.7672
2026-09-29,2026-10-02,C,1890.0,156,73,0.7709
2026-09-29,2026-10-02,C,1895.0,126,53,0.7739
2026-09-29,2026-10-02,C,1900.0,1840,3673,0.7776
2026-09-29,2026-10-02,C,1910.0,487,105,0.7858
2026-09-29,2026-10-02,C,1920.0,256,174,0.7933
2026-09-29,2026-10-02,C,1930.0,118,121,0.7971
2026-09-29,2026-10-02,C,1940.0,130,174,0.7997
2026-09-29,2026-10-02,C,1950.0,762,1582,0.805
2026-09-29,2026-10-02,C,1960.0,144,76,0.8118
2026-09-29,2026-10-02,C,1970.0,162,87,0.8186
2026-09-29,2026-10-02,C,1980.0,189,295,0.8257
2026-09-29,2026-10-02,P,1475.0,108,33,0.7202
2026-09-29,2026-10-02,P,1480.0,141,57,0.7068
2026-09-29,2026-10-02,P,1485.0,402,56,0.7407
2026-09-29,2026-10-02,P,1490.0,344,60,0.7051
2026-09-29,2026-10-02,P,1495.0,244,110,0.7105
2026-09-29,2026-10-02,P,1500.0,1451,588,0.7201
2026-09-29,2026-10-02,P,1505.0,177,68,0.7145
2026-09-29,2026-10-02,P,1510.0,224,93,0.7102
2026-09-29,2026-10-02,P,1515.0,138,54,0.7108
2026-09-29,2026-10-02,P,1520.0,141,131,0.7065
2026-09-29,2026-10-02,P,1525.0,269,277,0.7217
2026-09-29,2026-10-02,P,1530.0,388,181,0.7078
2026-09-29,2026-10-02,P,1535.0,101,92,0.7145
2026-09-29,2026-10-02,P,1540.0,407,115,0.7127
2026-09-29,2026-10-02,P,1545.0,203,153,0.7123
2026-09-29,2026-10-02,P,1550.0,1090,861,0.7117
2026-09-29,2026-10-02,P,1555.0,116,51,0.7139
2026-09-29,2026-10-02,P,1560.0,420,81,0.7128
2026-09-29,2026-10-02,P,1565.0,113,96,0.7141
2026-09-29,2026-10-02,P,1570.0,312,109,0.7141
2026-09-29,2026-10-02,P,1575.0,198,93,0.7128
2026-09-29,2026-10-02,P,1580.0,295,224,0.712
2026-09-29,2026-10-02,P,1585.0,247,70,0.7114
2026-09-29,2026-10-02,P,1590.0,230,142,0.7111
2026-09-29,2026-10-02,P,1595.0,241,158,0.7096
2026-09-29,2026-10-02,P,1600.0,1969,1301,0.7083
2026-09-29,2026-10-02,P,1605.0,166,102,0.7094
2026-09-29,2026-10-02,P,1610.0,320,170,0.7184
2026-09-29,2026-10-02,P,1615.0,127,94,0.7102
2026-09-29,2026-10-02,P,1620.0,784,104,0.7162
2026-09-29,2026-10-02,P,1625.0,304,78,0.7335
2026-09-29,2026-10-02,P,1630.0,368,181,0.734
2026-09-29,2026-10-02,P,1635.0,111,112,0.7342
2026-09-29,2026-10-02,P,1640.0,441,122,0.7315
2026-09-29,2026-10-02,P,1645.0,234,80,0.7322
2026-09-29,2026-10-02,P,1650.0,893,717,0.7119
2026-09-29,2026-10-02,P,1655.0,254,130,0.7075
2026-09-29,2026-10-02,P,1660.0,209,305,0.717
2026-09-29,2026-10-02,P,1665.0,97,50,0.7088
2026-09-29,2026-10-02,P,1670.0,187,152,0.7069
2026-09-29,2026-10-02,P,1675.0,222,103,0.7287
2026-09-29,2026-10-02,P,1680.0,286,286,0.716
2026-09-29,2026-10-02,P,1685.0,221,201,0.7152
2026-09-29,2026-10-02,P,1690.0,341,149,0.7281
2026-09-29,2026-10-02,P,1695.0,148,202,0.7134
2026-09-29,2026-10-02,P,1700.0,1271,2085,0.7059
2026-09-29,2026-10-02,P,1705.0,91,578,0.7116
2026-09-29,2026-10-02,P,1710.0,160,974,0.7169
2026-09-29,2026-10-02,P,1715.0,176,559,0.7147
2026-09-29,2026-10-02,P,1720.0,145,638,0.7183
2026-09-29,2026-10-02,P,1725.0,173,419,0.7015
2026-09-29,2026-10-02,P,1730.0,101,495,0.71
2026-09-29,2026-10-02,P,1735.0,53,412,0.7146
2026-09-29,2026-10-02,P,1740.0,222,929,0.7105
2026-09-29,2026-10-02,P,1745.0,94,232,0.72
2026-09-29,2026-10-02,P,1750.0,541,285,0.7235
2026-09-29,2026-10-02,P,1755.0,86,55,0.7009
2026-09-29,2026-10-02,P,1760.0,231,99,0.7016
2026-09-29,2026-10-02,P,1765.0,70,95,0.7105
2026-09-29,2026-10-02,P,1770.0,141,48,0.72
2026-09-29,2026-10-02,P,1775.0,138,41,0.7039
2026-09-29,2026-10-02,P,1780.0,234,16,0.7136
2026-09-29,2026-10-02,P,1785.0,27,6,0.7337
2026-09-29,2026-10-02,P,1790.0,65,20,0.7089
2026-09-29,2026-10-02,P,1795.0,57,1,0.7075
2026-09-29,2026-10-02,P,1800.0,544,222,0.7145
2026-09-29,2026-10-02,P,1805.0,78,8,0.7024
2026-09-29,2026-10-02,P,1810.0,57,6,0.7116
2026-09-29,2026-10-02,P,1812.5,5,21,0.7139
2026-09-29,2026-10-02,P,1815.0,22,3,0.7043
2026-09-29,2026-10-02,P,1820.0,53,11,0.7188
2026-09-29,2026-10-02,P,1822.5,3,5,0.716
2026-09-29,2026-10-02,P,1825.0,63,6,0.7076
2026-09-29,2026-10-02,P,1830.0,124,19,0.7093
2026-09-29,2026-10-02,P,1835.0,115,17,0.6942
2026-09-29,2026-10-02,P,1837.5,1,2,0.6921
2026-09-29,2026-10-02,P,1840.0,35,11,0.7002
2026-09-29,2026-10-02,P,1845.0,177,1,0.6957
2026-09-29,2026-10-02,P,1850.0,148,20,0.7043
2026-09-29,2026-10-02,P,1855.0,52,10,0.6965
2026-09-29,2026-10-02,P,1860.0,151,1,0.7387
2026-09-29,2026-10-02,P,1865.0,31,14,0.7629
2026-09-29,2026-10-02,P,1870.0,75,1,0.7311
2026-09-29,2026-10-02,P,1875.0,64,31,0.7473
2026-09-29,2026-10-02,P,1880.0,57,5,0.7656
2026-09-29,2026-10-02,P,1885.0,50,11,0.7509
2026-09-29,2026-10-02,P,1890.0,121,11,0.722
2026-09-29,2026-10-02,P,1895.0,114,6,0.7841
2026-09-29,2026-10-02,P,1900.0,360,13,0.7225
2026-09-29,2026-10-02,P,1910.0,126,10,0.7793
2026-09-29,2026-10-02,P,1920.0,28,1,0.7745
2026-09-29,2026-10-02,P,1930.0,6,1,0.78
2026-09-29,2026-10-02,P,1940.0,11,5,0.7865
2026-09-29,2026-10-02,P,1950.0,53,1,0.7116
2026-09-29,2026-10-02,P,1960.0,4,1,0.7905
2026-09-29,2026-10-02,P,1970.0,3,1,0.7936
2026-09-29,2026-10-02,P,1980.0,2,3,0.8412
2026-09-29,2026-10-09,C,1475.0,22,38,0.7119
2026-09-29,2026-10-09,C,1480.0,46,160,0.7087
2026-09-29,2026-10-09,C,1485.0,9,1,0.7061
2026-09-29,2026-10-09,C,1490.0,3,1,0.7031
2026-09-29,2026-10-09,C,1495.0,8,0,0.7017
2026-09-29,2026-10-09,C,1500.0,41,1,0.7052
2026-09-29,2026-10-09,C,1505.0,10,1,0.6941
2026-09-29,2026-10-09,C,1510.0,5,8,0.7009
2026-09-29,2026-10-09,C,1515.0,20,1,0.6936
2026-09-29,2026-10-09,C,1520.0,48,4,0.6903
2026-09-29,2026-10-09,C,1525.0,13,13,0.6835
2026-09-29,2026-10-09,C,1530.0,105,5,0.6902
2026-09-29,2026-10-09,C,1535.0,36,2,0.7038
2026-09-29,2026-10-09,C,1540.0,42,1,0.6853
2026-09-29,2026-10-09,C,1545.0,39,1,0.7117
2026-09-29,2026-10-09,C,1550.0,72,14,0.7064
2026-09-29,2026-10-09,C,1555.0,9,4,0.6931
2026-09-29,2026-10-09,C,1560.0,53,7,0.6797
2026-09-29,2026-10-09,C,1565.0,5,5,0.6727
2026-09-29,2026-10-09,C,1570.0,55,1,0.6704
2026-09-29,2026-10-09,C,1575.0,8,2,0.6714
2026-09-29,2026-10-09,C,1580.0,15,1,0.6924
2026-09-29,2026-10-09,C,1585.0,21,28,0.6696
2026-09-29,2026-10-09,C,1590.0,22,1,0.6679
2026-09-29,2026-10-09,C,1595.0,28,10,0.6709
2026-09-29,2026-10-09,C,1600.0,156,5,0.675
2026-09-29,2026-10-09,C,1605.0,53,47,0.6671
2026-09-29,2026-10-09,C,1610.0,30,1,0.6717
2026-09-29,2026-10-09,C,1615.0,9,8,0.6705
2026-09-29,2026-10-09,C,1620.0,38,19,0.678
2026-09-29,2026-10-09,C,1625.0,3,8,0.6748
2026-09-29,2026-10-09,C,1630.0,15,20,0.6649
2026-09-29,2026-10-09,C,1635.0,8,3,0.665
2026-09-29,2026-10-09,C,1640.0,28,17,0.6674
2026-09-29,2026-10-09,C,1645.0,27,10,0.6938
2026-09-29,2026-10-09,C,1650.0,86,108,0.6935
2026-09-29,2026-10-09,C,1655.0,12,19,0.6901
2026-09-29,2026-10-09,C,1660.0,56,4,0.6913
2026-09-29,2026-10-09,C,1665.0,29,1,0.68
2026-09-29,2026-10-09,C,1670.0,24,1,0.6835
2026-09-29,2026-10-09,C,1675.0,31,29,0.6847
2026-09-29,2026-10-09,C,1680.0,26,19,0.6825
2026-09-29,2026-10-09,C,1685.0,65,169,0.6773
2026-09-29,2026-10-09,C,1690.0,47,27,0.6855
2026-09-29,2026-10-09,C,1695.0,19,11,0.6764
2026-09-29,2026-10-09,C,1700.0,223,197,0.6705
2026-09-29,2026-10-09,C,1705.0,55,84,0.6786
2026-09-29,2026-10-09,C,1710.0,98,77,0.6833
2026-09-29,2026-10-09,C,1715.0,40,123,0.6769
2026-09-29,2026-10-09,C,1720.0,41,52,0.6732
2026-09-29,2026-10-09,C,1725.0,25,70,0.6745
2026-09-29,2026-10-09,C,1730.0,49,116,0.6729
2026-09-29,2026-10-09,C,1735.0,17,39,0.6742
2026-09-29,2026-10-09,C,1740.0,72,123,0.6818
2026-09-29,2026-10-09,C,1745.0,92,138,0.6806
2026-09-29,2026-10-09,C,1750.0,233,287,0.6782
2026-09-29,2026-10-09,C,1755.0,16,40,0.6883
2026-09-29,2026-10-09,C,1760.0,41,48,0.6826
2026-09-29,2026-10-09,C,1765.0,41,39,0.6848
2026-09-29,2026-10-09,C,1770.0,153,51,0.6724
2026-09-29,2026-10-09,C,1775.0,54,24,0.6819
2026-09-29,2026-10-09,C,1780.0,84,27,0.6775
2026-09-29,2026-10-09,C,1785.0,26,8,0.6808
2026-09-29,2026-10-09,C,1790.0,30,10,0.6824
2026-09-29,2026-10-09,C,1795.0,119,11,0.6807
2026-09-29,2026-10-09,C,1800.0,374,301,0.6811
2026-09-29,2026-10-09,C,1805.0,38,7,0.6851
2026-09-29,2026-10-09,C,1810.0,57,5,0.6862
2026-09-29,2026-10-09,C,1812.5,69,4,0.6815
2026-09-29,2026-10-09,C,1815.0,36,5,0.6824
2026-09-29,2026-10-09,C,1817.5,8,1,0.686
2026-09-29,2026-10-09,C,1820.0,83,4,0.6859
2026-09-29,2026-10-09,C,1825.0,113,18,0.6836
2026-09-29,2026-10-09,C,1827.5,6,1,0.6832
2026-09-29,2026-10-09,C,1830.0,50,5,0.6845
2026-09-29,2026-10-09,C,1832.5,1,0,0.6885
2026-09-29,2026-10-09,C,1835.0,35,2,0.6847
2026-09-29,2026-10-09,C,1837.5,3,3,0.6848
2026-09-29,2026-10-09,C,1840.0,77,3,0.6844
2026-09-29,2026-10-09,C,1845.0,10,1,0.6857
2026-09-29,2026-10-09,C,1850.0,265,144,0.6838
2026-09-29,2026-10-09,C,1855.0,103,2,0.6877
2026-09-29,2026-10-09,C,1860.0,32,9,0.6885
2026-09-29,2026-10-09,C,1865.0,16,1,0.6894
2026-09-29,2026-10-09,C,1870.0,57,4,0.6905
2026-09-29,2026-10-09,C,1875.0,156,23,0.6898
2026-09-29,2026-10-09,C,1880.0,42,18,0.6918
2026-09-29,2026-10-09,C,1885.0,52,4,0.6924
2026-09-29,2026-10-09,C,1890.0,128,5,0.6922
2026-09-29,2026-10-09,C,1895.0,86,2,0.6985
2026-09-29,2026-10-09,C,1900.0,451,258,0.6945
2026-09-29,2026-10-09,C,1910.0,79,14,0.6956
2026-09-29,2026-10-09,C,1920.0,41,15,0.6994
2026-09-29,2026-10-09,C,1930.0,49,20,0.7069
2026-09-29,2026-10-09,C,1940.0,39,18,0.702
2026-09-29,2026-10-09,C,1950.0,99,52,0.7049
2026-09-29,2026-10-09,C,1960.0,40,6,0.7179
2026-09-29,2026-10-09,C,1970.0,44,33,0.7103
2026-09-29,2026-10-09,C,1980.0,58,11,0.7107
2026-09-29,2026-10-09,P,1475.0,26,4,0.6613
2026-09-29,2026-10-09,P,1480.0,81,7,0.662
2026-09-29,2026-10-09,P,1485.0,21,21,0.6632
2026-09-29,2026-10-09,P,1490.0,146,17,0.6595
2026-09-29,2026-10-09,P,1495.0,41,8,0.6606
2026-09-29,2026-10-09,P,1500.0,438,93,0.6591
2026-09-29,2026-10-09,P,1505.0,20,4,0.6581
2026-09-29,2026-10-09,P,1510.0,26,12,0.654
2026-09-29,2026-10-09,P,1515.0,23,1,0.6557
2026-09-29,2026-10-09,P,1520.0,36,3,0.6551
2026-09-29,2026-10-09,P,1525.0,24,21,0.6524
2026-09-29,2026-10-09,P,1530.0,105,8,0.6548
2026-09-29,2026-10-09,P,1535.0,43,19,0.6551
2026-09-29,2026-10-09,P,1540.0,235,12,0.6541
2026-09-29,2026-10-09,P,1545.0,44,1,0.6541
2026-09-29,2026-10-09,P,1550.0,269,35,0.6514
2026-09-29,2026-10-09,P,1555.0,40,45,0.6463
2026-09-29,2026-10-09,P,1560.0,40,6,0.6523
2026-09-29,2026-10-09,P,1565.0,44,2,0.6497
2026-09-29,2026-10-09,P,1570.0,46,14,0.6512
2026-09-29,2026-10-09,P,1575.0,16,2,0.6508
2026-09-29,2026-10-09,P,1580.0,103,21,0.6494
2026-09-29,2026-10-09,P,1585.0,24,33,0.6475
2026-09-29,2026-10-09,P,1590.0,56,87,0.644
2026-09-29,2026-10-09,P,1595.0,35,16,0.6448
2026-09-29,2026-10-09,P,1600.0,283,70,0.65
2026-09-29,2026-10-09,P,1605.0,98,22,0.6496
2026-09-29,2026-10-09,P,1610.0,84,2,0.6492
2026-09-29,2026-10-09,P,1615.0,39,50,0.65
2026-09-29,2026-10-09,P,1620.0,82,12,0.642
2026-09-29,2026-10-09,P,1625.0,50,23,0.6485
2026-09-29,2026-10-09,P,1630.0,96,23,0.6522
2026-09-29,2026-10-09,P,1635.0,44,52,0.6432
2026-09-29,2026-10-09,P,1640.0,116,53,0.6465
2026-09-29,2026-10-09,P,1645.0,42,15,0.6535
2026-09-29,2026-10-09,P,1650.0,195,44,0.6439
2026-09-29,2026-10-09,P,1655.0,27,11,0.6475
2026-09-29,2026-10-09,P,1660.0,76,44,0.6478
2026-09-29,2026-10-09,P,1665.0,58,8,0.6413
2026-09-29,2026-10-09,P,1670.0,26,56,0.6399
2026-09-29,2026-10-09,P,1675.0,95,51,0.6482
2026-09-29,2026-10-09,P,1680.0,63,71,0.6485
2026-09-29,2026-10-09,P,1685.0,26,42,0.6483
2026-09-29,2026-10-09,P,1690.0,175,80,0.6394
2026-09-29,2026-10-09,P,1695.0,37,6,0.647
2026-09-29,2026-10-09,P,1700.0,185,245,0.6476
2026-09-29,2026-10-09,P,1705.0,21,83,0.6414
2026-09-29,2026-10-09,P,1710.0,38,137,0.6475
2026-09-29,2026-10-09,P,1715.0,28,107,0.6455
2026-09-29,2026-10-09,P,1720.0,22,39,0.6397
2026-09-29,2026-10-09,P,1725.0,31,21,0.6566
2026-09-29,2026-10-09,P,1730.0,26,37,0.6454
2026-09-29,2026-10-09,P,1735.0,41,19,0.6492
2026-09-29,2026-10-09,P,1740.0,52,44,0.6406
2026-09-29,2026-10-09,P,1745.0,23,13,0.6481
2026-09-29,2026-10-09,P,1750.0,120,59,0.657
2026-09-29,2026-10-09,P,1755.0,22,3,0.6416
2026-09-29,2026-10-09,P,1760.0,56,2,0.6387
2026-09-29,2026-10-09,P,1765.0,98,4,0.6451
2026-09-29,2026-10-09,P,1770.0,32,14,0.6443
2026-09-29,2026-10-09,P,1775.0,10,2,0.6486
2026-09-29,2026-10-09,P,1780.0,40,6,0.636
2026-09-29,2026-10-09,P,1785.0,23,5,0.6442
2026-09-29,2026-10-09,P,1790.0,38,7,0.646
2026-09-29,2026-10-09,P,1795.0,12,13,0.6467
2026-09-29,2026-10-09,P,1800.0,857,122,0.6521
2026-09-29,2026-10-09,P,1805.0,16,12,0.6511
2026-09-29,2026-10-09,P,1810.0,18,5,0.6541
2026-09-29,2026-10-09,P,1815.0,9,2,0.6532
2026-09-29,2026-10-09,P,1820.0,13,2,0.6551
2026-09-29,2026-10-09,P,1825.0,9,34,0.6497
2026-09-29,2026-10-09,P,1830.0,37,2,0.6545
2026-09-29,2026-10-09,P,1835.0,7,1,0.6608
2026-09-29,2026-10-09,P,1837.5,2,1,0.6538
2026-09-29,2026-10-09,P,1840.0,47,19,0.6552
2026-09-29,2026-10-09,P,1845.0,17,33,0.6556
2026-09-29,2026-10-09,P,1850.0,35,8,0.6452
2026-09-29,2026-10-09,P,1855.0,9,2,0.6492
2026-09-29,2026-10-09,P,1860.0,12,2,0.6638
2026-09-29,2026-10-09,P,1870.0,61,7,0.6777
2026-09-29,2026-10-09,P,1875.0,102,1,0.6666
2026-09-29,2026-10-09,P,1880.0,10,9,0.6786
2026-09-29,2026-10-09,P,1885.0,32,2,0.6796
2026-09-29,2026-10-09,P,1890.0,20,4,0.6802
2026-09-29,2026-10-09,P,1895.0,21,6,0.6821
2026-09-29,2026-10-09,P,1900.0,29,7,0.6822
2026-09-29,2026-10-09,P,1910.0,20,2,0.684
2026-09-29,2026-10-09,P,1920.0,4,4,0.6857
2026-09-29,2026-10-09,P,1930.0,6,7,0.6679
2026-09-29,2026-10-09,P,1940.0,2,6,0.6656
2026-09-29,2026-10-09,P,1950.0,5,3,0.6665
2026-09-29,2026-10-09,P,1960.0,1,2,0.6745
2026-09-29,2026-10-09,P,1970.0,6,1,0.6703
2026-09-29,2026-10-09,P,1980.0,1,0,0.668
2026-09-30,2026-10-02,C,1480.0,70,4,1.6948
2026-09-30,2026-10-02,C,1485.0,40,1,1.6685
2026-09-30,2026-10-02,C,1490.0,70,1,2.4962
2026-09-30,2026-10-02,C,1495.0,202,1,1.6787
2026-09-30,2026-10-02,C,1500.0,211,83,1.3594
2026-09-30,2026-10-02,C,1505.0,3,1,1.5767
2026-09-30,2026-10-02,C,1510.0,16,5,1.5747
2026-09-30,2026-10-02,C,1515.0,20,4,1.5112
2026-09-30,2026-10-02,C,1520.0,128,2,1.4585
2026-09-30,2026-10-02,C,1525.0,21,4,1.604
2026-09-30,2026-10-02,C,1530.0,45,2,1.5762
2026-09-30,2026-10-02,C,1535.0,96,5,1.4312
2026-09-30,2026-10-02,C,1540.0,67,1,1.5366
2026-09-30,2026-10-02,C,1545.0,24,2,1.3897
2026-09-30,2026-10-02,C,1550.0,132,13,1.6621
2026-09-30,2026-10-02,C,1555.0,53,3,1.3669
2026-09-30,2026-10-02,C,1560.0,71,2,1.417
2026-09-30,2026-10-02,C,1565.0,26,41,1.4788
2026-09-30,2026-10-02,C,1570.0,21,2,1.5134
2026-09-30,2026-10-02,C,1575.0,67,6,1.2009
2026-09-30,2026-10-02,C,1580.0,107,1,1.3198
2026-09-30,2026-10-02,C,1585.0,53,1,1.2556
2026-09-30,2026-10-02,C,1590.0,69,4,1.4614
2026-09-30,2026-10-02,C,1595.0,62,1,1.1082
2026-09-30,2026-10-02,C,1600.0,1750,111,1.2207
2026-09-30,2026-10-02,C,1605.0,101,3,1.217
2026-09-30,2026-10-02,C,1610.0,59,11,1.1387
2026-09-30,2026-10-02,C,1615.0,18,7,1.0769
2026-09-30,2026-10-02,C,1620.0,91,4,1.0354
2026-09-30,2026-10-02,C,1625.0,78,6,1.0795
2026-09-30,2026-10-02,C,1630.0,45,8,0.9744
2026-09-30,2026-10-02,C,1635.0,111,7,0.9546
2026-09-30,2026-10-02,C,1640.0,43,16,0.9407
2026-09-30,2026-10-02,C,1645.0,45,2,0.9604
2026-09-30,2026-10-02,C,1650.0,327,104,0.7119
2026-09-30,2026-10-02,C,1655.0,31,5,0.8333
2026-09-30,2026-10-02,C,1660.0,62,6,0.8904
2026-09-30,2026-10-02,C,1665.0,135,11,0.8467
2026-09-30,2026-10-02,C,1670.0,367,8,0.9203
2026-09-30,2026-10-02,C,1675.0,120,104,0.8627
2026-09-30,2026-10-02,C,1680.0,151,37,0.8397
2026-09-30,2026-10-02,C,1685.0,87,12,0.8162
2026-09-30,2026-10-02,C,1690.0,97,45,0.8771
2026-09-30,2026-10-02,C,1695.0,85,31,0.874
2026-09-30,2026-10-02,C,1700.0,688,1141,0.7288
2026-09-30,2026-10-02,C,1705.0,129,57,0.7944
2026-09-30,2026-10-02,C,1710.0,348,279,0.7872
2026-09-30,2026-10-02,C,1715.0,304,556,0.8372
2026-09-30,2026-10-02,C,1720.0,364,659,0.7671
2026-09-30,2026-10-02,C,1725.0,340,830,0.7187
2026-09-30,2026-10-02,C,1730.0,316,1281,0.7488
2026-09-30,2026-10-02,C,1735.0,182,1023,0.7328
2026-09-30,2026-10-02,C,1740.0,1597,3079,0.7302
2026-09-30,2026-10-02,C,1745.0,239,1151,0.7273
2026-09-30,2026-10-02,C,1750.0,1368,5276,0.7413
2026-09-30,2026-10-02,C,1755.0,253,737,0.7183
2026-09-30,2026-10-02,C,1760.0,311,1300,0.6632
2026-09-30,2026-10-02,C,1765.0,114,875,0.7137
2026-09-30,2026-10-02,C,1770.0,509,2123,0.7071
2026-09-30,2026-10-02,C,1775.0,210,873,0.7322
2026-09-30,2026-10-02,C,1780.0,486,1906,0.7068
2026-09-30,2026-10-02,C,1785.0,120,706,0.706
2026-09-30,2026-10-02,C,1790.0,341,1646,0.7078
2026-09-30,2026-10-02,C,1795.0,168,1212,0.7245
2026-09-30,2026-10-02,C,1800.0,2013,12277,0.7116
2026-09-30,2026-10-02,C,1805.0,112,452,0.6902
2026-09-30,2026-10-02,C,1810.0,341,1413,0.7119
2026-09-30,2026-10-02,C,1812.5,87,132,0.7144
2026-09-30,2026-10-02,C,1815.0,231,366,0.716
2026-09-30,2026-10-02,C,1817.5,58,75,0.7152
2026-09-30,2026-10-02,C,1820.0,268,896,0.7105
2026-09-30,2026-10-02,C,1822.5,60,94,0.7212
2026-09-30,2026-10-02,C,1825.0,405,1812,0.7267
2026-09-30,2026-10-02,C,1827.5,124,66,0.7174
2026-09-30,2026-10-02,C,1830.0,328,739,0.7244
2026-09-30,2026-10-02,C,1832.5,35,150,0.7289
2026-09-30,2026-10-02,C,1835.0,107,172,0.7261
2026-09-30,2026-10-02,C,1837.5,21,96,0.7343
2026-09-30,2026-10-02,C,1840.0,301,608,0.7313
2026-09-30,2026-10-02,C,1845.0,120,413,0.7349
2026-09-30,2026-10-02,C,1850.0,1337,5210,0.7173
2026-09-30,2026-10-02,C,1855.0,119,366,0.7603
2026-09-30,2026-10-02,C,1860.0,518,579,0.8231
2026-09-30,2026-10-02,C,1865.0,104,227,0.7829
2026-09-30,2026-10-02,C,1870.0,237,693,0.7405
2026-09-30,2026-10-02,C,1875.0,108,329,0.809
2026-09-30,2026-10-02,C,1880.0,202,666,0.8088
2026-09-30,2026-10-02,C,1885.0,180,323,0.8108
2026-09-30,2026-10-02,C,1890.0,184,315,0.825
2026-09-30,2026-10-02,C,1895.0,157,706,0.8378
2026-09-30,2026-10-02,C,1900.0,3406,9190,0.8524
2026-09-30,2026-10-02,C,1910.0,513,370,0.8689
2026-09-30,2026-10-02,C,1920.0,441,1067,0.9026
2026-09-30,2026-10-02,C,1930.0,189,471,0.9313
2026-09-30,2026-10-02,C,1940.0,259,297,0.8948
2026-09-30,2026-10-02,C,1950.0,1807,2958,0.9241
2026-09-30,2026-10-02,C,1960.0,165,206,0.9905
2026-09-30,2026-10-02,C,1970.0,191,267,1.0376
2026-09-30,2026-10-02,C,1980.0,380,296,1.0205
2026-09-30,2026-10-02,C,1990.0,250,497,1.0364
2026-09-30,2026-10-02,C,2000.0,8017,8352,1.0525
2026-09-30,2026-10-02,P,1480.0,161,32,1.2754
2026-09-30,2026-10-02,P,1485.0,387,19,1.2539
2026-09-30,2026-10-02,P,1490.0,355,65,1.2988
2026-09-30,2026-10-02,P,1495.0,266,45,1.2773
2026-09-30,2026-10-02,P,1500.0,1545,1437,1.2266
2026-09-30,2026-10-02,P,1505.0,209,47,1.2578
2026-09-30,2026-10-02,P,1510.0,595,97,1.2109
2026-09-30,2026-10-02,P,1515.0,144,55,1.1641
2026-09-30,2026-10-02,P,1520.0,201,71,1.168
2026-09-30,2026-10-02,P,1525.0,298,124,1.1465
2026-09-30,2026-10-02,P,1530.0,484,88,1.2012
2026-09-30,2026-10-02,P,1535.0,133,58,1.2441
2026-09-30,2026-10-02,P,1540.0,403,182,1.1055
2026-09-30,2026-10-02,P,1545.0,352,92,1.0371
2026-09-30,2026-10-02,P,1550.0,925,518,1.041
2026-09-30,2026-10-02,P,1555.0,199,216,1.1397
2026-09-30,2026-10-02,P,1560.0,372,211,1.0361
2026-09-30,2026-10-02,P,1565.0,210,194,1.1035
2026-09-30,2026-10-02,P,1570.0,327,553,0.9756
2026-09-30,2026-10-02,P,1575.0,464,437,0.9707
2026-09-30,2026-10-02,P,1580.0,400,355,0.9492
2026-09-30,2026-10-02,P,1585.0,249,186,1.001
2026-09-30,2026-10-02,P,1590.0,316,242,0.9453
2026-09-30,2026-10-02,P,1595.0,305,182,0.9229
2026-09-30,2026-10-02,P,1600.0,2211,2497,0.9004
2026-09-30,2026-10-02,P,1605.0,195,117,1.002
2026-09-30,2026-10-02,P,1610.0,337,300,1.0044
2026-09-30,2026-10-02,P,1615.0,180,151,0.9224
2026-09-30,2026-10-02,P,1620.0,822,327,0.8008
2026-09-30,2026-10-02,P,1625.0,374,465,0.8403
2026-09-30,2026-10-02,P,1630.0,484,480,0.8169
2026-09-30,2026-10-02,P,1635.0,154,258,0.8374
2026-09-30,2026-10-02,P,1640.0,401,330,0.7896
2026-09-30,2026-10-02,P,1645.0,264,279,0.7529
2026-09-30,2026-10-02,P,1650.0,1035,2233,0.7788
2026-09-30,2026-10-02,P,1655.0,247,248,0.7583
2026-09-30,2026-10-02,P,1660.0,238,479,0.7546
2026-09-30,2026-10-02,P,1665.0,118,264,0.7329
2026-09-30,2026-10-02,P,1670.0,228,812,0.7354
2026-09-30,2026-10-02,P,1675.0,202,415,0.7419
2026-09-30,2026-10-02,P,1680.0,350,900,0.7251
2026-09-30,2026-10-02,P,1685.0,285,720,0.7241
2026-09-30,2026-10-02,P,1690.0,338,638,0.7192
2026-09-30,2026-10-02,P,1695.0,128,219,0.719
2026-09-30,2026-10-02,P,1700.0,1073,5070,0.7216
2026-09-30,2026-10-02,P,1705.0,207,335,0.7241
2026-09-30,2026-10-02,P,1710.0,348,571,0.7357
2026-09-30,2026-10-02,P,1715.0,253,508,0.7065
2026-09-30,2026-10-02,P,1720.0,197,1029,0.7081
2026-09-30,2026-10-02,P,1725.0,231,1525,0.714
2026-09-30,2026-10-02,P,1730.0,200,1937,0.6989
2026-09-30,2026-10-02,P,1735.0,119,592,0.6968
2026-09-30,2026-10-02,P,1740.0,423,1447,0.7158
2026-09-30,2026-10-02,P,1745.0,186,860,0.6968
2026-09-30,2026-10-02,P,1750.0,594,2015,0.6964
2026-09-30,2026-10-02,P,1755.0,145,454,0.6873
2026-09-30,2026-10-02,P,1760.0,172,1196,0.6822
2026-09-30,2026-10-02,P,1765.0,66,472,0.7377
2026-09-30,2026-10-02,P,1770.0,169,604,0.7054
2026-09-30,2026-10-02,P,1775.0,126,533,0.7566
2026-09-30,2026-10-02,P,1780.0,224,779,0.7376
2026-09-30,2026-10-02,P,1785.0,28,535,0.699
2026-09-30,2026-10-02,P,1790.0,72,1005,0.6995
2026-09-30,2026-10-02,P,1795.0,63,224,0.6758
2026-09-30,2026-10-02,P,1800.0,400,1123,0.7114
2026-09-30,2026-10-02,P,1805.0,87,37,0.6899
2026-09-30,2026-10-02,P,1810.0,67,15,0.6918
2026-09-30,2026-10-02,P,1812.5,16,13,0.6841
2026-09-30,2026-10-02,P,1815.0,20,34,0.6649
2026-09-30,2026-10-02,P,1820.0,57,32,0.6787
2026-09-30,2026-10-02,P,1822.5,11,12,0.655
2026-09-30,2026-10-02,P,1825.0,64,21,0.6971
2026-09-30,2026-10-02,P,1830.0,125,22,0.6538
2026-09-30,2026-10-02,P,1835.0,112,6,0.6519
2026-09-30,2026-10-02,P,1837.5,8,4,0.6511
2026-09-30,2026-10-02,P,1840.0,38,19,0.7025
2026-09-30,2026-10-02,P,1845.0,183,20,0.6637
2026-09-30,2026-10-02,P,1850.0,155,41,0.6926
2026-09-30,2026-10-02,P,1855.0,56,4,0.7435
2026-09-30,2026-10-02,P,1860.0,151,9,0.678
2026-09-30,2026-10-02,P,1865.0,33,19,0.7386
2026-09-30,2026-10-02,P,1870.0,75,10,0.697
2026-09-30,2026-10-02,P,1875.0,59,12,0.6544
2026-09-30,2026-10-02,P,1880.0,54,5,0.6058
2026-09-30,2026-10-02,P,1885.0,48,3,0.5894
2026-09-30,2026-10-02,P,1890.0,111,3,0.6455
2026-09-30,2026-10-02,P,1895.0,114,4,0.6035
2026-09-30,2026-10-02,P,1900.0,360,268,0.6025
2026-09-30,2026-10-02,P,1910.0,116,13,1.025
2026-09-30,2026-10-02,P,1920.0,28,10,0.8044
2026-09-30,2026-10-02,P,1930.0,6,1,1.2163
2026-09-30,2026-10-02,P,1940.0,16,5,1.2626
2026-09-30,2026-10-02,P,1950.0,50,16,0.9229
2026-09-30,2026-10-02,P,1960.0,5,1,0.8809
2026-09-30,2026-10-02,P,1970.0,2,1,0.8901
2026-09-30,2026-10-02,P,1980.0,5,3,1.4312
2026-09-30,2026-10-02,P,1990.0,2,1,1.4762
2026-09-30,2026-10-02,P,2000.0,41,6,1.6047
2026-09-30,2026-10-09,C,1480.0,71,25,0.8362
2026-09-30,2026-10-09,C,1485.0,9,7,0.8176
2026-09-30,2026-10-09,C,1490.0,3,1,0.7687
2026-09-30,2026-10-09,C,1495.0,8,5,0.8004
2026-09-30,2026-10-09,C,1500.0,43,9,0.7787
2026-09-30,2026-10-09,C,1505.0,10,6,0.7921
2026-09-30,2026-10-09,C,1510.0,5,5,0.7387
2026-09-30,2026-10-09,C,1515.0,20,1,0.7739
2026-09-30,2026-10-09,C,1520.0,48,5,0.7087
2026-09-30,2026-10-09,C,1525.0,13,13,0.7638
2026-09-30,2026-10-09,C,1530.0,105,5,0.7767
2026-09-30,2026-10-09,C,1535.0,36,20,0.7142
2026-09-30,2026-10-09,C,1540.0,56,25,0.7517
2026-09-30,2026-10-09,C,1545.0,39,1,0.7393
2026-09-30,2026-10-09,C,1550.0,83,13,0.7268
2026-09-30,2026-10-09,C,1555.0,9,4,0.7143
2026-09-30,2026-10-09,C,1560.0,59,1,0.7018
2026-09-30,2026-10-09,C,1565.0,5,5,0.7158
2026-09-30,2026-10-09,C,1570.0,55,9,0.7161
2026-09-30,2026-10-09,C,1575.0,8,7,0.6935
2026-09-30,2026-10-09,C,1580.0,15,6,0.6892
2026-09-30,2026-10-09,C,1585.0,21,5,0.6915
2026-09-30,2026-10-09,C,1590.0,23,1,0.7083
2026-09-30,2026-10-09,C,1595.0,31,8,0.693
2026-09-30,2026-10-09,C,1600.0,155,72,0.6869
2026-09-30,2026-10-09,C,1605.0,25,47,0.6988
2026-09-30,2026-10-09,C,1610.0,30,15,0.7025
2026-09-30,2026-10-09,C,1615.0,16,3,0.6884
2026-09-30,2026-10-09,C,1620.0,47,12,0.667
2026-09-30,2026-10-09,C,1625.0,10,5,0.6744
2026-09-30,2026-10-09,C,1630.0,15,20,0.683
2026-09-30,2026-10-09,C,1635.0,9,1,0.6912
2026-09-30,2026-10-09,C,1640.0,29,20,0.6848
2026-09-30,2026-10-09,C,1645.0,32,5,0.6732
2026-09-30,2026-10-09,C,1650.0,115,24,0.6642
2026-09-30,2026-10-09,C,1655.0,15,11,0.6557
2026-09-30,2026-10-09,C,1660.0,64,11,0.6476
2026-09-30,2026-10-09,C,1665.0,29,1,0.6625
2026-09-30,2026-10-09,C,1670.0,25,1,0.6597
2026-09-30,2026-10-09,C,1675.0,26,1,0.6626
2026-09-30,2026-10-09,C,1680.0,27,24,0.6406
2026-09-30,2026-10-09,C,1685.0,87,18,0.6626
2026-09-30,2026-10-09,C,1690.0,48,21,0.6572
2026-09-30,2026-10-09,C,1695.0,20,10,0.6547
2026-09-30,2026-10-09,C,1700.0,280,342,0.6573
2026-09-30,2026-10-09,C,1705.0,39,28,0.663
2026-09-30,2026-10-09,C,1710.0,101,79,0.6567
2026-09-30,2026-10-09,C,1715.0,65,40,0.6457
2026-09-30,2026-10-09,C,1720.0,58,124,0.6459
2026-09-30,2026-10-09,C,1725.0,35,68,0.6487
2026-09-30,2026-10-09,C,1730.0,61,264,0.6421
2026-09-30,2026-10-09,C,1735.0,71,72,0.6376
2026-09-30,2026-10-09,C,1740.0,143,299,0.6371
2026-09-30,2026-10-09,C,1745.0,93,115,0.644
2026-09-30,2026-10-09,C,1750.0,323,793,0.6374
2026-09-30,2026-10-09,C,1755.0,33,175,0.6401
2026-09-30,2026-10-09,C,1760.0,55,194,0.647
2026-09-30,2026-10-09,C,1765.0,48,110,0.6422
2026-09-30,2026-10-09,C,1770.0,175,135,0.6431
2026-09-30,2026-10-09,C,1775.0,56,148,0.631
2026-09-30,2026-10-09,C,1780.0,80,677,0.636
2026-09-30,2026-10-09,C,1785.0,26,85,0.6328
2026-09-30,2026-10-09,C,1790.0,34,168,0.6353
2026-09-30,2026-10-09,C,1795.0,123,124,0.6471
2026-09-30,2026-10-09,C,1800.0,420,1171,0.6371
2026-09-30,2026-10-09,C,1805.0,47,55,0.627
2026-09-30,2026-10-09,C,1810.0,62,106,0.6372
2026-09-30,2026-10-09,C,1812.5,68,8,0.6354
2026-09-30,2026-10-09,C,1815.0,49,55,0.6407
2026-09-30,2026-10-09,C,1817.5,10,11,0.6377
2026-09-30,2026-10-09,C,1820.0,99,156,0.6389
2026-09-30,2026-10-09,C,1825.0,111,115,0.636
2026-09-30,2026-10-09,C,1827.5,6,6,0.6397
2026-09-30,2026-10-09,C,1830.0,62,37,0.6442
2026-09-30,2026-10-09,C,1832.5,10,26,0.637
2026-09-30,2026-10-09,C,1835.0,36,13,0.6422
2026-09-30,2026-10-09,C,1837.5,6,12,0.6405
2026-09-30,2026-10-09,C,1840.0,77,76,0.6382
2026-09-30,2026-10-09,C,1845.0,10,60,0.6464
2026-09-30,2026-10-09,C,1850.0,268,789,0.6409
2026-09-30,2026-10-09,C,1855.0,111,40,0.6462
2026-09-30,2026-10-09,C,1860.0,37,40,0.6476
2026-09-30,2026-10-09,C,1865.0,25,17,0.649
2026-09-30,2026-10-09,C,1870.0,68,32,0.6493
2026-09-30,2026-10-09,C,1875.0,137,43,0.6487
2026-09-30,2026-10-09,C,1880.0,53,46,0.6497
2026-09-30,2026-10-09,C,1885.0,52,22,0.6507
2026-09-30,2026-10-09,C,1890.0,135,61,0.6529
2026-09-30,2026-10-09,C,1895.0,97,56,0.653
2026-09-30,2026-10-09,C,1900.0,544,1237,0.6408
2026-09-30,2026-10-09,C,1910.0,98,47,0.6474
2026-09-30,2026-10-09,C,1920.0,57,123,0.6507
2026-09-30,2026-10-09,C,1930.0,70,45,0.6522
2026-09-30,2026-10-09,C,1940.0,47,53,0.661
2026-09-30,2026-10-09,C,1950.0,145,452,0.6564
2026-09-30,2026-10-09,C,1960.0,51,73,0.6713
2026-09-30,2026-10-09,C,1970.0,67,19,0.663
2026-09-30,2026-10-09,C,1980.0,63,63,0.6736
2026-09-30,2026-10-09,C,1990.0,36,58,0.6705
2026-09-30,2026-10-09,C,2000.0,861,1965,0.6771
2026-09-30,2026-10-09,P,1480.0,93,85,0.689
2026-09-30,2026-10-09,P,1485.0,30,20,0.6842
2026-09-30,2026-10-09,P,1490.0,150,84,0.6738
2026-09-30,2026-10-09,P,1495.0,48,56,0.6727
2026-09-30,2026-10-09,P,1500.0,516,215,0.6747
2026-09-30,2026-10-09,P,1505.0,24,129,0.6676
2026-09-30,2026-10-09,P,1510.0,42,37,0.6616
2026-09-30,2026-10-09,P,1515.0,25,138,0.6575
2026-09-30,2026-10-09,P,1520.0,47,210,0.6552
2026-09-30,2026-10-09,P,1525.0,49,49,0.6464
2026-09-30,2026-10-09,P,1530.0,120,21,0.6434
2026-09-30,2026-10-09,P,1535.0,53,19,0.6474
2026-09-30,2026-10-09,P,1540.0,255,111,0.6494
2026-09-30,2026-10-09,P,1545.0,50,36,0.6528
2026-09-30,2026-10-09,P,1550.0,337,211,0.6445
2026-09-30,2026-10-09,P,1555.0,82,92,0.642
2026-09-30,2026-10-09,P,1560.0,50,48,0.642
2026-09-30,2026-10-09,P,1565.0,68,50,0.6439
2026-09-30,2026-10-09,P,1570.0,67,98,0.6501
2026-09-30,2026-10-09,P,1575.0,18,32,0.6379
2026-09-30,2026-10-09,P,1580.0,107,65,0.6414
2026-09-30,2026-10-09,P,1585.0,43,30,0.6393
2026-09-30,2026-10-09,P,1590.0,106,188,0.6324
2026-09-30,2026-10-09,P,1595.0,44,68,0.6337
2026-09-30,2026-10-09,P,1600.0,375,499,0.6312
2026-09-30,2026-10-09,P,1605.0,94,34,0.6263
2026-09-30,2026-10-09,P,1610.0,86,172,0.6248
2026-09-30,2026-10-09,P,1615.0,69,31,0.62
2026-09-30,2026-10-09,P,1620.0,80,232,0.6192
2026-09-30,2026-10-09,P,1625.0,64,58,0.6221
2026-09-30,2026-10-09,P,1630.0,106,135,0.6168
2026-09-30,2026-10-09,P,1635.0,34,49,0.6143
2026-09-30,2026-10-09,P,1640.0,151,40,0.6151
2026-09-30,2026-10-09,P,1645.0,48,32,0.6168
2026-09-30,2026-10-09,P,1650.0,209,334,0.6205
2026-09-30,2026-10-09,P,1655.0,37,12,0.6213
2026-09-30,2026-10-09,P,1660.0,100,82,0.6173
2026-09-30,2026-10-09,P,1665.0,69,41,0.6168
2026-09-30,2026-10-09,P,1670.0,34,32,0.6092
2026-09-30,2026-10-09,P,1675.0,129,81,0.6147
2026-09-30,2026-10-09,P,1680.0,115,158,0.6136
2026-09-30,2026-10-09,P,1685.0,50,45,0.6144
2026-09-30,2026-10-09,P,1690.0,212,159,0.6098
2026-09-30,2026-10-09,P,1695.0,45,14,0.6117
2026-09-30,2026-10-09,P,1700.0,255,415,0.6168
2026-09-30,2026-10-09,P,1705.0,39,51,0.6111
2026-09-30,2026-10-09,P,1710.0,86,41,0.6072
2026-09-30,2026-10-09,P,1715.0,57,56,0.6092
2026-09-30,2026-10-09,P,1720.0,43,105,0.6116
2026-09-30,2026-10-09,P,1725.0,39,93,0.618
2026-09-30,2026-10-09,P,1730.0,61,279,0.6082
2026-09-30,2026-10-09,P,1735.0,47,37,0.6091
2026-09-30,2026-10-09,P,1740.0,86,92,0.6145
2026-09-30,2026-10-09,P,1745.0,31,47,0.6181
2026-09-30,2026-10-09,P,1750.0,174,321,0.6127
2026-09-30,2026-10-09,P,1755.0,23,19,0.6117
2026-09-30,2026-10-09,P,1760.0,58,133,0.6111
2026-09-30,2026-10-09,P,1765.0,101,77,0.6132
2026-09-30,2026-10-09,P,1770.0,32,33,0.6147
2026-09-30,2026-10-09,P,1775.0,10,148,0.5994
2026-09-30,2026-10-09,P,1780.0,41,142,0.6207
2026-09-30,2026-10-09,P,1785.0,18,21,0.6124
2026-09-30,2026-10-09,P,1790.0,54,32,0.603
2026-09-30,2026-10-09,P,1795.0,12,38,0.6139
2026-09-30,2026-10-09,P,1800.0,774,806,0.6238
2026-09-30,2026-10-09,P,1805.0,21,10,0.6155
2026-09-30,2026-10-09,P,1810.0,31,16,0.6072
2026-09-30,2026-10-09,P,1815.0,10,2,0.6096
2026-09-30,2026-10-09,P,1820.0,53,7,0.6024
2026-09-30,2026-10-09,P,1825.0,10,6,0.6013
2026-09-30,2026-10-09,P,1830.0,37,4,0.6088
2026-09-30,2026-10-09,P,1835.0,7,2,0.6125
2026-09-30,2026-10-09,P,1837.5,2,1,0.6121
2026-09-30,2026-10-09,P,1840.0,47,39,0.6077
2026-09-30,2026-10-09,P,1845.0,17,1,0.6019
2026-09-30,2026-10-09,P,1850.0,37,7,0.5963
2026-09-30,2026-10-09,P,1855.0,9,2,0.5911
2026-09-30,2026-10-09,P,1860.0,10,2,0.5991
2026-09-30,2026-10-09,P,1870.0,61,3,0.5976
2026-09-30,2026-10-09,P,1875.0,101,111,0.5984
2026-09-30,2026-10-09,P,1880.0,10,1,0.6008
2026-09-30,2026-10-09,P,1885.0,32,2,0.6258
2026-09-30,2026-10-09,P,1890.0,20,4,0.6015
2026-09-30,2026-10-09,P,1895.0,21,6,0.6121
2026-09-30,2026-10-09,P,1900.0,29,21,0.5995
2026-09-30,2026-10-09,P,1910.0,20,1,0.6029
2026-09-30,2026-10-09,P,1920.0,5,1,0.6039
2026-09-30,2026-10-09,P,1930.0,10,7,0.6152
2026-09-30,2026-10-09,P,1940.0,6,1,0.6056
2026-09-30,2026-10-09,P,1950.0,6,2,0.6138
2026-09-30,2026-10-09,P,1960.0,1,2,0.6141
2026-09-30,2026-10-09,P,1970.0,6,1,0.6147
2026-09-30,2026-10-09,P,1980.0,1,0,0.6013
2026-09-30,2026-10-09,P,1990.0,2,1,0.6025
2026-09-30,2026-10-09,P,2000.0,2,2,0.6017
2026-10-02,2026-10-02,C,1465.0,11,3,2.1691
2026-10-02,2026-10-02,C,1470.0,206,1,1.9849
2026-10-02,2026-10-02,C,1475.0,70,1,2.0974
2026-10-02,2026-10-02,C,1480.0,66,16,2.0615
2026-10-02,2026-10-02,C,1485.0,40,25,2.0258
2026-10-02,2026-10-02,C,1490.0,70,26,1.99
2026-10-02,2026-10-02,C,1495.0,202,26,0.8125
2026-10-02,2026-10-02,C,1500.0,197,70,1.7167
2026-10-02,2026-10-02,C,1505.0,3,1,1.8901
2026-10-02,2026-10-02,C,1510.0,16,5,1.8542
2026-10-02,2026-10-02,C,1515.0,20,1,1.8185
2026-10-02,2026-10-02,C,1520.0,128,10,0.8516
2026-10-02,2026-10-02,C,1525.0,21,4,1.6106
2026-10-02,2026-10-02,C,1530.0,44,1,1.5765
2026-10-02,2026-10-02,C,1535.0,96,25,1.5425
2026-10-02,2026-10-02,C,1540.0,66,2,1.6389
2026-10-02,2026-10-02,C,1545.0,22,2,1.5963
2026-10-02,2026-10-02,C,1550.0,126,46,0.6172
2026-10-02,2026-10-02,C,1555.0,53,26,1.5244
2026-10-02,2026-10-02,C,1560.0,71,2,1.4884
2026-10-02,2026-10-02,C,1565.0,26,41,1.4268
2026-10-02,2026-10-02,C,1570.0,21,2,1.4225
2026-10-02,2026-10-02,C,1575.0,67,30,1.3861
2026-10-02,2026-10-02,C,1580.0,107,3,0.6465
2026-10-02,2026-10-02,C,1585.0,53,9,1.3132
2026-10-02,2026-10-02,C,1590.0,69,3,1.1852
2026-10-02,2026-10-02,C,1595.0,62,2,1.1813
2026-10-02,2026-10-02,C,1600.0,1737,217,0.8269
2026-10-02,2026-10-02,C,1605.0,100,1,1.0613
2026-10-02,2026-10-02,C,1610.0,66,5,1.0262
2026-10-02,2026-10-02,C,1615.0,16,7,0.985
2026-10-02,2026-10-02,C,1620.0,89,13,0.9615
2026-10-02,2026-10-02,C,1625.0,76,5,0.9086
2026-10-02,2026-10-02,C,1630.0,40,8,0.8845
2026-10-02,2026-10-02,C,1635.0,109,9,0.6025
2026-10-02,2026-10-02,C,1640.0,40,10,0.6106
2026-10-02,2026-10-02,C,1645.0,47,37,0.5012
2026-10-02,2026-10-02,C,1650.0,328,252,0.4617
2026-10-02,2026-10-02,C,1655.0,31,22,0.4666
2026-10-02,2026-10-02,C,1660.0,61,65,0.4277
2026-10-02,2026-10-02,C,1665.0,134,20,0.3892
2026-10-02,2026-10-02,C,1670.0,364,118,0.3281
2026-10-02,2026-10-02,C,1675.0,104,102,0.4951
2026-10-02,2026-10-02,C,1680.0,149,68,0.3257
2026-10-02,2026-10-02,C,1685.0,89,44,0.2874
2026-10-02,2026-10-02,C,1690.0,104,113,0.2747
2026-10-02,2026-10-02,C,1695.0,76,92,0.2173
2026-10-02,2026-10-02,C,1700.0,573,2610,0.1724
2026-10-02,2026-10-02,C,1705.0,120,219,0.1277
2026-10-02,2026-10-02,C,1710.0,309,1119,0.1055
2026-10-02,2026-10-02,C,1715.0,204,1430,0.0894
2026-10-02,2026-10-02,C,1720.0,267,6173,0.0502
2026-10-02,2026-10-02,C,1725.0,227,4605,0.0592
2026-10-02,2026-10-02,C,1730.0,202,6961,0.0569
2026-10-02,2026-10-02,C,1735.0,277,4112,0.0801
2026-10-02,2026-10-02,C,1740.0,1278,7916,0.1021
2026-10-02,2026-10-02,C,1745.0,246,3156,0.1235
2026-10-02,2026-10-02,C,1750.0,1413,15676,0.1445
2026-10-02,2026-10-02,C,1755.0,221,1972,0.1812
2026-10-02,2026-10-02,C,1760.0,351,6176,0.1856
2026-10-02,2026-10-02,C,1765.0,162,1519,0.2051
2026-10-02,2026-10-02,C,1770.0,628,3281,0.2246
2026-10-02,2026-10-02,C,1775.0,260,3401,0.2441
2026-10-02,2026-10-02,C,1780.0,476,2985,0.2637
2026-10-02,2026-10-02,C,1785.0,138,1319,0.2822
2026-10-02,2026-10-02,C,1790.0,496,1143,0.3008
2026-10-02,2026-10-02,C,1795.0,454,1347,0.3193
2026-10-02,2026-10-02,C,1800.0,2382,21625,0.3379
2026-10-02,2026-10-02,C,1805.0,138,538,0.3555
2026-10-02,2026-10-02,C,1810.0,444,669,0.375
2026-10-02,2026-10-02,C,1812.5,96,190,0.3828
2026-10-02,2026-10-02,C,1815.0,238,625,0.3926
2026-10-02,2026-10-02,C,1817.5,57,99,0.4004
2026-10-02,2026-10-02,C,1820.0,387,819,0.4102
2026-10-02,2026-10-02,C,1822.5,68,92,0.419
2026-10-02,2026-10-02,C,1825.0,678,695,0.4277
2026-10-02,2026-10-02,C,1827.5,131,96,0.4365
2026-10-02,2026-10-02,C,1830.0,360,680,0.4453
2026-10-02,2026-10-02,C,1832.5,81,106,0.4541
2026-10-02,2026-10-02,C,1835.0,132,170,0.4629
2026-10-02,2026-10-02,C,1837.5,23,79,0.5088
2026-10-02,2026-10-02,C,1840.0,358,457,0.4805
2026-10-02,2026-10-02,C,1845.0,180,1136,0.4981
2026-10-02,2026-10-02,C,1850.0,1801,1788,0.5137
2026-10-02,2026-10-02,C,1855.0,198,152,0.5313
2026-10-02,2026-10-02,C,1860.0,474,309,0.5117
2026-10-02,2026-10-02,C,1865.0,138,224,0.5313
2026-10-02,2026-10-02,C,1870.0,409,189,0.5469
2026-10-02,2026-10-02,C,1875.0,207,248,0.5625
2026-10-02,2026-10-02,C,1880.0,315,153,0.5781
2026-10-02,2026-10-02,C,1885.0,216,116,0.5938
2026-10-02,2026-10-02,C,1890.0,256,225,0.6094
2026-10-02,2026-10-02,C,1895.0,558,467,0.625
2026-10-02,2026-10-02,C,1900.0,3967,2544,0.6406
2026-10-02,2026-10-02,C,1910.0,568,86,0.668
2026-10-02,2026-10-02,C,1920.0,772,634,0.6992
2026-10-02,2026-10-02,C,1930.0,246,127,0.7305
2026-10-02,2026-10-02,C,1940.0,279,42,0.7578
2026-10-02,2026-10-02,C,1950.0,2013,901,0.7891
2026-10-02,2026-10-02,C,1960.0,241,88,0.8203
2026-10-02,2026-10-02,C,1970.0,208,45,0.8477
2026-10-02,2026-10-02,P,1465.0,122,221,0.998
2026-10-02,2026-10-02,P,1470.0,266,256,0.9805
2026-10-02,2026-10-02,P,1475.0,96,109,0.9609
2026-10-02,2026-10-02,P,1480.0,148,25,0.9414
2026-10-02,2026-10-02,P,1485.0,376,172,0.9219
2026-10-02,2026-10-02,P,1490.0,330,131,0.9023
2026-10-02,2026-10-02,P,1495.0,254,273,0.8828
2026-10-02,2026-10-02,P,1500.0,1664,397,0.8633
2026-10-02,2026-10-02,P,1505.0,201,8,0.8438
2026-10-02,2026-10-02,P,1510.0,527,181,0.8242
2026-10-02,2026-10-02,P,1515.0,100,80,0.8047
2026-10-02,2026-10-02,P,1520.0,165,112,0.7852
2026-10-02,2026-10-02,P,1525.0,279,176,0.7656
2026-10-02,2026-10-02,P,1530.0,459,67,0.75
2026-10-02,2026-10-02,P,1535.0,116,29,0.7266
2026-10-02,2026-10-02,P,1540.0,409,126,0.7109
2026-10-02,2026-10-02,P,1545.0,316,42,0.6914
2026-10-02,2026-10-02,P,1550.0,746,319,0.6719
2026-10-02,2026-10-02,P,1555.0,264,51,0.6523
2026-10-02,2026-10-02,P,1560.0,277,88,0.6328
2026-10-02,2026-10-02,P,1565.0,201,10,0.6133
2026-10-02,2026-10-02,P,1570.0,343,109,0.5938
2026-10-02,2026-10-02,P,1575.0,544,142,0.5742
2026-10-02,2026-10-02,P,1580.0,326,501,0.5586
2026-10-02,2026-10-02,P,1585.0,242,74,0.5391
2026-10-02,2026-10-02,P,1590.0,299,66,0.5195
2026-10-02,2026-10-02,P,1595.0,281,71,0.5
2026-10-02,2026-10-02,P,1600.0,2172,642,0.5156
2026-10-02,2026-10-02,P,1605.0,151,39,0.4941
2026-10-02,2026-10-02,P,1610.0,306,78,0.4746
2026-10-02,2026-10-02,P,1615.0,138,27,0.4551
2026-10-02,2026-10-02,P,1620.0,783,442,0.4346
2026-10-02,2026-10-02,P,1625.0,468,318,0.4141
2026-10-02,2026-10-02,P,1630.0,456,263,0.3945
2026-10-02,2026-10-02,P,1635.0,293,398,0.374
2026-10-02,2026-10-02,P,1640.0,376,573,0.3535
2026-10-02,2026-10-02,P,1645.0,298,282,0.334
2026-10-02,2026-10-02,P,1650.0,1066,7829,0.3135
2026-10-02,2026-10-02,P,1655.0,261,67,0.293
2026-10-02,2026-10-02,P,1660.0,308,760,0.2725
2026-10-02,2026-10-02,P,1665.0,141,399,0.252
2026-10-02,2026-10-02,P,1670.0,634,1426,0.2315
2026-10-02,2026-10-02,P,1675.0,312,1194,0.3478
2026-10-02,2026-10-02,P,1680.0,307,1787,0.1895
2026-10-02,2026-10-02,P,1685.0,623,1405,0.2715
2026-10-02,2026-10-02,P,1690.0,440,1912,0.147
2026-10-02,2026-10-02,P,1695.0,188,1457,0.3091
2026-10-02,2026-10-02,P,1700.0,1136,9918,0.103
2026-10-02,2026-10-02,P,1705.0,251,1222,0.0969
2026-10-02,2026-10-02,P,1710.0,347,3086,0.0973
2026-10-02,2026-10-02,P,1715.0,309,3149,0.0635
2026-10-02,2026-10-02,P,1720.0,274,4136,0.0834
2026-10-02,2026-10-02,P,1725.0,605,2872,0.0986
2026-10-02,2026-10-02,P,1730.0,571,3787,0.1381
2026-10-02,2026-10-02,P,1735.0,170,1603,0.1679
2026-10-02,2026-10-02,P,1740.0,602,2745,0.2128
2026-10-02,2026-10-02,P,1745.0,393,959,0.2366
2026-10-02,2026-10-02,P,1750.0,544,2455,0.2689
2026-10-02,2026-10-02,P,1755.0,198,423,0.3002
2026-10-02,2026-10-02,P,1760.0,213,558,0.3557
2026-10-02,2026-10-02,P,1765.0,79,88,0.3605
2026-10-02,2026-10-02,P,1770.0,167,211,0.3897
2026-10-02,2026-10-02,P,1775.0,158,107,0.4259
2026-10-02,2026-10-02,P,1780.0,269,246,0.4465
2026-10-02,2026-10-02,P,1785.0,72,49,0.4824
2026-10-02,2026-10-02,P,1790.0,187,364,0.5413
2026-10-02,2026-10-02,P,1795.0,70,46,0.5734
2026-10-02,2026-10-02,P,1800.0,395,439,0.5552
2026-10-02,2026-10-02,P,1805.0,87,48,0.5999
2026-10-02,2026-10-02,P,1810.0,69,34,0.8594
2026-10-02,2026-10-02,P,1812.5,15,21,0.8433
2026-10-02,2026-10-02,P,1815.0,17,47,0.8859
2026-10-02,2026-10-02,P,1820.0,59,32,0.9226
2026-10-02,2026-10-02,P,1822.5,14,21,0.9326
2026-10-02,2026-10-02,P,1825.0,53,72,0.6614
2026-10-02,2026-10-02,P,1830.0,121,11,0.5205
2026-10-02,2026-10-02,P,1835.0,110,30,0.5405
2026-10-02,2026-10-02,P,1837.5,9,1,0.6812
2026-10-02,2026-10-02,P,1840.0,28,3,0.7903
2026-10-02,2026-10-02,P,1845.0,167,12,0.5796
2026-10-02,2026-10-02,P,1850.0,137,66,0.8123
2026-10-02,2026-10-02,P,1855.0,59,21,0.7437
2026-10-02,2026-10-02,P,1860.0,149,4,0.6372
2026-10-02,2026-10-02,P,1865.0,33,3,0.7578
2026-10-02,2026-10-02,P,1870.0,71,7,0.7896
2026-10-02,2026-10-02,P,1875.0,60,13,1.2471
2026-10-02,2026-10-02,P,1880.0,53,11,0.8794
2026-10-02,2026-10-02,P,1885.0,49,13,0.8027
2026-10-02,2026-10-02,P,1890.0,110,3,0.749
2026-10-02,2026-10-02,P,1895.0,116,4,0.9348
2026-10-02,2026-10-02,P,1900.0,173,34,0.7861
2026-10-02,2026-10-02,P,1910.0,115,7,1.0964
2026-10-02,2026-10-02,P,1920.0,29,2,1.0772
2026-10-02,2026-10-02,P,1930.0,6,1,1.1282
2026-10-02,2026-10-02,P,1940.0,16,5,1.1514
2026-10-02,2026-10-02,P,1950.0,50,10,1.1494
2026-10-02,2026-10-02,P,1960.0,5,1,1.189
2026-10-02,2026-10-02,P,1970.0,2,1,1.228
2026-10-02,2026-10-09,C,1465.0,12,10,0.6095
2026-10-02,2026-10-09,C,1470.0,15,4,0.6182
2026-10-02,2026-10-09,C,1475.0,32,20,0.5953
2026-10-02,2026-10-09,C,1480.0,71,25,0.5962
2026-10-02,2026-10-09,C,1485.0,14,7,0.6163
2026-10-02,2026-10-09,C,1490.0,2,2,0.5483
2026-10-02,2026-10-09,C,1495.0,13,5,0.6027
2026-10-02,2026-10-09,C,1500.0,43,31,0.5726
2026-10-02,2026-10-09,C,1505.0,10,8,0.5613
2026-10-02,2026-10-09,C,1510.0,10,15,0.5364
2026-10-02,2026-10-09,C,1515.0,20,38,0.5828
2026-10-02,2026-10-09,C,1520.0,48,40,0.5784
2026-10-02,2026-10-09,C,1525.0,13,17,0.5708
2026-10-02,2026-10-09,C,1530.0,105,11,0.5699
2026-10-02,2026-10-09,C,1535.0,53,20,0.5439
2026-10-02,2026-10-09,C,1540.0,56,4,0.5559
2026-10-02,2026-10-09,C,1545.0,39,12,0.562
2026-10-02,2026-10-09,C,1550.0,83,40,0.5551
2026-10-02,2026-10-09,C,1555.0,9,1,0.5655
2026-10-02,2026-10-09,C,1560.0,59,3,0.5577
2026-10-02,2026-10-09,C,1565.0,5,5,0.5485
2026-10-02,2026-10-09,C,1570.0,54,12,0.5402
2026-10-02,2026-10-09,C,1575.0,13,1,0.5326
2026-10-02,2026-10-09,C,1580.0,15,6,0.52
2026-10-02,2026-10-09,C,1585.0,21,5,0.5473
2026-10-02,2026-10-09,C,1590.0,24,10,0.5447
2026-10-02,2026-10-09,C,1595.0,31,7,0.5287
2026-10-02,2026-10-09,C,1600.0,200,102,0.511
2026-10-02,2026-10-09,C,1605.0,25,47,0.5098
2026-10-02,2026-10-09,C,1610.0,27,2,0.5079
2026-10-02,2026-10-09,C,1615.0,16,5,0.5449
2026-10-02,2026-10-09,C,1620.0,45,20,0.5235
2026-10-02,2026-10-09,C,1625.0,10,24,0.511
2026-10-02,2026-10-09,C,1630.0,22,16,0.5211
2026-10-02,2026-10-09,C,1635.0,9,14,0.521
2026-10-02,2026-10-09,C,1640.0,29,19,0.5195
2026-10-02,2026-10-09,C,1645.0,32,1,0.5268
2026-10-02,2026-10-09,C,1650.0,109,60,0.5184
2026-10-02,2026-10-09,C,1655.0,23,4,0.5227
2026-10-02,2026-10-09,C,1660.0,63,27,0.5143
2026-10-02,2026-10-09,C,1665.0,29,3,0.517
2026-10-02,2026-10-09,C,1670.0,25,26,0.5161
2026-10-02,2026-10-09,C,1675.0,26,27,0.5192
2026-10-02,2026-10-09,C,1680.0,31,4,0.5141
2026-10-02,2026-10-09,C,1685.0,87,11,0.5125
2026-10-02,2026-10-09,C,1690.0,64,29,0.5169
2026-10-02,2026-10-09,C,1695.0,16,23,0.5117
2026-10-02,2026-10-09,C,1700.0,225,945,0.5164
2026-10-02,2026-10-09,C,1705.0,48,50,0.5188
2026-10-02,2026-10-09,C,1710.0,73,138,0.5175
2026-10-02,2026-10-09,C,1715.0,54,321,0.5223
2026-10-02,2026-10-09,C,1720.0,81,1155,0.5283
2026-10-02,2026-10-09,C,1725.0,36,1002,0.5168
2026-10-02,2026-10-09,C,1730.0,102,880,0.514
2026-10-02,2026-10-09,C,1735.0,67,381,0.5158
2026-10-02,2026-10-09,C,1740.0,132,785,0.5164
2026-10-02,2026-10-09,C,1745.0,86,483,0.5188
2026-10-02,2026-10-09,C,1750.0,311,1583,0.5189
2026-10-02,2026-10-09,C,1755.0,91,440,0.5174
2026-10-02,2026-10-09,C,1760.0,63,863,0.5186
2026-10-02,2026-10-09,C,1765.0,57,130,0.5181
2026-10-02,2026-10-09,C,1770.0,197,184,0.519
2026-10-02,2026-10-09,C,1775.0,75,599,0.5197
2026-10-02,2026-10-09,C,1780.0,134,377,0.5219
2026-10-02,2026-10-09,C,1785.0,40,118,0.5218
2026-10-02,2026-10-09,C,1790.0,61,158,0.5221
2026-10-02,2026-10-09,C,1795.0,120,134,0.5246
2026-10-02,2026-10-09,C,1800.0,559,2729,0.523
2026-10-02,2026-10-09,C,1805.0,62,147,0.5241
2026-10-02,2026-10-09,C,1810.0,69,108,0.5252
2026-10-02,2026-10-09,C,1812.5,69,55,0.5283
2026-10-02,2026-10-09,C,1815.0,55,79,0.527
2026-10-02,2026-10-09,C,1817.5,10,20,0.5273
2026-10-02,2026-10-09,C,1820.0,148,185,0.5274
2026-10-02,2026-10-09,C,1825.0,87,195,0.5305
2026-10-02,2026-10-09,C,1827.5,8,96,0.5295
2026-10-02,2026-10-09,C,1830.0,73,254,0.5166
2026-10-02,2026-10-09,C,1832.5,22,12,0.5331
2026-10-02,2026-10-09,C,1835.0,43,35,0.5317
2026-10-02,2026-10-09,C,1837.5,15,12,0.53
2026-10-02,2026-10-09,C,1840.0,85,105,0.5323
2026-10-02,2026-10-09,C,1845.0,53,86,0.5317
2026-10-02,2026-10-09,C,1850.0,503,2466,0.5354
2026-10-02,2026-10-09,C,1855.0,122,119,0.5358
2026-10-02,2026-10-09,C,1860.0,44,159,0.537
2026-10-02,2026-10-09,C,1865.0,24,23,0.5385
2026-10-02,2026-10-09,C,1870.0,73,128,0.5403
2026-10-02,2026-10-09,C,1875.0,143,153,0.5399
2026-10-02,2026-10-09,C,1880.0,52,352,0.5432
2026-10-02,2026-10-09,C,1885.0,52,59,0.5434
2026-10-02,2026-10-09,C,1890.0,136,75,0.5468
2026-10-02,2026-10-09,C,1895.0,117,135,0.5479
2026-10-02,2026-10-09,C,1900.0,924,1575,0.5484
2026-10-02,2026-10-09,C,1910.0,111,128,0.551
2026-10-02,2026-10-09,C,1920.0,67,121,0.5526
2026-10-02,2026-10-09,C,1930.0,85,95,0.5535
2026-10-02,2026-10-09,C,1940.0,63,141,0.5561
2026-10-02,2026-10-09,C,1950.0,426,582,0.5612
2026-10-02,2026-10-09,C,1960.0,71,149,0.5634
2026-10-02,2026-10-09,C,1970.0,73,313,0.567
2026-10-02,2026-10-09,P,1465.0,32,17,0.5601
2026-10-02,2026-10-09,P,1470.0,31,22,0.5751
2026-10-02,2026-10-09,P,1475.0,24,26,0.6057
2026-10-02,2026-10-09,P,1480.0,95,60,0.5612
2026-10-02,2026-10-09,P,1485.0,47,72,0.5636
2026-10-02,2026-10-09,P,1490.0,178,37,0.5578
2026-10-02,2026-10-09,P,1495.0,63,23,0.5529
2026-10-02,2026-10-09,P,1500.0,582,1170,0.553
2026-10-02,2026-10-09,P,1505.0,99,56,0.5533
2026-10-02,2026-10-09,P,1510.0,58,45,0.5653
2026-10-02,2026-10-09,P,1515.0,124,142,0.5441
2026-10-02,2026-10-09,P,1520.0,216,73,0.5416
2026-10-02,2026-10-09,P,1525.0,85,62,0.5384
2026-10-02,2026-10-09,P,1530.0,118,98,0.5363
2026-10-02,2026-10-09,P,1535.0,57,41,0.535
2026-10-02,2026-10-09,P,1540.0,263,221,0.5303
2026-10-02,2026-10-09,P,1545.0,60,42,0.5278
2026-10-02,2026-10-09,P,1550.0,374,509,0.5259
2026-10-02,2026-10-09,P,1555.0,84,52,0.5234
2026-10-02,2026-10-09,P,1560.0,84,127,0.5226
2026-10-02,2026-10-09,P,1565.0,63,69,0.5199
2026-10-02,2026-10-09,P,1570.0,92,208,0.5208
2026-10-02,2026-10-09,P,1575.0,31,222,0.5158
2026-10-02,2026-10-09,P,1580.0,154,176,0.5151
2026-10-02,2026-10-09,P,1585.0,53,109,0.5128
2026-10-02,2026-10-09,P,1590.0,169,288,0.5115
2026-10-02,2026-10-09,P,1595.0,91,96,0.512
2026-10-02,2026-10-09,P,1600.0,543,1093,0.51
2026-10-02,2026-10-09,P,1605.0,117,81,0.5082
2026-10-02,2026-10-09,P,1610.0,174,111,0.5071
2026-10-02,2026-10-09,P,1615.0,76,102,0.5067
2026-10-02,2026-10-09,P,1620.0,158,221,0.5048
2026-10-02,2026-10-09,P,1625.0,95,127,0.5015
2026-10-02,2026-10-09,P,1630.0,153,315,0.5087
2026-10-02,2026-10-09,P,1635.0,50,91,0.5032
2026-10-02,2026-10-09,P,1640.0,166,258,0.5028
2026-10-02,2026-10-09,P,1645.0,66,79,0.501
2026-10-02,2026-10-09,P,1650.0,324,1177,0.502
2026-10-02,2026-10-09,P,1655.0,42,76,0.5004
2026-10-02,2026-10-09,P,1660.0,143,171,0.5014
2026-10-02,2026-10-09,P,1665.0,75,95,0.5049
2026-10-02,2026-10-09,P,1670.0,37,92,0.5042
2026-10-02,2026-10-09,P,1675.0,137,180,0.5021
2026-10-02,2026-10-09,P,1680.0,153,297,0.5036
2026-10-02,2026-10-09,P,1685.0,48,84,0.5021
2026-10-02,2026-10-09,P,1690.0,234,243,0.502
2026-10-02,2026-10-09,P,1695.0,44,646,0.5036
2026-10-02,2026-10-09,P,1700.0,334,1173,0.5028
2026-10-02,2026-10-09,P,1705.0,38,91,0.5048
2026-10-02,2026-10-09,P,1710.0,86,121,0.512
2026-10-02,2026-10-09,P,1715.0,54,118,0.5035
2026-10-02,2026-10-09,P,1720.0,71,488,0.5031
2026-10-02,2026-10-09,P,1725.0,65,368,0.5049
2026-10-02,2026-10-09,P,1730.0,228,361,0.5046
2026-10-02,2026-10-09,P,1735.0,56,113,0.5044
2026-10-02,2026-10-09,P,1740.0,93,268,0.5054
2026-10-02,2026-10-09,P,1745.0,49,123,0.5058
2026-10-02,2026-10-09,P,1750.0,261,380,0.5043
2026-10-02,2026-10-09,P,1755.0,31,98,0.5067
2026-10-02,2026-10-09,P,1760.0,72,115,0.5043
2026-10-02,2026-10-09,P,1765.0,105,90,0.5083
2026-10-02,2026-10-09,P,1770.0,29,93,0.5075
2026-10-02,2026-10-09,P,1775.0,28,41,0.5065
2026-10-02,2026-10-09,P,1780.0,71,47,0.5111
2026-10-02,2026-10-09,P,1785.0,17,12,0.5114
2026-10-02,2026-10-09,P,1790.0,67,33,0.5071
2026-10-02,2026-10-09,P,1795.0,26,19,0.5172
2026-10-02,2026-10-09,P,1800.0,743,632,0.5132
2026-10-02,2026-10-09,P,1805.0,20,6,0.5165
2026-10-02,2026-10-09,P,1810.0,34,25,0.5192
2026-10-02,2026-10-09,P,1815.0,9,3,0.5079
2026-10-02,2026-10-09,P,1820.0,51,6,0.5186
2026-10-02,2026-10-09,P,1825.0,7,13,0.5163
2026-10-02,2026-10-09,P,1830.0,37,21,0.5205
2026-10-02,2026-10-09,P,1835.0,7,11,0.5215
2026-10-02,2026-10-09,P,1837.5,2,20,0.5217
2026-10-02,2026-10-09,P,1840.0,17,28,0.5184
2026-10-02,2026-10-09,P,1845.0,17,2,0.5497
2026-10-02,2026-10-09,P,1850.0,38,91,0.5071
2026-10-02,2026-10-09,P,1855.0,9,30,0.5606
2026-10-02,2026-10-09,P,1860.0,10,2,0.5814
2026-10-02,2026-10-09,P,1870.0,61,3,0.509
2026-10-02,2026-10-09,P,1875.0,55,111,0.5074
2026-10-02,2026-10-09,P,1880.0,10,1,0.5106
2026-10-02,2026-10-09,P,1885.0,32,10,0.5259
2026-10-02,2026-10-09,P,1890.0,20,2,0.5267
2026-10-02,2026-10-09,P,1895.0,21,6,0.5281
2026-10-02,2026-10-09,P,1900.0,36,10,0.5149
2026-10-02,2026-10-09,P,1910.0,20,1,0.5322
2026-10-02,2026-10-09,P,1920.0,6,5,0.5347
2026-10-02,2026-10-09,P,1930.0,10,1,0.5366
2026-10-02,2026-10-09,P,1940.0,7,1,0.5406
2026-10-02,2026-10-09,P,1950.0,6,6,0.5164
2026-10-02,2026-10-09,P,1960.0,1,2,0.5468
2026-10-02,2026-10-09,P,1970.0,6,5,0.5472
2026-10-02,2026-10-16,C,1470.0,21,1,0.5936
2026-10-02,2026-10-16,C,1480.0,64,4,0.5856
2026-10-02,2026-10-16,C,1490.0,47,1,0.5784
2026-10-02,2026-10-16,C,1500.0,582,2,0.5892
2026-10-02,2026-10-16,C,1510.0,96,3,0.5892
2026-10-02,2026-10-16,C,1520.0,1183,5,0.5895
2026-10-02,2026-10-16,C,1530.0,97,4,0.5768
2026-10-02,2026-10-16,C,1540.0,198,4,0.5732
2026-10-02,2026-10-16,C,1550.0,188,27,0.57
2026-10-02,2026-10-16,C,1560.0,90,4,0.5604
2026-10-02,2026-10-16,C,1570.0,90,6,0.5558
2026-10-02,2026-10-16,C,1580.0,140,6,0.5663
2026-10-02,2026-10-16,C,1590.0,84,1,0.5557
2026-10-02,2026-10-16,C,1600.0,801,62,0.5631
2026-10-02,2026-10-16,C,1610.0,121,11,0.5519
2026-10-02,2026-10-16,C,1620.0,137,2,0.5671
2026-10-02,2026-10-16,C,1630.0,421,8,0.56
2026-10-02,2026-10-16,C,1640.0,158,2,0.5626
2026-10-02,2026-10-16,C,1645.0,14,4,0.5537
2026-10-02,2026-10-16,C,1650.0,249,114,0.5583
2026-10-02,2026-10-16,C,1655.0,20,12,0.5555
2026-10-02,2026-10-16,C,1660.0,154,3,0.5588
2026-10-02,2026-10-16,C,1665.0,51,2,0.5591
2026-10-02,2026-10-16,C,1670.0,91,6,0.5615
2026-10-02,2026-10-16,C,1675.0,43,8,0.5602
2026-10-02,2026-10-16,C,1680.0,153,5,0.5574
2026-10-02,2026-10-16,C,1685.0,14,1,0.558
2026-10-02,2026-10-16,C,1690.0,91,3,0.5574
2026-10-02,2026-10-16,C,1700.0,640,402,0.5577
2026-10-02,2026-10-16,C,1705.0,58,6,0.5579
2026-10-02,2026-10-16,C,1710.0,246,24,0.5591
2026-10-02,2026-10-16,C,1715.0,73,43,0.5595
2026-10-02,2026-10-16,C,1720.0,283,279,0.5546
2026-10-02,2026-10-16,C,1725.0,194,149,0.5572
2026-10-02,2026-10-16,C,1730.0,127,236,0.558
2026-10-02,2026-10-16,C,1735.0,117,354,0.5588
2026-10-02,2026-10-16,C,1740.0,337,180,0.5592
2026-10-02,2026-10-16,C,1745.0,62,101,0.5593
2026-10-02,2026-10-16,C,1750.0,625,430,0.5593
2026-10-02,2026-10-16,C,1755.0,111,294,0.5605
2026-10-02,2026-10-16,C,1760.0,326,250,0.5624
2026-10-02,2026-10-16,C,1765.0,275,22,0.5611
2026-10-02,2026-10-16,C,1770.0,97,86,0.5583
2026-10-02,2026-10-16,C,1775.0,42,64,0.5591
2026-10-02,2026-10-16,C,1780.0,556,84,0.5619
2026-10-02,2026-10-16,C,1785.0,88,36,0.5625
2026-10-02,2026-10-16,C,1800.0,1115,1220,0.5618
2026-10-02,2026-10-16,C,1820.0,555,80,0.5653
2026-10-02,2026-10-16,C,1840.0,637,134,0.5682
2026-10-02,2026-10-16,C,1860.0,366,123,0.5725
2026-10-02,2026-10-16,C,1880.0,278,257,0.5764
2026-10-02,2026-10-16,C,1900.0,1248,927,0.5781
2026-10-02,2026-10-16,C,1920.0,198,30,0.5813
2026-10-02,2026-10-16,C,1940.0,409,60,0.5853
2026-10-02,2026-10-16,C,1960.0,451,95,0.5908
2026-10-02,2026-10-16,P,1470.0,285,24,0.5659
2026-10-02,2026-10-16,P,1480.0,257,89,0.5641
2026-10-02,2026-10-16,P,1490.0,446,239,0.5641
2026-10-02,2026-10-16,P,1500.0,1471,511,0.5559
2026-10-02,2026-10-16,P,1510.0,258,107,0.5552
2026-10-02,2026-10-16,P,1520.0,359,109,0.5507
2026-10-02,2026-10-16,P,1530.0,236,122,0.5503
2026-10-02,2026-10-16,P,1540.0,209,67,0.5487
2026-10-02,2026-10-16,P,1550.0,572,225,0.5462
2026-10-02,2026-10-16,P,1560.0,567,98,0.5308
2026-10-02,2026-10-16,P,1570.0,241,101,0.5463
2026-10-02,2026-10-16,P,1580.0,486,186,0.5393
2026-10-02,2026-10-16,P,1590.0,220,51,0.5418
2026-10-02,2026-10-16,P,1600.0,1314,316,0.5382
2026-10-02,2026-10-16,P,1610.0,570,60,0.5367
2026-10-02,2026-10-16,P,1620.0,258,75,0.5372
2026-10-02,2026-10-16,P,1630.0,298,41,0.538
2026-10-02,2026-10-16,P,1640.0,449,110,0.5363
2026-10-02,2026-10-16,P,1645.0,158,151,0.5365
2026-10-02,2026-10-16,P,1650.0,660,163,0.5378
2026-10-02,2026-10-16,P,1655.0,35,41,0.5387
2026-10-02,2026-10-16,P,1660.0,326,44,0.5384
2026-10-02,2026-10-16,P,1665.0,55,41,0.5384
2026-10-02,2026-10-16,P,1670.0,285,30,0.5392
2026-10-02,2026-10-16,P,1675.0,96,29,0.54
2026-10-02,2026-10-16,P,1680.0,190,52,0.5392
2026-10-02,2026-10-16,P,1685.0,37,34,0.5376
2026-10-02,2026-10-16,P,1690.0,166,20,0.5394
2026-10-02,2026-10-16,P,1695.0,59,29,0.5393
2026-10-02,2026-10-16,P,1700.0,1264,246,0.538
2026-10-02,2026-10-16,P,1705.0,107,10,0.5386
2026-10-02,2026-10-16,P,1710.0,292,278,0.5384
2026-10-02,2026-10-16,P,1715.0,90,83,0.5368
2026-10-02,2026-10-16,P,1720.0,235,51,0.5412
2026-10-02,2026-10-16,P,1725.0,48,58,0.5464
2026-10-02,2026-10-16,P,1730.0,272,43,0.5389
2026-10-02,2026-10-16,P,1735.0,60,23,0.5393
2026-10-02,2026-10-16,P,1740.0,235,163,0.5397
2026-10-02,2026-10-16,P,1745.0,52,62,0.5416
2026-10-02,2026-10-16,P,1750.0,473,41,0.538
2026-10-02,2026-10-16,P,1755.0,89,23,0.5435
2026-10-02,2026-10-16,P,1760.0,222,41,0.5402
2026-10-02,2026-10-16,P,1765.0,74,11,0.5424
2026-10-02,2026-10-16,P,1770.0,107,21,0.5377
2026-10-02,2026-10-16,P,1775.0,200,8,0.5429
2026-10-02,2026-10-16,P,1780.0,553,14,0.5433
2026-10-02,2026-10-16,P,1785.0,63,9,0.5438
2026-10-02,2026-10-16,P,1800.0,836,24,0.5423
2026-10-02,2026-10-16,P,1820.0,89,4,0.5426
2026-10-02,2026-10-16,P,1840.0,188,10,0.5474
2026-10-02,2026-10-16,P,1860.0,186,3,0.543
2026-10-02,2026-10-16,P,1880.0,194,11,0.5507
2026-10-02,2026-10-16,P,1900.0,186,55,0.5536
2026-10-02,2026-10-16,P,1920.0,24,2,0.5393
2026-10-02,2026-10-16,P,1940.0,33,1,0.5598
2026-10-02,2026-10-16,P,1960.0,38,1,0.5445
2026-10-05,2026-10-09,C,1450.0,7,2,0.8456
2026-10-05,2026-10-09,C,1460.0,1,1,0.8181
2026-10-05,2026-10-09,C,1465.0,12,10,0.7754
2026-10-05,2026-10-09,C,1470.0,17,2,0.7402
2026-10-05,2026-10-09,C,1475.0,32,20,0.7719
2026-10-05,2026-10-09,C,1480.0,71,25,0.8246
2026-10-05,2026-10-09,C,1485.0,14,7,0.7358
2026-10-05,2026-10-09,C,1490.0,2,2,0.707
2026-10-05,2026-10-09,C,1495.0,13,5,0.6963
2026-10-05,2026-10-09,C,1500.0,55,43,0.7043
2026-10-05,2026-10-09,C,1505.0,9,8,0.7778
2026-10-05,2026-10-09,C,1510.0,13,6,0.6931
2026-10-05,2026-10-09,C,1515.0,20,18,0.6974
2026-10-05,2026-10-09,C,1520.0,46,13,0.6779
2026-10-05,2026-10-09,C,1525.0,19,1,0.6679
2026-10-05,2026-10-09,C,1530.0,115,1,0.6992
2026-10-05,2026-10-09,C,1535.0,52,1,0.7159
2026-10-05,2026-10-09,C,1540.0,57,1,0.6764
2026-10-05,2026-10-09,C,1545.0,39,2,0.6551
2026-10-05,2026-10-09,C,1550.0,95,14,0.6494
2026-10-05,2026-10-09,C,1555.0,10,1,0.66
2026-10-05,2026-10-09,C,1560.0,50,2,0.6375
2026-10-05,2026-10-09,C,1565.0,5,1,0.6584
2026-10-05,2026-10-09,C,1570.0,58,6,0.6578
2026-10-05,2026-10-09,C,1575.0,13,7,0.6541
2026-10-05,2026-10-09,C,1580.0,15,31,0.6256
2026-10-05,2026-10-09,C,1585.0,21,29,0.6164
2026-10-05,2026-10-09,C,1590.0,37,76,0.6131
2026-10-05,2026-10-09,C,1595.0,29,19,0.6126
2026-10-05,2026-10-09,C,1600.0,246,844,0.6081
2026-10-05,2026-10-09,C,1605.0,25,27,0.6062
2026-10-05,2026-10-09,C,1610.0,36,39,0.6055
2026-10-05,2026-10-09,C,1615.0,15,25,0.6049
2026-10-05,2026-10-09,C,1620.0,42,101,0.5997
2026-10-05,2026-10-09,C,1625.0,33,65,0.5974
2026-10-05,2026-10-09,C,1630.0,52,97,0.5986
2026-10-05,2026-10-09,C,1635.0,15,141,0.5962
2026-10-05,2026-10-09,C,1640.0,38,71,0.5938
2026-10-05,2026-10-09,C,1645.0,170,88,0.592
2026-10-05,2026-10-09,C,1650.0,164,766,0.5935
2026-10-05,2026-10-09,C,1655.0,24,208,0.5939
2026-10-05,2026-10-09,C,1660.0,47,1093,0.5924
2026-10-05,2026-10-09,C,1665.0,40,1052,0.5891
2026-10-05,2026-10-09,C,1670.0,36,1906,0.5889
2026-10-05,2026-10-09,C,1675.0,41,1384,0.5902
2026-10-05,2026-10-09,C,1680.0,296,1802,0.5906
2026-10-05,2026-10-09,C,1685.0,98,800,0.5899
2026-10-05,2026-10-09,C,1690.0,112,996,0.5909
2026-10-05,2026-10-09,C,1695.0,68,644,0.5936
2026-10-05,2026-10-09,C,1700.0,583,4171,0.5928
2026-10-05,2026-10-09,C,1705.0,98,403,0.5939
2026-10-05,2026-10-09,C,1710.0,310,706,0.5951
2026-10-05,2026-10-09,C,1715.0,210,404,0.5965
2026-10-05,2026-10-09,C,1720.0,506,971,0.5952
2026-10-05,2026-10-09,C,1725.0,394,643,0.5984
2026-10-05,2026-10-09,C,1727.5,325,155,0.5978
2026-10-05,2026-10-09,C,1730.0,584,2015,0.5989
2026-10-05,2026-10-09,C,1732.5,85,189,0.5996
2026-10-05,2026-10-09,C,1735.0,504,305,0.601
2026-10-05,2026-10-09,C,1737.5,75,128,0.601
2026-10-05,2026-10-09,C,1740.0,378,469,0.6016
2026-10-05,2026-10-09,C,1742.5,55,44,0.6031
2026-10-05,2026-10-09,C,1745.0,210,507,0.6042
2026-10-05,2026-10-09,C,1747.5,29,126,0.6037
2026-10-05,2026-10-09,C,1750.0,916,2041,0.604
2026-10-05,2026-10-09,C,1752.5,30,95,0.6052
2026-10-05,2026-10-09,C,1755.0,191,174,0.6088
2026-10-05,2026-10-09,C,1760.0,270,383,0.6096
2026-10-05,2026-10-09,C,1765.0,130,313,0.6132
2026-10-05,2026-10-09,C,1770.0,248,317,0.6139
2026-10-05,2026-10-09,C,1775.0,180,165,0.6163
2026-10-05,2026-10-09,C,1780.0,215,656,0.6192
2026-10-05,2026-10-09,C,1785.0,84,368,0.6207
2026-10-05,2026-10-09,C,1790.0,146,297,0.6266
2026-10-05,2026-10-09,C,1795.0,151,197,0.6276
2026-10-05,2026-10-09,C,1800.0,1911,3768,0.6335
2026-10-05,2026-10-09,C,1805.0,172,113,0.634
2026-10-05,2026-10-09,C,1810.0,142,310,0.6392
2026-10-05,2026-10-09,C,1812.5,99,37,0.6409
2026-10-05,2026-10-09,C,1815.0,107,65,0.6422
2026-10-05,2026-10-09,C,1817.5,28,28,0.642
2026-10-05,2026-10-09,C,1820.0,283,307,0.6469
2026-10-05,2026-10-09,C,1822.5,35,31,0.6475
2026-10-05,2026-10-09,C,1825.0,146,178,0.6506
2026-10-05,2026-10-09,C,1827.5,51,28,0.6521
2026-10-05,2026-10-09,C,1830.0,176,127,0.6549
2026-10-05,2026-10-09,C,1832.5,22,20,0.6559
2026-10-05,2026-10-09,C,1835.0,94,73,0.6567
2026-10-05,2026-10-09,C,1837.5,25,23,0.6621
2026-10-05,2026-10-09,C,1840.0,122,58,0.6658
2026-10-05,2026-10-09,C,1845.0,44,44,0.6764
2026-10-05,2026-10-09,C,1850.0,2034,1752,0.6758
2026-10-05,2026-10-09,C,1855.0,161,108,0.6835
2026-10-05,2026-10-09,C,1860.0,185,132,0.6888
2026-10-05,2026-10-09,C,1865.0,44,29,0.6914
2026-10-05,2026-10-09,C,1870.0,131,132,0.7022
2026-10-05,2026-10-09,C,1875.0,236,187,0.7105
2026-10-05,2026-10-09,C,1880.0,503,247,0.7109
2026-10-05,2026-10-09,C,1885.0,80,74,0.7158
2026-10-05,2026-10-09,C,1890.0,211,164,0.717
2026-10-05,2026-10-09,C,1895.0,350,560,0.7234
2026-10-05,2026-10-09,C,1900.0,1783,3458,0.7295
2026-10-05,2026-10-09,C,1910.0,294,51,0.74
2026-10-05,2026-10-09,C,1920.0,98,68,0.7446
2026-10-05,2026-10-09,C,1930.0,124,145,0.7261
2026-10-05,2026-10-09,C,1940.0,127,50,0.781
2026-10-05,2026-10-09,C,1950.0,632,145,0.8027
2026-10-05,2026-10-09,P,1450.0,393,354,0.7451
2026-10-05,2026-10-09,P,1455.0,53,29,0.7222
2026-10-05,2026-10-09,P,1460.0,163,31,0.7063
2026-10-05,2026-10-09,P,1465.0,41,434,0.7466
2026-10-05,2026-10-09,P,1470.0,50,74,0.7011
2026-10-05,2026-10-09,P,1475.0,125,43,0.6978
2026-10-05,2026-10-09,P,1480.0,195,96,0.6956
2026-10-05,2026-10-09,P,1485.0,156,37,0.7043
2026-10-05,2026-10-09,P,1490.0,252,79,0.6848
2026-10-05,2026-10-09,P,1495.0,88,102,0.6693
2026-10-05,2026-10-09,P,1500.0,1278,670,0.6668
2026-10-05,2026-10-09,P,1505.0,118,69,0.6627
2026-10-05,2026-10-09,P,1510.0,78,40,0.6574
2026-10-05,2026-10-09,P,1515.0,210,36,0.651
2026-10-05,2026-10-09,P,1520.0,289,170,0.6476
2026-10-05,2026-10-09,P,1525.0,172,181,0.6404
2026-10-05,2026-10-09,P,1530.0,468,273,0.6346
2026-10-05,2026-10-09,P,1535.0,194,447,0.631
2026-10-05,2026-10-09,P,1540.0,338,428,0.626
2026-10-05,2026-10-09,P,1545.0,188,202,0.6218
2026-10-05,2026-10-09,P,1550.0,1389,1192,0.6143
2026-10-05,2026-10-09,P,1555.0,213,199,0.611
2026-10-05,2026-10-09,P,1560.0,235,175,0.6094
2026-10-05,2026-10-09,P,1565.0,175,99,0.6061
2026-10-05,2026-10-09,P,1570.0,281,204,0.6012
2026-10-05,2026-10-09,P,1575.0,301,330,0.5977
2026-10-05,2026-10-09,P,1580.0,347,216,0.5952
2026-10-05,2026-10-09,P,1585.0,156,119,0.596
2026-10-05,2026-10-09,P,1590.0,618,498,0.5912
2026-10-05,2026-10-09,P,1595.0,181,400,0.5905
2026-10-05,2026-10-09,P,1600.0,1619,1922,0.5869
2026-10-05,2026-10-09,P,1605.0,151,118,0.5848
2026-10-05,2026-10-09,P,1610.0,265,385,0.5808
2026-10-05,2026-10-09,P,1615.0,151,217,0.58
2026-10-05,2026-10-09,P,1620.0,315,294,0.5792
2026-10-05,2026-10-09,P,1625.0,248,289,0.5793
2026-10-05,2026-10-09,P,1630.0,297,517,0.5774
2026-10-05,2026-10-09,P,1635.0,205,350,0.5754
2026-10-05,2026-10-09,P,1640.0,503,575,0.5767
2026-10-05,2026-10-09,P,1645.0,172,210,0.5761
2026-10-05,2026-10-09,P,1650.0,1047,1995,0.5735
2026-10-05,2026-10-09,P,1655.0,91,462,0.5757
2026-10-05,2026-10-09,P,1660.0,307,707,0.5743
2026-10-05,2026-10-09,P,1665.0,258,1063,0.5743
2026-10-05,2026-10-09,P,1670.0,139,1649,0.5724
2026-10-05,2026-10-09,P,1675.0,226,1489,0.5728
2026-10-05,2026-10-09,P,1680.0,278,1852,0.5712
2026-10-05,2026-10-09,P,1685.0,89,789,0.5738
2026-10-05,2026-10-09,P,1690.0,385,537,0.5771
2026-10-05,2026-10-09,P,1695.0,635,527,0.5751
2026-10-05,2026-10-09,P,1700.0,825,1243,0.5739
2026-10-05,2026-10-09,P,1705.0,72,334,0.5783
2026-10-05,2026-10-09,P,1710.0,307,178,0.579
2026-10-05,2026-10-09,P,1715.0,149,59,0.5879
2026-10-05,2026-10-09,P,1720.0,317,125,0.5812
2026-10-05,2026-10-09,P,1725.0,169,102,0.5807
2026-10-05,2026-10-09,P,1727.5,50,16,0.5797
2026-10-05,2026-10-09,P,1730.0,350,142,0.5805
2026-10-05,2026-10-09,P,1732.5,34,47,0.5909
2026-10-05,2026-10-09,P,1735.0,85,27,0.5796
2026-10-05,2026-10-09,P,1737.5,29,12,0.5802
2026-10-05,2026-10-09,P,1740.0,182,44,0.5865
2026-10-05,2026-10-09,P,1742.5,60,11,0.5864
2026-10-05,2026-10-09,P,1745.0,59,33,0.5732
2026-10-05,2026-10-09,P,1747.5,31,14,0.5476
2026-10-05,2026-10-09,P,1750.0,330,67,0.5645
2026-10-05,2026-10-09,P,1752.5,29,31,0.6198
2026-10-05,2026-10-09,P,1755.0,63,46,0.5789
2026-10-05,2026-10-09,P,1760.0,80,47,0.5485
2026-10-05,2026-10-09,P,1765.0,114,186,0.5416
2026-10-05,2026-10-09,P,1770.0,64,13,0.5486
2026-10-05,2026-10-09,P,1775.0,51,15,0.566
2026-10-05,2026-10-09,P,1780.0,78,32,0.5833
2026-10-05,2026-10-09,P,1785.0,20,2,0.5945
2026-10-05,2026-10-09,P,1790.0,102,114,0.5949
2026-10-05,2026-10-09,P,1795.0,32,25,0.5542
2026-10-05,2026-10-09,P,1800.0,930,183,0.5695
2026-10-05,2026-10-09,P,1805.0,33,18,0.5002
2026-10-05,2026-10-09,P,1810.0,60,1,0.5137
2026-10-05,2026-10-09,P,1812.5,6,0,0.7336
2026-10-05,2026-10-09,P,1815.0,9,4,0.742
2026-10-05,2026-10-09,P,1817.5,1,0,0.7504
2026-10-05,2026-10-09,P,1820.0,57,2,0.7587
2026-10-05,2026-10-09,P,1822.5,6,0,0.767
2026-10-05,2026-10-09,P,1825.0,18,3,0.7751
2026-10-05,2026-10-09,P,1827.5,1,0,0.7834
2026-10-05,2026-10-09,P,1830.0,36,1,0.7916
2026-10-05,2026-10-09,P,1832.5,14,40,0.7997
2026-10-05,2026-10-09,P,1835.0,14,10,0.8079
2026-10-05,2026-10-09,P,1837.5,7,1,0.8159
2026-10-05,2026-10-09,P,1840.0,27,23,0.8157
2026-10-05,2026-10-09,P,1845.0,17,2,0.8317
2026-10-05,2026-10-09,P,1850.0,92,17,0.8475
2026-10-05,2026-10-09,P,1855.0,170,12,0.8632
2026-10-05,2026-10-09,P,1860.0,10,6,0.8788
2026-10-05,2026-10-09,P,1865.0,17,5,0.634
2026-10-05,2026-10-09,P,1870.0,61,3,0.6333
2026-10-05,2026-10-09,P,1875.0,54,1,0.9553
2026-10-05,2026-10-09,P,1880.0,11,1,0.6428
2026-10-05,2026-10-09,P,1885.0,34,2,0.6382
2026-10-05,2026-10-09,P,1890.0,21,2,0.6494
2026-10-05,2026-10-09,P,1895.0,21,1,0.6418
2026-10-05,2026-10-09,P,1900.0,40,2,1.0228
2026-10-05,2026-10-09,P,1910.0,20,1,1.1046
2026-10-05,2026-10-09,P,1920.0,8,1,1.1349
2026-10-05,2026-10-09,P,1930.0,11,1,0.6621
2026-10-05,2026-10-09,P,1940.0,6,1,0.6621
2026-10-05,2026-10-09,P,1950.0,11,6,0.6816
2026-10-05,2026-10-16,C,1460.0,82,37,0.6473
2026-10-05,2026-10-16,C,1470.0,21,5,0.6451
2026-10-05,2026-10-16,C,1480.0,64,1,0.6423
2026-10-05,2026-10-16,C,1490.0,47,1,0.6384
2026-10-05,2026-10-16,C,1500.0,583,16,0.6302
2026-10-05,2026-10-16,C,1510.0,99,2,0.6168
2026-10-05,2026-10-16,C,1520.0,1181,35,0.6191
2026-10-05,2026-10-16,C,1530.0,98,13,0.6048
2026-10-05,2026-10-16,C,1540.0,202,27,0.5939
2026-10-05,2026-10-16,C,1550.0,206,108,0.59
2026-10-05,2026-10-16,C,1560.0,85,22,0.5869
2026-10-05,2026-10-16,C,1570.0,91,32,0.5833
2026-10-05,2026-10-16,C,1580.0,138,12,0.5813
2026-10-05,2026-10-16,C,1590.0,87,18,0.578
2026-10-05,2026-10-16,C,1600.0,865,148,0.5801
2026-10-05,2026-10-16,C,1610.0,131,12,0.5791
2026-10-05,2026-10-16,C,1620.0,138,58,0.5787
2026-10-05,2026-10-16,C,1630.0,424,51,0.5764
2026-10-05,2026-10-16,C,1640.0,160,44,0.576
2026-10-05,2026-10-16,C,1645.0,14,32,0.5776
2026-10-05,2026-10-16,C,1650.0,258,168,0.5769
2026-10-05,2026-10-16,C,1655.0,20,51,0.5733
2026-10-05,2026-10-16,C,1660.0,154,325,0.5755
2026-10-05,2026-10-16,C,1665.0,52,69,0.5753
2026-10-05,2026-10-16,C,1670.0,96,584,0.5759
2026-10-05,2026-10-16,C,1675.0,52,357,0.5759
2026-10-05,2026-10-16,C,1680.0,157,1098,0.5763
2026-10-05,2026-10-16,C,1685.0,18,665,0.578
2026-10-05,2026-10-16,C,1690.0,138,283,0.5782
2026-10-05,2026-10-16,C,1695.0,44,64,0.5769
2026-10-05,2026-10-16,C,1700.0,890,827,0.5788
2026-10-05,2026-10-16,C,1705.0,74,89,0.5778
2026-10-05,2026-10-16,C,1710.0,263,194,0.5767
2026-10-05,2026-10-16,C,1715.0,126,122,0.5793
2026-10-05,2026-10-16,C,1720.0,301,143,0.58
2026-10-05,2026-10-16,C,1725.0,260,181,0.5788
2026-10-05,2026-10-16,C,1730.0,210,132,0.5799
2026-10-05,2026-10-16,C,1735.0,180,90,0.5834
2026-10-05,2026-10-16,C,1740.0,336,121,0.584
2026-10-05,2026-10-16,C,1745.0,122,66,0.5821
2026-10-05,2026-10-16,C,1750.0,610,407,0.5878
2026-10-05,2026-10-16,C,1755.0,166,73,0.5859
2026-10-05,2026-10-16,C,1760.0,379,90,0.5866
2026-10-05,2026-10-16,C,1765.0,281,34,0.5874
2026-10-05,2026-10-16,C,1770.0,144,92,0.5893
2026-10-05,2026-10-16,C,1775.0,65,48,0.5913
2026-10-05,2026-10-16,C,1780.0,596,190,0.5923
2026-10-05,2026-10-16,C,1785.0,83,25,0.5923
2026-10-05,2026-10-16,C,1800.0,1466,900,0.5967
2026-10-05,2026-10-16,C,1820.0,581,162,0.6009
2026-10-05,2026-10-16,C,1840.0,811,281,0.6082
2026-10-05,2026-10-16,C,1860.0,357,224,0.614
2026-10-05,2026-10-16,C,1880.0,334,167,0.6226
2026-10-05,2026-10-16,C,1900.0,1327,1086,0.6327
2026-10-05,2026-10-16,C,1920.0,178,79,0.6371
2026-10-05,2026-10-16,C,1940.0,453,88,0.6455
2026-10-05,2026-10-16,P,1460.0,932,107,0.5988
2026-10-05,2026-10-16,P,1470.0,295,54,0.5942
2026-10-05,2026-10-16,P,1480.0,436,100,0.5886
2026-10-05,2026-10-16,P,1490.0,529,87,0.5848
2026-10-05,2026-10-16,P,1500.0,1690,629,0.5806
2026-10-05,2026-10-16,P,1510.0,282,97,0.5775
2026-10-05,2026-10-16,P,1520.0,374,129,0.5736
2026-10-05,2026-10-16,P,1530.0,263,114,0.5704
2026-10-05,2026-10-16,P,1540.0,251,174,0.569
2026-10-05,2026-10-16,P,1550.0,614,324,0.5688
2026-10-05,2026-10-16,P,1560.0,581,131,0.5644
2026-10-05,2026-10-16,P,1570.0,337,124,0.5617
2026-10-05,2026-10-16,P,1580.0,534,102,0.56
2026-10-05,2026-10-16,P,1590.0,252,61,0.5574
2026-10-05,2026-10-16,P,1600.0,1470,455,0.5576
2026-10-05,2026-10-16,P,1610.0,566,118,0.5543
2026-10-05,2026-10-16,P,1620.0,291,108,0.5525
2026-10-05,2026-10-16,P,1630.0,319,61,0.553
2026-10-05,2026-10-16,P,1640.0,482,278,0.5529
2026-10-05,2026-10-16,P,1645.0,149,99,0.5524
2026-10-05,2026-10-16,P,1650.0,714,358,0.5527
2026-10-05,2026-10-16,P,1655.0,33,73,0.5533
2026-10-05,2026-10-16,P,1660.0,324,194,0.5551
2026-10-05,2026-10-16,P,1665.0,56,61,0.5531
2026-10-05,2026-10-16,P,1670.0,296,194,0.5546
2026-10-05,2026-10-16,P,1675.0,114,195,0.5528
2026-10-05,2026-10-16,P,1680.0,198,273,0.5541
2026-10-05,2026-10-16,P,1685.0,45,411,0.5561
2026-10-05,2026-10-16,P,1690.0,165,248,0.5544
2026-10-05,2026-10-16,P,1695.0,78,44,0.5539
2026-10-05,2026-10-16,P,1700.0,1316,136,0.5566
2026-10-05,2026-10-16,P,1705.0,120,40,0.5568
2026-10-05,2026-10-16,P,1710.0,371,323,0.5594
2026-10-05,2026-10-16,P,1715.0,111,19,0.5576
2026-10-05,2026-10-16,P,1720.0,251,51,0.5614
2026-10-05,2026-10-16,P,1725.0,103,50,0.558
2026-10-05,2026-10-16,P,1730.0,301,50,0.5603
2026-10-05,2026-10-16,P,1735.0,63,17,0.5617
2026-10-05,2026-10-16,P,1740.0,221,214,0.5549
2026-10-05,2026-10-16,P,1745.0,66,23,0.5598
2026-10-05,2026-10-16,P,1750.0,490,591,0.5673
2026-10-05,2026-10-16,P,1755.0,84,8,0.5635
2026-10-05,2026-10-16,P,1760.0,237,215,0.5643
2026-10-05,2026-10-16,P,1765.0,83,10,0.5702
2026-10-05,2026-10-16,P,1770.0,106,33,0.5651
2026-10-05,2026-10-16,P,1775.0,202,5,0.5644
2026-10-05,2026-10-16,P,1780.0,562,98,0.5661
2026-10-05,2026-10-16,P,1785.0,51,8,0.5667
2026-10-05,2026-10-16,P,1800.0,651,41,0.5625
2026-10-05,2026-10-16,P,1820.0,94,28,0.5766
2026-10-05,2026-10-16,P,1840.0,191,23,0.5807
2026-10-05,2026-10-16,P,1860.0,187,7,0.5852
2026-10-05,2026-10-16,P,1880.0,205,150,0.5886
2026-10-05,2026-10-16,P,1900.0,177,2,0.5927
2026-10-05,2026-10-16,P,1920.0,25,2,0.6064
2026-10-05,2026-10-16,P,1940.0,33,1,0.6011
2026-10-06,2026-10-09,C,1415.0,2,2,1.2754
2026-10-06,2026-10-09,C,1420.0,2,0,1.1895
2026-10-06,2026-10-09,C,1425.0,8,8,1.3189
2026-10-06,2026-10-09,C,1430.0,2,1,1.1563
2026-10-06,2026-10-09,C,1435.0,2,2,1.1965
2026-10-06,2026-10-09,C,1445.0,1,0,1.1023
2026-10-06,2026-10-09,C,1450.0,7,2,1.2122
2026-10-06,2026-10-09,C,1460.0,1,1,1.0476
2026-10-06,2026-10-09,C,1465.0,12,10,0.9849
2026-10-06,2026-10-09,C,1470.0,17,2,0.9795
2026-10-06,2026-10-09,C,1475.0,32,20,1.1143
2026-10-06,2026-10-09,C,1480.0,71,25,1.0322
2026-10-06,2026-10-09,C,1485.0,14,7,1.0007
2026-10-06,2026-10-09,C,1490.0,2,2,1.0513
2026-10-06,2026-10-09,C,1495.0,13,5,1.0082
2026-10-06,2026-10-09,C,1500.0,54,83,0.9556
2026-10-06,2026-10-09,C,1505.0,9,8,0.9341
2026-10-06,2026-10-09,C,1510.0,13,3,0.9254
2026-10-06,2026-10-09,C,1515.0,20,18,0.8865
2026-10-06,2026-10-09,C,1520.0,46,7,0.913
2026-10-06,2026-10-09,C,1525.0,19,1,0.9485
2026-10-06,2026-10-09,C,1530.0,114,11,0.9434
2026-10-06,2026-10-09,C,1535.0,52,1,0.9255
2026-10-06,2026-10-09,C,1540.0,57,1,0.8403
2026-10-06,2026-10-09,C,1545.0,39,2,0.875
2026-10-06,2026-10-09,C,1550.0,96,55,0.7948
2026-10-06,2026-10-09,C,1555.0,10,2,0.739
2026-10-06,2026-10-09,C,1560.0,50,28,0.8365
2026-10-06,2026-10-09,C,1565.0,6,1,0.7605
2026-10-06,2026-10-09,C,1570.0,58,3,0.8059
2026-10-06,2026-10-09,C,1575.0,17,31,0.7762
2026-10-06,2026-10-09,C,1580.0,19,55,0.7685
2026-10-06,2026-10-09,C,1585.0,31,4,0.7471
2026-10-06,2026-10-09,C,1590.0,76,4,0.7491
2026-10-06,2026-10-09,C,1595.0,32,3,0.7432
2026-10-06,2026-10-09,C,1600.0,294,286,0.7161
2026-10-06,2026-10-09,C,1605.0,28,2,0.7113
2026-10-06,2026-10-09,C,1610.0,40,7,0.7015
2026-10-06,2026-10-09,C,1615.0,23,17,0.7178
2026-10-06,2026-10-09,C,1620.0,62,342,0.6347
2026-10-06,2026-10-09,C,1625.0,53,262,0.5887
2026-10-06,2026-10-09,C,1630.0,56,581,0.6248
2026-10-06,2026-10-09,C,1635.0,74,616,0.6228
2026-10-06,2026-10-09,C,1640.0,56,435,0.6615
2026-10-06,2026-10-09,C,1645.0,200,337,0.6166
2026-10-06,2026-10-09,C,1650.0,226,1415,0.6065
2026-10-06,2026-10-09,C,1655.0,58,759,0.6185
2026-10-06,2026-10-09,C,1660.0,226,748,0.6137
2026-10-06,2026-10-09,C,1665.0,160,536,0.6034
2026-10-06,2026-10-09,C,1670.0,279,1182,0.6089
2026-10-06,2026-10-09,C,1675.0,276,801,0.6114
2026-10-06,2026-10-09,C,1680.0,481,1133,0.6021
2026-10-06,2026-10-09,C,1685.0,170,395,0.6086
2026-10-06,2026-10-09,C,1690.0,292,889,0.6122
2026-10-06,2026-10-09,C,1695.0,156,699,0.6313
2026-10-06,2026-10-09,C,1700.0,1018,7536,0.6188
2026-10-06,2026-10-09,C,1705.0,131,1215,0.6096
2026-10-06,2026-10-09,C,1710.0,337,1870,0.6151
2026-10-06,2026-10-09,C,1715.0,222,1932,0.6139
2026-10-06,2026-10-09,C,1720.0,517,3660,0.6207
2026-10-06,2026-10-09,C,1725.0,420,2029,0.6221
2026-10-06,2026-10-09,C,1727.5,325,1845,0.6224
2026-10-06,2026-10-09,C,1730.0,581,3021,0.622
2026-10-06,2026-10-09,C,1732.5,85,292,0.6301
2026-10-06,2026-10-09,C,1735.0,531,615,0.6354
2026-10-06,2026-10-09,C,1737.5,82,123,0.6323
2026-10-06,2026-10-09,C,1740.0,290,529,0.632
2026-10-06,2026-10-09,C,1742.5,53,124,0.6358
2026-10-06,2026-10-09,C,1745.0,286,460,0.6343
2026-10-06,2026-10-09,C,1747.5,43,121,0.6383
2026-10-06,2026-10-09,C,1750.0,1164,6656,0.6381
2026-10-06,2026-10-09,C,1752.5,48,359,0.6373
2026-10-06,2026-10-09,C,1755.0,179,218,0.6451
2026-10-06,2026-10-09,C,1760.0,266,567,0.6434
2026-10-06,2026-10-09,C,1765.0,319,351,0.6492
2026-10-06,2026-10-09,C,1770.0,283,1146,0.6488
2026-10-06,2026-10-09,C,1775.0,192,500,0.6507
2026-10-06,2026-10-09,C,1780.0,228,988,0.6522
2026-10-06,2026-10-09,C,1785.0,284,264,0.6586
2026-10-06,2026-10-09,C,1790.0,234,486,0.669
2026-10-06,2026-10-09,C,1795.0,166,327,0.6725
2026-10-06,2026-10-09,C,1800.0,2451,9650,0.6702
2026-10-06,2026-10-09,C,1805.0,180,312,0.6808
2026-10-06,2026-10-09,C,1810.0,256,787,0.6812
2026-10-06,2026-10-09,C,1812.5,104,138,0.6818
2026-10-06,2026-10-09,C,1815.0,106,258,0.6919
2026-10-06,2026-10-09,C,1817.5,39,48,0.6893
2026-10-06,2026-10-09,C,1820.0,320,365,0.6967
2026-10-06,2026-10-09,C,1822.5,37,53,0.6958
2026-10-06,2026-10-09,C,1825.0,220,720,0.7
2026-10-06,2026-10-09,C,1827.5,51,22,0.7068
2026-10-06,2026-10-09,C,1830.0,166,437,0.7017
2026-10-06,2026-10-09,C,1832.5,32,42,0.7111
2026-10-06,2026-10-09,C,1835.0,102,212,0.708
2026-10-06,2026-10-09,C,1837.5,34,28,0.7188
2026-10-06,2026-10-09,C,1840.0,116,243,0.7166
2026-10-06,2026-10-09,C,1845.0,49,117,0.7261
2026-10-06,2026-10-09,C,1850.0,2353,3567,0.7293
2026-10-06,2026-10-09,C,1855.0,197,76,0.725
2026-10-06,2026-10-09,C,1860.0,189,401,0.744
2026-10-06,2026-10-09,C,1865.0,49,107,0.7588
2026-10-06,2026-10-09,C,1870.0,176,185,0.7505
2026-10-06,2026-10-09,C,1875.0,332,246,0.7491
2026-10-06,2026-10-09,C,1880.0,497,678,0.7676
2026-10-06,2026-10-09,C,1885.0,76,159,0.7781
2026-10-06,2026-10-09,C,1890.0,182,43,0.7881
2026-10-06,2026-10-09,C,1895.0,849,1424,0.7947
2026-10-06,2026-10-09,C,1900.0,2210,6137,0.7876
2026-10-06,2026-10-09,P,1415.0,74,4,0.9561
2026-10-06,2026-10-09,P,1420.0,148,29,0.9941
2026-10-06,2026-10-09,P,1425.0,97,18,0.9219
2026-10-06,2026-10-09,P,1430.0,148,19,0.918
2026-10-06,2026-10-09,P,1435.0,96,6,0.9224
2026-10-06,2026-10-09,P,1440.0,197,46,0.8438
2026-10-06,2026-10-09,P,1445.0,179,17,0.8418
2026-10-06,2026-10-09,P,1450.0,532,238,0.8115
2026-10-06,2026-10-09,P,1455.0,67,29,0.8438
2026-10-06,2026-10-09,P,1460.0,175,71,0.8164
2026-10-06,2026-10-09,P,1465.0,390,27,0.8096
2026-10-06,2026-10-09,P,1470.0,66,32,0.7925
2026-10-06,2026-10-09,P,1475.0,146,126,0.8232
2026-10-06,2026-10-09,P,1480.0,249,56,0.8057
2026-10-06,2026-10-09,P,1485.0,183,11,0.8003
2026-10-06,2026-10-09,P,1490.0,261,55,0.749
2026-10-06,2026-10-09,P,1495.0,159,82,0.7583
2026-10-06,2026-10-09,P,1500.0,1407,1099,0.7407
2026-10-06,2026-10-09,P,1505.0,126,50,0.7285
2026-10-06,2026-10-09,P,1510.0,78,96,0.7163
2026-10-06,2026-10-09,P,1515.0,225,72,0.7085
2026-10-06,2026-10-09,P,1520.0,348,167,0.6995
2026-10-06,2026-10-09,P,1525.0,246,146,0.6939
2026-10-06,2026-10-09,P,1530.0,620,131,0.6792
2026-10-06,2026-10-09,P,1535.0,509,59,0.6643
2026-10-06,2026-10-09,P,1540.0,590,223,0.6418
2026-10-06,2026-10-09,P,1545.0,272,110,0.6624
2026-10-06,2026-10-09,P,1550.0,1748,1059,0.6511
2026-10-06,2026-10-09,P,1555.0,358,86,0.6418
2026-10-06,2026-10-09,P,1560.0,297,349,0.6453
2026-10-06,2026-10-09,P,1565.0,222,157,0.6373
2026-10-06,2026-10-09,P,1570.0,362,186,0.6356
2026-10-06,2026-10-09,P,1575.0,492,247,0.6299
2026-10-06,2026-10-09,P,1580.0,441,296,0.624
2026-10-06,2026-10-09,P,1585.0,197,278,0.6179
2026-10-06,2026-10-09,P,1590.0,805,628,0.6141
2026-10-06,2026-10-09,P,1595.0,383,246,0.6179
2026-10-06,2026-10-09,P,1600.0,2086,3234,0.6118
2026-10-06,2026-10-09,P,1605.0,172,113,0.6122
2026-10-06,2026-10-09,P,1610.0,386,727,0.6116
2026-10-06,2026-10-09,P,1615.0,199,192,0.6085
2026-10-06,2026-10-09,P,1620.0,361,622,0.6047
2026-10-06,2026-10-09,P,1625.0,284,520,0.6064
2026-10-06,2026-10-09,P,1630.0,348,638,0.6024
2026-10-06,2026-10-09,P,1635.0,252,466,0.6043
2026-10-06,2026-10-09,P,1640.0,553,1866,0.5994
2026-10-06,2026-10-09,P,1645.0,193,471,0.5986
2026-10-06,2026-10-09,P,1650.0,1010,2880,0.5963
2026-10-06,2026-10-09,P,1655.0,166,304,0.5949
2026-10-06,2026-10-09,P,1660.0,299,717,0.5942
2026-10-06,2026-10-09,P,1665.0,268,485,0.5942
2026-10-06,2026-10-09,P,1670.0,268,928,0.5967
2026-10-06,2026-10-09,P,1675.0,258,536,0.5902
2026-10-06,2026-10-09,P,1680.0,340,577,0.5995
2026-10-06,2026-10-09,P,1685.0,143,236,0.6029
2026-10-06,2026-10-09,P,1690.0,383,545,0.5505
2026-10-06,2026-10-09,P,1695.0,715,615,0.6007
2026-10-06,2026-10-09,P,1700.0,823,3308,0.6011
2026-10-06,2026-10-09,P,1705.0,148,1028,0.5989
2026-10-06,2026-10-09,P,1710.0,286,1489,0.6002
2026-10-06,2026-10-09,P,1715.0,148,640,0.6309
2026-10-06,2026-10-09,P,1720.0,312,1327,0.6043
2026-10-06,2026-10-09,P,1725.0,168,1216,0.6019
2026-10-06,2026-10-09,P,1727.5,55,312,0.6152
2026-10-06,2026-10-09,P,1730.0,371,545,0.6181
2026-10-06,2026-10-09,P,1732.5,50,91,0.6024
2026-10-06,2026-10-09,P,1735.0,88,128,0.6073
2026-10-06,2026-10-09,P,1737.5,27,49,0.6212
2026-10-06,2026-10-09,P,1740.0,171,79,0.6183
2026-10-06,2026-10-09,P,1742.5,63,37,0.6291
2026-10-06,2026-10-09,P,1745.0,60,132,0.6274
2026-10-06,2026-10-09,P,1747.5,30,4,0.6376
2026-10-06,2026-10-09,P,1750.0,326,213,0.6182
2026-10-06,2026-10-09,P,1752.5,31,19,0.6301
2026-10-06,2026-10-09,P,1755.0,60,19,0.6231
2026-10-06,2026-10-09,P,1760.0,67,36,0.6508
2026-10-06,2026-10-09,P,1765.0,77,17,0.6324
2026-10-06,2026-10-09,P,1770.0,69,13,0.6403
2026-10-06,2026-10-09,P,1775.0,55,9,0.6482
2026-10-06,2026-10-09,P,1780.0,79,32,0.6427
2026-10-06,2026-10-09,P,1785.0,20,45,0.583
2026-10-06,2026-10-09,P,1790.0,73,33,0.5543
2026-10-06,2026-10-09,P,1795.0,53,40,0.551
2026-10-06,2026-10-09,P,1800.0,1044,270,0.5592
2026-10-06,2026-10-09,P,1805.0,33,36,0.5958
2026-10-06,2026-10-09,P,1810.0,60,82,0.5847
2026-10-06,2026-10-09,P,1812.5,6,0,0.5736
2026-10-06,2026-10-09,P,1815.0,9,4,0.613
2026-10-06,2026-10-09,P,1817.5,1,0,0.6747
2026-10-06,2026-10-09,P,1820.0,55,5,0.6183
2026-10-06,2026-10-09,P,1822.5,6,0,0.6831
2026-10-06,2026-10-09,P,1825.0,20,3,0.6222
2026-10-06,2026-10-09,P,1827.5,1,9,0.561
2026-10-06,2026-10-09,P,1830.0,36,4,0.5523
2026-10-06,2026-10-09,P,1832.5,14,2,0.6072
2026-10-06,2026-10-09,P,1835.0,9,10,0.6157
2026-10-06,2026-10-09,P,1837.5,7,1,0.5698
2026-10-06,2026-10-09,P,1840.0,27,3,0.6671
2026-10-06,2026-10-09,P,1845.0,17,2,0.6674
2026-10-06,2026-10-09,P,1850.0,94,13,0.921
2026-10-06,2026-10-09,P,1855.0,160,12,0.585
2026-10-06,2026-10-09,P,1860.0,13,1,0.6526
2026-10-06,2026-10-09,P,1865.0,17,5,0.5693
2026-10-06,2026-10-09,P,1870.0,61,3,0.6694
2026-10-06,2026-10-09,P,1875.0,53,1,0.6843
2026-10-06,2026-10-09,P,1880.0,11,1,0.7134
2026-10-06,2026-10-09,P,1885.0,34,2,1.0637
2026-10-06,2026-10-09,P,1890.0,21,1,1.0829
2026-10-06,2026-10-09,P,1895.0,22,1,0.6338
2026-10-06,2026-10-09,P,1900.0,39,4,1.0795
2026-10-06,2026-10-16,C,1420.0,89,1,0.776
2026-10-06,2026-10-16,C,1440.0,49,2,0.7409
2026-10-06,2026-10-16,C,1460.0,82,1,0.7166
2026-10-06,2026-10-16,C,1470.0,21,5,0.7007
2026-10-06,2026-10-16,C,1480.0,65,1,0.6628
2026-10-06,2026-10-16,C,1490.0,47,1,0.6807
2026-10-06,2026-10-16,C,1500.0,574,46,0.6684
2026-10-06,2026-10-16,C,1510.0,99,2,0.6578
2026-10-06,2026-10-16,C,1520.0,1181,35,0.6511
2026-10-06,2026-10-16,C,1530.0,96,26,0.6443
2026-10-06,2026-10-16,C,1540.0,192,29,0.6319
2026-10-06,2026-10-16,C,1550.0,257,58,0.6272
2026-10-06,2026-10-16,C,1560.0,97,1,0.6322
2026-10-06,2026-10-16,C,1570.0,97,67,0.623
2026-10-06,2026-10-16,C,1580.0,144,2,0.614
2026-10-06,2026-10-16,C,1590.0,88,18,0.6052
2026-10-06,2026-10-16,C,1600.0,963,377,0.6061
2026-10-06,2026-10-16,C,1610.0,130,33,0.6033
2026-10-06,2026-10-16,C,1620.0,145,119,0.5987
2026-10-06,2026-10-16,C,1630.0,424,177,0.5678
2026-10-06,2026-10-16,C,1640.0,165,92,0.581
2026-10-06,2026-10-16,C,1645.0,28,18,0.583
2026-10-06,2026-10-16,C,1650.0,281,1082,0.578
2026-10-06,2026-10-16,C,1655.0,45,96,0.5842
2026-10-06,2026-10-16,C,1660.0,176,159,0.5779
2026-10-06,2026-10-16,C,1665.0,66,37,0.5847
2026-10-06,2026-10-16,C,1670.0,280,165,0.584
2026-10-06,2026-10-16,C,1675.0,126,383,0.5851
2026-10-06,2026-10-16,C,1680.0,597,496,0.5842
2026-10-06,2026-10-16,C,1685.0,489,241,0.5841
2026-10-06,2026-10-16,C,1690.0,166,103,0.5862
2026-10-06,2026-10-16,C,1695.0,64,81,0.5759
2026-10-06,2026-10-16,C,1700.0,957,1296,0.5843
2026-10-06,2026-10-16,C,1705.0,64,166,0.5822
2026-10-06,2026-10-16,C,1710.0,216,307,0.5871
2026-10-06,2026-10-16,C,1715.0,119,149,0.5862
2026-10-06,2026-10-16,C,1720.0,282,331,0.5837
2026-10-06,2026-10-16,C,1725.0,287,364,0.5869
2026-10-06,2026-10-16,C,1730.0,244,220,0.5861
2026-10-06,2026-10-16,C,1735.0,212,62,0.5833
2026-10-06,2026-10-16,C,1740.0,316,281,0.5823
2026-10-06,2026-10-16,C,1745.0,109,47,0.5891
2026-10-06,2026-10-16,C,1750.0,767,763,0.5895
2026-10-06,2026-10-16,C,1755.0,175,54,0.5903
2026-10-06,2026-10-16,C,1760.0,404,67,0.5905
2026-10-06,2026-10-16,C,1765.0,276,37,0.5872
2026-10-06,2026-10-16,C,1770.0,142,83,0.5873
2026-10-06,2026-10-16,C,1775.0,70,33,0.5953
2026-10-06,2026-10-16,C,1780.0,593,211,0.5912
2026-10-06,2026-10-16,C,1785.0,90,42,0.5946
2026-10-06,2026-10-16,C,1800.0,1539,1797,0.5948
2026-10-06,2026-10-16,C,1820.0,590,193,0.6008
2026-10-06,2026-10-16,C,1840.0,856,428,0.609
2026-10-06,2026-10-16,C,1860.0,446,219,0.6123
2026-10-06,2026-10-16,C,1880.0,329,65,0.6217
2026-10-06,2026-10-16,C,1900.0,1867,1283,0.6285
2026-10-06,2026-10-16,P,1420.0,1074,78,0.6703
2026-10-06,2026-10-16,P,1440.0,434,47,0.6273
2026-10-06,2026-10-16,P,1460.0,958,34,0.6182
2026-10-06,2026-10-16,P,1470.0,305,24,0.6107
2026-10-06,2026-10-16,P,1480.0,465,68,0.6059
2026-10-06,2026-10-16,P,1490.0,542,133,0.5978
2026-10-06,2026-10-16,P,1500.0,1943,371,0.5882
2026-10-06,2026-10-16,P,1510.0,293,118,0.5849
2026-10-06,2026-10-16,P,1520.0,420,129,0.5833
2026-10-06,2026-10-16,P,1530.0,267,105,0.5764
2026-10-06,2026-10-16,P,1540.0,288,154,0.5728
2026-10-06,2026-10-16,P,1550.0,735,401,0.5726
2026-10-06,2026-10-16,P,1560.0,588,290,0.5719
2026-10-06,2026-10-16,P,1570.0,335,86,0.5692
2026-10-06,2026-10-16,P,1580.0,534,211,0.5654
2026-10-06,2026-10-16,P,1590.0,264,130,0.5681
2026-10-06,2026-10-16,P,1600.0,1500,858,0.566
2026-10-06,2026-10-16,P,1610.0,568,172,0.5665
2026-10-06,2026-10-16,P,1620.0,247,92,0.5605
2026-10-06,2026-10-16,P,1630.0,304,288,0.5654
2026-10-06,2026-10-16,P,1640.0,533,134,0.5761
2026-10-06,2026-10-16,P,1645.0,181,42,0.5712
2026-10-06,2026-10-16,P,1650.0,756,669,0.5658
2026-10-06,2026-10-16,P,1655.0,59,111,0.5692
2026-10-06,2026-10-16,P,1660.0,381,58,0.565
2026-10-06,2026-10-16,P,1665.0,60,71,0.5675
2026-10-06,2026-10-16,P,1670.0,331,64,0.566
2026-10-06,2026-10-16,P,1675.0,162,144,0.562
2026-10-06,2026-10-16,P,1680.0,268,100,0.5687
2026-10-06,2026-10-16,P,1685.0,175,20,0.571
2026-10-06,2026-10-16,P,1690.0,160,75,0.568
2026-10-06,2026-10-16,P,1695.0,87,87,0.5681
2026-10-06,2026-10-16,P,1700.0,1290,390,0.5666
2026-10-06,2026-10-16,P,1705.0,120,88,0.5669
2026-10-06,2026-10-16,P,1710.0,360,93,0.5703
2026-10-06,2026-10-16,P,1715.0,117,199,0.5627
2026-10-06,2026-10-16,P,1720.0,240,138,0.5687
2026-10-06,2026-10-16,P,1725.0,109,103,0.569
2026-10-06,2026-10-16,P,1730.0,293,216,0.5686
2026-10-06,2026-10-16,P,1735.0,70,27,0.5705
2026-10-06,2026-10-16,P,1740.0,419,20,0.5684
2026-10-06,2026-10-16,P,1745.0,70,36,0.5657
2026-10-06,2026-10-16,P,1750.0,704,177,0.5733
2026-10-06,2026-10-16,P,1755.0,85,3,0.5725
2026-10-06,2026-10-16,P,1760.0,443,11,0.572
2026-10-06,2026-10-16,P,1765.0,86,2,0.5699
2026-10-06,2026-10-16,P,1770.0,128,5,0.5683
2026-10-06,2026-10-16,P,1775.0,207,31,0.5681
2026-10-06,2026-10-16,P,1780.0,565,26,0.5727
2026-10-06,2026-10-16,P,1785.0,51,16,0.5731
2026-10-06,2026-10-16,P,1800.0,663,274,0.5651
2026-10-06,2026-10-16,P,1820.0,101,7,0.5546
2026-10-06,2026-10-16,P,1840.0,181,1,0.5571
2026-10-06,2026-10-16,P,1860.0,185,7,0.5665
2026-10-06,2026-10-16,P,1880.0,97,150,0.5725
2026-10-06,2026-10-16,P,1900.0,177,9,0.5842
2026-10-07,2026-10-09,C,1445.0,1,1,1.293
2026-10-07,2026-10-09,C,1450.0,7,4,1.2598
2026-10-07,2026-10-09,C,1460.0,1,1,1.1931
2026-10-07,2026-10-09,C,1465.0,12,10,1.1599
2026-10-07,2026-10-09,C,1470.0,17,2,1.1265
2026-10-07,2026-10-09,C,1475.0,32,20,1.093
2026-10-07,2026-10-09,C,1480.0,71,1,1.1148
2026-10-07,2026-10-09,C,1485.0,14,7,1.08
2026-10-07,2026-10-09,C,1490.0,2,2,1.0452
2026-10-07,2026-10-09,C,1495.0,13,5,1.0103
2026-10-07,2026-10-09,C,1500.0,58,29,0.9752
2026-10-07,2026-10-09,C,1505.0,9,8,0.9402
2026-10-07,2026-10-09,C,1510.0,10,1,0.5894
2026-10-07,2026-10-09,C,1515.0,20,18,0.563
2026-10-07,2026-10-09,C,1520.0,49,5,0.6262
2026-10-07,2026-10-09,C,1525.0,19,47,0.6221
2026-10-07,2026-10-09,C,1530.0,115,3,0.6997
2026-10-07,2026-10-09,C,1535.0,52,21,0.7389
2026-10-07,2026-10-09,C,1540.0,57,174,0.7411
2026-10-07,2026-10-09,C,1545.0,39,39,0.7109
2026-10-07,2026-10-09,C,1550.0,91,71,0.7185
2026-10-07,2026-10-09,C,1555.0,10,12,0.7037
2026-10-07,2026-10-09,C,1560.0,53,48,0.699
2026-10-07,2026-10-09,C,1565.0,5,202,0.694
2026-10-07,2026-10-09,C,1570.0,58,53,0.6904
2026-10-07,2026-10-09,C,1575.0,33,100,0.6802
2026-10-07,2026-10-09,C,1580.0,31,476,0.6798
2026-10-07,2026-10-09,C,1585.0,31,214,0.6725
2026-10-07,2026-10-09,C,1590.0,76,802,0.6702
2026-10-07,2026-10-09,C,1595.0,32,576,0.6643
2026-10-07,2026-10-09,C,1600.0,365,4548,0.661
2026-10-07,2026-10-09,C,1605.0,29,1177,0.663
2026-10-07,2026-10-09,C,1610.0,40,1281,0.6595
2026-10-07,2026-10-09,C,1615.0,22,557,0.6642
2026-10-07,2026-10-09,C,1620.0,125,1397,0.6622
2026-10-07,2026-10-09,C,1625.0,77,878,0.6669
2026-10-07,2026-10-09,C,1630.0,153,1438,0.6746
2026-10-07,2026-10-09,C,1635.0,171,1515,0.6627
2026-10-07,2026-10-09,C,1640.0,61,5522,0.6666
2026-10-07,2026-10-09,C,1645.0,190,1935,0.6692
2026-10-07,2026-10-09,C,1650.0,243,6889,0.6705
2026-10-07,2026-10-09,C,1655.0,157,1989,0.6727
2026-10-07,2026-10-09,C,1660.0,222,2536,0.6807
2026-10-07,2026-10-09,C,1665.0,134,1090,0.6799
2026-10-07,2026-10-09,C,1670.0,272,2576,0.6837
2026-10-07,2026-10-09,C,1675.0,297,1630,0.6912
2026-10-07,2026-10-09,C,1680.0,597,1268,0.6949
2026-10-07,2026-10-09,C,1685.0,127,547,0.7022
2026-10-07,2026-10-09,C,1690.0,213,884,0.7059
2026-10-07,2026-10-09,C,1695.0,148,462,0.7094
2026-10-07,2026-10-09,C,1700.0,1019,13032,0.717
2026-10-07,2026-10-09,C,1705.0,237,1021,0.7239
2026-10-07,2026-10-09,C,1710.0,421,1317,0.7302
2026-10-07,2026-10-09,C,1715.0,301,1120,0.7388
2026-10-07,2026-10-09,C,1720.0,596,1919,0.7417
2026-10-07,2026-10-09,C,1725.0,532,1364,0.7612
2026-10-07,2026-10-09,C,1727.5,321,264,0.7837
2026-10-07,2026-10-09,C,1730.0,778,4102,0.7693
2026-10-07,2026-10-09,C,1732.5,116,577,0.7959
2026-10-07,2026-10-09,C,1735.0,499,636,0.7905
2026-10-07,2026-10-09,C,1737.5,55,99,0.7874
2026-10-07,2026-10-09,C,1740.0,379,569,0.791
2026-10-07,2026-10-09,C,1742.5,65,61,0.7988
2026-10-07,2026-10-09,C,1745.0,233,323,0.8062
2026-10-07,2026-10-09,C,1747.5,70,76,0.8088
2026-10-07,2026-10-09,C,1750.0,1755,3687,0.8105
2026-10-07,2026-10-09,C,1752.5,72,356,0.832
2026-10-07,2026-10-09,C,1755.0,171,157,0.8179
2026-10-07,2026-10-09,C,1760.0,358,245,0.8618
2026-10-07,2026-10-09,C,1765.0,332,335,0.8315
2026-10-07,2026-10-09,C,1770.0,508,637,0.9121
2026-10-07,2026-10-09,C,1775.0,242,721,0.9688
2026-10-07,2026-10-09,C,1780.0,509,639,0.8477
2026-10-07,2026-10-09,C,1785.0,301,339,0.938
2026-10-07,2026-10-09,C,1790.0,203,152,0.9453
2026-10-07,2026-10-09,C,1795.0,262,97,0.9355
2026-10-07,2026-10-09,C,1800.0,3336,4982,0.9375
2026-10-07,2026-10-09,C,1805.0,308,167,1.2063
2026-10-07,2026-10-09,C,1810.0,278,201,0.9775
2026-10-07,2026-10-09,C,1812.5,119,27,1.2703
2026-10-07,2026-10-09,C,1815.0,132,131,1.2856
2026-10-07,2026-10-09,C,1817.5,35,11,1.1699
2026-10-07,2026-10-09,C,1820.0,349,148,1.062
2026-10-07,2026-10-09,C,1822.5,46,30,1.2764
2026-10-07,2026-10-09,C,1825.0,472,98,1.0562
2026-10-07,2026-10-09,C,1827.5,54,14,0.9551
2026-10-07,2026-10-09,C,1830.0,225,197,1.0098
2026-10-07,2026-10-09,C,1832.5,32,9,1.0557
2026-10-07,2026-10-09,C,1835.0,108,34,1.041
2026-10-07,2026-10-09,C,1837.5,40,29,1.0957
2026-10-07,2026-10-09,C,1840.0,161,118,1.1665
2026-10-07,2026-10-09,C,1845.0,80,43,1.1035
2026-10-07,2026-10-09,C,1850.0,2350,1369,1.0977
2026-10-07,2026-10-09,C,1855.0,220,63,1.1523
2026-10-07,2026-10-09,C,1860.0,300,103,1.0703
2026-10-07,2026-10-09,C,1865.0,64,66,1.0879
2026-10-07,2026-10-09,C,1870.0,192,262,1.1709
2026-10-07,2026-10-09,C,1875.0,265,42,1.2031
2026-10-07,2026-10-09,C,1880.0,611,148,1.0625
2026-10-07,2026-10-09,C,1885.0,160,22,1.1572
2026-10-07,2026-10-09,C,1890.0,185,31,1.2568
2026-10-07,2026-10-09,C,1895.0,2174,205,1.168
2026-10-07,2026-10-09,C,1900.0,2756,2105,1.1602
2026-10-07,2026-10-09,C,1910.0,437,133,1.2188
2026-10-07,2026-10-09,C,1920.0,328,257,1.1914
2026-10-07,2026-10-09,C,1930.0,196,31,1.3086
2026-10-07,2026-10-09,C,1940.0,158,69,1.207
2026-10-07,2026-10-09,P,1440.0,190,56,0.957
2026-10-07,2026-10-09,P,1445.0,184,99,0.9482
2026-10-07,2026-10-09,P,1450.0,572,209,0.9297
2026-10-07,2026-10-09,P,1455.0,72,65,0.938
2026-10-07,2026-10-09,P,1460.0,173,242,0.9106
2026-10-07,2026-10-09,P,1465.0,393,52,0.9067
2026-10-07,2026-10-09,P,1470.0,59,120,0.8789
2026-10-07,2026-10-09,P,1475.0,192,111,0.8806
2026-10-07,2026-10-09,P,1480.0,239,130,0.8608
2026-10-07,2026-10-09,P,1485.0,186,171,0.832
2026-10-07,2026-10-09,P,1490.0,247,298,0.8342
2026-10-07,2026-10-09,P,1495.0,173,278,0.8079
2026-10-07,2026-10-09,P,1500.0,1433,3237,0.7979
2026-10-07,2026-10-09,P,1505.0,132,152,0.7822
2026-10-07,2026-10-09,P,1510.0,103,317,0.7622
2026-10-07,2026-10-09,P,1515.0,218,256,0.7489
2026-10-07,2026-10-09,P,1520.0,383,495,0.7379
2026-10-07,2026-10-09,P,1525.0,319,671,0.7285
2026-10-07,2026-10-09,P,1530.0,656,426,0.7161
2026-10-07,2026-10-09,P,1535.0,489,214,0.7062
2026-10-07,2026-10-09,P,1540.0,614,721,0.6995
2026-10-07,2026-10-09,P,1545.0,345,679,0.689
2026-10-07,2026-10-09,P,1550.0,1630,3599,0.6831
2026-10-07,2026-10-09,P,1555.0,344,462,0.6731
2026-10-07,2026-10-09,P,1560.0,320,870,0.6685
2026-10-07,2026-10-09,P,1565.0,248,755,0.6615
2026-10-07,2026-10-09,P,1570.0,367,1120,0.658
2026-10-07,2026-10-09,P,1575.0,495,929,0.6552
2026-10-07,2026-10-09,P,1580.0,489,1609,0.6508
2026-10-07,2026-10-09,P,1585.0,213,856,0.6464
2026-10-07,2026-10-09,P,1590.0,727,1355,0.645
2026-10-07,2026-10-09,P,1595.0,405,979,0.643
2026-10-07,2026-10-09,P,1600.0,2148,7003,0.6356
2026-10-07,2026-10-09,P,1605.0,175,979,0.6409
2026-10-07,2026-10-09,P,1610.0,352,1507,0.642
2026-10-07,2026-10-09,P,1615.0,249,724,0.6392
2026-10-07,2026-10-09,P,1620.0,368,1196,0.6383
2026-10-07,2026-10-09,P,1625.0,315,1022,0.6457
2026-10-07,2026-10-09,P,1630.0,396,1613,0.6464
2026-10-07,2026-10-09,P,1635.0,303,1728,0.645
2026-10-07,2026-10-09,P,1640.0,758,2859,0.6361
2026-10-07,2026-10-09,P,1645.0,311,1411,0.6444
2026-10-07,2026-10-09,P,1650.0,1002,3585,0.65
2026-10-07,2026-10-09,P,1655.0,176,716,0.6426
2026-10-07,2026-10-09,P,1660.0,334,932,0.6573
2026-10-07,2026-10-09,P,1665.0,299,528,0.6473
2026-10-07,2026-10-09,P,1670.0,264,374,0.6563
2026-10-07,2026-10-09,P,1675.0,319,839,0.6383
2026-10-07,2026-10-09,P,1680.0,402,145,0.6528
2026-10-07,2026-10-09,P,1685.0,159,243,0.6683
2026-10-07,2026-10-09,P,1690.0,445,448,0.6665
2026-10-07,2026-10-09,P,1695.0,706,270,0.523
2026-10-07,2026-10-09,P,1700.0,890,937,0.7537
2026-10-07,2026-10-09,P,1705.0,191,105,0.7837
2026-10-07,2026-10-09,P,1710.0,263,198,0.8135
2026-10-07,2026-10-09,P,1715.0,204,78,0.889
2026-10-07,2026-10-09,P,1720.0,246,89,0.5649
2026-10-07,2026-10-09,P,1725.0,261,236,0.6445
2026-10-07,2026-10-09,P,1727.5,59,22,0.6431
2026-10-07,2026-10-09,P,1730.0,363,46,0.9115
2026-10-07,2026-10-09,P,1732.5,27,91,0.6357
2026-10-07,2026-10-09,P,1735.0,129,14,0.5801
2026-10-07,2026-10-09,P,1737.5,36,8,1.1996
2026-10-07,2026-10-09,P,1740.0,155,54,1.1653
2026-10-07,2026-10-09,P,1742.5,84,4,0.709
2026-10-07,2026-10-09,P,1745.0,104,7,1.2407
2026-10-07,2026-10-09,P,1747.5,31,2,0.6289
2026-10-07,2026-10-09,P,1750.0,345,157,1.2061
2026-10-07,2026-10-09,P,1752.5,42,19,1.3601
2026-10-07,2026-10-09,P,1755.0,66,4,1.376
2026-10-07,2026-10-09,P,1760.0,71,1,1.0652
2026-10-07,2026-10-09,P,1765.0,75,21,0.8208
2026-10-07,2026-10-09,P,1770.0,68,41,1.4697
2026-10-07,2026-10-09,P,1775.0,56,11,0.8311
2026-10-07,2026-10-09,P,1780.0,78,90,1.531
2026-10-07,2026-10-09,P,1785.0,34,2,1.5612
2026-10-07,2026-10-09,P,1790.0,74,4,1.5912
2026-10-07,2026-10-09,P,1795.0,52,23,0.9121
2026-10-07,2026-10-09,P,1800.0,894,86,1.5325
2026-10-07,2026-10-09,P,1805.0,38,36,1.6799
2026-10-07,2026-10-09,P,1810.0,83,22,1.709
2026-10-07,2026-10-09,P,1812.5,6,0,1.6964
2026-10-07,2026-10-09,P,1815.0,9,4,1.7379
2026-10-07,2026-10-09,P,1817.5,1,0,1.7523
2026-10-07,2026-10-09,P,1820.0,56,5,1.7666
2026-10-07,2026-10-09,P,1822.5,6,0,1.781
2026-10-07,2026-10-09,P,1825.0,17,11,1.7952
2026-10-07,2026-10-09,P,1827.5,7,9,1.8093
2026-10-07,2026-10-09,P,1830.0,36,34,1.8235
2026-10-07,2026-10-09,P,1832.5,14,21,0.8867
2026-10-07,2026-10-09,P,1835.0,9,10,0.8945
2026-10-07,2026-10-09,P,1837.5,7,4,0.9023
2026-10-07,2026-10-09,P,1840.0,25,30,1.1284
2026-10-07,2026-10-09,P,1845.0,17,1,1.9075
2026-10-07,2026-10-09,P,1850.0,92,161,1.8373
2026-10-07,2026-10-09,P,1855.0,160,233,1.8558
2026-10-07,2026-10-09,P,1860.0,14,21,0.9766
2026-10-07,2026-10-09,P,1865.0,17,26,1.2617
2026-10-07,2026-10-09,P,1870.0,61,92,1.1133
2026-10-07,2026-10-09,P,1875.0,53,72,1.6555
2026-10-07,2026-10-09,P,1880.0,11,1,1.041
2026-10-07,2026-10-09,P,1885.0,34,61,1.1211
2026-10-07,2026-10-09,P,1890.0,20,30,1.0742
2026-10-07,2026-10-09,P,1895.0,23,34,1.0898
2026-10-07,2026-10-09,P,1900.0,38,100,1.4463
2026-10-07,2026-10-09,P,1910.0,17,21,1.1367
2026-10-07,2026-10-09,P,1920.0,7,1,1.168
2026-10-07,2026-10-09,P,1930.0,9,1,1.1992
2026-10-07,2026-10-09,P,1940.0,3,1,1.2285
2026-10-07,2026-10-16,C,1440.0,49,11,0.6979
2026-10-07,2026-10-16,C,1460.0,83,1,0.6417
2026-10-07,2026-10-16,C,1470.0,21,5,0.6342
2026-10-07,2026-10-16,C,1480.0,64,2,0.6153
2026-10-07,2026-10-16,C,1490.0,46,1,0.6025
2026-10-07,2026-10-16,C,1500.0,603,104,0.6265
2026-10-07,2026-10-16,C,1510.0,99,2,0.6287
2026-10-07,2026-10-16,C,1520.0,1181,7,0.6178
2026-10-07,2026-10-16,C,1530.0,96,10,0.6167
2026-10-07,2026-10-16,C,1540.0,172,41,0.6115
2026-10-07,2026-10-16,C,1550.0,248,140,0.5924
2026-10-07,2026-10-16,C,1560.0,96,76,0.608
2026-10-07,2026-10-16,C,1570.0,110,103,0.6013
2026-10-07,2026-10-16,C,1580.0,144,183,0.6033
2026-10-07,2026-10-16,C,1590.0,88,256,0.5996
2026-10-07,2026-10-16,C,1600.0,935,1318,0.5989
2026-10-07,2026-10-16,C,1610.0,140,614,0.5973
2026-10-07,2026-10-16,C,1620.0,156,529,0.5943
2026-10-07,2026-10-16,C,1630.0,424,529,0.5953
2026-10-07,2026-10-16,C,1640.0,172,996,0.5918
2026-10-07,2026-10-16,C,1645.0,28,350,0.5902
2026-10-07,2026-10-16,C,1650.0,351,2274,0.5907
2026-10-07,2026-10-16,C,1655.0,64,217,0.5882
2026-10-07,2026-10-16,C,1660.0,183,302,0.5927
2026-10-07,2026-10-16,C,1665.0,65,175,0.5904
2026-10-07,2026-10-16,C,1670.0,273,452,0.5908
2026-10-07,2026-10-16,C,1675.0,93,257,0.5899
2026-10-07,2026-10-16,C,1680.0,585,703,0.5883
2026-10-07,2026-10-16,C,1685.0,455,497,0.5907
2026-10-07,2026-10-16,C,1690.0,160,182,0.5895
2026-10-07,2026-10-16,C,1695.0,74,99,0.5911
2026-10-07,2026-10-16,C,1700.0,1082,2030,0.5916
2026-10-07,2026-10-16,C,1705.0,85,144,0.5914
2026-10-07,2026-10-16,C,1710.0,193,237,0.5924
2026-10-07,2026-10-16,C,1715.0,123,105,0.5935
2026-10-07,2026-10-16,C,1720.0,267,996,0.5933
2026-10-07,2026-10-16,C,1725.0,322,505,0.5944
2026-10-07,2026-10-16,C,1730.0,227,114,0.595
2026-10-07,2026-10-16,C,1735.0,201,38,0.5957
2026-10-07,2026-10-16,C,1740.0,392,94,0.5965
2026-10-07,2026-10-16,C,1745.0,96,63,0.5967
2026-10-07,2026-10-16,C,1750.0,818,993,0.5963
2026-10-07,2026-10-16,C,1755.0,173,44,0.5985
2026-10-07,2026-10-16,C,1760.0,395,409,0.5985
2026-10-07,2026-10-16,C,1765.0,283,401,0.6021
2026-10-07,2026-10-16,C,1770.0,157,84,0.6036
2026-10-07,2026-10-16,C,1775.0,86,376,0.6027
2026-10-07,2026-10-16,C,1780.0,612,260,0.6059
2026-10-07,2026-10-16,C,1785.0,100,47,0.6067
2026-10-07,2026-10-16,C,1800.0,1811,2119,0.61
2026-10-07,2026-10-16,C,1820.0,578,76,0.6183
2026-10-07,2026-10-16,C,1840.0,731,346,0.6262
2026-10-07,2026-10-16,C,1860.0,452,166,0.6364
2026-10-07,2026-10-16,C,1880.0,334,140,0.6444
2026-10-07,2026-10-16,C,1900.0,2016,1564,0.6565
2026-10-07,2026-10-16,C,1920.0,194,77,0.6665
2026-10-07,2026-10-16,C,1940.0,536,357,0.6743
2026-10-07,2026-10-16,P,1440.0,445,104,0.6361
2026-10-07,2026-10-16,P,1460.0,952,138,0.6249
2026-10-07,2026-10-16,P,1470.0,315,127,0.6202
2026-10-07,2026-10-16,P,1480.0,477,165,0.6147
2026-10-07,2026-10-16,P,1490.0,595,129,0.6099
2026-10-07,2026-10-16,P,1500.0,1932,844,0.6091
2026-10-07,2026-10-16,P,1510.0,294,211,0.6011
2026-10-07,2026-10-16,P,1520.0,436,237,0.5981
2026-10-07,2026-10-16,P,1530.0,279,304,0.5941
2026-10-07,2026-10-16,P,1540.0,345,486,0.5922
2026-10-07,2026-10-16,P,1550.0,779,1502,0.5879
2026-10-07,2026-10-16,P,1560.0,600,288,0.5865
2026-10-07,2026-10-16,P,1570.0,341,302,0.5831
2026-10-07,2026-10-16,P,1580.0,572,536,0.5828
2026-10-07,2026-10-16,P,1590.0,277,522,0.5811
2026-10-07,2026-10-16,P,1600.0,1408,1312,0.5757
2026-10-07,2026-10-16,P,1610.0,604,587,0.5769
2026-10-07,2026-10-16,P,1620.0,259,348,0.5745
2026-10-07,2026-10-16,P,1630.0,308,352,0.5743
2026-10-07,2026-10-16,P,1640.0,551,927,0.5743
2026-10-07,2026-10-16,P,1645.0,187,161,0.5737
2026-10-07,2026-10-16,P,1650.0,692,507,0.5702
2026-10-07,2026-10-16,P,1655.0,67,61,0.5714
2026-10-07,2026-10-16,P,1660.0,373,206,0.5674
2026-10-07,2026-10-16,P,1665.0,65,100,0.5699
2026-10-07,2026-10-16,P,1670.0,340,101,0.5706
2026-10-07,2026-10-16,P,1675.0,199,63,0.5677
2026-10-07,2026-10-16,P,1680.0,268,164,0.5698
2026-10-07,2026-10-16,P,1685.0,181,116,0.5683
2026-10-07,2026-10-16,P,1690.0,166,33,0.5691
2026-10-07,2026-10-16,P,1695.0,110,66,0.5735
2026-10-07,2026-10-16,P,1700.0,1334,251,0.5742
2026-10-07,2026-10-16,P,1705.0,103,20,0.5762
2026-10-07,2026-10-16,P,1710.0,358,38,0.569
2026-10-07,2026-10-16,P,1715.0,164,66,0.5729
2026-10-07,2026-10-16,P,1720.0,250,31,0.5736
2026-10-07,2026-10-16,P,1725.0,138,85,0.5693
2026-10-07,2026-10-16,P,1730.0,416,171,0.5758
2026-10-07,2026-10-16,P,1735.0,69,3,0.5752
2026-10-07,2026-10-16,P,1740.0,417,44,0.5839
2026-10-07,2026-10-16,P,1745.0,94,3,0.5491
2026-10-07,2026-10-16,P,1750.0,712,65,0.559
2026-10-07,2026-10-16,P,1755.0,85,4,0.5504
2026-10-07,2026-10-16,P,1760.0,445,11,0.5624
2026-10-07,2026-10-16,P,1765.0,86,7,0.5678
2026-10-07,2026-10-16,P,1770.0,131,43,0.5556
2026-10-07,2026-10-16,P,1775.0,211,31,0.5527
2026-10-07,2026-10-16,P,1780.0,553,8,0.5638
2026-10-07,2026-10-16,P,1785.0,60,2,0.5747
2026-10-07,2026-10-16,P,1800.0,735,24,0.5695
2026-10-07,2026-10-16,P,1820.0,103,1,0.5657
2026-10-07,2026-10-16,P,1840.0,181,2,0.5812
2026-10-07,2026-10-16,P,1860.0,185,2,0.5917
2026-10-07,2026-10-16,P,1880.0,97,150,0.5841
2026-10-07,2026-10-16,P,1900.0,177,7,0.5886
2026-10-07,2026-10-16,P,1920.0,26,1,0.5767
2026-10-07,2026-10-16,P,1940.0,33,1,0.5715
2026-10-08,2026-10-16,C,1380.0,239,1,0.689
2026-10-08,2026-10-16,C,1400.0,180,16,0.6539
2026-10-08,2026-10-16,C,1420.0,88,15,0.6204
2026-10-08,2026-10-16,C,1440.0,59,22,0.5869
2026-10-08,2026-10-16,C,1460.0,83,1,0.5665
2026-10-08,2026-10-16,C,1470.0,21,5,0.5602
2026-10-08,2026-10-16,C,1480.0,64,2,0.5638
2026-10-08,2026-10-16,C,1490.0,46,4,0.5557
2026-10-08,2026-10-16,C,1500.0,625,394,0.5839
2026-10-08,2026-10-16,C,1510.0,99,22,0.5494
2026-10-08,2026-10-16,C,1520.0,1183,9,0.5354
2026-10-08,2026-10-16,C,1530.0,105,7,0.5484
2026-10-08,2026-10-16,C,1540.0,161,35,0.5397
2026-10-08,2026-10-16,C,1550.0,272,308,0.5426
2026-10-08,2026-10-16,C,1560.0,106,51,0.5345
2026-10-08,2026-10-16,C,1570.0,158,87,0.5382
2026-10-08,2026-10-16,C,1580.0,187,410,0.5277
2026-10-08,2026-10-16,C,1590.0,122,390,0.534
2026-10-08,2026-10-16,C,1600.0,985,1592,0.5318
2026-10-08,2026-10-16,C,1610.0,327,525,0.5303
2026-10-08,2026-10-16,C,1620.0,297,677,0.5344
2026-10-08,2026-10-16,C,1630.0,496,312,0.5472
2026-10-08,2026-10-16,C,1640.0,302,434,0.5406
2026-10-08,2026-10-16,C,1645.0,116,216,0.5377
2026-10-08,2026-10-16,C,1650.0,587,973,0.5337
2026-10-08,2026-10-16,C,1655.0,126,135,0.5367
2026-10-08,2026-10-16,C,1660.0,247,111,0.5369
2026-10-08,2026-10-16,C,1665.0,120,62,0.5362
2026-10-08,2026-10-16,C,1670.0,309,223,0.5353
2026-10-08,2026-10-16,C,1675.0,205,191,0.5401
2026-10-08,2026-10-16,C,1680.0,351,237,0.5382
2026-10-08,2026-10-16,C,1685.0,190,56,0.5433
2026-10-08,2026-10-16,C,1690.0,203,206,0.5404
2026-10-08,2026-10-16,C,1695.0,117,68,0.5466
2026-10-08,2026-10-16,C,1700.0,1464,1710,0.548
2026-10-08,2026-10-16,C,1705.0,152,48,0.5477
2026-10-08,2026-10-16,C,1710.0,168,77,0.5503
2026-10-08,2026-10-16,C,1715.0,141,119,0.5503
2026-10-08,2026-10-16,C,1720.0,478,354,0.5485
2026-10-08,2026-10-16,C,1725.0,365,194,0.5551
2026-10-08,2026-10-16,C,1730.0,223,77,0.5591
2026-10-08,2026-10-16,C,1735.0,203,84,0.5583
2026-10-08,2026-10-16,C,1740.0,395,106,0.5612
2026-10-08,2026-10-16,C,1745.0,85,61,0.5636
2026-10-08,2026-10-16,C,1750.0,1020,1057,0.5629
2026-10-08,2026-10-16,C,1755.0,163,102,0.5653
2026-10-08,2026-10-16,C,1760.0,366,358,0.5684
2026-10-08,2026-10-16,C,1765.0,603,280,0.5725
2026-10-08,2026-10-16,C,1770.0,165,237,0.5732
2026-10-08,2026-10-16,C,1775.0,209,405,0.5748
2026-10-08,2026-10-16,C,1780.0,524,305,0.5775
2026-10-08,2026-10-16,C,1785.0,114,127,0.5796
2026-10-08,2026-10-16,C,1800.0,1851,1759,0.5902
2026-10-08,2026-10-16,C,1820.0,578,148,0.5953
2026-10-08,2026-10-16,C,1840.0,704,96,0.6173
2026-10-08,2026-10-16,P,1380.0,587,111,0.6069
2026-10-08,2026-10-16,P,1400.0,2364,608,0.5803
2026-10-08,2026-10-16,P,1420.0,1063,164,0.5697
2026-10-08,2026-10-16,P,1440.0,414,219,0.5597
2026-10-08,2026-10-16,P,1460.0,941,218,0.5444
2026-10-08,2026-10-16,P,1470.0,402,236,0.5428
2026-10-08,2026-10-16,P,1480.0,505,300,0.5399
2026-10-08,2026-10-16,P,1490.0,653,253,0.5375
2026-10-08,2026-10-16,P,1500.0,1962,1408,0.5298
2026-10-08,2026-10-16,P,1510.0,352,120,0.5312
2026-10-08,2026-10-16,P,1520.0,504,276,0.5229
2026-10-08,2026-10-16,P,1530.0,292,114,0.5281
2026-10-08,2026-10-16,P,1540.0,485,152,0.5344
2026-10-08,2026-10-16,P,1550.0,1125,619,0.5237
2026-10-08,2026-10-16,P,1560.0,634,233,0.5242
2026-10-08,2026-10-16,P,1570.0,405,441,0.5258
2026-10-08,2026-10-16,P,1580.0,519,545,0.5251
2026-10-08,2026-10-16,P,1590.0,257,570,0.5302
2026-10-08,2026-10-16,P,1600.0,1466,1470,0.5182
2026-10-08,2026-10-16,P,1610.0,554,923,0.5206
2026-10-08,2026-10-16,P,1620.0,307,1065,0.5198
2026-10-08,2026-10-16,P,1630.0,307,276,0.5174
2026-10-08,2026-10-16,P,1640.0,962,323,0.5167
2026-10-08,2026-10-16,P,1645.0,233,40,0.527
2026-10-08,2026-10-16,P,1650.0,711,145,0.5181
2026-10-08,2026-10-16,P,1655.0,65,21,0.5091
2026-10-08,2026-10-16,P,1660.0,361,44,0.5114
2026-10-08,2026-10-16,P,1665.0,101,5,0.5136
2026-10-08,2026-10-16,P,1670.0,327,15,0.515
2026-10-08,2026-10-16,P,1675.0,214,97,0.5201
2026-10-08,2026-10-16,P,1680.0,226,161,0.5176
2026-10-08,2026-10-16,P,1685.0,202,24,0.5317
2026-10-08,2026-10-16,P,1690.0,182,16,0.5375
2026-10-08,2026-10-16,P,1695.0,112,84,0.5419
2026-10-08,2026-10-16,P,1700.0,1297,401,0.5263
2026-10-08,2026-10-16,P,1705.0,112,22,0.5195
2026-10-08,2026-10-16,P,1710.0,360,16,0.5172
2026-10-08,2026-10-16,P,1715.0,185,8,0.524
2026-10-08,2026-10-16,P,1720.0,263,33,0.5735
2026-10-08,2026-10-16,P,1725.0,196,16,0.5061
2026-10-08,2026-10-16,P,1730.0,404,16,0.512
2026-10-08,2026-10-16,P,1735.0,67,10,0.5237
2026-10-08,2026-10-16,P,1740.0,439,7,0.5354
2026-10-08,2026-10-16,P,1745.0,94,1,0.5178
2026-10-08,2026-10-16,P,1750.0,725,35,0.5289
2026-10-08,2026-10-16,P,1755.0,83,1,0.5065
2026-10-08,2026-10-16,P,1760.0,449,14,0.517
2026-10-08,2026-10-16,P,1765.0,85,7,0.5118
2026-10-08,2026-10-16,P,1770.0,142,3,0.522
2026-10-08,2026-10-16,P,1775.0,211,31,0.5265
2026-10-08,2026-10-16,P,1780.0,556,3,0.5326
2026-10-08,2026-10-16,P,1785.0,62,1,0.684
2026-10-08,2026-10-16,P,1800.0,731,37,0.6073
2026-10-08,2026-10-16,P,1820.0,103,1,0.5673
2026-10-08,2026-10-16,P,1840.0,181,1,0.7617
2026-10-08,2026-10-23,C,1370.0,16,1,0.6274
2026-10-08,2026-10-23,C,1380.0,4,4,0.6225
2026-10-08,2026-10-23,C,1390.0,5,1,0.6068
2026-10-08,2026-10-23,C,1395.0,1,0,0.5981
2026-10-08,2026-10-23,C,1400.0,8,11,0.5952
2026-10-08,2026-10-23,C,1420.0,0,1,0.598
2026-10-08,2026-10-23,C,1425.0,1,1,0.5768
2026-10-08,2026-10-23,C,1430.0,1,1,0.5802
2026-10-08,2026-10-23,C,1435.0,1,1,0.5723
2026-10-08,2026-10-23,C,1440.0,11,0,0.58
2026-10-08,2026-10-23,C,1445.0,13,0,0.5685
2026-10-08,2026-10-23,C,1450.0,25,1,0.5674
2026-10-08,2026-10-23,C,1455.0,1,0,0.5664
2026-10-08,2026-10-23,C,1470.0,1,5,0.5668
2026-10-08,2026-10-23,C,1475.0,1,1,0.5761
2026-10-08,2026-10-23,C,1480.0,8,8,0.5645
2026-10-08,2026-10-23,C,1485.0,1,2,0.5681
2026-10-08,2026-10-23,C,1490.0,1,1,0.5772
2026-10-08,2026-10-23,C,1495.0,2,2,0.56
2026-10-08,2026-10-23,C,1500.0,48,6,0.562
2026-10-08,2026-10-23,C,1505.0,1,0,0.5633
2026-10-08,2026-10-23,C,1510.0,8,2,0.556
2026-10-08,2026-10-23,C,1515.0,7,3,0.5578
2026-10-08,2026-10-23,C,1520.0,24,120,0.5577
2026-10-08,2026-10-23,C,1525.0,28,2,0.5562
2026-10-08,2026-10-23,C,1530.0,20,12,0.5538
2026-10-08,2026-10-23,C,1535.0,4,3,0.554
2026-10-08,2026-10-23,C,1540.0,9,11,0.5566
2026-10-08,2026-10-23,C,1545.0,7,9,0.5528
2026-10-08,2026-10-23,C,1550.0,11,8,0.5591
2026-10-08,2026-10-23,C,1555.0,63,1,0.5643
2026-10-08,2026-10-23,C,1560.0,32,2,0.55
2026-10-08,2026-10-23,C,1565.0,3,0,0.549
2026-10-08,2026-10-23,C,1570.0,11,9,0.5466
2026-10-08,2026-10-23,C,1575.0,2,11,0.547
2026-10-08,2026-10-23,C,1580.0,12,29,0.5466
2026-10-08,2026-10-23,C,1585.0,5,10,0.5469
2026-10-08,2026-10-23,C,1590.0,16,46,0.5483
2026-10-08,2026-10-23,C,1595.0,22,26,0.5472
2026-10-08,2026-10-23,C,1600.0,185,863,0.5449
2026-10-08,2026-10-23,C,1605.0,67,59,0.5494
2026-10-08,2026-10-23,C,1610.0,15,41,0.5465
2026-10-08,2026-10-23,C,1615.0,14,40,0.5477
2026-10-08,2026-10-23,C,1620.0,22,92,0.5455
2026-10-08,2026-10-23,C,1625.0,4,294,0.5647
2026-10-08,2026-10-23,C,1630.0,29,35,0.5459
2026-10-08,2026-10-23,C,1635.0,27,64,0.5465
2026-10-08,2026-10-23,C,1640.0,101,47,0.5479
2026-10-08,2026-10-23,C,1645.0,19,3,0.551
2026-10-08,2026-10-23,C,1650.0,207,65,0.5498
2026-10-08,2026-10-23,C,1655.0,36,9,0.5486
2026-10-08,2026-10-23,C,1660.0,46,9,0.5518
2026-10-08,2026-10-23,C,1665.0,44,10,0.5533
2026-10-08,2026-10-23,C,1670.0,179,10,0.5526
2026-10-08,2026-10-23,C,1675.0,16,5,0.5496
2026-10-08,2026-10-23,C,1680.0,43,11,0.553
2026-10-08,2026-10-23,C,1685.0,90,16,0.5538
2026-10-08,2026-10-23,C,1690.0,60,5,0.5556
2026-10-08,2026-10-23,C,1695.0,28,7,0.5551
2026-10-08,2026-10-23,C,1700.0,418,96,0.5537
2026-10-08,2026-10-23,C,1705.0,51,4,0.5523
2026-10-08,2026-10-23,C,1710.0,126,19,0.5575
2026-10-08,2026-10-23,C,1715.0,74,4,0.5589
2026-10-08,2026-10-23,C,1720.0,121,26,0.5589
2026-10-08,2026-10-23,C,1725.0,63,11,0.5585
2026-10-08,2026-10-23,C,1730.0,80,16,0.5615
2026-10-08,2026-10-23,C,1735.0,59,5,0.5625
2026-10-08,2026-10-23,C,1740.0,80,26,0.562
2026-10-08,2026-10-23,C,1745.0,30,7,0.5646
2026-10-08,2026-10-23,C,1750.0,252,100,0.5634
2026-10-08,2026-10-23,C,1755.0,46,11,0.5588
2026-10-08,2026-10-23,C,1760.0,55,41,0.5628
2026-10-08,2026-10-23,C,1765.0,59,5,0.5665
2026-10-08,2026-10-23,C,1770.0,53,23,0.5617
2026-10-08,2026-10-23,C,1775.0,51,3,0.5649
2026-10-08,2026-10-23,C,1780.0,45,18,0.5631
2026-10-08,2026-10-23,C,1785.0,26,6,0.5643
2026-10-08,2026-10-23,C,1790.0,61,178,0.5695
2026-10-08,2026-10-23,C,1795.0,34,1,0.5709
2026-10-08,2026-10-23,C,1800.0,388,482,0.5698
2026-10-08,2026-10-23,C,1805.0,14,3,0.5744
2026-10-08,2026-10-23,C,1810.0,83,258,0.5757
2026-10-08,2026-10-23,C,1815.0,64,4,0.5791
2026-10-08,2026-10-23,C,1820.0,59,170,0.5815
2026-10-08,2026-10-23,C,1825.0,93,48,0.5821
2026-10-08,2026-10-23,C,1830.0,52,220,0.584
2026-10-08,2026-10-23,C,1835.0,59,4,0.5866
2026-10-08,2026-10-23,C,1840.0,244,287,0.5881
2026-10-08,2026-10-23,C,1845.0,49,9,0.5875
2026-10-08,2026-10-23,C,1850.0,264,710,0.5903
2026-10-08,2026-10-23,P,1370.0,78,1,0.5696
2026-10-08,2026-10-23,P,1375.0,16,27,0.5666
2026-10-08,2026-10-23,P,1380.0,46,11,0.5566
2026-10-08,2026-10-23,P,1385.0,156,4,0.5621
2026-10-08,2026-10-23,P,1390.0,55,63,0.5536
2026-10-08,2026-10-23,P,1395.0,112,4,0.5602
2026-10-08,2026-10-23,P,1400.0,232,57,0.5569
2026-10-08,2026-10-23,P,1405.0,65,22,0.5532
2026-10-08,2026-10-23,P,1410.0,59,2,0.5522
2026-10-08,2026-10-23,P,1415.0,25,2,0.5507
2026-10-08,2026-10-23,P,1420.0,199,14,0.5516
2026-10-08,2026-10-23,P,1425.0,69,35,0.5505
2026-10-08,2026-10-23,P,1430.0,53,10,0.5488
2026-10-08,2026-10-23,P,1435.0,71,30,0.5474
2026-10-08,2026-10-23,P,1440.0,48,3,0.5455
2026-10-08,2026-10-23,P,1445.0,123,13,0.5431
2026-10-08,2026-10-23,P,1450.0,256,55,0.5444
2026-10-08,2026-10-23,P,1455.0,50,9,0.5405
2026-10-08,2026-10-23,P,1460.0,104,51,0.5368
2026-10-08,2026-10-23,P,1465.0,42,7,0.5383
2026-10-08,2026-10-23,P,1470.0,186,51,0.5374
2026-10-08,2026-10-23,P,1475.0,75,28,0.5367
2026-10-08,2026-10-23,P,1480.0,162,29,0.5359
2026-10-08,2026-10-23,P,1485.0,60,3,0.5356
2026-10-08,2026-10-23,P,1490.0,128,37,0.5348
2026-10-08,2026-10-23,P,1495.0,88,46,0.5334
2026-10-08,2026-10-23,P,1500.0,787,509,0.5368
2026-10-08,2026-10-23,P,1505.0,99,4,0.5302
2026-10-08,2026-10-23,P,1510.0,113,17,0.5293
2026-10-08,2026-10-23,P,1515.0,69,13,0.5288
2026-10-08,2026-10-23,P,1520.0,89,10,0.5286
2026-10-08,2026-10-23,P,1525.0,94,13,0.5279
2026-10-08,2026-10-23,P,1530.0,123,37,0.5276
2026-10-08,2026-10-23,P,1535.0,50,18,0.5281
2026-10-08,2026-10-23,P,1540.0,177,4,0.5289
2026-10-08,2026-10-23,P,1545.0,27,8,0.5283
2026-10-08,2026-10-23,P,1550.0,207,33,0.5276
2026-10-08,2026-10-23,P,1555.0,64,10,0.5277
2026-10-08,2026-10-23,P,1560.0,78,6,0.5276
2026-10-08,2026-10-23,P,1565.0,43,11,0.5283
2026-10-08,2026-10-23,P,1570.0,79,27,0.5334
2026-10-08,2026-10-23,P,1575.0,32,10,0.527
2026-10-08,2026-10-23,P,1580.0,113,38,0.5265
2026-10-08,2026-10-23,P,1585.0,57,71,0.5261
2026-10-08,2026-10-23,P,1590.0,32,65,0.5267
2026-10-08,2026-10-23,P,1595.0,51,99,0.5272
2026-10-08,2026-10-23,P,1600.0,332,281,0.5265
2026-10-08,2026-10-23,P,1605.0,14,45,0.5277
2026-10-08,2026-10-23,P,1610.0,87,28,0.5268
2026-10-08,2026-10-23,P,1615.0,9,15,0.5274
2026-10-08,2026-10-23,P,1620.0,59,46,0.5284
2026-10-08,2026-10-23,P,1625.0,79,3,0.529
2026-10-08,2026-10-23,P,1630.0,47,10,0.5295
2026-10-08,2026-10-23,P,1635.0,46,2,0.5274
2026-10-08,2026-10-23,P,1640.0,154,9,0.535
2026-10-08,2026-10-23,P,1645.0,95,5,0.5355
2026-10-08,2026-10-23,P,1650.0,459,33,0.5389
2026-10-08,2026-10-23,P,1655.0,43,9,0.5354
2026-10-08,2026-10-23,P,1660.0,94,147,0.5314
2026-10-08,2026-10-23,P,1665.0,18,1,0.5273
2026-10-08,2026-10-23,P,1670.0,69,4,0.5281
2026-10-08,2026-10-23,P,1675.0,65,3,0.528
2026-10-08,2026-10-23,P,1680.0,37,4,0.5283
2026-10-08,2026-10-23,P,1685.0,25,5,0.532
2026-10-08,2026-10-23,P,1690.0,29,14,0.5321
2026-10-08,2026-10-23,P,1695.0,47,1,0.5302
2026-10-08,2026-10-23,P,1700.0,304,20,0.5328
2026-10-08,2026-10-23,P,1705.0,34,1,0.5264
2026-10-08,2026-10-23,P,1710.0,44,10,0.5375
2026-10-08,2026-10-23,P,1715.0,23,2,0.5296
2026-10-08,2026-10-23,P,1720.0,93,1,0.5381
2026-10-08,2026-10-23,P,1725.0,17,3,0.5269
2026-10-08,2026-10-23,P,1730.0,79,1,0.5404
2026-10-08,2026-10-23,P,1735.0,28,1,0.5371
2026-10-08,2026-10-23,P,1740.0,55,3,0.5418
2026-10-08,2026-10-23,P,1745.0,31,2,0.5399
2026-10-08,2026-10-23,P,1750.0,199,7,0.5387
2026-10-08,2026-10-23,P,1755.0,4,2,0.5395
2026-10-08,2026-10-23,P,1760.0,21,2,0.5425
2026-10-08,2026-10-23,P,1765.0,9,3,0.5334
2026-10-08,2026-10-23,P,1770.0,63,7,0.5397
2026-10-08,2026-10-23,P,1775.0,31,3,0.5354
2026-10-08,2026-10-23,P,1780.0,55,4,0.5356
2026-10-08,2026-10-23,P,1785.0,16,2,0.5398
2026-10-08,2026-10-23,P,1790.0,8,1,0.5317
2026-10-08,2026-10-23,P,1795.0,29,10,0.5013
2026-10-08,2026-10-23,P,1800.0,56,16,0.5386
2026-10-08,2026-10-23,P,1805.0,6,2,0.5393
2026-10-08,2026-10-23,P,1810.0,9,3,0.5257
2026-10-08,2026-10-23,P,1815.0,5,1,0.5414
2026-10-08,2026-10-23,P,1820.0,7,1,0.542
2026-10-08,2026-10-23,P,1825.0,23,10,0.5259
2026-10-08,2026-10-23,P,1830.0,11,1,0.5479
2026-10-08,2026-10-23,P,1835.0,9,4,0.5219
2026-10-08,2026-10-23,P,1840.0,3,2,0.5247
2026-10-08,2026-10-23,P,1845.0,21,2,0.5511
2026-10-08,2026-10-23,P,1850.0,42,2,0.5541
